"","species","shp_res_pos","shp_feat_pos","cor","p","abs(shp_res_pos/shp_feat_pos)"
"1","Bifidobacterium.scardovii",236,335,0.280233264155955,4.62011536207927e-06,0.704477611940298
"2","Clostridia.bacterium.UC5.1.1E11",265,351,0.318963805882028,5.01529455324112e-08,0.754985754985755
"3","X.Clostridium..clostridioforme",145,138,0.789293919234493,1.06441335868122e-76,1.05072463768116
"4","Clostridia.bacterium.UC5.1.1F7",303,286,0.38985682001861,1.4567324338685e-12,1.05944055944056
"5","Dialister.invisus",178,250,0.230776850086209,0.000501146405550396,0.712
"6","Hungatella.sp..MP42A4",135,269,0.234782269362974,0.000360616693650614,0.50185873605948
"7","Hafnia.paralvei",350,344,0.64771565655732,1.640787831029e-42,1.01744186046512
"8","Bifidobacterium.dentium",171,243,0.194465376095731,0.00746985369808946,0.703703703703704
"9","Citrobacter.pasteurii",267,347,0.818459717956961,3.20549533851755e-87,0.769452449567723
"10","Dialister.invisus.CAG.218",326,257,0.551711085839271,3.32458780093469e-28,1.26848249027237
"11","Klebsiella.pneumoniae",238,192,0.618331957578761,1.34846163589924e-37,1.23958333333333
"12","Dorea.sp..MP50E3",200,313,0.473934446851525,1.24706373758375e-19,0.638977635782748
"13","X.Clostridium..scindens",302,312,0.581769422944138,3.60793094483176e-32,0.967948717948718
"14","Ruthenibacterium.lactatiformans",189,281,0.567063415349405,3.53267340905537e-30,0.672597864768683
"15","Ruminococcaceae.bacterium.cv2",235,299,0.25463543239428,6.0796398633664e-05,0.785953177257525
"16","Finegoldia.magna",173,352,0.20986382923,0.00254006786817705,0.491477272727273
"17","Streptococcus.agalactiae",319,355,0.211249112803422,0.00234918799147412,0.898591549295775
"18","Ruthenibacterium.sp..VE800.03",251,284,0.664656356062412,1.32303978851327e-45,0.883802816901408
"19","Oscillibacter.sp..MP229B9a",139,330,0.277916697479442,5.95122392452221e-06,0.421212121212121
"20","Citrobacter.freundii",145,248,0.346599799534221,1.20484706723585e-09,0.584677419354839
"21","Subdoligranulum.sp..MP158A7",248,291,0.793358498885867,4.62416223232871e-78,0.852233676975945
"22","Roseburia.sp..MP499E8",247,330,0.412702281064636,2.79043315080177e-14,0.748484848484849
"23","Enterococcaceae.bacterium.UBA5115",245,344,0.301263028951659,4.38905087792704e-07,0.712209302325581
"24","Massiliomicrobiota.sp..HF30_ig1",69,338,0.230622130504322,0.000501146405550396,0.20414201183432
"25","Lactobacillus.salivarius",339,314,0.557418583612494,6.25315985932149e-29,1.0796178343949
"26","Enterococcaceae.bacterium.UBA4035",316,351,0.637158259158229,1.11265421697758e-40,0.9002849002849
"27","Streptococcus.thermophilus",143,181,0.611337398445619,1.68475606083391e-36,0.790055248618785
"28","Lactobacillus.rhamnosus",232,237,0.663419857163815,2.25895564060547e-45,0.978902953586498
"29","Dakarella.massiliensis",360,347,0.457202563105219,4.7566153329909e-18,1.03746397694524
"30","Actinomyces.sp..HPA0247",307,303,0.396701368659278,4.70272182694854e-13,1.01320132013201
"31","Actinomyces.oris",214,323,0.424240659499747,3.33463466693272e-15,0.662538699690402
"32","Rothia.mucilaginosa",140,299,0.254744536055091,6.0796398633664e-05,0.468227424749164
"33","Roseburia.hominis",312,313,0.696117414584379,6.30902039909446e-52,0.996805111821086
"34","Dysgonomonas.capnocytophagoides",289,353,0.234654569099831,0.000360616693650614,0.818696883852691
"35","Anaerotruncus.colihominis",293,294,0.873404378865723,1.93816427342663e-113,0.996598639455782
"36","Clostridium.sp..chh4.2",359,351,0.790108796320956,5.72426885402548e-77,1.02279202279202
"37","Eggerthella.lenta",271,271,0.942146464661466,1.13016630098743e-172,1
"38","Lachnospiraceae.bacterium.UBA1689",311,311,0.343853773614852,1.78558982529521e-09,1
"39","Faecalicatena.contorta",202,317,0.387070903138603,2.29225170345287e-12,0.637223974763407
"40","Intestinibacter.sp..HF28",200,309,0.454679175602753,8.00600221698985e-18,0.647249190938511
"41","Actinomyces.sp..ICM47",143,308,0.168812536839598,0.0394623398186884,0.464285714285714
"42","Blautia.coccoides",288,198,0.702364356564227,2.7772498283523e-53,1.45454545454545
"43","Lachnoclostridium.sp..MP625H6_ig1",204,307,0.498148421569573,4.56799356604044e-22,0.664495114006515
"44","Eggerthella.sp..MP69C2_2",318,303,0.657716152883823,2.59049676341471e-44,1.04950495049505
"45","Firmicutes.bacterium.AF22.6AC",242,348,0.242129779481531,0.000186016020026425,0.695402298850575
"46","Lachnoclostridium.sp..MP625H7_ig1",323,305,0.417935131474521,1.08093915785044e-14,1.05901639344262
"47","Absiella.sp..VE303.07",143,218,0.280321558460116,4.62011536207927e-06,0.655963302752294
"48","Dysgonomonas.sp..UBA7710",261,362,0.524032174248507,6.74503798214208e-25,0.720994475138122
"49","Lachnospiraceae.bacterium.6_1_37FAA",189,321,0.537682158667838,1.73031919678064e-26,0.588785046728972
"50","Lachnoclostridium.sp..VE303.01",322,303,0.679222011030497,1.95323025450696e-48,1.06270627062706
"51","Collinsella.tanakaei",334,353,0.192311497765174,0.00862461327164118,0.946175637393768
"52","Clostridium.bolteae.CAG.59",233,307,0.237427478426305,0.000284614664654251,0.758957654723127
"53","Anaerostipes.caccae",335,268,0.39716366504297,4.36409217916957e-13,1.25
"54","Faecalimonas.umbilicata",235,316,0.22394619468005,0.000877018667190925,0.743670886075949
"55","Hungatella.sp..MP550A3",336,314,0.683103676639972,3.23679577206039e-49,1.07006369426752
"56","Desulfovibrionaceae.bacterium",353,339,0.57640273129802,1.95678235980103e-31,1.04129793510324
"57","Blautia.wexlerae",225,325,0.311800565716298,1.2381452569523e-07,0.692307692307692
"58","Sellimonas.intestinalis",319,320,0.868268484244606,1.66152288219631e-110,0.996875
"59","X.Clostridium..citroniae",258,259,0.899945631161283,5.60614008768398e-131,0.996138996138996
"60","Clostridia.bacterium.UC5.1.2G4",243,265,0.581216176706755,4.29711636676389e-32,0.916981132075472
"61","Clostridium.clostridioforme.CAG.511",252,325,0.587088723443915,6.4718496901787e-33,0.775384615384615
"62","Blautia.sp..HF21_ig1",130,280,0.346956120474953,1.1515620028189e-09,0.464285714285714
"63","Drancourtella.massiliensis",219,342,0.436696964870706,3.03018115198285e-16,0.640350877192982
"64","Firmicutes.bacterium.CAG.552_39_19",345,345,0.59192722140782,1.33355299992786e-33,1
"65","Tyzzerella.nexilis",303,281,0.636836324895645,1.25876050214793e-40,1.07829181494662
"66","Roseburia.faecis",93,310,0.360945157390448,1.44352399016685e-10,0.3
"67","X.Eubacterium..eligens",329,306,0.550684503719122,4.46369204699161e-28,1.07516339869281
"68","Lachnospiraceae.bacterium.GAM79",161,341,0.390433118218405,1.33684576365843e-12,0.472140762463343
"69","X.Clostridium..sp..MP428B7re",325,350,0.618722946128718,1.17187635199282e-37,0.928571428571429
"70","Bacteroides.sp..MP159D11",354,353,0.733269319093283,1.55257818463832e-60,1.0028328611898
"71","Blautia.sp..HK34",264,285,0.823139180765695,4.37815384485724e-89,0.926315789473684
"72","X.Clostridium..sp..HF14",343,311,0.630907418912087,1.23129486970528e-39,1.10289389067524
"73","X.Clostridium..sp..MP562A3a",322,322,0.703477972146924,1.58513177048242e-53,1
"74","Harryflintia.acetispora",226,331,0.50263356065783,1.55232402511041e-22,0.682779456193353
"75","Blautia.sp..MP87G3",280,278,0.657960466945494,2.34207858660286e-44,1.00719424460432
"76","Anaerotruncus.sp..VE303.02",352,293,0.301545224105259,4.27545303731409e-07,1.20136518771331
"77","Absiella.sp..MP351A7",317,321,0.817851809213343,5.5422165470713e-87,0.987538940809969
"78","Lachnospiraceae.bacterium.TM07.2AC",229,348,0.214664260448651,0.00185444495036299,0.658045977011494
"79","X.Clostridium..sp..MP556F05",257,326,0.745102713091287,1.37377869652912e-63,0.788343558282209
"80","Absiella.sp..MP157H4",282,350,0.265458066268466,2.11266153385965e-05,0.805714285714286
"81","Absiella.sp..MP634G1_ig1",300,265,0.703671565592938,1.44008711376011e-53,1.13207547169811
"82","Erysipelotrichaceae.bacterium.6_1_45",303,267,0.393553090833123,7.97246355625396e-13,1.13483146067416
"83","Fusobacterium.ulcerans",329,344,0.319015944027351,5.01529455324112e-08,0.956395348837209
"84","Veillonella.sp..oral.taxon.158",317,298,0.543745116198727,3.21795092726107e-27,1.06375838926175
"85","Lactobacillus.plantarum",282,263,0.762364751767185,2.30831044337411e-68,1.0722433460076
"86","Haemophilus.haemolyticus",198,340,0.366146533932446,6.51501810266813e-11,0.582352941176471
"87","Metakosakonia.massiliensis",362,361,0.716817179235987,1.50838457398591e-56,1.00277008310249
"88","Clostridium.neonatale",229,295,0.399998154282469,2.70139013343153e-13,0.776271186440678
"89","Sellimonas.sp..VE303.03",213,303,0.406823445870403,8.09384840116239e-14,0.702970297029703
"90","Veillonella.sp..HF34",286,258,0.586226593858022,8.528402602019e-33,1.10852713178295
"91","Clostridium.butyricum",312,309,0.86734006553212,5.46080532050059e-110,1.00970873786408
"92","Clostridium.sp..MP229B3",279,316,0.321421007385383,3.72716986792062e-08,0.882911392405063
"93","Clostridium.paraputrificum",309,306,0.859304601647132,1.14198973154025e-105,1.00980392156863
"94","Intestinibacter.bartlettii",343,343,0.713593720626677,8.37111731745159e-56,1
"95","Bifidobacterium.longum",262,253,0.77612814070245,1.77706727729944e-72,1.03557312252964
"96","Intestinibacter.sp..MP232C5",321,307,0.685102492425359,1.26668235923812e-49,1.04560260586319
"97","Veillonella.atypica",203,207,0.814793006285372,8.48705786813798e-86,0.980676328502415
"98","Veillonella.sp..MP19D1_02.09",300,234,0.52468001907255,5.72563444962359e-25,1.28205128205128
"99","Clostridium.sp..MP49A11",361,348,0.621141841440682,4.82968531084627e-38,1.03735632183908
"100","Streptomyces.flaveus",100,230,0.456966339032581,4.97746739537362e-18,0.434782608695652
"101","Pediococcus.acidilactici",251,307,0.605445020618429,1.33141215603171e-35,0.817589576547231
"102","Lactobacillus.casei",233,317,0.197334895491579,0.00623995734518433,0.735015772870662
"103","Veillonella.tobetsuensis",331,321,0.586042831052397,9.02578109535461e-33,1.03115264797508
"104","Lachnoclostridium.sp..MP429E6",337,307,0.674341334392795,1.79864842124077e-47,1.09771986970684
"105","Clostridium.sp..MP5B6",323,331,0.793695691477059,3.5591463040917e-78,0.97583081570997
"106","Veillonella.dispar",308,294,0.736380108969798,2.5536359268943e-61,1.04761904761905
"107","Bifidobacterium.moukalabense",361,359,0.545044383053703,2.23316721818208e-27,1.00557103064067
"108","Lactobacillus.gasseri",310,329,0.397664718749379,4.02185051631701e-13,0.94224924012158
"109","Clostridium.sp..AT4",131,328,0.276692497554754,6.76322456436932e-06,0.399390243902439
"110","Clostridium.sp..MP113D9",237,357,0.819076266150525,1.83566902730853e-87,0.663865546218487
"111","Blautia.sp..MP624D4_ig1",279,297,0.603108050706718,2.99002112098575e-35,0.93939393939394
"112","Clostridium.disporicum",343,341,0.716038322749394,2.2762852526529e-56,1.0058651026393
"113","Lachnospiraceae.bacterium.9_1_43BFAA",197,301,0.650596357928759,5.05174546063586e-43,0.654485049833887
"114","Clostridium.sp..MP551E06",335,358,0.796678155144939,3.39890318591581e-79,0.935754189944134
"115","Clostridium.sp..MP588C02",328,339,0.62919385837195,2.36566584241351e-39,0.967551622418879
"116","Lachnospiraceae.bacterium.AM25.17",268,316,0.635070687079216,2.49637849744198e-40,0.848101265822785
"117","Clostridium.sp..MP35F6",360,342,0.524526123676518,5.94008126787693e-25,1.05263157894737
"118","X.Ruminococcus..sp..HF10",339,329,0.436895411374551,2.92811666165295e-16,1.03039513677812
"119","Coprobacillus.sp..HF33",272,349,0.310007442555672,1.533698415228e-07,0.779369627507163
"120","Firmicutes.bacterium.AF25.13AC",103,341,0.328862040220282,1.41109628935227e-08,0.302052785923754
"121","X.Eubacterium..hallii",360,315,0.20714771406065,0.00306244413348759,1.14285714285714
"122","Sutterella.wadsworthensis",300,277,0.762604694134481,1.97217789240312e-68,1.08303249097473
"123","Bacteroides.finegoldii",149,346,0.179145328730026,0.0208836289017866,0.430635838150289
"124","Roseburia.sp..CAG.471",210,354,0.267871526009648,1.68352565927739e-05,0.593220338983051
"125","Firmicutes.bacterium.CAG.345",269,362,0.439459544003996,1.76186200845418e-16,0.743093922651934
"126","Clostridiaceae.bacterium.OM08.6BH",360,358,0.870152332140668,1.44767195432773e-111,1.00558659217877
"127","Lachnospiraceae.bacterium.OF09.6",216,362,0.44409358805224,7.03593983309853e-17,0.596685082872928
"128","Eubacterium.sp..CAG.252",118,360,0.36803854312388,4.90125317922519e-11,0.327777777777778
"129","Lachnospira.sp..MP468C3",338,338,0.537502229379927,1.811703265512e-26,1
"130","Lachnospiraceae.bacterium",229,362,0.336408304529217,5.11255463071851e-09,0.632596685082873
"131","Eubacterium.eligens.CAG.72",323,341,0.452240997379671,1.33088827785743e-17,0.947214076246334
"132","X.Clostridium..leptum",228,313,0.489137367214128,3.92575828194036e-21,0.728434504792332
"133","Ruminococcus.sp..AM28.13",128,357,0.319644242578838,4.68712893854571e-08,0.358543417366947
"134","Turicibacter.sanguinis",352,303,0.5080886786246,4.04651927557489e-23,1.16171617161716
"135","Clostridiaceae.bacterium.AF29.16BH",359,357,0.860655839305957,2.24702059693521e-106,1.00560224089636
"136","Coprococcus.sp..MP473C9re2",48,361,0.401872243247114,1.95075465574256e-13,0.132963988919668
"137","Acholeplasmatales.bacterium",354,361,0.628764008183636,2.76949265897251e-39,0.980609418282548
"138","Firmicutes.bacterium.AM10.47",213,363,0.588847649972353,3.66191287562533e-33,0.586776859504132
"139","Collinsella.sp..MP196G1",364,358,0.563092780921347,1.17162690966852e-29,1.01675977653631
"140","Coprococcus.sp..MP249B11",205,351,0.589570390046562,2.89252363888506e-33,0.584045584045584
"141","Bacteroides.faecis",353,348,0.446139237841961,4.69901212787854e-17,1.01436781609195
"142","Lachnoclostridium.sp..An76",351,333,0.705868045996906,4.69760566029163e-54,1.05405405405405
"143","Eubacterium.sp..CAG.38",334,326,0.335203308420428,5.97213415737579e-09,1.02453987730061
"144","Flavonifractor.sp..VE303.08",289,263,0.73357821212513,1.30101502793572e-60,1.09885931558935
"145","X.Ruminococcus..sp..MP581E08",254,327,0.189876561195242,0.00989650624429898,0.776758409785933
"146","Streptococcus.mutans",184,308,0.213140458107074,0.00207582582043676,0.597402597402597
"147","Catabacter.hongkongensis",52,363,0.297758420976652,6.52102623831178e-07,0.143250688705234
"148","Lachnoclostridium.sp..An14",278,348,0.432791591563191,6.42443391682442e-16,0.798850574712644
"149","Lachnoclostridium.phocaeense",348,329,0.716611206029701,1.67663194052608e-56,1.05775075987842
"150","Eggerthella.sp..MP163B1",286,293,0.879835793496855,2.67408534680626e-117,0.976109215017065
"151","Anaerostipes.sp..MP172A5",256,291,0.217110903297785,0.00152670446433604,0.879725085910653
"152","Streptococcus.sp..MP436A3re",332,322,0.562085621932069,1.57063813741216e-29,1.03105590062112
"153","Robinsoniella.peoriensis",325,304,0.746943471165108,4.43673696890407e-64,1.06907894736842
"154","Romboutsia.sp..MP172A7",350,350,0.728317026284336,2.64156816283743e-59,1
"155","Streptococcus.sp..MP583D02",282,326,0.352301826252744,5.28950656349307e-10,0.865030674846626
"156","Blautia.hominis",312,277,0.588654716840371,3.88961365959277e-33,1.12635379061372
"157","X.Clostridium..cocleatum",321,312,0.716685222192114,1.61535023128394e-56,1.02884615384615
"158","X.Clostridium..sp..MP626E2_ig1",301,333,0.712429201769402,1.54896807911452e-55,0.903903903903904
"159","Sellimonas.sp..MP61D3_02.09",357,353,0.677165803920389,5.01323607157127e-48,1.01133144475921
"160","Phascolarctobacterium.sp..VE800.04",323,309,0.48723142025684,6.09874923360129e-21,1.0453074433657
"161","Flavonifractor.sp..HI30",260,320,0.298899598499192,5.77300681336284e-07,0.8125
"162","Blautia.sp..MP87F8_2",300,302,0.754014333599598,5.27781198521691e-66,0.993377483443709
"163","Lachnoclostridium.sp..HF22",311,332,0.526369001203513,3.66332283505507e-25,0.936746987951807
"164","Streptococcus.oralis",352,329,0.633337135473869,4.86761460540246e-40,1.06990881458967
"165","Beduini.massiliensis",211,337,0.572330891305931,7.01849469822987e-31,0.626112759643917
"166","Klebsiella.michiganensis",157,284,0.241978026957837,0.000186057188129978,0.552816901408451
"167","Alloscardovia.omnicolens",262,335,0.31246261594606,1.14598229006109e-07,0.782089552238806
"168","Parasutterella.excrementihominis",217,285,0.543550737809198,3.3868641944616e-27,0.76140350877193
"169","Candidatus.Stoquefichus.sp..KLE1796",360,348,0.709859334611321,5.94528340633379e-55,1.03448275862069
"170","Bacteroides.sp..MP264A7",309,352,0.281223727951504,4.2088257008124e-06,0.877840909090909
"171","Bacteroides.sp..MP295E12",361,361,0.682839882509987,3.65225937460165e-49,1
"172","Eisenbergiella.sp..OF01.20",344,344,0.741371073395629,1.31528394239909e-62,1
"173","Clostridiales.bacterium.Nov_37_41",329,349,0.843697670978856,5.34909824093234e-98,0.94269340974212
"174","Dorea.formicigenerans.CAG.28",206,358,0.425808123479723,2.48295874347869e-15,0.575418994413408
"175","Absiella.sp..HF20_ig1",289,307,0.518669077718318,2.73229113610015e-24,0.941368078175896
"176","Clostridium.sp..MP98B12",331,338,0.487083770092551,6.28511850638841e-21,0.979289940828402
"177","Enterobacter.asburiae",143,361,0.348419555907846,9.350035891485e-10,0.39612188365651
"178","X.Kluyvera..intestini",317,353,0.521409288950695,1.33813685604276e-24,0.898016997167139
"179","Firmicutes.bacterium.CAG.466",309,329,0.390089031417568,1.40893070175455e-12,0.939209726443769
"180","uncultured.Roseburia.sp.",132,353,0.281784419782388,4.02587843782072e-06,0.373937677053824
"181","X.Clostridium..glycyrrhizinilyticum",139,336,0.494343326174987,1.13808265826658e-21,0.413690476190476
"182","Lachnoclostridium.sp..An196",230,363,0.418738856626823,9.34960526826981e-15,0.633608815426997
"183","X.Clostridium..innocuum",213,302,0.416829446793365,1.31417369270366e-14,0.705298013245033
"184","Dorea.sp..Marseille.P4003",350,358,0.607350821706545,6.90075576473652e-36,0.977653631284916
"185","Massiliomicrobiota.sp..HK52",292,350,0.753675983703226,6.53456224395589e-66,0.834285714285714
"186","Parasutterella.excrementihominis.CAG.233",308,311,0.618274550005992,1.37271243529024e-37,0.990353697749196
"187","Streptococcus.vestibularis",180,319,0.274853159349682,8.22810060586571e-06,0.564263322884012
"188","Lactobacillus.animalis",317,338,0.803320487943941,1.54786946329015e-81,0.937869822485207
"189","Citrobacter.werkmanii",317,353,0.85479482336876,2.31850241991677e-103,0.898016997167139
"190","Veillonella.denticariosi",356,363,0.817140591482656,1.04934333699062e-86,0.980716253443526
"191","Clostridium.nexile.CAG.348",333,334,0.829073186509356,1.55532980920391e-91,0.997005988023952
"192","Kluyvera.cryocrescens",338,347,0.734244072318795,8.85352024478078e-61,0.974063400576369
"193","Hafnia.alvei",361,360,0.67601615096938,8.45254160078792e-48,1.00277777777778
"194","Clostridium.sp..MP77A2",357,350,0.71065583940452,3.92556175135882e-55,1.02
"195","Clostridium.saudiense",363,353,0.577194687351677,1.527615315397e-31,1.02832861189802
"196","Turicibacter.sp..MP236E3",345,344,0.845997098877919,4.5097323112454e-99,1.00290697674419
"197","Enterococcaceae.bacterium.UBA6652",285,349,0.270918568005896,1.23302917033023e-05,0.816618911174785
"198","Shigella.dysenteriae",215,346,0.271208654145958,1.20734601672141e-05,0.621387283236994
"199","X.Clostridium..lavalense",285,286,0.580859920468636,4.80212159248187e-32,0.996503496503496
"200","Prevotella.oralis",354,343,0.711196427824282,2.96194485986185e-55,1.03206997084548
"201","Clostridium.sp..MP626B9_ig1",256,310,0.243747501047351,0.000161036379107416,0.825806451612903
"202","Eubacterium.sp..ER2",135,353,0.499608737128142,3.21132873016064e-22,0.382436260623229
"203","Flavonifractor.sp..VE202.03",359,348,0.689588115509553,1.50787606354028e-50,1.0316091954023
"204","Proteus.vulgaris",344,344,0.775684912335952,2.43152847529302e-72,1
"205","Leuconostoc.gelidum",159,361,0.296770025008152,7.290678038421e-07,0.440443213296399
"206","Veillonellaceae.bacterium",143,360,0.45672264405564,5.21652845595409e-18,0.397222222222222
"207","Lactobacillus.paraplantarum",295,362,0.486022467060457,8.02542636540888e-21,0.814917127071823
"208","Burkholderiales.bacterium",265,329,0.807063935748036,6.7926764522984e-83,0.805471124620061
"209","Atopobium.sp..BS2",363,358,0.751793570389272,2.15514573592207e-65,1.01396648044693
"210","Firmicutes.bacterium.CAG.424",223,320,0.477162896536466,6.12052738326257e-20,0.696875
"211","X.Ruminococcus..sp..MP50A2",257,335,0.289346506679526,1.73055631757401e-06,0.767164179104478
"212","Coprococcus.sp..MP463H10",250,348,0.479874780497304,3.30848344193211e-20,0.718390804597701
"213","Agathobaculum.desmolans",246,356,0.568737399486765,2.1262033079435e-30,0.691011235955056
"214","Streptococcus.cristatus",234,363,0.632961578663468,5.6120891589616e-40,0.644628099173554
"215","Sanguibacter.keddieii",308,352,0.220946582789835,0.00112771083354279,0.875
"216","Bacteroides.ovatus.CAG.22",223,354,0.529603189727571,1.54718332267209e-25,0.629943502824859
"217","Enterococcus.saccharolyticus",357,357,0.869514274040225,3.31554753893765e-111,1
"218","Megasphaera.sp..MP182G6",340,353,0.85668555580108,2.55934069924971e-104,0.963172804532578
"219","Acidaminococcus.intestini",330,347,0.794810696382906,1.48421618626221e-78,0.951008645533141
"220","Absiella.sp..MP558F11",237,362,0.394100083876454,7.29795249387333e-13,0.654696132596685
"221","Flavonifractor.sp..An100",360,346,0.70520423230925,6.59044852455036e-54,1.04046242774566
"222","Romboutsia.sp..MP35A8",357,355,0.805724233069523,2.09123113765695e-82,1.0056338028169
"223","Turicibacter.sp..MP255B7a",196,353,0.233701515084144,0.000387241117894466,0.555240793201133
"224","Paenibacillus.macerans",350,353,0.893027856688343,5.7399069227174e-126,0.991501416430595
"225","Sutterellaceae.bacterium.UBA7100",352,351,0.832729174119783,4.32015907785883e-93,1.002849002849
"226","Bacillus.thermoamylovorans",287,363,0.33639797268435,5.11255463071851e-09,0.790633608815427
"227","Oscillibacter.sp..CAG.155",356,356,0.869851308577191,2.14112926923842e-111,1
"228","Bacteroides.acidifaciens",284,354,0.266480361399694,1.91385890410257e-05,0.80225988700565
"229","Fusobacterium.mortiferum",362,362,0.561901279415223,1.65416083500048e-29,1
"230","Dielma.fastidiosa",69,349,0.319368294901176,4.82417113528272e-08,0.197707736389685
"231","Methanobrevibacter.woesei",171,363,0.47435791515564,1.13902709493888e-19,0.471074380165289
"232","Proteus.cibarius",191,360,0.299394146257601,5.48102078885327e-07,0.530555555555556
"233","Shigella.sp..SF.2015",330,351,0.622394568433239,3.04199576555635e-38,0.94017094017094
"234","Bacteroides.sp..MP64F12",362,362,0.811283431505371,1.836733670494e-84,1
"235","Bifidobacterium.scardovii",236,335,0.280233264155955,4.62011536207927e-06,0.704477611940298
"236","Clostridia.bacterium.UC5.1.1E11",265,351,0.318963805882028,5.01529455324112e-08,0.754985754985755
"237","X.Clostridium..clostridioforme",145,138,0.789293919234493,1.06441335868122e-76,1.05072463768116
"238","Clostridia.bacterium.UC5.1.1F7",303,286,0.38985682001861,1.4567324338685e-12,1.05944055944056
"239","Dialister.invisus",178,250,0.230776850086209,0.000501146405550396,0.712
"240","Hungatella.sp..MP42A4",135,269,0.234782269362974,0.000360616693650614,0.50185873605948
"241","Hafnia.paralvei",350,344,0.64771565655732,1.640787831029e-42,1.01744186046512
"242","Bifidobacterium.dentium",171,243,0.194465376095731,0.00746985369808946,0.703703703703704
"243","Citrobacter.pasteurii",267,347,0.818459717956961,3.20549533851755e-87,0.769452449567723
"244","Dialister.invisus.CAG.218",326,257,0.551711085839271,3.32458780093469e-28,1.26848249027237
"245","Klebsiella.pneumoniae",238,192,0.618331957578761,1.34846163589924e-37,1.23958333333333
"246","Dorea.sp..MP50E3",200,313,0.473934446851525,1.24706373758375e-19,0.638977635782748
"247","X.Clostridium..scindens",302,312,0.581769422944138,3.60793094483176e-32,0.967948717948718
"248","Ruthenibacterium.lactatiformans",189,281,0.567063415349405,3.53267340905537e-30,0.672597864768683
"249","Ruminococcaceae.bacterium.cv2",235,299,0.25463543239428,6.0796398633664e-05,0.785953177257525
"250","Finegoldia.magna",173,352,0.20986382923,0.00254006786817705,0.491477272727273
"251","Streptococcus.agalactiae",319,355,0.211249112803422,0.00234918799147412,0.898591549295775
"252","Ruthenibacterium.sp..VE800.03",251,284,0.664656356062412,1.32303978851327e-45,0.883802816901408
"253","Oscillibacter.sp..MP229B9a",139,330,0.277916697479442,5.95122392452221e-06,0.421212121212121
"254","Citrobacter.freundii",145,248,0.346599799534221,1.20484706723585e-09,0.584677419354839
"255","Subdoligranulum.sp..MP158A7",248,291,0.793358498885867,4.62416223232871e-78,0.852233676975945
"256","Roseburia.sp..MP499E8",247,330,0.412702281064636,2.79043315080177e-14,0.748484848484849
"257","Enterococcaceae.bacterium.UBA5115",245,344,0.301263028951659,4.38905087792704e-07,0.712209302325581
"258","Massiliomicrobiota.sp..HF30_ig1",69,338,0.230622130504322,0.000501146405550396,0.20414201183432
"259","Lactobacillus.salivarius",339,314,0.557418583612494,6.25315985932149e-29,1.0796178343949
"260","Enterococcaceae.bacterium.UBA4035",316,351,0.637158259158229,1.11265421697758e-40,0.9002849002849
"261","Streptococcus.thermophilus",143,181,0.611337398445619,1.68475606083391e-36,0.790055248618785
"262","Lactobacillus.rhamnosus",232,237,0.663419857163815,2.25895564060547e-45,0.978902953586498
"263","Dakarella.massiliensis",360,347,0.457202563105219,4.7566153329909e-18,1.03746397694524
"264","Actinomyces.sp..HPA0247",307,303,0.396701368659278,4.70272182694854e-13,1.01320132013201
"265","Actinomyces.oris",214,323,0.424240659499747,3.33463466693272e-15,0.662538699690402
"266","Rothia.mucilaginosa",140,299,0.254744536055091,6.0796398633664e-05,0.468227424749164
"267","Roseburia.hominis",312,313,0.696117414584379,6.30902039909446e-52,0.996805111821086
"268","Dysgonomonas.capnocytophagoides",289,353,0.234654569099831,0.000360616693650614,0.818696883852691
"269","Anaerotruncus.colihominis",293,294,0.873404378865723,1.93816427342663e-113,0.996598639455782
"270","Clostridium.sp..chh4.2",359,351,0.790108796320956,5.72426885402548e-77,1.02279202279202
"271","Eggerthella.lenta",271,271,0.942146464661466,1.13016630098743e-172,1
"272","Lachnospiraceae.bacterium.UBA1689",311,311,0.343853773614852,1.78558982529521e-09,1
"273","Faecalicatena.contorta",202,317,0.387070903138603,2.29225170345287e-12,0.637223974763407
"274","Intestinibacter.sp..HF28",200,309,0.454679175602753,8.00600221698985e-18,0.647249190938511
"275","Actinomyces.sp..ICM47",143,308,0.168812536839598,0.0394623398186884,0.464285714285714
"276","Blautia.coccoides",288,198,0.702364356564227,2.7772498283523e-53,1.45454545454545
"277","Lachnoclostridium.sp..MP625H6_ig1",204,307,0.498148421569573,4.56799356604044e-22,0.664495114006515
"278","Eggerthella.sp..MP69C2_2",318,303,0.657716152883823,2.59049676341471e-44,1.04950495049505
"279","Firmicutes.bacterium.AF22.6AC",242,348,0.242129779481531,0.000186016020026425,0.695402298850575
"280","Lachnoclostridium.sp..MP625H7_ig1",323,305,0.417935131474521,1.08093915785044e-14,1.05901639344262
"281","Absiella.sp..VE303.07",143,218,0.280321558460116,4.62011536207927e-06,0.655963302752294
"282","Dysgonomonas.sp..UBA7710",261,362,0.524032174248507,6.74503798214208e-25,0.720994475138122
"283","Lachnospiraceae.bacterium.6_1_37FAA",189,321,0.537682158667838,1.73031919678064e-26,0.588785046728972
"284","Lachnoclostridium.sp..VE303.01",322,303,0.679222011030497,1.95323025450696e-48,1.06270627062706
"285","Collinsella.tanakaei",334,353,0.192311497765174,0.00862461327164118,0.946175637393768
"286","Clostridium.bolteae.CAG.59",233,307,0.237427478426305,0.000284614664654251,0.758957654723127
"287","Anaerostipes.caccae",335,268,0.39716366504297,4.36409217916957e-13,1.25
"288","Faecalimonas.umbilicata",235,316,0.22394619468005,0.000877018667190925,0.743670886075949
"289","Hungatella.sp..MP550A3",336,314,0.683103676639972,3.23679577206039e-49,1.07006369426752
"290","Desulfovibrionaceae.bacterium",353,339,0.57640273129802,1.95678235980103e-31,1.04129793510324
"291","Blautia.wexlerae",225,325,0.311800565716298,1.2381452569523e-07,0.692307692307692
"292","Sellimonas.intestinalis",319,320,0.868268484244606,1.66152288219631e-110,0.996875
"293","X.Clostridium..citroniae",258,259,0.899945631161283,5.60614008768398e-131,0.996138996138996
"294","Clostridia.bacterium.UC5.1.2G4",243,265,0.581216176706755,4.29711636676389e-32,0.916981132075472
"295","Clostridium.clostridioforme.CAG.511",252,325,0.587088723443915,6.4718496901787e-33,0.775384615384615
"296","Blautia.sp..HF21_ig1",130,280,0.346956120474953,1.1515620028189e-09,0.464285714285714
"297","Drancourtella.massiliensis",219,342,0.436696964870706,3.03018115198285e-16,0.640350877192982
"298","Firmicutes.bacterium.CAG.552_39_19",345,345,0.59192722140782,1.33355299992786e-33,1
"299","Tyzzerella.nexilis",303,281,0.636836324895645,1.25876050214793e-40,1.07829181494662
"300","Roseburia.faecis",93,310,0.360945157390448,1.44352399016685e-10,0.3
"301","X.Eubacterium..eligens",329,306,0.550684503719122,4.46369204699161e-28,1.07516339869281
"302","Lachnospiraceae.bacterium.GAM79",161,341,0.390433118218405,1.33684576365843e-12,0.472140762463343
"303","X.Clostridium..sp..MP428B7re",325,350,0.618722946128718,1.17187635199282e-37,0.928571428571429
"304","Bacteroides.sp..MP159D11",354,353,0.733269319093283,1.55257818463832e-60,1.0028328611898
"305","Blautia.sp..HK34",264,285,0.823139180765695,4.37815384485724e-89,0.926315789473684
"306","X.Clostridium..sp..HF14",343,311,0.630907418912087,1.23129486970528e-39,1.10289389067524
"307","X.Clostridium..sp..MP562A3a",322,322,0.703477972146924,1.58513177048242e-53,1
"308","Harryflintia.acetispora",226,331,0.50263356065783,1.55232402511041e-22,0.682779456193353
"309","Blautia.sp..MP87G3",280,278,0.657960466945494,2.34207858660286e-44,1.00719424460432
"310","Anaerotruncus.sp..VE303.02",352,293,0.301545224105259,4.27545303731409e-07,1.20136518771331
"311","Absiella.sp..MP351A7",317,321,0.817851809213343,5.5422165470713e-87,0.987538940809969
"312","Lachnospiraceae.bacterium.TM07.2AC",229,348,0.214664260448651,0.00185444495036299,0.658045977011494
"313","X.Clostridium..sp..MP556F05",257,326,0.745102713091287,1.37377869652912e-63,0.788343558282209
"314","Absiella.sp..MP157H4",282,350,0.265458066268466,2.11266153385965e-05,0.805714285714286
"315","Absiella.sp..MP634G1_ig1",300,265,0.703671565592938,1.44008711376011e-53,1.13207547169811
"316","Erysipelotrichaceae.bacterium.6_1_45",303,267,0.393553090833123,7.97246355625396e-13,1.13483146067416
"317","Fusobacterium.ulcerans",329,344,0.319015944027351,5.01529455324112e-08,0.956395348837209
"318","Veillonella.sp..oral.taxon.158",317,298,0.543745116198727,3.21795092726107e-27,1.06375838926175
"319","Lactobacillus.plantarum",282,263,0.762364751767185,2.30831044337411e-68,1.0722433460076
"320","Haemophilus.haemolyticus",198,340,0.366146533932446,6.51501810266813e-11,0.582352941176471
"321","Metakosakonia.massiliensis",362,361,0.716817179235987,1.50838457398591e-56,1.00277008310249
"322","Clostridium.neonatale",229,295,0.399998154282469,2.70139013343153e-13,0.776271186440678
"323","Sellimonas.sp..VE303.03",213,303,0.406823445870403,8.09384840116239e-14,0.702970297029703
"324","Veillonella.sp..HF34",286,258,0.586226593858022,8.528402602019e-33,1.10852713178295
"325","Clostridium.butyricum",312,309,0.86734006553212,5.46080532050059e-110,1.00970873786408
"326","Clostridium.sp..MP229B3",279,316,0.321421007385383,3.72716986792062e-08,0.882911392405063
"327","Clostridium.paraputrificum",309,306,0.859304601647132,1.14198973154025e-105,1.00980392156863
"328","Intestinibacter.bartlettii",343,343,0.713593720626677,8.37111731745159e-56,1
"329","Bifidobacterium.longum",262,253,0.77612814070245,1.77706727729944e-72,1.03557312252964
"330","Intestinibacter.sp..MP232C5",321,307,0.685102492425359,1.26668235923812e-49,1.04560260586319
"331","Veillonella.atypica",203,207,0.814793006285372,8.48705786813798e-86,0.980676328502415
"332","Veillonella.sp..MP19D1_02.09",300,234,0.52468001907255,5.72563444962359e-25,1.28205128205128
"333","Clostridium.sp..MP49A11",361,348,0.621141841440682,4.82968531084627e-38,1.03735632183908
"334","Streptomyces.flaveus",100,230,0.456966339032581,4.97746739537362e-18,0.434782608695652
"335","Pediococcus.acidilactici",251,307,0.605445020618429,1.33141215603171e-35,0.817589576547231
"336","Lactobacillus.casei",233,317,0.197334895491579,0.00623995734518433,0.735015772870662
"337","Veillonella.tobetsuensis",331,321,0.586042831052397,9.02578109535461e-33,1.03115264797508
"338","Lachnoclostridium.sp..MP429E6",337,307,0.674341334392795,1.79864842124077e-47,1.09771986970684
"339","Clostridium.sp..MP5B6",323,331,0.793695691477059,3.5591463040917e-78,0.97583081570997
"340","Veillonella.dispar",308,294,0.736380108969798,2.5536359268943e-61,1.04761904761905
"341","Bifidobacterium.moukalabense",361,359,0.545044383053703,2.23316721818208e-27,1.00557103064067
"342","Lactobacillus.gasseri",310,329,0.397664718749379,4.02185051631701e-13,0.94224924012158
"343","Clostridium.sp..AT4",131,328,0.276692497554754,6.76322456436932e-06,0.399390243902439
"344","Clostridium.sp..MP113D9",237,357,0.819076266150525,1.83566902730853e-87,0.663865546218487
"345","Blautia.sp..MP624D4_ig1",279,297,0.603108050706718,2.99002112098575e-35,0.93939393939394
"346","Clostridium.disporicum",343,341,0.716038322749394,2.2762852526529e-56,1.0058651026393
"347","Lachnospiraceae.bacterium.9_1_43BFAA",197,301,0.650596357928759,5.05174546063586e-43,0.654485049833887
"348","Clostridium.sp..MP551E06",335,358,0.796678155144939,3.39890318591581e-79,0.935754189944134
"349","Clostridium.sp..MP588C02",328,339,0.62919385837195,2.36566584241351e-39,0.967551622418879
"350","Lachnospiraceae.bacterium.AM25.17",268,316,0.635070687079216,2.49637849744198e-40,0.848101265822785
"351","Clostridium.sp..MP35F6",360,342,0.524526123676518,5.94008126787693e-25,1.05263157894737
"352","X.Ruminococcus..sp..HF10",339,329,0.436895411374551,2.92811666165295e-16,1.03039513677812
"353","Coprobacillus.sp..HF33",272,349,0.310007442555672,1.533698415228e-07,0.779369627507163
"354","Firmicutes.bacterium.AF25.13AC",103,341,0.328862040220282,1.41109628935227e-08,0.302052785923754
"355","X.Eubacterium..hallii",360,315,0.20714771406065,0.00306244413348759,1.14285714285714
"356","Sutterella.wadsworthensis",300,277,0.762604694134481,1.97217789240312e-68,1.08303249097473
"357","Bacteroides.finegoldii",149,346,0.179145328730026,0.0208836289017866,0.430635838150289
"358","Roseburia.sp..CAG.471",210,354,0.267871526009648,1.68352565927739e-05,0.593220338983051
"359","Firmicutes.bacterium.CAG.345",269,362,0.439459544003996,1.76186200845418e-16,0.743093922651934
"360","Clostridiaceae.bacterium.OM08.6BH",360,358,0.870152332140668,1.44767195432773e-111,1.00558659217877
"361","Lachnospiraceae.bacterium.OF09.6",216,362,0.44409358805224,7.03593983309853e-17,0.596685082872928
"362","Eubacterium.sp..CAG.252",118,360,0.36803854312388,4.90125317922519e-11,0.327777777777778
"363","Lachnospira.sp..MP468C3",338,338,0.537502229379927,1.811703265512e-26,1
"364","Lachnospiraceae.bacterium",229,362,0.336408304529217,5.11255463071851e-09,0.632596685082873
"365","Eubacterium.eligens.CAG.72",323,341,0.452240997379671,1.33088827785743e-17,0.947214076246334
"366","X.Clostridium..leptum",228,313,0.489137367214128,3.92575828194036e-21,0.728434504792332
"367","Ruminococcus.sp..AM28.13",128,357,0.319644242578838,4.68712893854571e-08,0.358543417366947
"368","Turicibacter.sanguinis",352,303,0.5080886786246,4.04651927557489e-23,1.16171617161716
"369","Clostridiaceae.bacterium.AF29.16BH",359,357,0.860655839305957,2.24702059693521e-106,1.00560224089636
"370","Coprococcus.sp..MP473C9re2",48,361,0.401872243247114,1.95075465574256e-13,0.132963988919668
"371","Acholeplasmatales.bacterium",354,361,0.628764008183636,2.76949265897251e-39,0.980609418282548
"372","Firmicutes.bacterium.AM10.47",213,363,0.588847649972353,3.66191287562533e-33,0.586776859504132
"373","Collinsella.sp..MP196G1",364,358,0.563092780921347,1.17162690966852e-29,1.01675977653631
"374","Coprococcus.sp..MP249B11",205,351,0.589570390046562,2.89252363888506e-33,0.584045584045584
"375","Bacteroides.faecis",353,348,0.446139237841961,4.69901212787854e-17,1.01436781609195
"376","Lachnoclostridium.sp..An76",351,333,0.705868045996906,4.69760566029163e-54,1.05405405405405
"377","Eubacterium.sp..CAG.38",334,326,0.335203308420428,5.97213415737579e-09,1.02453987730061
"378","Flavonifractor.sp..VE303.08",289,263,0.73357821212513,1.30101502793572e-60,1.09885931558935
"379","X.Ruminococcus..sp..MP581E08",254,327,0.189876561195242,0.00989650624429898,0.776758409785933
"380","Streptococcus.mutans",184,308,0.213140458107074,0.00207582582043676,0.597402597402597
"381","Catabacter.hongkongensis",52,363,0.297758420976652,6.52102623831178e-07,0.143250688705234
"382","Lachnoclostridium.sp..An14",278,348,0.432791591563191,6.42443391682442e-16,0.798850574712644
"383","Lachnoclostridium.phocaeense",348,329,0.716611206029701,1.67663194052608e-56,1.05775075987842
"384","Eggerthella.sp..MP163B1",286,293,0.879835793496855,2.67408534680626e-117,0.976109215017065
"385","Anaerostipes.sp..MP172A5",256,291,0.217110903297785,0.00152670446433604,0.879725085910653
"386","Streptococcus.sp..MP436A3re",332,322,0.562085621932069,1.57063813741216e-29,1.03105590062112
"387","Robinsoniella.peoriensis",325,304,0.746943471165108,4.43673696890407e-64,1.06907894736842
"388","Romboutsia.sp..MP172A7",350,350,0.728317026284336,2.64156816283743e-59,1
"389","Streptococcus.sp..MP583D02",282,326,0.352301826252744,5.28950656349307e-10,0.865030674846626
"390","Blautia.hominis",312,277,0.588654716840371,3.88961365959277e-33,1.12635379061372
"391","X.Clostridium..cocleatum",321,312,0.716685222192114,1.61535023128394e-56,1.02884615384615
"392","X.Clostridium..sp..MP626E2_ig1",301,333,0.712429201769402,1.54896807911452e-55,0.903903903903904
"393","Sellimonas.sp..MP61D3_02.09",357,353,0.677165803920389,5.01323607157127e-48,1.01133144475921
"394","Phascolarctobacterium.sp..VE800.04",323,309,0.48723142025684,6.09874923360129e-21,1.0453074433657
"395","Flavonifractor.sp..HI30",260,320,0.298899598499192,5.77300681336284e-07,0.8125
"396","Blautia.sp..MP87F8_2",300,302,0.754014333599598,5.27781198521691e-66,0.993377483443709
"397","Lachnoclostridium.sp..HF22",311,332,0.526369001203513,3.66332283505507e-25,0.936746987951807
"398","Streptococcus.oralis",352,329,0.633337135473869,4.86761460540246e-40,1.06990881458967
"399","Beduini.massiliensis",211,337,0.572330891305931,7.01849469822987e-31,0.626112759643917
"400","Klebsiella.michiganensis",157,284,0.241978026957837,0.000186057188129978,0.552816901408451
"401","Alloscardovia.omnicolens",262,335,0.31246261594606,1.14598229006109e-07,0.782089552238806
"402","Parasutterella.excrementihominis",217,285,0.543550737809198,3.3868641944616e-27,0.76140350877193
"403","Candidatus.Stoquefichus.sp..KLE1796",360,348,0.709859334611321,5.94528340633379e-55,1.03448275862069
"404","Bacteroides.sp..MP264A7",309,352,0.281223727951504,4.2088257008124e-06,0.877840909090909
"405","Bacteroides.sp..MP295E12",361,361,0.682839882509987,3.65225937460165e-49,1
"406","Eisenbergiella.sp..OF01.20",344,344,0.741371073395629,1.31528394239909e-62,1
"407","Clostridiales.bacterium.Nov_37_41",329,349,0.843697670978856,5.34909824093234e-98,0.94269340974212
"408","Dorea.formicigenerans.CAG.28",206,358,0.425808123479723,2.48295874347869e-15,0.575418994413408
"409","Absiella.sp..HF20_ig1",289,307,0.518669077718318,2.73229113610015e-24,0.941368078175896
"410","Clostridium.sp..MP98B12",331,338,0.487083770092551,6.28511850638841e-21,0.979289940828402
"411","Enterobacter.asburiae",143,361,0.348419555907846,9.350035891485e-10,0.39612188365651
"412","X.Kluyvera..intestini",317,353,0.521409288950695,1.33813685604276e-24,0.898016997167139
"413","Firmicutes.bacterium.CAG.466",309,329,0.390089031417568,1.40893070175455e-12,0.939209726443769
"414","uncultured.Roseburia.sp.",132,353,0.281784419782388,4.02587843782072e-06,0.373937677053824
"415","X.Clostridium..glycyrrhizinilyticum",139,336,0.494343326174987,1.13808265826658e-21,0.413690476190476
"416","Lachnoclostridium.sp..An196",230,363,0.418738856626823,9.34960526826981e-15,0.633608815426997
"417","X.Clostridium..innocuum",213,302,0.416829446793365,1.31417369270366e-14,0.705298013245033
"418","Dorea.sp..Marseille.P4003",350,358,0.607350821706545,6.90075576473652e-36,0.977653631284916
"419","Massiliomicrobiota.sp..HK52",292,350,0.753675983703226,6.53456224395589e-66,0.834285714285714
"420","Parasutterella.excrementihominis.CAG.233",308,311,0.618274550005992,1.37271243529024e-37,0.990353697749196
"421","Streptococcus.vestibularis",180,319,0.274853159349682,8.22810060586571e-06,0.564263322884012
"422","Lactobacillus.animalis",317,338,0.803320487943941,1.54786946329015e-81,0.937869822485207
"423","Citrobacter.werkmanii",317,353,0.85479482336876,2.31850241991677e-103,0.898016997167139
"424","Veillonella.denticariosi",356,363,0.817140591482656,1.04934333699062e-86,0.980716253443526
"425","Clostridium.nexile.CAG.348",333,334,0.829073186509356,1.55532980920391e-91,0.997005988023952
"426","Kluyvera.cryocrescens",338,347,0.734244072318795,8.85352024478078e-61,0.974063400576369
"427","Hafnia.alvei",361,360,0.67601615096938,8.45254160078792e-48,1.00277777777778
"428","Clostridium.sp..MP77A2",357,350,0.71065583940452,3.92556175135882e-55,1.02
"429","Clostridium.saudiense",363,353,0.577194687351677,1.527615315397e-31,1.02832861189802
"430","Turicibacter.sp..MP236E3",345,344,0.845997098877919,4.5097323112454e-99,1.00290697674419
"431","Enterococcaceae.bacterium.UBA6652",285,349,0.270918568005896,1.23302917033023e-05,0.816618911174785
"432","Shigella.dysenteriae",215,346,0.271208654145958,1.20734601672141e-05,0.621387283236994
"433","X.Clostridium..lavalense",285,286,0.580859920468636,4.80212159248187e-32,0.996503496503496
"434","Prevotella.oralis",354,343,0.711196427824282,2.96194485986185e-55,1.03206997084548
"435","Clostridium.sp..MP626B9_ig1",256,310,0.243747501047351,0.000161036379107416,0.825806451612903
"436","Eubacterium.sp..ER2",135,353,0.499608737128142,3.21132873016064e-22,0.382436260623229
"437","Flavonifractor.sp..VE202.03",359,348,0.689588115509553,1.50787606354028e-50,1.0316091954023
"438","Proteus.vulgaris",344,344,0.775684912335952,2.43152847529302e-72,1
"439","Leuconostoc.gelidum",159,361,0.296770025008152,7.290678038421e-07,0.440443213296399
"440","Veillonellaceae.bacterium",143,360,0.45672264405564,5.21652845595409e-18,0.397222222222222
"441","Lactobacillus.paraplantarum",295,362,0.486022467060457,8.02542636540888e-21,0.814917127071823
"442","Burkholderiales.bacterium",265,329,0.807063935748036,6.7926764522984e-83,0.805471124620061
"443","Atopobium.sp..BS2",363,358,0.751793570389272,2.15514573592207e-65,1.01396648044693
"444","Firmicutes.bacterium.CAG.424",223,320,0.477162896536466,6.12052738326257e-20,0.696875
"445","X.Ruminococcus..sp..MP50A2",257,335,0.289346506679526,1.73055631757401e-06,0.767164179104478
"446","Coprococcus.sp..MP463H10",250,348,0.479874780497304,3.30848344193211e-20,0.718390804597701
"447","Agathobaculum.desmolans",246,356,0.568737399486765,2.1262033079435e-30,0.691011235955056
"448","Streptococcus.cristatus",234,363,0.632961578663468,5.6120891589616e-40,0.644628099173554
"449","Sanguibacter.keddieii",308,352,0.220946582789835,0.00112771083354279,0.875
"450","Bacteroides.ovatus.CAG.22",223,354,0.529603189727571,1.54718332267209e-25,0.629943502824859
"451","Enterococcus.saccharolyticus",357,357,0.869514274040225,3.31554753893765e-111,1
"452","Megasphaera.sp..MP182G6",340,353,0.85668555580108,2.55934069924971e-104,0.963172804532578
"453","Acidaminococcus.intestini",330,347,0.794810696382906,1.48421618626221e-78,0.951008645533141
"454","Absiella.sp..MP558F11",237,362,0.394100083876454,7.29795249387333e-13,0.654696132596685
"455","Flavonifractor.sp..An100",360,346,0.70520423230925,6.59044852455036e-54,1.04046242774566
"456","Romboutsia.sp..MP35A8",357,355,0.805724233069523,2.09123113765695e-82,1.0056338028169
"457","Turicibacter.sp..MP255B7a",196,353,0.233701515084144,0.000387241117894466,0.555240793201133
"458","Paenibacillus.macerans",350,353,0.893027856688343,5.7399069227174e-126,0.991501416430595
"459","Sutterellaceae.bacterium.UBA7100",352,351,0.832729174119783,4.32015907785883e-93,1.002849002849
"460","Bacillus.thermoamylovorans",287,363,0.33639797268435,5.11255463071851e-09,0.790633608815427
"461","Oscillibacter.sp..CAG.155",356,356,0.869851308577191,2.14112926923842e-111,1
"462","Bacteroides.acidifaciens",284,354,0.266480361399694,1.91385890410257e-05,0.80225988700565
"463","Fusobacterium.mortiferum",362,362,0.561901279415223,1.65416083500048e-29,1
"464","Dielma.fastidiosa",69,349,0.319368294901176,4.82417113528272e-08,0.197707736389685
"465","Methanobrevibacter.woesei",171,363,0.47435791515564,1.13902709493888e-19,0.471074380165289
"466","Proteus.cibarius",191,360,0.299394146257601,5.48102078885327e-07,0.530555555555556
"467","Shigella.sp..SF.2015",330,351,0.622394568433239,3.04199576555635e-38,0.94017094017094
"468","Bacteroides.sp..MP64F12",362,362,0.811283431505371,1.836733670494e-84,1
"469","Citrobacter.farmeri",210,314,0.298210298218147,4.75467818336158e-07,0.668789808917197
"470","X.Clostridium..clostridioforme",147,138,0.783788038725679,5.88785620087805e-75,1.06521739130435
"471","Morganella.morganii",136,297,0.305378270836708,1.99659680236041e-07,0.457912457912458
"472","Fusobacterium.nucleatum",310,216,0.374746227624661,1.41087695826601e-11,1.43518518518519
"473","Citrobacter.amalonaticus",262,286,0.209458755044249,0.00210268333443505,0.916083916083916
"474","Flavonifractor.plautii",215,252,0.319734302108949,3.65441950742874e-08,0.853174603174603
"475","Clostridia.bacterium.UC5.1.1F7",268,286,0.760572760388153,6.52874732877828e-68,0.937062937062937
"476","Dialister.invisus",275,250,0.534059412111447,4.06396620358199e-26,1.1
"477","Hungatella.sp..MP68H3",269,278,0.474420162365955,9.61933123015657e-20,0.967625899280576
"478","Clostridiales.bacterium.CCNA10",254,312,0.17157133264796,0.026093274738017,0.814102564102564
"479","Hungatella.sp..MP42C12",285,283,0.536717153096716,1.97088980012297e-26,1.00706713780919
"480","Hungatella.sp..MP42A4",272,269,0.54063225860005,6.73786007204984e-27,1.01115241635688
"481","Hafnia.paralvei",306,344,0.467670460699785,4.23768911593897e-19,0.88953488372093
"482","Hungatella.sp..MP403D11",78,308,0.327116551498189,1.39117550591352e-08,0.253246753246753
"483","Citrobacter.pasteurii",353,347,0.732429125305875,2.14523132219422e-60,1.01729106628242
"484","Dialister.invisus.CAG.218",178,257,0.197127311653026,0.00504611926057406,0.692607003891051
"485","Dorea.sp..MP50E3",312,313,0.69438992195657,1.25058116596056e-51,0.996805111821086
"486","Lachnospiraceae.bacterium.5_1_57FAA",313,306,0.659098108730015,1.22434742886807e-44,1.02287581699346
"487","Ruthenibacterium.lactatiformans",211,281,0.561969645332413,1.39330907621694e-29,0.750889679715303
"488","Enterococcus.faecalis",318,312,0.38778294046188,1.67234328044171e-12,1.01923076923077
"489","Ruminococcaceae.bacterium.cv2",261,299,0.460159779446767,2.12696276180113e-18,0.872909698996655
"490","Prevotella.buccae",321,314,0.329659832013581,9.90681022727068e-09,1.02229299363057
"491","Ruthenibacterium.sp..VE800.03",228,284,0.429191345545082,1.03880450322783e-15,0.802816901408451
"492","Oscillibacter.sp..MP229B9a",9,330,0.239567325303058,0.00017635469710641,0.0272727272727273
"493","Erysipelatoclostridium.ramosum",180,305,0.248162346488361,8.60667465809868e-05,0.59016393442623
"494","Subdoligranulum.sp..MP158A7",283,291,0.732214645073367,2.42082727656799e-60,0.972508591065292
"495","Massiliomicrobiota.sp..HF30_ig1",355,338,0.435699466562109,2.97163590219721e-16,1.05029585798817
"496","Lactobacillus.salivarius",180,314,0.479010986808359,3.44610278676348e-20,0.573248407643312
"497","Oscillospiraceae.bacterium.VE202.24",274,310,0.69614546638555,5.33573182249919e-52,0.883870967741936
"498","Streptococcus.salivarius",269,264,0.72395683996509,2.59792893669787e-58,1.01893939393939
"499","Enterococcaceae.bacterium.UBA4035",229,351,0.482110268633692,1.71671740339915e-20,0.652421652421652
"500","Streptococcus.thermophilus",219,181,0.194515607576852,0.00602327076417149,1.20994475138122
"501","Lactobacillus.rhamnosus",336,237,0.398128880587211,2.92745307156033e-13,1.41772151898734
"502","Streptococcus.sp..263_SSPC",288,338,0.49245990739643,1.57718823947987e-21,0.85207100591716
"503","Actinomyces.odontolyticus",304,354,0.274476295538416,6.75630580285976e-06,0.858757062146893
"504","Clostridiales.bacterium.Marseille.P2846",255,355,0.17553786629094,0.0204730260356214,0.71830985915493
"505","Roseburia.hominis",278,313,0.417951208576413,8.38204533952155e-15,0.888178913738019
"506","Clostridium.sp..C105KSO14",214,296,0.425296332395466,2.1735562982888e-15,0.722972972972973
"507","Anaerotruncus.colihominis",295,294,0.895509881726906,9.11336761974357e-128,1.00340136054422
"508","Clostridium.sp..chh4.2",328,351,0.867855990646651,2.54553473001866e-110,0.934472934472934
"509","Eggerthella.lenta",271,271,0.939598173238228,2.12753466412379e-169,1
"510","Eisenbergiella.massiliensis",309,300,0.565400256939559,4.96541553812166e-30,1.03
"511","Lachnospiraceae.bacterium.UBA1689",298,311,0.21991814757021,0.000958510302144976,0.958199356913183
"512","Firmicutes.bacterium.CAG.65_45_313",173,341,0.442490606281758,7.85064782357627e-17,0.50733137829912
"513","Faecalicatena.contorta",259,317,0.257832707146221,3.53038221091334e-05,0.817034700315457
"514","X.Clostridium..symbiosum",233,237,0.341236178316907,2.03311670365083e-09,0.983122362869198
"515","Hungatella.effluvii",180,318,0.419399959285072,6.5239856700737e-15,0.566037735849057
"516","Blautia.coccoides",270,198,0.77139143295431,4.29742211439092e-71,1.36363636363636
"517","Lachnoclostridium.sp..MP625H6_ig1",293,307,0.641677101446442,1.57592101727114e-41,0.954397394136808
"518","Clostridia.bacterium.sp..MP226B7",111,340,0.608935866678142,3.33003335751947e-36,0.326470588235294
"519","Lachnoclostridium.sp..HK36",134,314,0.287522799588711,1.59451777284254e-06,0.426751592356688
"520","Merdimonas.faecis",335,315,0.349593162261785,6.22330767704852e-10,1.06349206349206
"521","Lachnospiraceae.bacterium.6_1_37FAA",210,321,0.374133905007251,1.54529665358096e-11,0.654205607476635
"522","Lachnoclostridium.sp..VE303.01",330,303,0.68717035903765,4.02784198293396e-50,1.08910891089109
"523","Tyzzerella.sp..MP10F1re",196,299,0.311707910452966,9.42371293704072e-08,0.65551839464883
"524","Anaerostipes.caccae",271,268,0.178969723145639,0.0176824057768053,1.01119402985075
"525","Absiella.sp..MP454B12",112,325,0.350335911472215,5.62308708735646e-10,0.344615384615385
"526","Sellimonas.intestinalis",310,320,0.820935499243413,2.92958404642653e-88,0.96875
"527","Lachnoclostridium.sp..HF18",217,307,0.198503635442569,0.00465135240713686,0.706840390879479
"528","X.Clostridium..citroniae",259,259,0.891779264585298,3.84360422993183e-125,1
"529","Clostridia.bacterium.UC5.1.2G4",218,265,0.407046758351762,6.0861507894958e-14,0.822641509433962
"530","Clostridium.clostridioforme.CAG.511",288,325,0.83942708637272,4.30008103180761e-96,0.886153846153846
"531","Tyzzerella.nexilis",286,281,0.831596609289318,1.16272692115016e-92,1.01779359430605
"532","Eisenbergiella.tayi",354,319,0.499906376410443,2.63732887715462e-22,1.10971786833856
"533","Eubacterium.callanderi",356,355,0.78700954944034,5.32294009790607e-76,1.00281690140845
"534","X.Eubacterium..eligens",315,306,0.449710419536361,1.84902081402547e-17,1.02941176470588
"535","Hungatella.sp..MP558G09",239,269,0.56504675484632,5.50635597678071e-30,0.888475836431227
"536","Fusicatenibacter.saccharivorans",304,304,0.764550885946554,4.62112864391663e-69,1
"537","Bacteroides.sp..MP159D11",359,353,0.838767504931892,8.4955986127865e-96,1.01699716713881
"538","Blautia.sp..HK34",290,285,0.688341933677206,2.31678575525021e-50,1.01754385964912
"539","X.Ruminococcus..sp..MP495E3",226,294,0.237106858869931,0.000214633053491364,0.768707482993197
"540","X.Clostridium..sp..HF14",336,311,0.488709609868404,3.80819592882531e-21,1.08038585209003
"541","X.Clostridium..sp..MP562A3a",322,322,0.843222624079096,7.98386482010836e-98,1
"542","Harryflintia.acetispora",237,331,0.178999840628241,0.0176824057768053,0.716012084592145
"543","Blautia.sp..MP87G3",244,278,0.371085203110178,2.48079882783007e-11,0.877697841726619
"544","Absiella.sp..MP351A7",306,321,0.771992020918279,2.84242875661774e-71,0.953271028037383
"545","Lachnospiraceae.bacterium.TM07.2AC",350,348,0.841050020522603,7.93553080789403e-97,1.00574712643678
"546","X.Clostridium..sp..MP556F05",324,326,0.681407321349385,6.06552970240569e-49,0.993865030674847
"547","Absiella.sp..MP634G1_ig1",319,265,0.6208940100794,4.47973103162347e-38,1.20377358490566
"548","Erysipelatoclostridium.sp..MP556F03",121,336,0.28829303138462,1.47481514308882e-06,0.360119047619048
"549","Erysipelotrichaceae.bacterium.6_1_45",271,267,0.437768561841306,1.99372775877541e-16,1.01498127340824
"550","Intestinibacter.sp..MP113D11",288,296,0.539326554295864,9.6682386046139e-27,0.972972972972973
"551","Raoultella.ornithinolytica",223,314,0.668509257582645,2.09801427832305e-46,0.710191082802548
"552","Campylobacter.showae",284,354,0.512516210979534,1.16184266656756e-23,0.80225988700565
"553","Lactobacillus.plantarum",298,263,0.526732251371354,2.91002064027016e-25,1.13307984790875
"554","Enterobacter.hormaechei",309,335,0.431704099476362,6.40540332830675e-16,0.922388059701493
"555","Haemophilus.haemolyticus",273,340,0.722875607417284,4.72110816466911e-58,0.802941176470588
"556","Clostridium.neonatale",267,295,0.749676037298845,6.91965537689627e-65,0.905084745762712
"557","Veillonella.sp..HF34",185,258,0.651086168636317,3.52881364925883e-43,0.717054263565892
"558","Clostridium.butyricum",307,309,0.819102054414022,1.55975795923938e-87,0.993527508090615
"559","Clostridium.paraputrificum",306,306,0.834365315116508,7.4867125516677e-94,1
"560","Clostridiales.bacterium.VE202.14",316,323,0.640468591425774,2.54251638312993e-41,0.978328173374613
"561","Intestinibacter.bartlettii",315,343,0.750262100427215,4.80612891970765e-65,0.918367346938776
"562","Bifidobacterium.longum",275,253,0.748960744600166,1.07883710222132e-64,1.08695652173913
"563","Veillonella.atypica",200,207,0.738370804329731,6.72060501435136e-62,0.966183574879227
"564","Streptococcus.parasanguinis",224,250,0.246805580486252,9.5169562543375e-05,0.896
"565","Intestinibacter.sp..MP10A2",346,324,0.695423269707204,7.54706115001773e-52,1.0679012345679
"566","Veillonella.sp..MP19D1_02.09",224,234,0.311909763010762,9.38307227844538e-08,0.957264957264957
"567","Flavonifractor.sp..MP13E7",288,321,0.320572019134043,3.30100208414675e-08,0.897196261682243
"568","Intestinibacter.sp..MP35A10",342,345,0.869117002655381,5.00871462176077e-111,0.991304347826087
"569","Blautia.sp..MP351A5",233,280,0.71400455841827,5.74707241007926e-56,0.832142857142857
"570","Clostridium.sp..MP49A11",352,348,0.733984826793552,8.83334851495839e-61,1.01149425287356
"571","Lactobacillus.casei",310,317,0.608691720879421,3.61714448325711e-36,0.977917981072555
"572","Veillonella.tobetsuensis",227,321,0.306119502262664,1.8394300714627e-07,0.707165109034268
"573","Lachnoclostridium.sp..MP429E6",335,307,0.69113950086725,6.0616574514466e-51,1.09120521172638
"574","Clostridium.sp..MP5B6",331,331,0.789350748606112,9.03961508074884e-77,1
"575","Veillonella.dispar",306,294,0.733784857915634,9.89348969449994e-61,1.04081632653061
"576","Veillonella.infantium",231,309,0.771604626244814,3.71453058735819e-71,0.747572815533981
"577","Clostridium.sp..MP113D9",347,357,0.822847592734317,5.00292578404017e-89,0.971988795518207
"578","Blautia.sp..MP624D4_ig1",311,297,0.418104408777022,8.20323568325464e-15,1.04713804713805
"579","Clostridium.disporicum",319,341,0.482186377533784,1.69587674124023e-20,0.935483870967742
"580","Lachnospiraceae.bacterium.9_1_43BFAA",185,301,0.276126613439872,5.6907737745989e-06,0.614617940199336
"581","Clostridium.sp..MP551E06",358,358,0.884969427197375,1.37061550901323e-120,1
"582","Intestinimonas.massiliensis",279,316,0.310338837295372,1.09929439416407e-07,0.882911392405063
"583","Lachnospiraceae.bacterium.AM25.17",292,316,0.783702635843256,6.25617177840695e-75,0.924050632911392
"584","Clostridium.sp..MP35F6",345,342,0.82510736516115,6.0232668216041e-90,1.00877192982456
"585","Clostridium.sp..MP51A11",360,360,0.696180670555714,5.26073353147261e-52,1
"586","X.Eubacterium..rectale",268,325,0.314965707220911,6.51224822770488e-08,0.824615384615385
"587","X.Eubacterium..hallii",185,315,0.311662919386953,9.42371293704072e-08,0.587301587301587
"588","Butyricicoccus.sp..MUR_MPC8a_ig1",53,350,0.193843808697746,0.00616159017841424,0.151428571428571
"589","Coprococcus.comes",267,346,0.363333887240171,8.27727058257611e-11,0.771676300578035
"590","Holdemania.filiformis",56,318,0.312800700587371,8.54133597978042e-08,0.176100628930818
"591","Intestinimonas.butyriciproducens",195,322,0.307533587979351,1.55533163853355e-07,0.605590062111801
"592","Dorea.sp..VE303.06",337,323,0.488189209444974,4.28373904524525e-21,1.04334365325077
"593","Lachnospira.sp..MP468C3",63,338,0.515083298027672,6.0699484855559e-24,0.186390532544379
"594","Roseburia.sp..40_7",116,345,0.444772006634633,4.96295162370142e-17,0.336231884057971
"595","Eubacterium.eligens.CAG.72",225,341,0.602228495854938,3.39028052828966e-35,0.659824046920821
"596","X.Clostridium..leptum",228,313,0.666012618032268,6.25832011501606e-46,0.728434504792332
"597","Turicibacter.sanguinis",352,303,0.507962488170894,3.65278475811692e-23,1.16171617161716
"598","Clostridiaceae.bacterium.AF29.16BH",355,357,0.714603323236184,4.18818739486849e-56,0.994397759103641
"599","Blautia.sp..MP245E9",9,346,0.180199674208707,0.0167298394871775,0.0260115606936416
"600","Coprococcus.sp..MP227E11",354,355,0.8836554433751,9.58259040861616e-120,0.997183098591549
"601","Streptococcus.sp..MP507F3",148,336,0.241821091207774,0.000144474952526222,0.44047619047619
"602","Collinsella.sp..AF08.23",336,361,0.572696032344023,5.24378032310822e-31,0.930747922437673
"603","Firmicutes.bacterium.CAG.94",312,311,0.741433890391222,1.08230041477414e-62,1.0032154340836
"604","Bacteroides.sp..MP558G5",363,346,0.581925548879468,2.84875273568851e-32,1.04913294797688
"605","Flavonifractor.sp..VE303.08",289,263,0.712734997667896,1.12504281403349e-55,1.09885931558935
"606","X.Ruminococcus..sp..MP581E08",328,327,0.753318494490021,7.05837856973915e-66,1.00305810397554
"607","Streptococcus.sp..MP273B8",270,326,0.317121489361126,4.95938407373079e-08,0.828220858895706
"608","Lachnospiraceae.sp..MP78A5_2_02.16",268,353,0.695594802531762,6.95771883115551e-52,0.759206798866855
"609","Lachnoclostridium.phocaeense",348,329,0.755556251233168,1.69343250982991e-66,1.05775075987842
"610","Eggerthella.sp..MP163B1",217,293,0.790884385387533,2.78763894990015e-77,0.74061433447099
"611","Streptococcus.sp..MP506H2",345,346,0.393685217826229,6.19671837922204e-13,0.997109826589595
"612","Anaerostipes.sp..MP172A5",191,291,0.346688320882129,9.38051764237949e-10,0.656357388316151
"613","Streptococcus.sp..MP436A3re",322,322,0.358540457600737,1.6902794688583e-10,1
"614","Romboutsia.sp..MP172A7",358,350,0.627819796993917,3.36022545531523e-39,1.02285714285714
"615","Streptococcus.sp..MP583D02",342,326,0.607965110258559,4.64195022265147e-36,1.04907975460123
"616","Blautia.hominis",327,277,0.471995046159686,1.64925035216229e-19,1.18050541516245
"617","X.Clostridium..cocleatum",290,312,0.796730906905249,2.8448279728807e-79,0.92948717948718
"618","Dorea.sp..MP625B1b_ig1",351,351,0.851950970761752,5.47629870861408e-102,1
"619","X.Clostridium..sp..MP626E2_ig1",308,333,0.820128961620264,6.12595963843175e-88,0.924924924924925
"620","Phascolarctobacterium.sp..VE800.04",215,309,0.439576896051474,1.39644459938429e-16,0.6957928802589
"621","Lachnoclostridium.sp..HF22",351,332,0.416117737176207,1.16326295985665e-14,1.05722891566265
"622","Beduini.massiliensis",239,337,0.227786943540406,0.000492724642244533,0.70919881305638
"623","Klebsiella.michiganensis",284,284,0.317681213665218,4.70160077670993e-08,1
"624","Selenomonas.sp..oral.taxon.149",363,344,0.489660707549957,3.05629960487526e-21,1.05523255813953
"625","Alloscardovia.omnicolens",249,335,0.476530202147957,6.00050446997173e-20,0.743283582089552
"626","Actinomyces.sp..oral.taxon.448",338,339,0.459015599903837,2.70361794590554e-18,0.997050147492625
"627","Fusobacterium.periodonticum",330,345,0.289175967818595,1.34543149458348e-06,0.956521739130435
"628","Bacteroides.sp..MP264A7",263,352,0.64425288124301,5.66196862062435e-42,0.747159090909091
"629","Fusobacterium.varium",352,352,0.530800542050967,9.80320271470282e-26,1
"630","Absiella.sp..HF20_ig1",331,307,0.556901697709522,6.25612198955441e-29,1.07817589576547
"631","Actinomyces.israelii",354,354,0.58376365904268,1.5908103457902e-32,1
"632","Clostridia.bacterium.UC5.1.1D10",354,335,0.591255824450931,1.37916539765034e-33,1.05671641791045
"633","Clostridiaceae.bacterium.MS3",358,353,0.75963838739976,1.20434854510851e-67,1.01416430594901
"634","X.Clostridium..innocuum",196,302,0.461518723509656,1.60516871998418e-18,0.649006622516556
"635","Dorea.sp..Marseille.P4003",275,358,0.480329236176943,2.56066352204031e-20,0.768156424581006
"636","Massiliomicrobiota.sp..HK52",193,350,0.416952702996251,1.00291515038491e-14,0.551428571428571
"637","Parasutterella.excrementihominis.CAG.233",249,311,0.509613528342042,2.41945876177941e-23,0.80064308681672
"638","Streptococcus.vestibularis",276,319,0.406050288256662,7.22979296776106e-14,0.865203761755486
"639","Lactobacillus.animalis",289,338,0.733262793695761,1.33178178981526e-60,0.855029585798817
"640","Citrobacter.werkmanii",339,353,0.84931289355842,1.06081209383338e-100,0.960339943342776
"641","Veillonella.denticariosi",363,363,0.935518439453339,2.19371613686033e-164,1
"642","Clostridium.nexile.CAG.348",335,334,0.852972009563575,1.71903403822386e-102,1.00299401197605
"643","Kluyvera.cryocrescens",347,347,0.811461974969603,1.37641749910513e-84,1
"644","Hafnia.alvei",353,360,0.640289146524979,2.72069726719952e-41,0.980555555555556
"645","Clostridium.sp..MP77A2",357,350,0.634923469677914,2.2087025054343e-40,1.02
"646","Clostridium.saudiense",363,353,0.588276355396194,3.69053991932797e-33,1.02832861189802
"647","Turicibacter.sp..MP236E3",345,344,0.847502474981069,7.841970345849e-100,1.00290697674419
"648","Lactobacillus.delbrueckii",217,342,0.245003412315779,0.000109753075551555,0.634502923976608
"649","Shigella.dysenteriae",362,346,0.332255786760749,7.11167600687216e-09,1.04624277456647
"650","Prevotella.oralis",362,343,0.505045482132679,7.47482360684236e-23,1.05539358600583
"651","X.Clostridium..asparagiforme",364,330,0.450089090012594,1.71942337216779e-17,1.1030303030303
"652","Anaeroglobus.geminatus",269,320,0.384848075263241,2.71901394178993e-12,0.840625
"653","Gardnerella.vaginalis",240,360,0.343263787028667,1.53119575846506e-09,0.666666666666667
"654","Lachnospiraceae.bacterium.UBA7272",249,354,0.634768924187955,2.33709601159115e-40,0.703389830508475
"655","Intestinibacter.sp..MP112G1_01.17",288,346,0.423136702280245,3.26159631750575e-15,0.832369942196532
"656","Proteus.vulgaris",267,344,0.635360092975693,1.87661543026627e-40,0.776162790697674
"657","Streptococcus.sp..MP499G11",335,335,0.4788764878962,3.53431670805974e-20,1
"658","Leuconostoc.gelidum",358,361,0.846307285220165,2.89352651309945e-99,0.991689750692521
"659","Lactobacillus.paraplantarum",295,362,0.481595728622944,1.92302276676743e-20,0.814917127071823
"660","Burkholderiales.bacterium",344,329,0.759262771768266,1.53220704633945e-67,1.04559270516717
"661","Erysipelotrichaceae.bacterium.2_2_44A",350,350,0.572705682339417,5.24378032310822e-31,1
"662","Lachnospiraceae.bacterium.UBA1683",310,353,0.292732497302332,9.02348210661797e-07,0.878186968838527
"663","Streptococcus.sp..MP259A3",232,338,0.273658101976864,7.30211030947475e-06,0.686390532544379
"664","Atopobium.sp..BS2",363,358,0.665926923331029,6.47552083738505e-46,1.01396648044693
"665","Collinsella.stercoris",363,362,0.715512640517156,2.58185771692225e-56,1.00276243093923
"666","Alistipes.timonensis",366,359,0.434930433997602,3.43834765542476e-16,1.01949860724234
"667","Alistipes.onderdonkii",357,350,0.740761670169626,1.61669485658063e-62,1.02
"668","Enterococcus.dispar",302,357,0.358704510828508,1.66226141726616e-10,0.84593837535014
"669","Coprococcus.sp..MP463H10",247,348,0.395507209395974,4.55528298721249e-13,0.709770114942529
"670","Streptococcus.cristatus",277,363,0.668076799423266,2.53155974104259e-46,0.763085399449036
"671","Sanguibacter.keddieii",352,352,0.577528530253086,1.15560981577067e-31,1
"672","Streptococcus.sp..MP632G10_ig1",352,333,0.663626913068155,1.76020853025859e-45,1.05705705705706
"673","Bacteroides.ovatus.CAG.22",354,354,0.628171546150984,2.95079970449625e-39,1
"674","Megasphaera.sp..MP182G6",286,353,0.832947168967999,3.07061927457097e-93,0.810198300283286
"675","Flavonifractor.sp..MP49B12re",202,331,0.778615220264388,2.5878221456931e-73,0.610271903323263
"676","Erysipelotrichaceae.bacterium.CAG.64",361,351,0.352577857912934,4.06041244175345e-10,1.02849002849003
"677","Aggregatibacter.segnis",239,363,0.788845786126406,1.32631307356622e-76,0.658402203856749
"678","Romboutsia.sp..MP35A8",288,355,0.841006608500504,8.28477486428551e-97,0.811267605633803
"679","Turicibacter.sp..MP255B7a",230,353,0.752020974969812,1.59502199515521e-65,0.651558073654391
"680","Alistipes.sp..VE800.08",365,363,0.701559917167556,3.5944568651041e-53,1.00550964187328
"681","Paenibacillus.macerans",350,353,0.856598742167257,2.57616408912522e-104,0.991501416430595
"682","Sutterellaceae.bacterium.UBA7100",261,351,0.585807850948703,8.23727706289388e-33,0.743589743589744
"683","Prevotella.melaninogenica",341,351,0.493739840492118,1.16634352264422e-21,0.971509971509972
"684","Oscillibacter.sp..CAG.155",356,356,0.873361013969585,1.85314813518629e-113,1
"685","Bacteroides.congonensis",360,357,0.874467075235812,4.16782613807696e-114,1.00840336134454
"686","X.Hallella..seregens",239,363,0.446183290850218,3.76296030347871e-17,0.658402203856749
"687","Streptococcus.gordonii",355,355,0.708620856012845,9.6512083668302e-55,1
"688","Erysipelatoclostridium.sp..VE202.01",359,359,0.72055054403572,1.69005599160192e-57,1
"689","Sutterella.sp..CAG.521",352,361,0.596323681338837,2.52759955894518e-34,0.975069252077562
"690","Bacteroides.sp..MP241G12",208,358,0.246378296782097,9.7533157540197e-05,0.581005586592179
"691","Bacteroides.sp..MP64F12",364,362,0.801176699669723,7.8908850574501e-81,1.00552486187845
"692","Bifidobacterium.scardovii",242,335,0.565705710123997,5.0369549332778e-30,0.722388059701493
"693","Citrobacter.farmeri",249,314,0.643643149091375,8.25142042592282e-42,0.792993630573248
"694","X.Clostridium..clostridioforme",175,138,0.787789377828212,3.16585968531323e-76,1.26811594202899
"695","Morganella.morganii",276,297,0.602974738949594,3.01620521590676e-35,0.929292929292929
"696","Fusobacterium.nucleatum",235,216,0.477922471101203,4.68651777374712e-20,1.08796296296296
"697","Enterococcus.casseliflavus",151,273,0.368600951720048,3.74172771098146e-11,0.553113553113553
"698","Hungatella.sp..MP355B12",231,260,0.425220789571367,2.40163375364963e-15,0.888461538461538
"699","Clostridia.bacterium.UC5.1.1F7",197,286,0.363138585138568,8.60224193304983e-11,0.688811188811189
"700","Dialister.invisus",216,250,0.290833439301344,1.03585711662992e-06,0.864
"701","Hafnia.paralvei",345,344,0.654101222038549,1.15773232012841e-43,1.00290697674419
"702","Hungatella.sp..MP403D11",157,308,0.165684246135701,0.0433859523375207,0.50974025974026
"703","Eubacteriaceae.bacterium.CHKCI004",351,329,0.353319474629846,3.63326828629316e-10,1.06686930091185
"704","Bifidobacterium.dentium",233,243,0.243755777323631,0.000124126958287462,0.958847736625514
"705","Citrobacter.pasteurii",347,347,0.57277490959731,5.90893537124085e-31,1
"706","Dorea.sp..MP50E3",177,313,0.197588453838692,0.0054204732461645,0.565495207667732
"707","X.Clostridium..scindens",302,312,0.36533565542784,6.20636872881432e-11,0.967948717948718
"708","Ruthenibacterium.lactatiformans",195,281,0.610221804705176,2.37835201848599e-36,0.693950177935943
"709","Enterococcus.faecalis",278,312,0.172842633166298,0.0274145233595987,0.891025641025641
"710","Ruminococcaceae.bacterium.cv2",283,299,0.474073148127952,1.11573378806304e-19,0.946488294314381
"711","Enterococcus.faecium",311,245,0.466011157998035,6.55794025185809e-19,1.26938775510204
"712","Finegoldia.magna",145,352,0.327008554031496,1.30324615983353e-08,0.411931818181818
"713","Streptococcus.agalactiae",348,355,0.259382982573627,2.90739278406243e-05,0.980281690140845
"714","Ruthenibacterium.sp..VE800.03",194,284,0.460195809227497,2.2709841571653e-18,0.683098591549296
"715","Oscillibacter.sp..MP229B9a",79,330,0.250995258443653,6.35612906376519e-05,0.239393939393939
"716","Citrobacter.freundii",155,248,0.55833156084067,4.51064549773043e-29,0.625
"717","Enterococcaceae.bacterium.UBA5115",141,344,0.346617979622074,9.30848841291275e-10,0.409883720930233
"718","Lactobacillus.salivarius",350,314,0.571653894748596,8.32250229974215e-31,1.11464968152866
"719","Streptococcus.thermophilus",189,181,0.399876669486562,2.32911009774726e-13,1.04419889502762
"720","Lactobacillus.rhamnosus",343,237,0.449663714527514,2.05033278837622e-17,1.44725738396624
"721","Prevotella.nigrescens",149,363,0.3514230783547,4.70875700434489e-10,0.410468319559229
"722","Staphylococcus.aureus",359,358,0.799146591105321,4.38719002516391e-80,1.00279329608939
"723","Enterococcus.avium",352,324,0.460000378355947,2.35563704890312e-18,1.08641975308642
"724","Roseburia.hominis",278,313,0.707081236509146,2.46312401378904e-54,0.888178913738019
"725","uncultured.Dysgonomonas.sp.",194,361,0.35146980867146,4.70875700434489e-10,0.537396121883656
"726","Roseburia.intestinalis",271,267,0.613772595163382,6.7680534375009e-37,1.01498127340824
"727","Blautia.sp..VE303.05",167,170,0.175518325931866,0.0234302589255221,0.98235294117647
"728","Anaerotruncus.colihominis",296,294,0.83487880090691,4.7522658043401e-94,1.00680272108844
"729","Clostridium.sp..chh4.2",345,351,0.748343381322041,1.76832600413745e-64,0.982905982905983
"730","Eggerthella.lenta",271,271,0.945402434900538,3.80314601324252e-177,1
"731","Eisenbergiella.massiliensis",260,300,0.622625234395975,2.72014539168816e-38,0.866666666666667
"732","X.Clostridium..symbiosum",298,237,0.468214141683694,4.08053246230888e-19,1.25738396624473
"733","Hungatella.effluvii",191,318,0.252824721846162,5.36804047045044e-05,0.60062893081761
"734","Blautia.producta",317,229,0.49546131991308,8.13767811334213e-22,1.38427947598253
"735","Ruminococcus.gauvreauii",343,343,0.884883883259602,1.64615180641844e-120,1
"736","Blautia.coccoides",261,198,0.745919118829516,7.88001867127226e-64,1.31818181818182
"737","Faecalibacterium.sp..AF28.13AC",361,349,0.266923215895963,1.32099526958359e-05,1.03438395415473
"738","Eggerthella.sp..MP69C2_2",313,303,0.574882834935353,3.05981624892132e-31,1.03300330033003
"739","Lachnospiraceae.bacterium.7_1_58FAA",173,249,0.198225205217506,0.00528438961738652,0.694779116465863
"740","Lachnoclostridium.sp..HK36",362,314,0.375185504092041,1.3554532873262e-11,1.15286624203822
"741","Dysgonomonas.sp..UBA7710",268,362,0.535387606256125,3.09529992533269e-26,0.740331491712707
"742","Lachnoclostridium.sp..VE303.01",302,303,0.722021970488992,8.4829348663301e-58,0.996699669966997
"743","Collinsella.tanakaei",352,353,0.769986834627612,1.23897657387774e-70,0.997167138810198
"744","Clostridium.bolteae.CAG.59",140,307,0.256199070486028,3.98844084336573e-05,0.456026058631922
"745","Anaerostipes.caccae",344,268,0.470093691816188,2.70437958840122e-19,1.28358208955224
"746","Absiella.sp..MP454B12",71,325,0.29083134664701,1.03585711662992e-06,0.218461538461538
"747","Sellimonas.intestinalis",325,320,0.843846004743701,4.3479542047346e-98,1.015625
"748","X.Clostridium..citroniae",260,259,0.89401541470701,1.11801092524142e-126,1.003861003861
"749","Clostridium.clostridioforme.CAG.511",296,325,0.768320447424829,3.89359407163687e-70,0.910769230769231
"750","Blautia.sp..HF21_ig1",228,280,0.480554843198323,2.61715996708464e-20,0.814285714285714
"751","Tyzzerella.nexilis",176,281,0.683284673216901,2.92220852722498e-49,0.626334519572954
"752","Eisenbergiella.tayi",184,319,0.397259377484024,3.61014176187061e-13,0.576802507836991
"753","Roseburia.sp..MP78A7",115,326,0.32741562946245,1.24556156825852e-08,0.352760736196319
"754","Bacteroides.sp..MP159D11",349,353,0.755787287965131,1.60682359084284e-66,0.988668555240793
"755","Harryflintia.acetispora",331,331,0.857743578151002,7.02607772849952e-105,1
"756","Blautia.sp..MP87G3",231,278,0.527967939530666,2.28632462037114e-25,0.830935251798561
"757","X.Ruminococcus..sp..HK30",265,338,0.450189854661371,1.84798985480611e-17,0.784023668639053
"758","Absiella.sp..MP351A7",320,321,0.887703531910511,2.33895869921047e-122,0.996884735202492
"759","Lachnospiraceae.bacterium.TM07.2AC",262,348,0.7742956594761,6.13636432885641e-72,0.752873563218391
"760","X.Clostridium..sp..MP556F05",341,326,0.665743954829087,8.10459471940375e-46,1.04601226993865
"761","Erysipelatoclostridium.sp..MP562A4",354,341,0.636790144510349,1.24222612439615e-40,1.03812316715543
"762","Absiella.sp..MP634G1_ig1",307,265,0.649481044922003,7.76097378896922e-43,1.15849056603774
"763","Erysipelotrichaceae.bacterium.6_1_45",314,267,0.4004539115406,2.1181185157146e-13,1.17602996254682
"764","Streptococcus.thermophilus.CAG.236",347,347,0.519541436575498,2.09213138414575e-24,1
"765","Fusobacterium.ulcerans",297,344,0.323989878740713,1.92281662945695e-08,0.863372093023256
"766","Veillonella.sp..oral.taxon.158",331,298,0.638147594662508,7.30465281129606e-41,1.11073825503356
"767","Raoultella.ornithinolytica",245,314,0.34478226261638,1.19500808835228e-09,0.780254777070064
"768","Haemophilus.parainfluenzae",232,256,0.457747866356372,3.79627740582751e-18,0.90625
"769","Campylobacter.showae",318,354,0.302324411411038,2.68911088370285e-07,0.898305084745763
"770","Lactobacillus.plantarum",320,263,0.576129288646892,2.07963011451408e-31,1.21673003802281
"771","Haemophilus.haemolyticus",213,340,0.517691916323519,3.35921605540861e-24,0.626470588235294
"772","Clostridium.neonatale",219,295,0.304145704427542,2.24997230226718e-07,0.742372881355932
"773","Veillonella.sp..HF34",226,258,0.183784136230408,0.0136571336310601,0.875968992248062
"774","Clostridium.butyricum",309,309,0.733177843979045,1.56490582779785e-60,1
"775","Clostridium.paraputrificum",306,306,0.878063498372887,3.09467106872417e-116,1
"776","Clostridiales.bacterium.VE202.14",323,323,0.807762427847247,3.49483558412408e-83,1
"777","Intestinibacter.bartlettii",343,343,0.91410008349517,1.67393571124328e-142,1
"778","Bifidobacterium.longum",259,253,0.708104718236118,1.45264767017891e-54,1.02371541501976
"779","Intestinibacter.sp..MP232C5",341,307,0.632659467270149,6.14957983212679e-40,1.11074918566775
"780","Veillonella.atypica",139,207,0.62019840437833,6.60645886773869e-38,0.671497584541063
"781","Streptococcus.parasanguinis",96,250,0.3696311619031,3.2281741784531e-11,0.384
"782","Intestinibacter.sp..MP10A2",318,324,0.651437304751394,3.48076436539572e-43,0.981481481481482
"783","Clostridium.sp..MP49A11",327,348,0.698429526491008,1.97822975879401e-52,0.939655172413793
"784","Klebsiella.quasipneumoniae",250,338,0.502967485481698,1.32212866988489e-22,0.739644970414201
"785","Shigella.boydii",361,356,0.51916900575277,2.29590716465341e-24,1.01404494382022
"786","Bifidobacterium.breve",285,301,0.67973910505554,1.52023785503521e-48,0.946843853820598
"787","Lachnoclostridium.sp..MP429E6",317,307,0.616631955546782,2.42224708155439e-37,1.03257328990228
"788","Clostridium.sp..MP5B6",240,331,0.732156463714562,2.81840126453294e-60,0.725075528700906
"789","Veillonella.dispar",322,294,0.770574496382076,8.26826500221446e-71,1.0952380952381
"790","Veillonella.infantium",235,309,0.466519642537467,5.89638754081283e-19,0.760517799352751
"791","Clostridium.sp..MP113D9",349,357,0.900479475527325,2.13115747850704e-131,0.977591036414566
"792","Clostridium.disporicum",342,341,0.738376495321783,7.44214205832935e-62,1.00293255131965
"793","Clostridium.sp..MP88D4_2",252,348,0.38006833184557,6.24592620206428e-12,0.724137931034483
"794","Lachnospiraceae.bacterium.9_1_43BFAA",216,301,0.535154272101466,3.28695103505192e-26,0.717607973421927
"795","Clostridium.sp..MP551E06",361,358,0.815435424213982,4.5100086978089e-86,1.00837988826816
"796","Intestinimonas.massiliensis",227,316,0.365192134227386,6.29655262926926e-11,0.718354430379747
"797","Clostridium.sp..MP588C02",363,339,0.483812026078303,1.26943641482615e-20,1.07079646017699
"798","Clostridium.sp..MP35F6",360,342,0.600842652200325,6.17736395992762e-35,1.05263157894737
"799","Coprobacillus.sp..HF33",272,349,0.436763414366164,2.65807544617007e-16,0.779369627507163
"800","Prevotella.copri",347,351,0.808963904948636,1.26407472968772e-83,0.988603988603989
"801","Prevotella.sp..MP325B2",360,363,0.825704005335988,3.68226936093841e-90,0.991735537190083
"802","Lactobacillus.ruminis",157,360,0.482161662223277,1.83397914817757e-20,0.436111111111111
"803","Bacteroides.ovatus",222,306,0.354856024034204,2.90808616305221e-10,0.725490196078431
"804","Clostridium.sp..CAG.169",354,352,0.657896793585227,2.34919072423245e-44,1.00568181818182
"805","Ruminococcaceae.bacterium.AM28.23LB",262,357,0.569119827121565,1.81326293594445e-30,0.733893557422969
"806","Lachnospira.sp..MP588B04",119,348,0.460311886928027,2.2269793385784e-18,0.341954022988506
"807","Blautia.sp..MP78G6",74,316,0.276284810903775,4.84497550263377e-06,0.234177215189873
"808","Intestinimonas.butyriciproducens",322,322,0.440002560071191,1.43066583939314e-16,1
"809","X.Clostridium..leptum",177,313,0.255648671307657,4.15323493398563e-05,0.565495207667732
"810","Turicibacter.sanguinis",352,303,0.519870082553783,1.93665703328301e-24,1.16171617161716
"811","Blautia.sp..MP237C9",357,339,0.237799214802185,0.000204968765227088,1.05309734513274
"812","Firmicutes.bacterium.AM10.47",150,363,0.398480724016088,2.93591658095003e-13,0.413223140495868
"813","Parabacteroides.merdae",355,338,0.531134752070577,9.79269507870785e-26,1.05029585798817
"814","Bacteroides.dorei",237,342,0.350780659915051,5.12612429185987e-10,0.692982456140351
"815","Streptococcus.sp..MP507F3",124,336,0.216366406233645,0.00125091591126011,0.369047619047619
"816","Firmicutes.bacterium.CAG.94",319,311,0.646510664182204,2.60103158059614e-42,1.02572347266881
"817","Bacteroides.sp..MP558G5",174,346,0.603979751951323,2.13328691157215e-35,0.502890173410405
"818","Lachnoclostridium.sp..An76",352,333,0.572217662055968,7.0067313669935e-31,1.05705705705706
"819","Flavonifractor.sp..VE303.08",284,263,0.691985999804203,4.71425464384084e-51,1.07984790874525
"820","Ruminococcaceae.bacterium.UBA1691",343,309,0.523685910565314,7.11465671659777e-25,1.11003236245955
"821","Blautia.sp..CAG.257",115,281,0.211856290125201,0.00175896243044271,0.409252669039146
"822","Flavonifractor.sp..An82",345,345,0.65778821565624,2.45260445843214e-44,1
"823","Pseudoflavonifractor.sp..An85",131,345,0.336298851719174,3.88482883856378e-09,0.379710144927536
"824","Lachnoclostridium.phocaeense",354,329,0.661254414972565,5.60620011365613e-45,1.07598784194529
"825","Eggerthella.sp..MP163B1",288,293,0.922102431627713,6.33889763045343e-150,0.982935153583618
"826","Anaerostipes.sp..MP172A5",301,291,0.726600586687128,6.6424294952553e-59,1.03436426116838
"827","Streptococcus.sp..MP636F4b_ig1",238,313,0.294676460451492,6.61620965676461e-07,0.76038338658147
"828","Streptococcus.sp..MP436A3re",359,322,0.372236076964472,2.16345148979042e-11,1.11490683229814
"829","Robinsoniella.peoriensis",170,304,0.426548023853608,1.87266543186894e-15,0.55921052631579
"830","Streptococcus.sp..MP596A02",355,323,0.316753278569553,4.7226238320326e-08,1.09907120743034
"831","Romboutsia.sp..MP172A7",329,350,0.504464888404946,9.20258434979008e-23,0.94
"832","Clostridium.clostridioforme.CAG.132",295,322,0.512437761106354,1.2783444623911e-23,0.916149068322981
"833","Blautia.hominis",289,277,0.440391404463982,1.33814218712739e-16,1.04332129963899
"834","Blautia.marasmi",331,269,0.495728888834199,7.66496119176488e-22,1.23048327137546
"835","X.Clostridium..cocleatum",325,312,0.808204615730634,2.40512657420989e-83,1.04166666666667
"836","Dorea.sp..MP625B1b_ig1",351,351,0.710220923131476,4.82515727577654e-55,1
"837","X.Clostridium..sp..MP626E2_ig1",299,333,0.876320385423551,3.47449951127984e-115,0.897897897897898
"838","Sellimonas.sp..MP61D3_02.09",324,353,0.552450885406975,2.52422462562742e-28,0.917847025495751
"839","Phascolarctobacterium.sp..VE800.04",180,309,0.460500483086615,2.14989463139945e-18,0.58252427184466
"840","Eggerthella.sinensis",118,361,0.277663862242246,4.21031445482915e-06,0.326869806094183
"841","Blautia.sp..MP87F8_2",235,302,0.566244817126436,4.30518503541134e-30,0.778145695364238
"842","Clostridiales.bacterium.UBA1707",343,345,0.600697467993978,6.47132336281616e-35,0.994202898550725
"843","Lachnoclostridium.sp..HF22",320,332,0.622456449655355,2.88721059046078e-38,0.963855421686747
"844","Streptococcus.oralis",120,329,0.282946061482044,2.44038015676369e-06,0.364741641337386
"845","Akkermansia.muciniphila.CAG.154",344,348,0.850746308438208,2.2532460953114e-101,0.988505747126437
"846","Beduini.massiliensis",267,337,0.745945898816186,7.77200216630464e-64,0.792284866468843
"847","Klebsiella.michiganensis",221,284,0.588576014700315,3.79869940524899e-33,0.778169014084507
"848","Bifidobacterium.animalis",288,283,0.437586454535389,2.28243380217092e-16,1.01766784452297
"849","Parasutterella.excrementihominis",330,285,0.665273492236292,9.92716695192772e-46,1.15789473684211
"850","Candidatus.Stoquefichus.sp..KLE1796",362,348,0.602490824358064,3.54309272446515e-35,1.04022988505747
"851","Holdemania.sp..Marseille.P2844",198,337,0.488156507103162,4.61074039163931e-21,0.58753709198813
"852","Bacteroides.thetaiotaomicron.CAG.40",360,345,0.653313202701499,1.60467498342108e-43,1.04347826086957
"853","Bacteroides.sp..MP264A7",346,352,0.84157957482674,4.81982221932465e-97,0.982954545454545
"854","Fusobacterium.varium",355,352,0.482885974115278,1.55850354681232e-20,1.00852272727273
"855","Dorea.formicigenerans.CAG.28",131,358,0.503328055687309,1.21485832810279e-22,0.365921787709497
"856","Clostridium.sp..MP551D06",305,352,0.33086294430855,8.06972307134423e-09,0.866477272727273
"857","Absiella.sp..HF20_ig1",235,307,0.302465944324592,2.67554273763788e-07,0.765472312703583
"858","Clostridium.sp..MP236H7b",239,362,0.440359692949595,1.33902961915028e-16,0.660220994475138
"859","Slackia.exigua",340,343,0.838513494313287,1.17434419650595e-95,0.991253644314869
"860","Anaerotignum.lactatifermentans",298,310,0.279865783605952,3.41781843242794e-06,0.961290322580645
"861","X.Clostridium..innocuum",173,302,0.430358432853003,9.17162545148925e-16,0.572847682119205
"862","Parasutterella.excrementihominis.CAG.233",261,311,0.449252979232249,2.2204953909001e-17,0.839228295819936
"863","Negativibacillus.massiliensis",122,350,0.360727332278521,1.23891926086044e-10,0.348571428571429
"864","Lactobacillus.animalis",333,338,0.565824760942284,4.87612179146666e-30,0.985207100591716
"865","Citrobacter.werkmanii",331,353,0.877758642545745,4.72951037354184e-116,0.937677053824363
"866","Veillonella.denticariosi",326,363,0.614689740249395,4.87407728516292e-37,0.898071625344353
"867","Clostridium.nexile.CAG.348",335,334,0.815885528774301,3.02779468200917e-86,1.00299401197605
"868","Kluyvera.cryocrescens",340,347,0.82377523429988,2.25687583954065e-89,0.979827089337176
"869","Hafnia.alvei",360,360,0.782777704778728,1.34456057566832e-74,1
"870","Clostridium.sp..MP77A2",357,350,0.626166912268299,7.29911541678282e-39,1.02
"871","Turicibacter.sp..MP236E3",345,344,0.812102025814798,8.44982069942526e-85,1.00290697674419
"872","Lactobacillus.delbrueckii",303,342,0.303522044923273,2.40353176968068e-07,0.885964912280702
"873","Shigella.dysenteriae",276,346,0.728015888918497,2.9940631853385e-59,0.797687861271676
"874","Ruminococcus.lactaris",152,350,0.295994642160885,5.71275900531747e-07,0.434285714285714
"875","Clostridiales.bacterium.VE202.15",112,359,0.196736360215011,0.00565117646179043,0.311977715877437
"876","Intestinibacter.sp..MP112G1_01.17",346,346,0.6106473995912,2.05740312271434e-36,1
"877","Lachnospiraceae.bacterium.UBA7294",194,360,0.442391817883558,8.97899672558612e-17,0.538888888888889
"878","Flavonifractor.sp..VE202.03",326,348,0.563821255143486,8.86932993195527e-30,0.936781609195402
"879","Leuconostoc.gelidum",362,361,0.837259129427479,4.25190399571369e-95,1.00277008310249
"880","X.Clostridium..sp..MP561B01",219,349,0.892957214270341,6.18189767028787e-126,0.627507163323782
"881","Clostridiales.bacterium.VE202.28",349,348,0.684437605217515,1.70895319042764e-49,1.00287356321839
"882","Sutterella.wadsworthensis.CAG.135",189,351,0.163659239610472,0.0463771602620659,0.538461538461538
"883","Lactobacillus.paraplantarum",362,362,0.666093427686107,6.97456359658507e-46,1
"884","Pyramidobacter.piscolens",363,363,0.939597171668081,2.25842072636069e-169,1
"885","Burkholderiales.bacterium",329,329,0.857415566242515,1.033751819431e-104,1
"886","Actinomyces.dentalis",290,344,0.254910241543351,4.40777157526129e-05,0.843023255813954
"887","Lachnoclostridium.phytofermentans",160,353,0.385860457792949,2.47233771438382e-12,0.453257790368272
"888","Atopobium.sp..BS2",358,358,0.688379235562459,2.65632387182434e-50,1
"889","Firmicutes.bacterium.CAG.424",338,320,0.601497677057129,4.94460794680858e-35,1.05625
"890","Haemophilus.influenzae",167,356,0.439290998536256,1.6412564654898e-16,0.469101123595506
"891","Xylanimonas.cellulosilytica",360,358,0.499586455438415,3.0117140472243e-22,1.00558659217877
"892","Alistipes.onderdonkii",361,350,0.700954439355353,5.58856792562479e-53,1.03142857142857
"893","Clostridium.tertium",157,356,0.318347412870054,3.87054871045038e-08,0.441011235955056
"894","Coprococcus.sp..MP463H10",205,348,0.239726675471851,0.000173659571945048,0.589080459770115
"895","Clostridia.bacterium.UC5.1.2F7",348,355,0.852044693227286,5.20293963049029e-102,0.980281690140845
"896","Escherichia.marmotae",352,345,0.519691827820193,2.02029108623217e-24,1.02028985507246
"897","Megasphaera.sp..MP182G6",288,353,0.847736663799035,6.39183875440827e-100,0.81586402266289
"898","Flavonifractor.sp..MP49B12re",309,331,0.832985636822161,3.15192191364194e-93,0.933534743202417
"899","Flavonifractor.sp..An100",357,346,0.719465841067351,3.44048810689652e-57,1.03179190751445
"900","Romboutsia.sp..MP35A8",358,355,0.790713273172907,3.38749894515476e-77,1.00845070422535
"901","Ruminococcaceae.bacterium.UBA1417",160,354,0.511161841451913,1.73776820119843e-23,0.451977401129944
"902","Turicibacter.sp..MP255B7a",316,353,0.558671313907884,4.09278493544147e-29,0.895184135977337
"903","Alistipes.sp..Marseille.P2431",270,362,0.624532023073142,1.34187991428152e-38,0.74585635359116
"904","Alistipes.sp..VE800.08",327,363,0.480323306743665,2.74631027460452e-20,0.900826446280992
"905","Paenibacillus.macerans",349,353,0.873210434491103,2.38938350070106e-113,0.988668555240793
"906","Dorea.sp..D27",361,361,0.856944650599154,1.79838378099215e-104,1
"907","Sutterellaceae.bacterium.UBA7100",234,351,0.417950007320803,9.34209352793332e-15,0.666666666666667
"908","Prevotella.melaninogenica",351,351,0.511874497539949,1.463216742957e-23,1
"909","Clostridium.sp..CAG.253",167,362,0.371978278380341,2.23734910704497e-11,0.461325966850829
"910","Oscillibacter.sp..CAG.155",174,356,0.53094081732126,1.02784352517097e-25,0.48876404494382
"911","Prevotella.dentalis",144,362,0.481771854823325,1.99688648011328e-20,0.397790055248619
"912","X.Hallella..seregens",146,363,0.511890904371502,1.463216742957e-23,0.402203856749311
"913","Dielma.fastidiosa",67,349,0.249449629927731,7.30119093048021e-05,0.191977077363897
"914","Gemmiger.sp..An120",158,360,0.567375442379917,3.09154587914101e-30,0.438888888888889
"915","Streptococcus.gordonii",177,355,0.284683957741516,2.02338386401704e-06,0.498591549295775
"916","Erysipelatoclostridium.sp..VE202.01",147,359,0.791586967466712,1.72821337058414e-77,0.409470752089136
"917","Shigella.flexneri",344,351,0.414792039360754,1.66028816292803e-14,0.98005698005698
"918","Bacteroides.sp..MP64F12",327,362,0.809978145788235,5.30660960152263e-84,0.903314917127072
"919","Bifidobacterium.scardovii",191,335,0.284596212351053,2.07293936322801e-06,0.570149253731343
"920","Citrobacter.farmeri",242,314,0.405951606172129,8.0626910217816e-14,0.770700636942675
"921","Clostridia.bacterium.UC5.1.1E11",295,351,0.389402818640525,1.3586799599776e-12,0.84045584045584
"922","X.Clostridium..clostridioforme",283,138,0.485372219043854,8.64910432482636e-21,2.05072463768116
"923","Morganella.morganii",289,297,0.669172202418854,1.60123386074892e-46,0.973063973063973
"924","Veillonella.parvula",196,145,0.270274794803409,9.4538393974693e-06,1.35172413793103
"925","Enterococcus.casseliflavus",209,273,0.311367908277118,9.84618066839953e-08,0.765567765567766
"926","Flavonifractor.plautii",183,252,0.235967664532532,0.000209960803179808,0.726190476190476
"927","Hungatella.sp..MP355B12",250,260,0.469774785803382,2.84218990758263e-19,0.961538461538462
"928","Clostridia.bacterium.UC5.1.1F7",261,286,0.494671484348752,9.89439366226767e-22,0.912587412587413
"929","Dialister.invisus",225,250,0.394318128131171,6.10221988850316e-13,0.9
"930","Clostridiales.bacterium.CCNA10",230,312,0.358665777990778,1.70000584645073e-10,0.737179487179487
"931","Hungatella.sp..MP42A4",234,269,0.537031303916728,1.88147911563929e-26,0.869888475836431
"932","Hafnia.paralvei",358,344,0.604662906797622,1.50556464973246e-35,1.0406976744186
"933","Hungatella.sp..MP403D11",262,308,0.278165419080742,4.15851928909449e-06,0.850649350649351
"934","Bifidobacterium.dentium",268,243,0.551764136162953,2.8944240907709e-28,1.10288065843621
"935","Citrobacter.pasteurii",300,347,0.69438379463015,1.29988566676684e-51,0.864553314121037
"936","Dialister.invisus.CAG.218",178,257,0.503571323834298,1.138286003312e-22,0.692607003891051
"937","Dialister.pneumosintes",168,329,0.252623440568098,5.57409662268235e-05,0.51063829787234
"938","Dorea.sp..MP50E3",343,313,0.564980555088968,5.84033063152255e-30,1.09584664536741
"939","Ruthenibacterium.lactatiformans",183,281,0.650680857011407,4.2171289659886e-43,0.651245551601424
"940","Enterococcus.faecalis",335,312,0.570355112560007,1.12836736573079e-30,1.07371794871795
"941","Enterococcus.faecium",248,245,0.47193252175845,1.79462804058507e-19,1.01224489795918
"942","Finegoldia.magna",134,352,0.187214939583476,0.00745646909715617,0.380681818181818
"943","Ruthenibacterium.sp..VE800.03",275,284,0.739679855950342,3.09063312324369e-62,0.96830985915493
"944","Erysipelatoclostridium.ramosum",279,305,0.664013648242608,1.53418415657538e-45,0.914754098360656
"945","Citrobacter.freundii",99,248,0.217703749530684,0.000880088181648531,0.399193548387097
"946","Enterobacteriaceae.bacterium.9_2_54FAA",268,355,0.217150559860923,0.000896553965149636,0.754929577464789
"947","Roseburia.sp..MP499E8",320,330,0.301826206391705,3.15087241402888e-07,0.96969696969697
"948","Terrisporobacter.sp..MP36E10",272,311,0.416643251339946,1.16949312820602e-14,0.87459807073955
"949","Lactobacillus.salivarius",339,314,0.680648086934353,9.01307118430521e-49,1.0796178343949
"950","Streptococcus.thermophilus",246,181,0.45439654200554,7.64872161548677e-18,1.35911602209945
"951","Lactobacillus.crispatus",214,347,0.288366280571166,1.443609310607e-06,0.61671469740634
"952","Lactobacillus.rhamnosus",340,237,0.410661459241856,3.45698861245544e-14,1.43459915611814
"953","Actinomyces.graevenitzii",272,319,0.28599368053921,1.81002155562805e-06,0.852664576802508
"954","Actinomyces.sp..HPA0247",172,303,0.28835016683626,1.443609310607e-06,0.567656765676568
"955","Streptococcus.sp..263_SSPC",185,338,0.253931829526402,4.95746927070749e-05,0.547337278106509
"956","Actinomyces.sp..oral.taxon.181",362,362,0.433677715891995,4.81246062451596e-16,1
"957","Streptococcus.sp..MP499B7",208,356,0.220622213571812,0.000720421885319672,0.584269662921348
"958","Rothia.mucilaginosa",312,299,0.485798207784089,7.86807232892312e-21,1.04347826086957
"959","Enterococcus.avium",327,324,0.475704207734211,7.75931182228981e-20,1.00925925925926
"960","Clostridiales.bacterium.Marseille.P2846",355,355,0.864301121241313,2.23789465718722e-108,1
"961","Roseburia.hominis",362,313,0.492568125527979,1.62400630489672e-21,1.15654952076677
"962","Clostridium.sp..C105KSO14",227,296,0.447681732503296,2.98799289797076e-17,0.766891891891892
"963","Dysgonomonas.capnocytophagoides",156,353,0.288191057511112,1.443609310607e-06,0.441926345609065
"964","Blautia.sp..VE303.05",116,170,0.247518622791877,8.70480844649048e-05,0.682352941176471
"965","Lachnotalea.sp..AF33.28",353,335,0.202389812870888,0.00244257472458002,1.05373134328358
"966","Anaerotruncus.colihominis",255,294,0.834990282133928,3.93245517884965e-94,0.86734693877551
"967","Eggerthella.lenta",271,271,0.941277746252042,1.42703668481612e-171,1
"968","Lachnospiraceae.bacterium.UBA1689",304,311,0.331594960846096,7.72383483034099e-09,0.977491961414791
"969","Faecalicatena.contorta",275,317,0.22465539142683,0.000515886554211019,0.867507886435331
"970","X.Clostridium..symbiosum",249,237,0.476352197982779,6.73390428021225e-20,1.05063291139241
"971","Hungatella.effluvii",222,318,0.315210650978684,6.17566665235562e-08,0.69811320754717
"972","Blautia.producta",228,229,0.166809896462803,0.0254649900450962,0.995633187772926
"973","Blautia.coccoides",284,198,0.735359969452766,3.95701893332323e-61,1.43434343434343
"974","Lachnoclostridium.sp..MP625H6_ig1",202,307,0.366931032802931,4.83157443682226e-11,0.657980456026059
"975","Lachnoclostridium.sp..HK36",342,314,0.475611325913805,7.88317357064149e-20,1.08917197452229
"976","Lachnoclostridium.sp..MP625H7_ig1",156,305,0.308411015966328,1.42260775890579e-07,0.511475409836066
"977","Merdimonas.faecis",294,315,0.431191516190565,7.65178312320078e-16,0.933333333333333
"978","Lachnospiraceae.bacterium.6_1_37FAA",358,321,0.374521385227957,1.4976576016271e-11,1.11526479750779
"979","Coprococcus.sp..MP37F7",310,325,0.453996938941259,8.27542728459685e-18,0.953846153846154
"980","Lachnoclostridium.sp..VE303.01",232,303,0.794434607351518,1.72667653991448e-78,0.765676567656766
"981","Collinsella.tanakaei",299,353,0.563744581974419,8.46808971271965e-30,0.847025495750708
"982","Anaerostipes.caccae",296,268,0.584077108869627,1.47895199627501e-32,1.1044776119403
"983","Faecalimonas.umbilicata",316,316,0.600432800033314,6.45617050554599e-35,1
"984","Absiella.sp..MP454B12",271,325,0.376738274381415,1.05337172658771e-11,0.833846153846154
"985","Hungatella.sp..MP550A3",315,314,0.488078767706138,4.62701304286296e-21,1.0031847133758
"986","Sellimonas.intestinalis",323,320,0.800717837837805,1.13554724515076e-80,1.009375
"987","Lachnoclostridium.sp..HF18",314,307,0.740855675824433,1.53709299683093e-62,1.0228013029316
"988","X.Clostridium..citroniae",258,259,0.892418754028899,1.34890152772586e-125,0.996138996138996
"989","Clostridium.clostridioforme.CAG.511",316,325,0.778440746162584,2.8947021230178e-73,0.972307692307692
"990","Tyzzerella.nexilis",214,281,0.705023795960557,6.3559947809148e-54,0.761565836298932
"991","X.Ruminococcus..sp..MP172A10",319,325,0.736871623244473,1.63218662385009e-61,0.981538461538462
"992","X.Eubacterium..eligens",316,306,0.880296786479251,1.2122940417205e-117,1.03267973856209
"993","Bacteroides.sp..MP159D11",355,353,0.897229522285914,5.05829062167212e-129,1.0056657223796
"994","Blautia.sp..HK34",237,285,0.577670670466325,1.14719064634222e-31,0.831578947368421
"995","Hungatella.sp..MP531B06",346,315,0.652795676177689,1.76530973390667e-43,1.0984126984127
"996","X.Clostridium..sp..HF14",320,311,0.772695187954115,1.70825596186966e-71,1.02893890675241
"997","X.Clostridium..sp..MP562A3a",340,322,0.632350396393431,6.17201432896596e-40,1.05590062111801
"998","X.Clostridium..sp..MP41B3",355,324,0.334968742148035,4.95595881488737e-09,1.09567901234568
"999","Harryflintia.acetispora",335,331,0.577008484773964,1.41003237104925e-31,1.01208459214502
"1000","Blautia.sp..MP87G3",260,278,0.610788219872158,1.74878478816993e-36,0.935251798561151
"1001","Absiella.sp..MP351A7",321,321,0.941072273732213,2.64214293994355e-171,1
"1002","Lachnospiraceae.bacterium.TM07.2AC",190,348,0.838847375038633,7.78249343088658e-96,0.545977011494253
"1003","X.Clostridium..sp..MP556F05",325,326,0.490419185301866,2.68496463368167e-21,0.996932515337423
"1004","Erysipelatoclostridium.sp..MP562A4",357,341,0.680381281444501,1.01350838893936e-48,1.04692082111437
"1005","Absiella.sp..MP634G1_ig1",284,265,0.645843638439605,3.00600922857252e-42,1.07169811320755
"1006","Erysipelotrichaceae.bacterium.6_1_45",228,267,0.629274850858508,1.98152759968663e-39,0.853932584269663
"1007","Raoultella.ornithinolytica",251,314,0.288745358057871,1.39807360316392e-06,0.799363057324841
"1008","Campylobacter.showae",359,354,0.849938579847843,5.17203270579522e-101,1.01412429378531
"1009","Lactobacillus.plantarum",292,263,0.455506348483953,6.08184529843193e-18,1.11026615969582
"1010","Enterobacter.hormaechei",309,335,0.362810310214212,9.12557852268606e-11,0.922388059701493
"1011","Clostridium.neonatale",306,295,0.733527527911475,1.14550803778115e-60,1.03728813559322
"1012","Sellimonas.sp..VE303.03",293,303,0.717419184855452,9.3601201632269e-57,0.966996699669967
"1013","Veillonella.sp..HF34",257,258,0.732420969847602,2.16195989576461e-60,0.996124031007752
"1014","Clostridium.butyricum",285,309,0.786840134854072,5.98377801075749e-76,0.922330097087379
"1015","Clostridium.paraputrificum",308,306,0.835554157949443,2.23693952611119e-94,1.00653594771242
"1016","Clostridiales.bacterium.VE202.14",316,323,0.730232978321824,7.58762736443983e-60,0.978328173374613
"1017","Bifidobacterium.longum",267,253,0.627378696317599,4.04722456898889e-39,1.05533596837945
"1018","Intestinibacter.sp..MP232C5",325,307,0.680594651086206,9.20957558226034e-49,1.0586319218241
"1019","Veillonella.atypica",185,207,0.786123433289989,1.02142654859861e-75,0.893719806763285
"1020","Veillonella.sp..MP19D1_02.09",174,234,0.602873336024815,2.7868754166092e-35,0.743589743589744
"1021","Intestinibacter.sp..MP35A10",320,345,0.700942726086374,5.0199250482281e-53,0.927536231884058
"1022","Clostridium.sp..MP49A11",341,348,0.723784434459421,2.86832035741329e-58,0.979885057471264
"1023","Citrobacter.portucalensis",262,345,0.277987062608865,4.18196968823058e-06,0.759420289855072
"1024","Lactobacillus.oris",349,344,0.425305001725269,2.3482968460405e-15,1.01453488372093
"1025","Streptococcus.sp..MP110E5_2",145,339,0.209418774627718,0.00152958947163566,0.427728613569322
"1026","Lactobacillus.casei",312,317,0.471395656725939,2.01280636258656e-19,0.984227129337539
"1027","Bifidobacterium.breve",301,301,0.441180625799762,1.08888290509763e-16,1
"1028","Lachnoclostridium.sp..MP429E6",339,307,0.674879081881399,1.24878321231536e-47,1.1042345276873
"1029","Veillonella.dispar",296,294,0.690032101987059,1.0661697953594e-50,1.00680272108844
"1030","Veillonella.infantium",238,309,0.707128611296055,2.1550592687613e-54,0.770226537216828
"1031","Clostridium.sp..MP113D9",233,357,0.598696516067479,1.15799559587069e-34,0.65266106442577
"1032","Blautia.sp..MP624D4_ig1",323,297,0.443766952263843,6.47940667585032e-17,1.08754208754209
"1033","Clostridium.disporicum",347,341,0.60395616434737,1.91938322076744e-35,1.01759530791789
"1034","Clostridium.sp..MP551E06",358,358,0.885323137900168,7.86992153655897e-121,1
"1035","Clostridium.sp..MP588C02",361,339,0.492130924050504,1.79424275003524e-21,1.06489675516224
"1036","Lachnospiraceae.bacterium.AM25.17",250,316,0.694241814500773,1.38924429132522e-51,0.791139240506329
"1037","Clostridium.sp..MP35F6",350,342,0.578223834945036,9.6587664685598e-32,1.0233918128655
"1038","Prevotella.copri",356,351,0.823767795422287,2.11268848978776e-89,1.01424501424501
"1039","Prevotella.sp..MP24F11",359,356,0.761886301797186,2.68959130862647e-68,1.00842696629213
"1040","X.Eubacterium..rectale",340,325,0.505650790422634,6.81399452840515e-23,1.04615384615385
"1041","Clostridiaceae.bacterium.OM08.6BH",358,358,0.942710584737898,1.80038584500268e-173,1
"1042","Clostridium.sp..CAG.169",84,352,0.321670219222111,2.79448370903657e-08,0.238636363636364
"1043","Holdemania.filiformis",178,318,0.488882553803091,3.8460268401594e-21,0.559748427672956
"1044","Dorea.sp..MP626F10b_ig1",356,349,0.764295139780618,5.41047204770921e-69,1.02005730659026
"1045","Dorea.sp..VE303.06",349,323,0.444898056349608,5.17331407235266e-17,1.08049535603715
"1046","Dorea.formicigenerans",147,321,0.31320709437416,7.84693895064533e-08,0.457943925233645
"1047","X.Clostridium..leptum",313,313,0.793683604645158,3.10656915082311e-78,1
"1048","Turicibacter.sanguinis",352,303,0.51738577556668,3.53998827509168e-24,1.16171617161716
"1049","Acholeplasmatales.bacterium",361,361,0.750787429761338,3.45447128861458e-65,1
"1050","Bacteroides.sp..MP115G4",101,356,0.183870934462764,0.00878021482364264,0.283707865168539
"1051","Coprococcus.sp..MP227E11",306,355,0.884968258973082,1.33368235606079e-120,0.861971830985915
"1052","Erysipelotrichaceae.bacterium.21_3",92,334,0.348801321769229,7.11930185310881e-10,0.275449101796407
"1053","Bacteroides.faecis",230,348,0.599008093430788,1.04493297902008e-34,0.660919540229885
"1054","Bacteroides.sp..MP558G5",363,346,0.536524539070147,2.15550400300342e-26,1.04913294797688
"1055","Flavonifractor.sp..VE303.08",184,263,0.340838198847917,2.19189332053192e-09,0.699619771863118
"1056","X.Ruminococcus..sp..MP581E08",243,327,0.35262996348948,4.09832766952704e-10,0.743119266055046
"1057","Streptococcus.mutans",189,308,0.240833930634007,0.000143755371329441,0.613636363636364
"1058","Blautia.sp..HF17",302,272,0.243901727583981,0.000120086367722792,1.11029411764706
"1059","Lachnoclostridium.phocaeense",354,329,0.645954457383841,2.89412839916484e-42,1.07598784194529
"1060","Eggerthella.sp..MP163B1",288,293,0.900202083245991,3.18794608021543e-131,0.982935153583618
"1061","Anaerostipes.sp..MP172A5",304,291,0.551779832995107,2.89379986671685e-28,1.0446735395189
"1062","Robinsoniella.peoriensis",242,304,0.619136247561728,8.70243222746307e-38,0.796052631578947
"1063","Romboutsia.sp..MP172A7",350,350,0.776501317935291,1.16344061136817e-72,1
"1064","Clostridium.clostridioforme.CAG.132",323,322,0.463740602803463,1.04852489364478e-18,1.00310559006211
"1065","Blautia.hominis",284,277,0.580127395764593,5.27618154854979e-32,1.02527075812274
"1066","X.Clostridium..cocleatum",324,312,0.810929001217081,2.17342497180875e-84,1.03846153846154
"1067","Dorea.sp..MP625B1b_ig1",329,351,0.83416327184337,9.00496141733213e-94,0.937321937321937
"1068","X.Clostridium..sp..MP626E2_ig1",331,333,0.899145672036044,1.96075213280353e-130,0.993993993993994
"1069","Phascolarctobacterium.sp..VE800.04",302,309,0.398953782203569,2.7583482974558e-13,0.977346278317152
"1070","Kluyvera.georgiana",336,356,0.727118839426955,4.44159249289029e-59,0.943820224719101
"1071","Blautia.sp..MP87F8_2",275,302,0.611851513944483,1.2044381001887e-36,0.910596026490066
"1072","Lachnoclostridium.sp..HF22",364,332,0.416301061786982,1.23830439660596e-14,1.09638554216867
"1073","Streptococcus.oralis",325,329,0.65294630763148,1.66361214868798e-43,0.987841945288754
"1074","Streptococcus.anginosus",347,324,0.650295201821118,4.92822448486171e-43,1.07098765432099
"1075","Beduini.massiliensis",338,337,0.838308341471469,1.35085966265501e-95,1.00296735905045
"1076","Parabacteroides.distasonis",286,298,0.662737441818179,2.66022105439252e-45,0.959731543624161
"1077","Phascolarctobacterium.sp..MUR_MP6E9_ig1",321,312,0.60633002221283,8.42490873505487e-36,1.02884615384615
"1078","Parasutterella.excrementihominis",269,285,0.289399640629856,1.31024104622931e-06,0.943859649122807
"1079","Enterococcus.gallinarum",208,330,0.446574613237013,3.732394874871e-17,0.63030303030303
"1080","Bacteroides.thetaiotaomicron.CAG.40",358,345,0.695899036734304,6.1838049203071e-52,1.03768115942029
"1081","Bacteroides.sp..MP264A7",352,352,0.824507245420979,1.0579137314881e-89,1
"1082","Erysipelotrichaceae.bacterium.3_1_53",362,360,0.836348168480456,1.00234628900471e-94,1.00555555555556
"1083","Bacteroides.sp..MP253F9",211,362,0.393029731445383,7.56840382305505e-13,0.582872928176796
"1084","Eisenbergiella.sp..OF01.20",109,344,0.335993743058181,4.32879731195942e-09,0.316860465116279
"1085","Flavonifractor.sp..MP37B7",271,326,0.38472878008833,2.92436632353475e-12,0.831288343558282
"1086","Mogibacterium.diversum",348,348,0.421255659781253,4.98276336022273e-15,1
"1087","Slackia.exigua",347,343,0.699697695134228,9.36131148112475e-53,1.01166180758017
"1088","Citrobacter.sp..MP378F5",190,349,0.329858911943356,9.63845512048305e-09,0.544412607449857
"1089","Clostridia.bacterium.UC5.1.1D10",107,335,0.214106769886973,0.00113209346756093,0.319402985074627
"1090","X.Clostridium..innocuum",291,302,0.819206263534308,1.42236047328553e-87,0.963576158940397
"1091","Massiliomicrobiota.sp..HK52",351,350,0.485238452456694,8.87894186180729e-21,1.00285714285714
"1092","Parasutterella.excrementihominis.CAG.233",298,311,0.479201362918833,3.53473413596858e-20,0.958199356913183
"1093","Streptococcus.vestibularis",196,319,0.381459414267252,4.92734143120654e-12,0.614420062695925
"1094","Lactobacillus.animalis",329,338,0.761726198071912,2.98255051798802e-68,0.973372781065089
"1095","Citrobacter.werkmanii",316,353,0.802753218778959,2.14361904010431e-81,0.895184135977337
"1096","Clostridium.nexile.CAG.348",335,334,0.846887320497865,1.50525643150579e-99,1.00299401197605
"1097","Kluyvera.cryocrescens",276,347,0.751426030568125,2.31654287986229e-65,0.795389048991354
"1098","Hafnia.alvei",343,360,0.586676450368035,6.37748055447542e-33,0.952777777777778
"1099","Turicibacter.sp..MP236E3",345,344,0.808761571352057,1.3909777098053e-83,1.00290697674419
"1100","X.Clostridium..lavalense",315,286,0.665320849340962,8.70480643987826e-46,1.1013986013986
"1101","Prevotella.oralis",357,343,0.670993530899342,7.13865160828495e-47,1.04081632653061
"1102","X.Clostridium..asparagiforme",364,330,0.450428487173864,1.72905706037825e-17,1.1030303030303
"1103","Intestinibacter.sp..MP112G1_01.17",245,346,0.202915128233914,0.00244257472458002,0.708092485549133
"1104","Leuconostoc.gelidum",354,361,0.886884048791142,7.50994005825776e-122,0.980609418282548
"1105","Burkholderiales.bacterium",326,329,0.804452842739716,5.25033577742867e-82,0.990881458966565
"1106","Weissella.confusa",360,359,0.555254172914806,1.05449863068438e-28,1.00278551532033
"1107","Streptococcus.sp..MP506C4",123,330,0.385018814748674,2.80624575897617e-12,0.372727272727273
"1108","Streptococcus.sp..MP270D4RE",320,345,0.297691798099645,5.06653090454107e-07,0.927536231884058
"1109","Dorea.sp..CAG.317",232,338,0.354723983032552,3.04265895388486e-10,0.686390532544379
"1110","Clostridiaceae.bacterium.TF01.6",94,344,0.423160005909707,3.51588429251351e-15,0.273255813953488
"1111","Anaerostipes.sp..HI28",211,363,0.324628926101234,1.89496634966421e-08,0.581267217630854
"1112","Coprococcus.sp..MP463H10",270,348,0.392122003185073,8.72330646540517e-13,0.775862068965517
"1113","Bacteroides.sp..MP67F8",363,363,0.794559234172693,1.5695309322068e-78,1
"1114","Agathobaculum.desmolans",144,356,0.293650869636018,8.07966486883508e-07,0.404494382022472
"1115","Clostridia.bacterium.UC5.1.1E3",135,352,0.218998612088293,0.000808563010783459,0.383522727272727
"1116","Enterococcus.saccharolyticus",338,357,0.75596363001866,1.28352709830571e-66,0.946778711484594
"1117","Megasphaera.sp..MP182G6",319,353,0.899807308902679,6.29636880563697e-131,0.903682719546742
"1118","Flavonifractor.sp..MP49B12re",338,331,0.835467959826717,2.43440683904463e-94,1.02114803625378
"1119","Flavonifractor.sp..An100",360,346,0.704423298037472,8.61902192988965e-54,1.04046242774566
"1120","Romboutsia.sp..MP35A8",348,355,0.791906323107731,1.23970142010148e-77,0.980281690140845
"1121","Alistipes.sp..Marseille.P2431",362,362,0.920552150512711,1.84767992984406e-148,1
"1122","Paenibacillus.macerans",353,353,0.867968704648155,2.16467756790432e-110,1
"1123","Dorea.sp..D27",361,361,0.851641388935025,7.62591400677563e-102,1
"1124","Sutterellaceae.bacterium.UBA7100",279,351,0.392967594576022,7.59665254284566e-13,0.794871794871795
"1125","Erysipelatoclostridium.sp..VE202.01",359,359,0.806845825873244,7.06666414250356e-83,1
"1126","Actinomyces.massiliensis",363,363,0.782152159719032,1.9476801669857e-74,1
"1127","Parabacteroides.sp..MP87E5",144,363,0.536194473343418,2.35111217087556e-26,0.396694214876033
"1128","Bacteroides.sp..MP64F12",364,362,0.781196409603072,3.91990023649493e-74,1.00552486187845
"1129","Bifidobacterium.scardovii",167,335,0.214747010480661,0.00214253119686523,0.498507462686567
"1130","Citrobacter.farmeri",256,314,0.627021865517706,5.1461350263756e-39,0.815286624203822
"1131","X.Clostridium..clostridioforme",210,138,0.634801550719443,2.60893698199756e-40,1.52173913043478
"1132","Morganella.morganii",163,297,0.446296723741212,4.52636310946773e-17,0.548821548821549
"1133","Hungatella.sp..MP355B12",99,260,0.474164081618436,1.1842009452771e-19,0.380769230769231
"1134","Clostridia.bacterium.UC5.1.1F7",257,286,0.669335232107112,1.6234908327333e-46,0.898601398601399
"1135","Hungatella.sp..MP42C12",364,283,0.205172512533551,0.0046598945668755,1.28621908127208
"1136","Hafnia.paralvei",341,344,0.648903258443734,9.50549985039272e-43,0.991279069767442
"1137","Eubacteriaceae.bacterium.CHKCI004",154,329,0.272018586471688,1.11600141057881e-05,0.468085106382979
"1138","Citrobacter.pasteurii",161,347,0.184398423742646,0.0199550920292486,0.463976945244957
"1139","Dialister.invisus.CAG.218",306,257,0.474658604891599,1.0643285966557e-19,1.19066147859922
"1140","Dialister.pneumosintes",329,329,0.369270949073267,3.89886248412747e-11,1
"1141","Porphyromonas.sp..HMSC065F10",180,362,0.223667327966384,0.00103651194239701,0.497237569060773
"1142","Dorea.sp..MP50E3",241,313,0.368629168707737,4.25720028941531e-11,0.769968051118211
"1143","Lachnospiraceae.bacterium.5_1_57FAA",302,306,0.646291991522892,2.7452845289117e-42,0.986928104575163
"1144","Ruthenibacterium.lactatiformans",216,281,0.679891374609377,1.39608166074955e-48,0.768683274021352
"1145","Actinobaculum.massiliense",363,363,0.403090286362266,1.50786808309035e-13,1
"1146","Ruthenibacterium.sp..VE800.03",254,284,0.82481586968206,8.50756661727544e-90,0.894366197183099
"1147","Citrobacter.braakii",330,324,0.714713817557197,4.43217070102194e-56,1.01851851851852
"1148","Citrobacter.freundii",60,248,0.169825735083528,0.0468953500905824,0.241935483870968
"1149","Enterobacteriaceae.bacterium.9_2_54FAA",141,355,0.168999352447676,0.0484830326909691,0.397183098591549
"1150","Subdoligranulum.sp..MP158A7",147,291,0.529578379889764,1.56401136278155e-25,0.505154639175258
"1151","Enterococcaceae.bacterium.UBA2657",202,345,0.271294188652077,1.19600676481734e-05,0.585507246376812
"1152","Roseburia.sp..MP499E8",321,330,0.397400256693675,4.01504390957048e-13,0.972727272727273
"1153","Flavonifractor.sp..MP167A6",304,317,0.322261657236069,3.07193606201714e-08,0.958990536277603
"1154","Terrisporobacter.sp..MP36E10",267,311,0.478018428025819,5.0839168267555e-20,0.858520900321543
"1155","Flavonifractor.sp..MP70H9",167,334,0.236842876281235,0.000332417322842985,0.5
"1156","Streptococcus.salivarius",214,264,0.543477165858299,3.43087567920547e-27,0.81060606060606
"1157","Enterococcaceae.bacterium.UBA4035",228,351,0.181456675939773,0.023845990105369,0.64957264957265
"1158","Streptococcus.thermophilus",204,181,0.526634285996255,3.42631255696226e-25,1.12707182320442
"1159","Actinomyces.graevenitzii",286,319,0.538433911245991,1.39810002298509e-26,0.896551724137931
"1160","Actinomyces.sp..HPA0247",283,303,0.327354169612351,1.57980511094168e-08,0.933993399339934
"1161","Roseburia.hominis",187,313,0.398003053546597,3.63552905847298e-13,0.597444089456869
"1162","Clostridium.sp..C105KSO14",241,296,0.6500083393908,6.07112032630903e-43,0.814189189189189
"1163","Dysgonomonas.capnocytophagoides",227,353,0.62238185788517,2.92948444989957e-38,0.643059490084986
"1164","Blautia.sp..VE303.05",278,170,0.374561069560578,1.70557385538484e-11,1.63529411764706
"1165","Lachnotalea.sp..AF33.28",337,335,0.570403770607478,1.24632150117282e-30,1.00597014925373
"1166","Anaerotruncus.colihominis",291,294,0.856010927699251,5.49726726980355e-104,0.989795918367347
"1167","Eggerthella.lenta",271,271,0.942771111724789,1.62699288695143e-173,1
"1168","Eisenbergiella.massiliensis",301,300,0.515859518055435,5.66718400202196e-24,1.00333333333333
"1169","Firmicutes.bacterium.CAG.65_45_313",214,341,0.464626876388368,9.53995601883984e-19,0.627565982404692
"1170","X.Clostridium..symbiosum",274,237,0.393366474591177,7.98510781507893e-13,1.15611814345992
"1171","Intestinibacter.sp..HF28",252,309,0.325837729999711,1.92679013614613e-08,0.815533980582524
"1172","Hungatella.effluvii",213,318,0.238875254782729,0.00028464373080312,0.669811320754717
"1173","Ruminococcus.gauvreauii",303,343,0.572912904861261,5.74430243293237e-31,0.883381924198251
"1174","Blautia.coccoides",268,198,0.735216963485443,4.78218630088477e-61,1.35353535353535
"1175","Lachnoclostridium.sp..MP625H6_ig1",247,307,0.50197446295594,1.84305992594178e-22,0.804560260586319
"1176","Firmicutes.bacterium.OM08.11AC",346,346,0.487661809387621,5.66357872440288e-21,1
"1177","Lachnoclostridium.sp..MP625H7_ig1",219,305,0.534099739301836,4.59873008227958e-26,0.718032786885246
"1178","Coprococcus.sp..MP37F7",169,325,0.680129241131092,1.2541569652035e-48,0.52
"1179","Lachnoclostridium.sp..VE303.01",261,303,0.728230903564053,2.63588913038424e-59,0.861386138613861
"1180","Collinsella.tanakaei",353,353,0.564060222458624,8.50952638393184e-30,1
"1181","X.Ruminococcus..gnavus",117,262,0.175929097716337,0.0327109749632335,0.446564885496183
"1182","Sellimonas.intestinalis",324,320,0.840013715657768,2.53000014648593e-96,1.0125
"1183","X.Clostridium..citroniae",260,259,0.90058402636974,1.79654083353977e-131,1.003861003861
"1184","Clostridium.clostridioforme.CAG.511",297,325,0.758382269203234,2.99998907571519e-67,0.913846153846154
"1185","Clostridia.bacterium.UC5.1.1D4",254,305,0.337168001400395,4.22814185734914e-09,0.832786885245902
"1186","Tyzzerella.nexilis",181,281,0.650139789954584,5.76909539911778e-43,0.644128113879004
"1187","Eisenbergiella.tayi",253,319,0.238691466952425,0.000285962789961654,0.793103448275862
"1188","Eubacterium.callanderi",356,355,0.927276522985049,3.73949936151271e-155,1.00281690140845
"1189","X.Clostridium..sp..MP428B7re",185,350,0.568201729975548,2.45286168169436e-30,0.528571428571429
"1190","X.Ruminococcus..sp..MSPR13",290,349,0.578007595648171,1.1582661716143e-31,0.830945558739255
"1191","Blautia.sp..MP588G10_ig1",299,335,0.373274086929447,2.08481970498179e-11,0.892537313432836
"1192","X.Clostridium..sp..HF14",338,311,0.575894146522902,2.25688103312698e-31,1.08681672025723
"1193","X.Clostridium..sp..MP562A3a",314,322,0.612235977207429,1.16892070932547e-36,0.975155279503106
"1194","Blautia.sp..MP87G3",246,278,0.555446447932962,1.11233376493275e-28,0.884892086330935
"1195","Absiella.sp..MP351A7",280,321,0.751259445583874,2.86850423850983e-65,0.872274143302181
"1196","Lachnospiraceae.bacterium.TM07.2AC",352,348,0.753633035598259,6.38030684671319e-66,1.01149425287356
"1197","X.Clostridium..sp..MP556F05",344,326,0.80039907656596,1.61204425492384e-80,1.05521472392638
"1198","Erysipelatoclostridium.sp..MP562A4",289,341,0.48951328982575,3.67334921106078e-21,0.847507331378299
"1199","Absiella.sp..MP634G1_ig1",303,265,0.660028092518954,9.20416945161728e-45,1.14339622641509
"1200","Clostridiales.bacterium.VE202.09",319,358,0.717937920159382,7.85541689119417e-57,0.891061452513967
"1201","Erysipelatoclostridium.sp..MP556F03",336,336,0.660841369157649,6.5539134921553e-45,1
"1202","Erysipelotrichaceae.bacterium.6_1_45",285,267,0.619652677583068,7.97329327206374e-38,1.06741573033708
"1203","Streptococcus.thermophilus.CAG.236",241,347,0.363216198688795,9.8120218013125e-11,0.694524495677233
"1204","Absiella.sp..MP391A4",261,333,0.388172104300239,1.89097431234635e-12,0.783783783783784
"1205","Lactobacillus.plantarum",152,263,0.689064884355255,1.87897107872982e-50,0.577946768060836
"1206","Enterobacter.hormaechei",347,335,0.581683732422111,3.61732463285515e-32,1.03582089552239
"1207","Haemophilus.haemolyticus",208,340,0.40784027691714,6.54332637249609e-14,0.611764705882353
"1208","Veillonella.sp..HF34",154,258,0.171524022764378,0.0426625525512616,0.596899224806202
"1209","Clostridium.butyricum",307,309,0.699235397486709,1.30725857689473e-52,0.993527508090615
"1210","Clostridium.paraputrificum",304,306,0.842422431168592,2.02407084712523e-97,0.993464052287582
"1211","Clostridiales.bacterium.VE202.14",287,323,0.564114448438487,8.40259571222241e-30,0.888544891640867
"1212","Intestinibacter.bartlettii",315,343,0.471788918792713,1.97932968604465e-19,0.918367346938776
"1213","Bifidobacterium.longum",276,253,0.775625892886264,2.42508907277175e-72,1.09090909090909
"1214","Intestinibacter.sp..MP232C5",318,307,0.685959203951364,8.22578092845685e-50,1.03583061889251
"1215","Veillonella.atypica",157,207,0.645438048015774,3.87029786648883e-42,0.758454106280193
"1216","Streptococcus.parasanguinis",184,250,0.317813486483465,5.3202591544022e-08,0.736
"1217","Intestinibacter.sp..MP10A2",287,324,0.729884413922452,1.0337876181484e-59,0.885802469135803
"1218","Veillonella.sp..MP19D1_02.09",170,234,0.676302618191453,7.15845391642489e-48,0.726495726495726
"1219","Intestinibacter.sp..MP35A10",346,345,0.860330279821395,3.24491373419437e-106,1.00289855072464
"1220","Blautia.sp..MP351A5",233,280,0.291872641105786,1.25651310912265e-06,0.832142857142857
"1221","Clostridium.sp..MP49A11",344,348,0.676351559407013,7.02140369801576e-48,0.988505747126437
"1222","Klebsiella.quasipneumoniae",274,338,0.440918704816081,1.31305675567457e-16,0.810650887573965
"1223","Lactobacillus.oris",307,344,0.333737258591063,6.747129839267e-09,0.892441860465116
"1224","Shigella.boydii",349,356,0.750923469081387,3.53571095831208e-65,0.980337078651685
"1225","Lactobacillus.casei",327,317,0.786040997504042,1.20148406996699e-75,1.03154574132492
"1226","Bifidobacterium.breve",257,301,0.587196378988598,6.05092452850721e-33,0.853820598006645
"1227","Veillonella.tobetsuensis",313,321,0.408815222905925,5.51579613746853e-14,0.975077881619938
"1228","Clostridium.sp..MP5B6",332,331,0.827745642824459,5.25769555176534e-91,1.00302114803625
"1229","Veillonella.dispar",315,294,0.742227423877827,7.46522327072367e-63,1.07142857142857
"1230","Veillonella.infantium",265,309,0.566750166747577,3.80274753358075e-30,0.857605177993528
"1231","Clostridium.sp..MP113D9",357,357,0.886111511024,2.64000984323998e-121,1
"1232","Blautia.sp..MP624D4_ig1",316,297,0.249030576345493,0.000115217204909854,1.06397306397306
"1233","Clostridium.disporicum",351,341,0.836648571639647,8.0639861038363e-95,1.02932551319648
"1234","Lachnospiraceae.bacterium.9_1_43BFAA",222,301,0.485274398332249,9.73849937692067e-21,0.737541528239203
"1235","Clostridium.sp..MP551E06",347,358,0.921306152888157,3.79716592057025e-149,0.96927374301676
"1236","Clostridium.sp..MP588C02",361,339,0.525873577255368,4.18223998509187e-25,1.06489675516224
"1237","Lachnospiraceae.bacterium.AM25.17",249,316,0.693977467314472,1.75329268675606e-51,0.787974683544304
"1238","Clostridium.sp..MP35F6",342,342,0.804165657373416,7.29782754384344e-82,1
"1239","Prevotella.copri",357,351,0.789767780036656,7.11801345055806e-77,1.01709401709402
"1240","Prevotella.sp..MP325B2",295,363,0.670057637376248,1.18102315045229e-46,0.81267217630854
"1241","Prevotella.sp..MP24F11",319,356,0.476401108809934,7.3117876990057e-20,0.896067415730337
"1242","Sutterella.wadsworthensis",326,277,0.437094627448601,2.76965985993472e-16,1.17689530685921
"1243","Firmicutes.bacterium.CAG.24053_14",353,342,0.841524984815561,5.21412351037889e-97,1.03216374269006
"1244","Clostridiaceae.bacterium.OM08.6BH",360,358,0.895265575485616,1.45727521358781e-127,1.00558659217877
"1245","Clostridium.sp..CAG.169",133,352,0.275943783868121,7.28060616076151e-06,0.377840909090909
"1246","Bacteroides.vulgatus",158,330,0.391453500909711,1.10223748815408e-12,0.478787878787879
"1247","Dorea.sp..MP626F10b_ig1",350,349,0.70437477482301,9.72205269223859e-54,1.00286532951289
"1248","Dorea.sp..VE303.06",244,323,0.353792306573774,3.99684155769499e-10,0.755417956656347
"1249","Dorea.formicigenerans",252,321,0.259593509730124,3.99041718702863e-05,0.785046728971963
"1250","Eubacterium.eligens.CAG.72",202,341,0.301032187198699,4.35766045355196e-07,0.592375366568915
"1251","Odoribacter.sp..HI19",142,360,0.354202274559582,3.78522220304483e-10,0.394444444444444
"1252","Turicibacter.sanguinis",251,303,0.421996532777523,5.05654827052683e-15,0.828382838283828
"1253","Clostridiaceae.bacterium.OF09.1",211,363,0.474949324294219,1.00147366621423e-19,0.581267217630854
"1254","Coprococcus.sp..MP227E11",168,355,0.757237362392563,6.3050988823261e-67,0.473239436619718
"1255","Bacteroides.dorei",341,342,0.501855926184682,1.88949722268175e-22,0.997076023391813
"1256","Bacteroides.sp..MP177D6",362,353,0.661918368412997,4.13464045377693e-45,1.02549575070822
"1257","Lachnoclostridium.sp..An76",357,333,0.64208588422105,1.48366297448688e-41,1.07207207207207
"1258","Streptococcus.sp..MP273B8",117,326,0.412124847858347,3.08512540470565e-14,0.358895705521472
"1259","uncultured.Flavonifractor.sp.",180,311,0.178626746872118,0.0284276618134372,0.578778135048232
"1260","Blautia.sp..An249",355,325,0.711571229352572,2.33875085500814e-55,1.09230769230769
"1261","Lachnospiraceae.sp..MP78A5_2_02.16",278,353,0.598510654186448,1.38583154643788e-34,0.787535410764873
"1262","Pseudoflavonifractor.capillosus",351,329,0.64865253817249,1.05019144998141e-42,1.06686930091185
"1263","Lachnoclostridium.phocaeense",353,329,0.668543359981982,2.29933494500542e-46,1.07294832826748
"1264","Eggerthella.sp..MP163B1",259,293,0.835004281235649,4.23805099491343e-94,0.883959044368601
"1265","Robinsoniella.peoriensis",271,304,0.733215477415827,1.52279234591384e-60,0.891447368421053
"1266","Blautia.hominis",283,277,0.595127847131341,4.34666952080135e-34,1.02166064981949
"1267","X.Clostridium..cocleatum",326,312,0.777484371334287,6.43401942940334e-73,1.0448717948718
"1268","Dorea.sp..MP625B1b_ig1",351,351,0.794155751823758,2.37410824685426e-78,1
"1269","X.Clostridium..sp..MP626E2_ig1",255,333,0.810419051650012,3.66479288458981e-84,0.765765765765766
"1270","Sellimonas.sp..MP61D3_02.09",320,353,0.475402579913856,9.0823902390086e-20,0.906515580736544
"1271","Phascolarctobacterium.sp..VE800.04",358,309,0.378594069342749,9.0263543116831e-12,1.15857605177994
"1272","Kluyvera.georgiana",270,356,0.749471834600618,8.77010535534517e-65,0.758426966292135
"1273","Flavonifractor.sp..HI30",256,320,0.241509935262478,0.000223387424073783,0.8
"1274","Blautia.sp..MP87F8_2",152,302,0.26003372337253,3.85348635629078e-05,0.503311258278146
"1275","Lachnoclostridium.sp..HF22",364,332,0.41779283143452,1.11010635590088e-14,1.09638554216867
"1276","Streptococcus.oralis",323,329,0.745682736646846,9.13681937644242e-64,0.981762917933131
"1277","Streptococcus.anginosus",295,324,0.196617374953249,0.00870715740844328,0.910493827160494
"1278","Beduini.massiliensis",338,337,0.518870697876942,2.60327772028311e-24,1.00296735905045
"1279","Eikenella.corrodens",357,359,0.414697342974717,1.9310377372449e-14,0.994428969359331
"1280","Selenomonas.flueggei",365,343,0.260357226958624,3.76657135739514e-05,1.06413994169096
"1281","Oribacterium.sinus",304,359,0.266149815649649,2.05189959139101e-05,0.846796657381616
"1282","Parasutterella.excrementihominis",154,285,0.351265069287524,5.79152438049755e-10,0.540350877192982
"1283","Holdemania.sp..Marseille.P2844",337,337,0.637061514814952,1.08464575580266e-40,1
"1284","Lactobacillus.acidophilus",275,347,0.248783764151201,0.00011569141745867,0.792507204610951
"1285","Bacteroides.thetaiotaomicron",330,329,0.570912731120516,1.06805340923958e-30,1.00303951367781
"1286","Bacteroides.thetaiotaomicron.CAG.40",359,345,0.740536397513759,2.06130391795765e-62,1.04057971014493
"1287","Bacteroides.sp..MP264A7",252,352,0.423271021831774,3.99045932738135e-15,0.715909090909091
"1288","Atopobium.parvulum",354,354,0.772910126737339,1.64962402109079e-71,1
"1289","X.Clostridium..glycyrrhizinilyticum",87,336,0.19538008738199,0.00926951324612981,0.258928571428571
"1290","Anaerotignum.lactatifermentans",296,310,0.438068065294729,2.29239765585936e-16,0.954838709677419
"1291","X.Clostridium..innocuum",212,302,0.514753844434214,7.5058465538612e-24,0.701986754966887
"1292","Dorea.sp..Marseille.P4003",356,358,0.85631538216964,3.85673650440744e-104,0.994413407821229
"1293","Parasutterella.excrementihominis.CAG.233",308,311,0.801279217450347,7.87861217459385e-81,0.990353697749196
"1294","Streptococcus.vestibularis",294,319,0.487058229618798,6.46933373328425e-21,0.921630094043887
"1295","Lactobacillus.animalis",338,338,0.879565532285012,3.77356336593251e-117,1
"1296","Citrobacter.werkmanii",348,353,0.828362016373123,2.91156000012342e-91,0.985835694050991
"1297","Clostridium.nexile.CAG.348",335,334,0.838589233981283,1.10670978984889e-95,1.00299401197605
"1298","Clostridium.sp..MP77A2",332,350,0.787400128161057,4.31791606056825e-76,0.948571428571429
"1299","Turicibacter.sp..MP236E3",341,344,0.826198047996156,2.30316185000494e-90,0.991279069767442
"1300","Lactobacillus.delbrueckii",277,342,0.224294480574337,0.000993945138821205,0.809941520467836
"1301","X.Clostridium..lavalense",246,286,0.426674212585573,2.09042355925879e-15,0.86013986013986
"1302","X.Clostridium..asparagiforme",353,330,0.606703566671281,8.18597328469428e-36,1.06969696969697
"1303","Prevotella.phocaeensis",194,361,0.355662902993893,3.08034717075378e-10,0.537396121883656
"1304","Intestinibacter.sp..MP112G1_01.17",233,346,0.580674369812467,4.98852637635286e-32,0.673410404624277
"1305","Leuconostoc.gelidum",342,361,0.470612916873389,2.56065796662272e-19,0.947368421052632
"1306","X.Clostridium..sp..MP561B01",221,349,0.243767356619619,0.000183682420756361,0.63323782234957
"1307","Clostridiales.bacterium.VE202.28",352,348,0.836987534245604,5.71982707168772e-95,1.01149425287356
"1308","Burkholderiales.bacterium",345,329,0.821878701952001,1.31966320452248e-88,1.04863221884498
"1309","Streptococcus.sp..MP270D4RE",322,345,0.32199737813638,3.15605147247009e-08,0.933333333333333
"1310","Streptococcus.sp..MP259B5b",198,334,0.617988942505794,1.4649008435062e-37,0.592814371257485
"1311","Firmicutes.bacterium.CAG.424",273,320,0.284754383623371,2.77003953892298e-06,0.853125
"1312","Prevotella.pallens",236,354,0.249063446983868,0.000115217204909854,0.666666666666667
"1313","Xylanimonas.cellulosilytica",358,358,0.583537378062732,1.99268298512302e-32,1
"1314","X.Ruminococcus..sp..MP50A2",346,335,0.860713746866962,2.04373319976061e-106,1.03283582089552
"1315","Alistipes.onderdonkii",186,350,0.655330966093144,6.67669032886956e-44,0.531428571428571
"1316","Rhizophagus.irregularis",358,358,0.4113340365976,3.54602574491553e-14,1
"1317","Streptomyces.speibonae",308,362,0.328956977771229,1.28885364350621e-08,0.850828729281768
"1318","Bacteroides.vulgatus.CAG.6",142,361,0.296713806533822,7.13692343915976e-07,0.393351800554017
"1319","Bacteroides.ovatus.CAG.22",217,354,0.178765403080933,0.0284276618134372,0.612994350282486
"1320","Escherichia.marmotae",317,345,0.56741090203182,3.11663967507722e-30,0.918840579710145
"1321","Megasphaera.sp..MP182G6",346,353,0.853256636481404,1.33234929968236e-102,0.980169971671388
"1322","Flavonifractor.sp..MP49B12re",331,331,0.807224363895639,5.61287826416596e-83,1
"1323","Aggregatibacter.segnis",277,363,0.552969649306657,2.28469081733207e-28,0.763085399449036
"1324","Romboutsia.sp..MP35A8",355,355,0.862396574581574,2.628890502253e-107,1
"1325","Paenibacillus.macerans",353,353,0.83415074733987,9.94552104291675e-94,1
"1326","Dorea.sp..D27",362,361,0.858603475603856,2.57860811503895e-105,1.00277008310249
"1327","Sutterellaceae.bacterium.UBA7100",352,351,0.902593539091213,5.2445257239341e-133,1.002849002849
"1328","Prevotella.melaninogenica",333,351,0.334888318970538,5.78692346231101e-09,0.948717948717949
"1329","Coprobacillus.sp..MP12C8",232,355,0.712808403209332,1.21907041585953e-55,0.653521126760563
"1330","Prevotella.dentalis",235,362,0.375545541152841,1.4738460269947e-11,0.649171270718232
"1331","Clostridiales.bacterium.UBA7175",293,357,0.343152989506388,1.83631022839111e-09,0.820728291316527
"1332","Niameybacter.massiliensis",268,359,0.483870475960195,1.33865960821331e-20,0.746518105849582
"1333","Parabacteroides.sp..TM07.1AC",305,357,0.724611106761637,2.01000131534436e-58,0.854341736694678
"1334","Ruminococcus.callidus",136,361,0.30202203220973,3.92333567572323e-07,0.376731301939058
"1335","Bacteroides.sp..MP64F12",331,362,0.820484972607295,4.74438603503479e-88,0.914364640883978
"1336","Parabacteroides.johnsonii",147,362,0.564875328479736,6.6921323413497e-30,0.406077348066298
"1337","Bifidobacterium.scardovii",212,335,0.176234127933396,0.0271367548218452,0.632835820895522
"1338","Citrobacter.farmeri",212,314,0.388899750826664,1.65024283335343e-12,0.67515923566879
"1339","X.Clostridium..clostridioforme",276,138,0.509828297940069,2.68642843332834e-23,2
"1340","Morganella.morganii",244,297,0.607921020299609,5.43882927279963e-36,0.821548821548822
"1341","Fusobacterium.nucleatum",242,216,0.682662741262884,3.72866621724742e-49,1.12037037037037
"1342","Colibacter.massiliensis",321,336,0.391047999352811,1.15188682510261e-12,0.955357142857143
"1343","Veillonella.parvula",194,145,0.508740239971166,3.5076841639024e-23,1.33793103448276
"1344","Enterococcus.casseliflavus",268,273,0.35480548714798,3.38116650819198e-10,0.981684981684982
"1345","Flavonifractor.plautii",271,252,0.709028697496627,8.60278733389139e-55,1.07539682539683
"1346","Clostridiales.bacterium.CCNA10",299,312,0.552700881190922,2.52916809166477e-28,0.958333333333333
"1347","Hungatella.sp..MP42A4",174,269,0.626067951145499,7.38076002640094e-39,0.646840148698885
"1348","Hafnia.paralvei",360,344,0.519317011053051,2.40512375038466e-24,1.04651162790698
"1349","Bifidobacterium.dentium",276,243,0.452243426918333,1.29961546767e-17,1.1358024691358
"1350","Dialister.pneumosintes",195,329,0.175506631617483,0.0278465639807931,0.592705167173252
"1351","Lachnospiraceae.bacterium.5_1_57FAA",194,306,0.432509367138836,6.7174267387305e-16,0.633986928104575
"1352","Ruthenibacterium.lactatiformans",195,281,0.495982053152963,7.80159886647997e-22,0.693950177935943
"1353","Ruminococcaceae.bacterium.cv2",295,299,0.235681960063342,0.000285981195039811,0.986622073578595
"1354","Finegoldia.magna",140,352,0.464117561613919,1.06612913537944e-18,0.397727272727273
"1355","Ruthenibacterium.sp..VE800.03",240,284,0.495697649343244,8.3200469103898e-22,0.845070422535211
"1356","Citrobacter.braakii",339,324,0.298103268305792,5.6204035714897e-07,1.0462962962963
"1357","Citrobacter.freundii",166,248,0.500627144707365,2.55730737089545e-22,0.669354838709677
"1358","Citrobacter.europaeus",250,350,0.238747335132248,0.000220806820830226,0.714285714285714
"1359","Flavonifractor.sp..MP167A6",364,317,0.163528499554081,0.048600283575076,1.14826498422713
"1360","Massiliomicrobiota.sp..HF30_ig1",238,338,0.254047178364807,5.47061350315888e-05,0.70414201183432
"1361","Lactobacillus.salivarius",354,314,0.566464812339518,4.18144830538764e-30,1.12738853503185
"1362","Roseburia.sp..MP196A9",274,331,0.237799604904558,0.000237754875768837,0.827794561933535
"1363","Faecalibacterium.prausnitzii",270,299,0.598881483520352,1.23358693707683e-34,0.903010033444816
"1364","Oscillospiraceae.bacterium.VE202.24",307,310,0.869346244828534,3.77296966312001e-111,0.990322580645161
"1365","Streptococcus.thermophilus",194,181,0.681385372182961,6.7489167493547e-49,1.07182320441989
"1366","Lactobacillus.rhamnosus",341,237,0.407748489699359,6.53548386274971e-14,1.43881856540084
"1367","Actinomyces.sp..HPA0247",306,303,0.310749708035894,1.24193745415734e-07,1.00990099009901
"1368","Enterococcus.avium",257,324,0.24448931271224,0.000136024961320976,0.79320987654321
"1369","Roseburia.hominis",343,313,0.272753531279494,8.73845896788383e-06,1.09584664536741
"1370","Clostridium.sp..C105KSO14",207,296,0.497278892707254,5.7212451118166e-22,0.699324324324324
"1371","Anaerotruncus.colihominis",296,294,0.903725458227694,6.53553671487578e-134,1.00680272108844
"1372","Clostridium.sp..chh4.2",359,351,0.660182153468768,8.4546310693705e-45,1.02279202279202
"1373","Eggerthella.lenta",271,271,0.939685068382576,1.67620773509977e-169,1
"1374","Eisenbergiella.massiliensis",278,300,0.266034801019106,1.66204372292967e-05,0.926666666666667
"1375","Lachnospiraceae.bacterium.UBA1689",177,311,0.534765491598739,3.92303570720502e-26,0.569131832797428
"1376","Firmicutes.bacterium.CAG.65_45_313",341,341,0.490583581275782,2.79827837808325e-21,1
"1377","Faecalicatena.contorta",75,317,0.166611216212726,0.0448280714346875,0.236593059936909
"1378","X.Clostridium..symbiosum",280,237,0.409748257817164,4.68237829050067e-14,1.18143459915612
"1379","Intestinibacter.sp..HF28",243,309,0.400285871550417,2.41934403540573e-13,0.786407766990291
"1380","Ruminococcus.sp..UBA1394",296,362,0.418093481997499,1.0202174191141e-14,0.81767955801105
"1381","Blautia.producta",249,229,0.17389094362724,0.0303974387103411,1.08733624454148
"1382","Blautia.coccoides",273,198,0.749130499572502,1.06539129421804e-64,1.37878787878788
"1383","Lachnoclostridium.sp..MP625H6_ig1",326,307,0.64978962292016,6.60141762778618e-43,1.06188925081433
"1384","Eggerthella.sp..MP69C2_2",267,303,0.527800507235531,2.58835629405876e-25,0.881188118811881
"1385","Clostridia.bacterium.sp..MP226B7",340,340,0.397651769119997,3.77166491488247e-13,1
"1386","Dysgonomonas.sp..UBA7710",294,362,0.407823314152617,6.50350998659597e-14,0.812154696132597
"1387","Merdimonas.faecis",337,315,0.590289724365385,2.17636976194069e-33,1.06984126984127
"1388","Lachnospiraceae.bacterium.6_1_37FAA",192,321,0.235400624277518,0.000288568354349588,0.598130841121495
"1389","Lachnoclostridium.sp..VE303.01",256,303,0.68686802708982,5.16864720788665e-50,0.844884488448845
"1390","Clostridium.bolteae.CAG.59",212,307,0.47235176235437,1.74508450614973e-19,0.690553745928339
"1391","Tyzzerella.sp..MP10F1re",311,299,0.396873597899638,4.26658310666928e-13,1.04013377926421
"1392","Hungatella.sp..MP550A3",366,314,0.201411223878579,0.0047031197099536,1.1656050955414
"1393","Clostridiales.bacterium.59_14",288,337,0.261935489668154,2.50664279586658e-05,0.85459940652819
"1394","Sellimonas.intestinalis",320,320,0.876674926964618,2.04611609503149e-115,1
"1395","Lachnoclostridium.sp..HF18",154,307,0.300799629025122,4.15492199610802e-07,0.501628664495114
"1396","X.Clostridium..citroniae",259,259,0.892936387691363,6.10595951978773e-126,1
"1397","Clostridium.clostridioforme.CAG.511",306,325,0.788373235210349,1.96888028172728e-76,0.941538461538462
"1398","Clostridia.bacterium.UC5.1.1D4",238,305,0.290408950621938,1.3365476121737e-06,0.780327868852459
"1399","Tyzzerella.nexilis",155,281,0.665428507489893,8.85998860628759e-46,0.551601423487544
"1400","Eubacterium.callanderi",350,355,0.888696612991515,4.866293922991e-123,0.985915492957746
"1401","Clostridia.bacterium.UC5.1.1F8",352,334,0.360096604347647,1.5554022594104e-10,1.05389221556886
"1402","Hungatella.sp..MP558G09",289,269,0.449949213459766,2.0832431800274e-17,1.07434944237918
"1403","Bacteroides.sp..MP159D11",353,353,0.906438991979449,4.60126876490883e-136,1
"1404","Blautia.sp..HK34",259,285,0.67771175301159,3.66560134373646e-48,0.908771929824561
"1405","X.Ruminococcus..sp..MP495E3",158,294,0.165476559488484,0.0469300558405396,0.537414965986395
"1406","X.Clostridium..sp..HF14",344,311,0.537124095920014,2.06086011581182e-26,1.10610932475884
"1407","X.Clostridium..sp..MP562A3a",312,322,0.689224601212726,1.68436360132093e-50,0.968944099378882
"1408","Harryflintia.acetispora",335,331,0.605879610546714,1.10886903739313e-35,1.01208459214502
"1409","Blautia.sp..MP87G3",269,278,0.693716557804351,1.92913684174216e-51,0.967625899280576
"1410","Absiella.sp..MP351A7",302,321,0.900954193782231,8.899720207913e-132,0.940809968847352
"1411","X.Clostridium..sp..MP556F05",210,326,0.398284625899785,3.41840126326343e-13,0.644171779141104
"1412","Absiella.sp..MP634G1_ig1",312,265,0.635686187949424,1.86551214410152e-40,1.17735849056604
"1413","Clostridiales.bacterium.VE202.09",218,358,0.19182136942204,0.00939511213782896,0.608938547486033
"1414","Intestinibacter.sp..MP113D11",264,296,0.365815053702486,6.4482334279947e-11,0.891891891891892
"1415","Veillonella.sp..oral.taxon.158",315,298,0.694423794427511,1.37203210375393e-51,1.05704697986577
"1416","Haemophilus.parainfluenzae",263,256,0.297577384422654,5.93312860093757e-07,1.02734375
"1417","Haemophilus.haemolyticus",205,340,0.45690225820316,4.97090949387242e-18,0.602941176470588
"1418","Clostridium.neonatale",290,295,0.665962762622765,7.0340485637822e-46,0.983050847457627
"1419","Sellimonas.sp..VE303.03",308,303,0.591399460047295,1.50941071402265e-33,1.01650165016502
"1420","Veillonella.sp..HF34",277,258,0.300617154904311,4.20778735841009e-07,1.07364341085271
"1421","Clostridium.sp..MP229B3",300,316,0.548028091487392,9.6923309478376e-28,0.949367088607595
"1422","Clostridium.paraputrificum",307,306,0.852041530670266,5.0020643676812e-102,1.00326797385621
"1423","Clostridiales.bacterium.VE202.14",239,323,0.510978660107224,2.02296578609616e-23,0.739938080495356
"1424","Bifidobacterium.longum",260,253,0.756865112213108,7.79585534170364e-67,1.02766798418972
"1425","Veillonella.atypica",169,207,0.693611800444071,2.02458075095262e-51,0.816425120772947
"1426","Streptococcus.parasanguinis",194,250,0.472742726248602,1.60651056423858e-19,0.776
"1427","Intestinibacter.sp..MP10A2",290,324,0.487598766026182,5.59363443188929e-21,0.895061728395062
"1428","Veillonella.sp..MP19D1_02.09",176,234,0.164482358326308,0.048600283575076,0.752136752136752
"1429","Intestinibacter.sp..MP35A10",347,345,0.852038233320416,5.00859132106308e-102,1.00579710144928
"1430","Clostridium.sp..MP49A11",349,348,0.791983790859253,1.23163537552378e-77,1.00287356321839
"1431","Clostridiales.bacterium.VE202.07",196,334,0.254695465244508,5.19389698736385e-05,0.586826347305389
"1432","Klebsiella.quasipneumoniae",344,338,0.60493265187751,1.53996603007384e-35,1.01775147928994
"1433","Shigella.boydii",360,356,0.535827628679401,2.93881895070866e-26,1.01123595505618
"1434","Lactobacillus.casei",316,317,0.583969417414953,1.70045990348316e-32,0.996845425867508
"1435","Lachnoclostridium.sp..MP429E6",339,307,0.721148013096682,1.32356446955473e-57,1.1042345276873
"1436","Clostridium.sp..MP5B6",323,331,0.758609201397074,2.51914349436114e-67,0.97583081570997
"1437","Veillonella.dispar",319,294,0.733846052153841,1.0297461182128e-60,1.08503401360544
"1438","Veillonella.infantium",220,309,0.738488104352058,6.81411046686776e-62,0.711974110032362
"1439","Clostridium.sp..MP113D9",336,357,0.806844852301053,7.41469728837908e-83,0.941176470588235
"1440","Clostridium.sp..MP551E06",358,358,0.869551259437798,2.8963280603921e-111,1
"1441","Intestinimonas.massiliensis",185,316,0.333349062520573,6.89740111664386e-09,0.585443037974684
"1442","Clostridium.sp..MP35F6",328,342,0.819117193772912,1.59091388177244e-87,0.95906432748538
"1443","X.Ruminococcus..sp..HF10",136,329,0.330765887746242,9.79849522557012e-09,0.413373860182371
"1444","Coprobacillus.sp..HF33",327,349,0.734353278249731,7.68490936978715e-61,0.936962750716332
"1445","Prevotella.copri",356,351,0.876653496886651,2.10267421565074e-115,1.01424501424501
"1446","X.Eubacterium..rectale",240,325,0.295306434050467,7.58195266523334e-07,0.738461538461539
"1447","X.Eubacterium..hallii",296,315,0.513552081610399,1.05278353602911e-23,0.93968253968254
"1448","Lachnospiraceae.sp..MP587D08",294,358,0.2217907708488,0.000955846846259566,0.82122905027933
"1449","Firmicutes.bacterium.CAG.24053_14",356,342,0.70427013753447,9.90597279490232e-54,1.04093567251462
"1450","Agathobacter.sp..HK41",319,351,0.301988991914125,3.62007980657246e-07,0.908831908831909
"1451","Gemmiger.formicilis",326,344,0.382105349325549,4.95994025584919e-12,0.947674418604651
"1452","Bifidobacterium.adolescentis",285,359,0.34376308766928,1.68092561659607e-09,0.793871866295265
"1453","Blautia.sp..MP78G6",315,316,0.484628398375403,1.09617469377677e-20,0.996835443037975
"1454","Clostridium.sp..CAG.58",114,339,0.286952479640233,1.96740049891276e-06,0.336283185840708
"1455","Dorea.formicigenerans",306,321,0.614429347060831,5.37404049705982e-37,0.953271028037383
"1456","Dorea.longicatena",348,355,0.336733314878657,4.53165167319511e-09,0.980281690140845
"1457","X.Clostridium..leptum",315,313,0.868119835613614,1.83968063560274e-110,1.00638977635783
"1458","Turicibacter.sanguinis",349,303,0.526043421926383,4.11272929379022e-25,1.15181518151815
"1459","Acholeplasmatales.bacterium",361,361,0.705629032657275,4.94859772295574e-54,1
"1460","Coprococcus.sp..MP227E11",283,355,0.687814689474609,3.30056529525756e-50,0.797183098591549
"1461","Lachnospiraceae.bacterium.3_1_57FAA_CT1",359,335,0.321784164185567,3.1099358079897e-08,1.07164179104478
"1462","Firmicutes.bacterium.AF36.19BH",120,347,0.359111155786977,1.79625541718898e-10,0.345821325648415
"1463","uncultured.Flavonifractor.sp.",325,311,0.791675513303459,1.56045684731404e-77,1.04501607717042
"1464","Blautia.sp..An249",350,325,0.731166726170709,4.83509977604488e-60,1.07692307692308
"1465","Lachnospiraceae.bacterium.OF09.33XD",335,330,0.413811835611887,2.23572752969779e-14,1.01515151515152
"1466","Lachnospiraceae.sp..MP78A5_2_02.16",207,353,0.400403416644449,2.38422380951078e-13,0.586402266288952
"1467","Eggerthella.sp..MP163B1",271,293,0.842730337015673,1.37193140950561e-97,0.924914675767918
"1468","Streptococcus.sp..MP506H2",159,346,0.302817768824245,3.2968612028332e-07,0.459537572254335
"1469","Anaerostipes.sp..MP172A5",352,291,0.408360505227088,5.95501512615477e-14,1.20962199312715
"1470","Robinsoniella.peoriensis",275,304,0.541100555416623,6.84302333839446e-27,0.904605263157895
"1471","Streptococcus.sp..MP111E2",178,319,0.190011661159991,0.0105480685333536,0.557993730407524
"1472","Romboutsia.sp..MP172A7",358,350,0.725646556650985,1.10428198366637e-58,1.02285714285714
"1473","Streptococcus.sp..MP583D02",221,326,0.592834619438207,9.40678635237821e-34,0.677914110429448
"1474","Blautia.hominis",241,277,0.500287200362449,2.76784846531191e-22,0.870036101083033
"1475","X.Clostridium..cocleatum",302,312,0.765708557416973,2.24772180994571e-69,0.967948717948718
"1476","Dorea.sp..MP625B1b_ig1",351,351,0.860930095553391,1.4684291213969e-106,1
"1477","X.Clostridium..sp..MP626E2_ig1",203,333,0.722380542104681,6.7280660116185e-58,0.60960960960961
"1478","Phascolarctobacterium.sp..VE800.04",194,309,0.432039783280794,7.32577827382912e-16,0.627831715210356
"1479","Lachnoclostridium.sp..HF22",317,332,0.504135217932927,1.07902032579758e-22,0.954819277108434
"1480","Beduini.massiliensis",173,337,0.419894999293652,7.39826671028091e-15,0.513353115727003
"1481","Alloscardovia.omnicolens",236,335,0.452257561147012,1.29961546767e-17,0.704477611940298
"1482","Parabacteroides.distasonis",358,298,0.388406119477486,1.75960699097641e-12,1.20134228187919
"1483","Actinomyces.sp..oral.taxon.172",322,341,0.478796585711707,4.13647320519718e-20,0.944281524926686
"1484","Clostridiaceae.bacterium.OM02.2AC",359,351,0.740613171133961,1.92617715526972e-62,1.02279202279202
"1485","Enterococcus.gallinarum",306,330,0.804700085067642,4.47934414749665e-82,0.927272727272727
"1486","Bacteroides.thetaiotaomicron.CAG.40",348,345,0.686846822116562,5.20526571324168e-50,1.00869565217391
"1487","Bacteroides.sp..MP264A7",227,352,0.612265879870625,1.16827729176746e-36,0.644886363636364
"1488","Drancourtella.sp..MP403E2",89,339,0.268864058646128,1.29015321042893e-05,0.262536873156342
"1489","Clostridiales.bacterium.Nov_37_41",349,349,0.88585893729498,3.66228491973223e-121,1
"1490","Absiella.sp..HF20_ig1",289,307,0.510579665864589,2.2295470283475e-23,0.941368078175896
"1491","Anaerocolumna.aminovalerica",352,352,0.660694782197794,6.80701953414729e-45,1
"1492","Slackia.exigua",336,343,0.815342794449586,4.7167453173714e-86,0.979591836734694
"1493","X.Kluyvera..intestini",336,353,0.342594970033574,1.9754446846682e-09,0.951841359773371
"1494","Clostridia.bacterium.UC5.1.1D10",364,335,0.406167532403908,8.58837767588601e-14,1.0865671641791
"1495","X.Clostridium..innocuum",217,302,0.507271365599204,4.9917853756049e-23,0.718543046357616
"1496","Massiliomicrobiota.sp..HK52",222,350,0.664815682223204,1.15435142382704e-45,0.634285714285714
"1497","Parasutterella.excrementihominis.CAG.233",300,311,0.816994236737447,1.08124712704619e-86,0.964630225080386
"1498","Streptococcus.vestibularis",211,319,0.396700032596551,4.36981812473664e-13,0.661442006269592
"1499","Lactobacillus.animalis",341,338,0.933481545898865,5.39142199819084e-162,1.00887573964497
"1500","Citrobacter.werkmanii",330,353,0.803708494303412,1.01968725719462e-81,0.934844192634561
"1501","Clostridia.bacterium.UC5.1.1A9",159,291,0.319826664101009,4.00295224552643e-08,0.54639175257732
"1502","Veillonella.denticariosi",359,363,0.918073134982831,4.13124437684354e-146,0.988980716253444
"1503","Clostridium.nexile.CAG.348",208,334,0.827800192934525,4.79681994274615e-91,0.622754491017964
"1504","Turicibacter.sp..MP236E3",345,344,0.822625780899682,6.34215029129578e-89,1.00290697674419
"1505","Enterococcaceae.bacterium.UBA6652",301,349,0.377230429954533,1.06866929756339e-11,0.862464183381089
"1506","Prevotella.oralis",345,343,0.730526268178979,6.96355726662438e-60,1.00583090379009
"1507","X.Clostridium..asparagiforme",230,330,0.246570887693721,0.00011307791349353,0.696969696969697
"1508","Flavonifractor.sp..VE202.03",359,348,0.741099677078649,1.4419757637347e-62,1.0316091954023
"1509","Leuconostoc.gelidum",319,361,0.758115443846297,3.46790039781434e-67,0.883656509695291
"1510","X.Clostridium..sp..MP561B01",229,349,0.37305452938492,2.08678503593403e-11,0.656160458452722
"1511","Clostridiales.bacterium.VE202.28",354,348,0.71359367409156,7.80721916584281e-56,1.01724137931034
"1512","Lactobacillus.paraplantarum",277,362,0.903771357748123,6.03094418657197e-134,0.765193370165746
"1513","Burkholderiales.bacterium",323,329,0.835121384767682,3.5791217354604e-94,0.981762917933131
"1514","Erysipelotrichaceae.bacterium.2_2_44A",360,350,0.663989313361961,1.64416458371988e-45,1.02857142857143
"1515","Clostridiales.bacterium.CHKCI006",340,335,0.437358258984806,2.64178567815778e-16,1.01492537313433
"1516","Lachnoclostridium.phytofermentans",142,353,0.349642544896147,7.26180284158882e-10,0.402266288951841
"1517","Streptococcus.sp..MP259B5b",154,334,0.293898678598159,8.8937798331207e-07,0.461077844311377
"1518","Haemophilus.influenzae",228,356,0.706494797914351,3.1768954632573e-54,0.640449438202247
"1519","X.Ruminococcus..sp..MP50A2",337,335,0.864194655653816,2.65163836901235e-108,1.00597014925373
"1520","Agathobaculum.desmolans",248,356,0.455071514388071,7.25798782742669e-18,0.696629213483146
"1521","X.Ruminococcus..sp..MP227B7",347,347,0.435643777511574,3.67676571593504e-16,1
"1522","Clostridia.bacterium.UC5.1.2F7",228,355,0.299457097545972,4.80739741343399e-07,0.642253521126761
"1523","Megasphaera.sp..MP182G6",319,353,0.833433115103742,1.93630292273183e-93,0.903682719546742
"1524","Flavonifractor.sp..MP49B12re",322,331,0.855279991517103,1.21056674568315e-103,0.972809667673716
"1525","Aggregatibacter.segnis",277,363,0.525180806374482,5.15682165425e-25,0.763085399449036
"1526","Veillonella.sp..CAG.933",340,359,0.221783386572105,0.000955846846259566,0.947075208913649
"1527","Flavonifractor.sp..An100",88,346,0.509428777379146,2.95991385011359e-23,0.254335260115607
"1528","Romboutsia.sp..MP35A8",348,355,0.863820180107166,4.21678246728363e-108,0.980281690140845
"1529","Sutterellaceae.bacterium.UBA7131",144,359,0.377419465061973,1.04341070245485e-11,0.401114206128134
"1530","Alistipes.sp..Marseille.P2431",208,362,0.589592991768362,2.73281026150433e-33,0.574585635359116
"1531","Paenibacillus.macerans",353,353,0.836305127569608,1.0847797009715e-94,1
"1532","Dorea.sp..D27",363,361,0.82303096811162,4.35988283907387e-89,1.00554016620499
"1533","Klebsiella.quasivariicola",282,351,0.3109594463936,1.22027808695707e-07,0.803418803418803
"1534","Erysipelotrichaceae.bacterium.5_2_54FAA",172,360,0.273713310049405,8.05266021814723e-06,0.477777777777778
"1535","Anaerococcus.obesiensis",173,360,0.415593847434001,1.61672123162526e-14,0.480555555555556
"1536","Bacteroides.congonensis",226,357,0.408895048244739,5.43643337617141e-14,0.633053221288515
"1537","Blautia.hydrogenotrophica.CAG.147",105,358,0.438936050304074,1.93669150977795e-16,0.293296089385475
"1538","Anaerofilum.sp..An201",136,353,0.507246914744293,5.00089405536811e-23,0.385269121813031
"1539","Clostridium.sp..ASF502",339,358,0.323290718568728,2.58504103129129e-08,0.946927374301676
"1540","Shigella.flexneri",342,351,0.484942519467281,1.02351233870353e-20,0.974358974358974
"1541","Shigella.sp..SF.2015",330,351,0.634617955931622,2.82084099651964e-40,0.94017094017094
"1542","Bacteroides.sp..MP64F12",362,362,0.88450761830543,2.74396668846362e-120,1
"1543","Bilophila.wadsworthia",268,251,0.534908857345258,3.50185945258855e-26,1.06772908366534
"1544","Citrobacter.farmeri",207,314,0.474559085782792,9.85146371379201e-20,0.659235668789809
"1545","X.Clostridium..clostridioforme",175,138,0.717827189759117,7.76046217599256e-57,1.26811594202899
"1546","Veillonella.parvula",204,145,0.363469104280701,8.43725507041817e-11,1.40689655172414
"1547","Enterococcus.casseliflavus",283,273,0.637056586494597,1.00123345713136e-40,1.03663003663004
"1548","Hungatella.sp..MP355B12",180,260,0.314774474963696,6.53783067223657e-08,0.692307692307692
"1549","Clostridia.bacterium.UC5.1.1F7",187,286,0.438688704610873,1.75522482133131e-16,0.653846153846154
"1550","Hungatella.sp..MP42C12",329,283,0.231244405499734,0.000438525170857272,1.16254416961131
"1551","Hungatella.sp..MP42A4",127,269,0.300757182102395,3.72192092060038e-07,0.472118959107807
"1552","Hafnia.paralvei",354,344,0.466549407597211,5.67197901908733e-19,1.02906976744186
"1553","Eubacteriaceae.bacterium.CHKCI004",132,329,0.244187708105931,0.000140987499139674,0.401215805471125
"1554","Bifidobacterium.dentium",222,243,0.322817283933584,2.44368849464217e-08,0.91358024691358
"1555","Citrobacter.pasteurii",356,347,0.708822798348373,9.16047019465852e-55,1.02593659942363
"1556","Campylobacter.gracilis",282,354,0.336287766216394,4.11539219182765e-09,0.796610169491525
"1557","X.Clostridium..spiroforme",239,297,0.272519624343689,8.51409880824243e-06,0.804713804713805
"1558","Dorea.sp..MP50E3",263,313,0.177242757907443,0.02524795657975,0.840255591054313
"1559","Lachnospiraceae.bacterium.5_1_57FAA",340,306,0.644879762950602,4.55267727543762e-42,1.11111111111111
"1560","Ruthenibacterium.lactatiformans",195,281,0.701321775662317,4.21113818302342e-53,0.693950177935943
"1561","Erysipelatoclostridium.ramosum",305,305,0.344712359500482,1.30783419246629e-09,1
"1562","Citrobacter.freundii",167,248,0.638940626031,4.81439828938541e-41,0.673387096774194
"1563","Subdoligranulum.sp..MP158A7",114,291,0.449063604938899,2.21868361780853e-17,0.391752577319588
"1564","Flavonifractor.sp..MP167A6",143,317,0.269264479952419,1.18613647520233e-05,0.451104100946372
"1565","Lactobacillus.salivarius",315,314,0.749345597157437,8.88625058269531e-65,1.0031847133758
"1566","Faecalibacterium.prausnitzii",324,299,0.420139548711526,6.19183359048765e-15,1.08361204013378
"1567","Streptococcus.salivarius",165,264,0.171707201928672,0.0330198002655987,0.625
"1568","Streptococcus.thermophilus",209,181,0.741784621872139,9.04802518220941e-63,1.15469613259669
"1569","Lactobacillus.rhamnosus",337,237,0.493746422520758,1.24213361309055e-21,1.42194092827004
"1570","Enterococcus.avium",237,324,0.175465000660647,0.0264591047581681,0.731481481481482
"1571","Roseburia.hominis",307,313,0.433815937821229,4.51273465294195e-16,0.980830670926518
"1572","Clostridium.sp..C105KSO14",214,296,0.385656724926825,2.48476016814339e-12,0.722972972972973
"1573","Dysgonomonas.capnocytophagoides",248,353,0.627723946923703,3.60269258550004e-39,0.702549575070821
"1574","Anaerotruncus.colihominis",292,294,0.855054328123852,1.60062131519774e-103,0.993197278911565
"1575","Clostridium.sp..chh4.2",359,351,0.789426623751369,8.7836032105116e-77,1.02279202279202
"1576","Eggerthella.lenta",271,271,0.936239854076877,3.13068760566994e-165,1
"1577","Lachnospiraceae.bacterium.UBA1689",162,311,0.289773775123636,1.30000280501211e-06,0.520900321543408
"1578","Faecalicatena.contorta",188,317,0.247998088445931,9.95635961759436e-05,0.593059936908517
"1579","X.Clostridium..symbiosum",271,237,0.478623815888957,4.03424946528072e-20,1.14345991561181
"1580","Intestinibacter.sp..HF28",64,309,0.331075394974136,8.14597525439852e-09,0.207119741100324
"1581","Blautia.coccoides",284,198,0.752503049117415,1.21987492983369e-65,1.43434343434343
"1582","Lachnoclostridium.sp..MP625H6_ig1",140,307,0.212442396207346,0.00208122490913927,0.456026058631922
"1583","Eggerthella.sp..MP69C2_2",183,303,0.519511115462496,2.08080045798952e-24,0.603960396039604
"1584","Clostridia.bacterium.sp..MP226B7",336,340,0.903860246309884,5.23361995849522e-134,0.988235294117647
"1585","Absiella.sp..VE303.07",194,218,0.402384432690338,1.52530508224994e-13,0.889908256880734
"1586","Lachnospiraceae.bacterium.6_1_37FAA",188,321,0.48578221571995,7.97655891763792e-21,0.585669781931464
"1587","Lachnoclostridium.sp..VE303.01",331,303,0.620200260374919,5.87813054727717e-38,1.09240924092409
"1588","Collinsella.tanakaei",353,353,0.690077101679754,1.07020483039342e-50,1
"1589","Absiella.sp..MP454B12",129,325,0.259358741136117,3.29091313234133e-05,0.396923076923077
"1590","Desulfovibrionaceae.bacterium",155,339,0.696107194295876,5.65020124919936e-52,0.457227138643068
"1591","Sellimonas.intestinalis",239,320,0.81224789415778,7.25668441064353e-85,0.746875
"1592","X.Clostridium..citroniae",259,259,0.895776330294573,6.0742553864526e-128,1
"1593","Clostridium.clostridioforme.CAG.511",312,325,0.813852316062402,1.78202772206768e-85,0.96
"1594","Tyzzerella.nexilis",244,281,0.797484524317116,1.62070016526885e-79,0.868327402135231
"1595","X.Ruminococcus..sp..MP172A10",159,325,0.311239306013543,1.01207286772517e-07,0.489230769230769
"1596","Eisenbergiella.tayi",119,319,0.192064295163148,0.0100070439746337,0.373040752351097
"1597","Eubacterium.callanderi",218,355,0.702655140161351,2.15564628240894e-53,0.614084507042253
"1598","Hungatella.sp..MP558G09",293,269,0.602500440373644,3.2463129029577e-35,1.08921933085502
"1599","X.Clostridium..sp..MP428B7re",353,350,0.887776828330407,2.04843043920753e-122,1.00857142857143
"1600","Bacteroides.sp..MP159D11",173,353,0.276249657939675,5.91185573419598e-06,0.490084985835694
"1601","Blautia.sp..HK34",235,285,0.452070432541272,1.21990974025291e-17,0.824561403508772
"1602","Blautia.sp..MP234A10",351,334,0.2939187412067,8.10907404848938e-07,1.05089820359281
"1603","X.Clostridium..sp..HF14",315,311,0.704392927961823,8.94611446407406e-54,1.01286173633441
"1604","X.Clostridium..sp..MP562A3a",324,322,0.516326702548396,4.70154455495464e-24,1.00621118012422
"1605","Harryflintia.acetispora",333,331,0.857939412091654,5.4398776604603e-105,1.00604229607251
"1606","Blautia.sp..MP87G3",299,278,0.479516921948536,3.30496463834775e-20,1.07553956834532
"1607","X.Clostridium..sp..MP556F05",236,326,0.34576604210285,1.13112669006524e-09,0.723926380368098
"1608","Absiella.sp..MP634G1_ig1",299,265,0.754158279591731,4.26153215533176e-66,1.12830188679245
"1609","Erysipelotrichaceae.bacterium.6_1_45",290,267,0.730836025669703,5.56732285560934e-60,1.08614232209738
"1610","Campylobacter.showae",313,354,0.360066976939379,1.39388519828636e-10,0.884180790960452
"1611","Lactobacillus.plantarum",274,263,0.86357468827354,5.84460206640907e-108,1.04182509505703
"1612","Enterobacter.hormaechei",359,335,0.522176310107319,1.05150049706497e-24,1.07164179104478
"1613","Haemophilus.haemolyticus",222,340,0.466075626843504,6.2250863896759e-19,0.652941176470588
"1614","Clostridium.neonatale",283,295,0.778159834320681,3.69563862407165e-73,0.959322033898305
"1615","Veillonella.sp..HF34",109,258,0.397504356392569,3.50728927780035e-13,0.422480620155039
"1616","Clostridium.butyricum",274,309,0.757255080765658,5.89033264251799e-67,0.88673139158576
"1617","Clostridium.sp..MP229B3",167,316,0.192155403302855,0.0100070439746337,0.528481012658228
"1618","Clostridium.paraputrificum",306,306,0.850309280294736,3.58686532097954e-101,1
"1619","Clostridium.sp..CAG.221",331,348,0.322214192176452,2.59795497498931e-08,0.951149425287356
"1620","Clostridiales.bacterium.VE202.14",345,323,0.594020407044422,5.73113673796171e-34,1.06811145510836
"1621","Intestinibacter.bartlettii",343,343,0.841255693246054,6.64995648434424e-97,1
"1622","Intestinibacter.sp..MP232C5",310,307,0.746490040718432,5.17333036495929e-64,1.00977198697068
"1623","Veillonella.atypica",198,207,0.78175858856391,2.71122679473708e-74,0.956521739130435
"1624","Clostridium.sp..MP49A11",281,348,0.775765839013082,2.05020679626175e-72,0.807471264367816
"1625","Intestinibacter.sp..HI29",351,352,0.310838909419955,1.05402856067008e-07,0.997159090909091
"1626","Citrobacter.portucalensis",290,345,0.450266618238466,1.73784865694708e-17,0.840579710144927
"1627","Lactobacillus.casei",351,317,0.643087235562658,9.31298811447604e-42,1.10725552050473
"1628","Veillonella.tobetsuensis",271,321,0.670682009904748,8.25895399369622e-47,0.844236760124611
"1629","Lachnoclostridium.sp..MP429E6",298,307,0.595612542417735,3.37421776208118e-34,0.970684039087948
"1630","Clostridium.sp..MP5B6",326,331,0.799097983139047,4.44834820262649e-80,0.984894259818731
"1631","Veillonella.dispar",325,294,0.637274064355659,9.22473481763124e-41,1.10544217687075
"1632","Veillonella.infantium",335,309,0.633218274616551,4.44397818604019e-40,1.08414239482201
"1633","Clostridium.sp..MP113D9",335,357,0.910913859332682,9.33458551780641e-140,0.938375350140056
"1634","Clostridium.disporicum",342,341,0.756613547856117,8.90327522093001e-67,1.00293255131965
"1635","Clostridium.sp..MP551E06",361,358,0.791242247199426,2.18837877118562e-77,1.00837988826816
"1636","Intestinimonas.massiliensis",316,316,0.620640869267655,5.01304621179365e-38,1
"1637","Clostridium.sp..MP35B6",326,363,0.524858434808295,5.27805168090189e-25,0.898071625344353
"1638","Clostridium.sp..MP35F6",306,342,0.821588912806356,1.67917948138674e-88,0.894736842105263
"1639","Clostridium.sp..MP51A11",362,360,0.827943116993341,4.25420368838647e-91,1.00555555555556
"1640","Coprobacillus.sp..HF33",282,349,0.379943233757903,6.23316674291451e-12,0.808022922636103
"1641","Prevotella.copri",357,351,0.83326969587552,2.32442718150377e-93,1.01709401709402
"1642","Prevotella.sp..MP325B2",356,363,0.951853391970451,7.31204437085127e-187,0.980716253443526
"1643","Sutterella.wadsworthensis",194,277,0.243533922004539,0.000145789845667184,0.700361010830325
"1644","Lactobacillus.ruminis",155,360,0.476551842344756,6.36916086074095e-20,0.430555555555556
"1645","Clostridiaceae.bacterium.OM08.6BH",351,358,0.826604327269574,1.52627420971428e-90,0.980446927374302
"1646","Eubacterium.rectale.CAG.36",346,346,0.559533204372301,3.1129692287424e-29,1
"1647","Ruminococcaceae.bacterium.AM28.23LB",228,357,0.522765188612635,9.07936562884113e-25,0.638655462184874
"1648","Ruminococcus.sp..AF21.42",191,354,0.512984208003266,1.10653704754267e-23,0.53954802259887
"1649","Blautia.sp..MP78G6",316,316,0.436425627973726,2.72454391383992e-16,1
"1650","Lactobacillus.sp..MP401B5",177,360,0.483600521857879,1.30057788223218e-20,0.491666666666667
"1651","Dorea.sp..VE303.06",339,323,0.294029371843471,8.09568056618077e-07,1.04953560371517
"1652","Roseburia.sp..CAG.182",175,363,0.580281888356607,5.10326340570192e-32,0.482093663911846
"1653","X.Clostridium..leptum",301,313,0.319212912408009,3.80017347856939e-08,0.961661341853035
"1654","Turicibacter.sanguinis",326,303,0.478588332086221,4.04625525500385e-20,1.07590759075908
"1655","Acholeplasmatales.bacterium",361,361,0.677074231959613,4.72783902027689e-48,1
"1656","Butyricicoccus.sp..HK35",342,341,0.522704773682047,9.18528230349877e-25,1.00293255131965
"1657","Coprococcus.sp..MP237G11",122,353,0.497552570258533,4.995968415548e-22,0.345609065155807
"1658","Coprobacter.fastidiosus",365,351,0.361099404739702,1.19863785806071e-10,1.03988603988604
"1659","Coprococcus.sp..MP227E11",232,355,0.738517054825752,6.34633447783121e-62,0.653521126760563
"1660","Coprococcus.sp..MP623D11b_ig1",241,346,0.252717122884443,6.26959883383684e-05,0.696531791907514
"1661","Lachnoclostridium.sp..An76",360,333,0.582454192771502,2.5546818837292e-32,1.08108108108108
"1662","Flavonifractor.sp..VE303.08",201,263,0.55097306644786,3.78666697637385e-28,0.76425855513308
"1663","Blautia.sp..CAG.257",167,281,0.435908490550179,3.00084765290342e-16,0.594306049822064
"1664","Streptococcus.sp..MP273B8",293,326,0.380306455012477,5.91599620596305e-12,0.898773006134969
"1665","Lachnospiraceae.bacterium.OF09.33XD",336,330,0.409176558831642,4.59146535274141e-14,1.01818181818182
"1666","Lachnoclostridium.phocaeense",348,329,0.766595322163762,1.19542013484091e-69,1.05775075987842
"1667","Lachnospiraceae.bacterium.UBA7133",332,358,0.543182769808099,3.50630958058447e-27,0.927374301675978
"1668","Ruminococcus.sp..MP429B3re",90,347,0.176648707926928,0.02524795657975,0.259365994236311
"1669","Eggerthella.sp..MP163B1",289,293,0.881289388577483,3.11179670314317e-118,0.986348122866894
"1670","Streptococcus.sp..MP506H2",220,346,0.396385348539817,4.17500549657544e-13,0.635838150289017
"1671","Streptococcus.sp..MP494C11",221,318,0.474578836108411,9.85146371379201e-20,0.69496855345912
"1672","Streptococcus.sp..MP436A3re",215,322,0.234425234947719,0.000344738495894494,0.667701863354037
"1673","Robinsoniella.peoriensis",330,304,0.742747947403796,5.08250973592148e-63,1.08552631578947
"1674","Romboutsia.sp..MP172A7",358,350,0.722289066993159,6.77365743300532e-58,1.02285714285714
"1675","Streptococcus.sp..MP583D02",240,326,0.491000110379918,2.36142061145178e-21,0.736196319018405
"1676","Blautia.hominis",251,277,0.687913305026585,3.00590895103181e-50,0.906137184115523
"1677","X.Clostridium..cocleatum",330,312,0.650652704065218,4.35568902430457e-43,1.05769230769231
"1678","X.Clostridium..sp..MP626E2_ig1",295,333,0.870410427320213,9.6913724578857e-112,0.885885885885886
"1679","Phascolarctobacterium.sp..VE800.04",239,309,0.704697267266321,7.67871002258906e-54,0.773462783171521
"1680","Blautia.sp..MP87F8_2",286,302,0.493120516136132,1.42963261576957e-21,0.947019867549669
"1681","Clostridiales.bacterium.UBA1707",356,345,0.709020093846198,8.28980729678167e-55,1.03188405797101
"1682","Lachnoclostridium.sp..HF22",363,332,0.468422099124444,3.77413646523531e-19,1.0933734939759
"1683","Akkermansia.muciniphila.CAG.154",120,348,0.274089581964603,7.24513904484055e-06,0.344827586206897
"1684","Campylobacter.concisus",213,315,0.519390276814332,2.13798515630319e-24,0.676190476190476
"1685","Enterococcus.gallinarum",193,330,0.493363548746744,1.35521057625472e-21,0.584848484848485
"1686","Bacteroides.thetaiotaomicron.CAG.40",362,345,0.645585863298167,3.43213023347798e-42,1.04927536231884
"1687","Eisenbergiella.sp..OF01.20",296,344,0.760860957780832,5.56648074098211e-68,0.86046511627907
"1688","Fusobacterium.varium",356,352,0.50525841267682,7.69361161653507e-23,1.01136363636364
"1689","Clostridium.sp..MP76C4_2",357,357,0.518080978600977,2.99513599205673e-24,1
"1690","Absiella.sp..HF20_ig1",350,307,0.318482820662361,4.05811735851573e-08,1.1400651465798
"1691","Anaerosporobacter.mobilis",354,349,0.558419390377436,4.32299782179544e-29,1.01432664756447
"1692","Clostridium.sp..MP98B12",351,338,0.772291962925709,2.37585910819079e-71,1.03846153846154
"1693","Atopobium.parvulum",295,354,0.523203941009246,8.15468079511138e-25,0.833333333333333
"1694","Clostridia.bacterium.UC5.1.1D10",358,335,0.671710900864685,5.26412475007466e-47,1.06865671641791
"1695","X.Clostridium..saccharolyticum",336,342,0.661250872549122,5.07029292293336e-45,0.982456140350877
"1696","X.Clostridium..innocuum",218,302,0.461724434313451,1.59745646737614e-18,0.721854304635762
"1697","Dorea.sp..Marseille.P4003",358,358,0.754434649758437,3.59073378185427e-66,1
"1698","Massiliomicrobiota.sp..HK52",351,350,0.634486687432206,2.725398226932e-40,1.00285714285714
"1699","Parasutterella.excrementihominis.CAG.233",309,311,0.724350916113915,2.16308417923361e-58,0.993569131832797
"1700","Lactobacillus.animalis",330,338,0.716544293766171,1.54765064360107e-56,0.976331360946746
"1701","Blautia.sp..N6H1.15",324,324,0.668419025203768,2.25056063900382e-46,1
"1702","Citrobacter.werkmanii",317,353,0.801317723235474,7.35145973605183e-81,0.898016997167139
"1703","Clostridium.nexile.CAG.348",333,334,0.865896858374941,3.21859047386053e-109,0.997005988023952
"1704","Hafnia.alvei",360,360,0.624931347746338,1.02708091041204e-38,1
"1705","Clostridium.sp..MP77A2",359,350,0.44542114037559,4.592693075693e-17,1.02571428571429
"1706","Turicibacter.sp..MP236E3",345,344,0.855979503105268,5.45577435712864e-104,1.00290697674419
"1707","Lactobacillus.delbrueckii",324,342,0.333251643392674,6.18957708157908e-09,0.947368421052632
"1708","X.Clostridium..lavalense",272,286,0.650128664302894,5.38957212210403e-43,0.951048951048951
"1709","Prevotella.oralis",345,343,0.675425247296714,1.0000958756661e-47,1.00583090379009
"1710","X.Clostridium..asparagiforme",252,330,0.352253169659405,4.44623232658921e-10,0.763636363636364
"1711","Prevotella.phocaeensis",237,361,0.438297903036635,1.88654581220813e-16,0.656509695290859
"1712","Intestinibacter.sp..MP112G1_01.17",240,346,0.397939163886126,3.27290270224243e-13,0.69364161849711
"1713","Flavonifractor.sp..VE202.03",315,348,0.754895442505176,2.6796877209853e-66,0.905172413793103
"1714","Proteus.vulgaris",353,344,0.856316387862847,3.68546604062498e-104,1.02616279069767
"1715","Xanthomonas.campestris",295,363,0.50498547530356,8.19757208659578e-23,0.81267217630854
"1716","Leuconostoc.gelidum",362,361,0.794407399199244,1.86072261251834e-78,1.00277008310249
"1717","Pseudomonas.aeruginosa",338,357,0.233762154126247,0.000360971382564419,0.946778711484594
"1718","Lactobacillus.paraplantarum",362,362,0.893453589590291,2.71283602015193e-126,1
"1719","Burkholderiales.bacterium",329,329,0.82258631398476,6.67890723763839e-89,1
"1720","Erysipelotrichaceae.bacterium.2_2_44A",335,350,0.418658683631926,8.12792034261307e-15,0.957142857142857
"1721","Eubacterium.sp..CAG.274",361,360,0.867533443948599,4.01916821049178e-110,1.00277777777778
"1722","Haemophilus.influenzae",356,356,0.915530800670988,8.75527181664297e-144,1
"1723","X.Ruminococcus..sp..MP50A2",200,335,0.342875398352427,1.69268350331554e-09,0.597014925373134
"1724","Alistipes.onderdonkii",361,350,0.673389582374163,2.49872259018316e-47,1.03142857142857
"1725","Coprococcus.sp..MP463H10",216,348,0.397498285154219,3.50728927780035e-13,0.620689655172414
"1726","Streptococcus.sp..MP632G10_ig1",354,333,0.254143931079274,5.49731394464324e-05,1.06306306306306
"1727","Enterococcus.saccharolyticus",202,357,0.451128516606371,1.46875709955472e-17,0.565826330532213
"1728","Candidatus.Gastranaerophilales.bacterium.MH_37",360,360,0.578653435810679,8.56044524316578e-32,1
"1729","Prevotella.sp..MP237E2",361,360,0.833853415414,1.30118606718194e-93,1.00277777777778
"1730","Megasphaera.sp..MP182G6",357,353,0.727552756933398,3.6037888943926e-59,1.01133144475921
"1731","Flavonifractor.sp..MP49B12re",305,331,0.854171966788274,4.43621186757153e-103,0.921450151057402
"1732","Cryptobacterium.curtum",355,362,0.83679219866201,6.73662255471435e-95,0.980662983425414
"1733","Flavonifractor.sp..An100",182,346,0.385654695613105,2.48476016814339e-12,0.526011560693642
"1734","Romboutsia.sp..MP35A8",319,355,0.818748220044404,2.25294664988131e-87,0.898591549295775
"1735","Paenibacillus.macerans",350,353,0.875088795529228,1.85695114807605e-114,0.991501416430595
"1736","Dorea.sp..D27",339,361,0.789255142720612,9.98951556116033e-77,0.939058171745152
"1737","Sutterellaceae.bacterium.UBA7100",344,351,0.870343414399288,1.05570605258496e-111,0.98005698005698
"1738","Flavonifractor.sp..HF26",120,345,0.197900120511518,0.00650782378017541,0.347826086956522
"1739","Coprobacillus.sp..MP12C8",237,355,0.422897912681082,3.69574425858116e-15,0.667605633802817
"1740","Coprobacillus.sp..MP77E8",307,343,0.466372441373646,5.86462121306474e-19,0.895043731778426
"1741","Bacteroides.congonensis",335,357,0.592184904306741,1.05283665478071e-33,0.938375350140056
"1742","Anaerofilum.sp..An201",132,353,0.482767930583737,1.56986688243959e-20,0.373937677053824
"1743","Erysipelatoclostridium.sp..VE202.01",359,359,0.731995531319887,2.86519327393459e-60,1
"1744","Propionibacterium.acidifaciens",344,360,0.357298474469444,2.11146580335379e-10,0.955555555555556
"1745","Bacteroides.faecis.CAG.32",361,362,0.81664869866118,1.48915711379855e-86,0.997237569060773
"1746","Bacteroides.sp..MP64F12",364,362,0.793021208276455,5.50369692751979e-78,1.00552486187845
"1747","Bifidobacterium.scardovii",243,335,0.376043930820921,1.19729208597728e-11,0.725373134328358
"1748","Citrobacter.farmeri",235,314,0.522952706932959,8.75317947363658e-25,0.748407643312102
"1749","X.Clostridium..clostridioforme",207,138,0.561875824620662,1.61639101885768e-29,1.5
"1750","Citrobacter.amalonaticus",128,286,0.216939683197076,0.00143900632419067,0.447552447552448
"1751","Enterococcus.casseliflavus",218,273,0.185956981406658,0.0126373718057114,0.798534798534799
"1752","Hungatella.sp..MP355B12",237,260,0.191523082014467,0.0089433835426631,0.911538461538462
"1753","Dialister.invisus",252,250,0.34779153008272,8.33338395876901e-10,1.008
"1754","Hungatella.sp..MP68H3",251,278,0.441970536987877,9.89108438896718e-17,0.902877697841727
"1755","Hungatella.sp..MP42C12",244,283,0.51106720500991,1.81308607713711e-23,0.862190812720848
"1756","Hafnia.paralvei",346,344,0.597662862324679,1.87738324333115e-34,1.00581395348837
"1757","Hungatella.sp..MP403D11",193,308,0.604504090948424,1.80737652539375e-35,0.626623376623377
"1758","Bifidobacterium.dentium",252,243,0.488074354107914,4.60878830947719e-21,1.03703703703704
"1759","Citrobacter.pasteurii",272,347,0.816109589393757,2.37569155812477e-86,0.783861671469741
"1760","Campylobacter.gracilis",272,354,0.249604680620054,8.34312754706046e-05,0.768361581920904
"1761","Dialister.pneumosintes",284,329,0.230164136896497,0.000463110557145221,0.86322188449848
"1762","Porphyromonas.sp..HMSC065F10",220,362,0.182417408780509,0.015998455177686,0.607734806629834
"1763","Dorea.sp..MP50E3",264,313,0.194334023469723,0.00754709640450786,0.843450479233227
"1764","Ruthenibacterium.lactatiformans",257,281,0.824857055646227,7.90604957597102e-90,0.914590747330961
"1765","Erysipelatoclostridium.ramosum",209,305,0.295368454231168,7.20490969496424e-07,0.685245901639344
"1766","Enterobacteriaceae.bacterium.9_2_54FAA",348,355,0.45759233773024,3.92441506110266e-18,0.980281690140845
"1767","Subdoligranulum.sp..MP158A7",270,291,0.442688139143207,8.59875597717497e-17,0.927835051546392
"1768","Lactococcus.lactis",232,188,0.20299893517379,0.00422288263648133,1.23404255319149
"1769","Terrisporobacter.sp..MP36E10",108,311,0.187574349957143,0.0114895977703664,0.347266881028939
"1770","Massiliomicrobiota.sp..HF30_ig1",92,338,0.245595702363673,0.000120750514922729,0.272189349112426
"1771","Flavonifractor.sp..MP70H9",331,334,0.487011191763871,5.89009270010906e-21,0.991017964071856
"1772","Lactobacillus.salivarius",294,314,0.685874790839656,8.41111509055132e-50,0.936305732484076
"1773","Faecalibacterium.prausnitzii",311,299,0.821325838589062,2.1034084946591e-88,1.04013377926421
"1774","Oscillospiraceae.bacterium.VE202.24",288,310,0.799065612474435,4.47210160924897e-80,0.929032258064516
"1775","Streptococcus.salivarius",277,264,0.625777295393704,8.42750843896066e-39,1.04924242424242
"1776","Streptococcus.thermophilus",212,181,0.675059485929913,1.26450062786676e-47,1.17127071823204
"1777","Lactobacillus.rhamnosus",325,237,0.4061590443382,8.23659160660913e-14,1.37130801687764
"1778","Streptococcus.sp..263_SSPC",255,338,0.488534685105498,4.15493610300645e-21,0.754437869822485
"1779","Staphylococcus.aureus",359,358,0.882457233146166,5.58260082460119e-119,1.00279329608939
"1780","Rothia.mucilaginosa",148,299,0.437980272924534,2.18410014701557e-16,0.494983277591973
"1781","Enterococcus.avium",327,324,0.725061448560032,1.51518808729723e-58,1.00925925925926
"1782","Clostridiales.bacterium.Marseille.P2846",355,355,0.752003517806386,1.70733673874801e-65,1
"1783","Roseburia.hominis",277,313,0.704882146626368,7.28351027595664e-54,0.884984025559105
"1784","uncultured.Dysgonomonas.sp.",237,361,0.621905853541652,3.567035987638e-38,0.656509695290859
"1785","Clostridium.sp..C105KSO14",211,296,0.521468724405046,1.28386823130848e-24,0.712837837837838
"1786","Dysgonomonas.capnocytophagoides",231,353,0.395930960097009,4.64568920179732e-13,0.654390934844193
"1787","Blautia.sp..VE303.05",139,170,0.514486155176064,7.59453400847634e-24,0.817647058823529
"1788","Anaerotruncus.colihominis",297,294,0.899460367562837,1.1892322601412e-130,1.01020408163265
"1789","Clostridium.sp..chh4.2",360,351,0.704002816466999,1.13898750562105e-53,1.02564102564103
"1790","Eggerthella.lenta",271,271,0.930865572110401,4.82932669734335e-159,1
"1791","Lachnospiraceae.bacterium.UBA1689",140,311,0.528499830657388,2.02411092709324e-25,0.45016077170418
"1792","Faecalicatena.contorta",299,317,0.325355897576621,1.83613017013207e-08,0.943217665615142
"1793","X.Clostridium..symbiosum",302,237,0.565182119866156,5.97903784313883e-30,1.27426160337553
"1794","Intestinibacter.sp..HF28",322,309,0.483037709152809,1.45969656601614e-20,1.042071197411
"1795","Hungatella.effluvii",187,318,0.466582948653716,5.75338901665116e-19,0.588050314465409
"1796","Blautia.coccoides",252,198,0.769528826770228,1.62502239263238e-70,1.27272727272727
"1797","Lachnoclostridium.sp..MP625H6_ig1",283,307,0.501836455874333,1.78201754569956e-22,0.921824104234528
"1798","Faecalibacterium.sp..AF28.13AC",190,349,0.404847492116725,1.02913553388571e-13,0.544412607449857
"1799","Anaeromassilibacillus.sp..An250",199,290,0.301044673796545,3.7512990982529e-07,0.686206896551724
"1800","Absiella.sp..VE303.07",208,218,0.432718886533145,6.05897740751774e-16,0.954128440366973
"1801","Merdimonas.faecis",151,315,0.200120839201811,0.00522006532590194,0.479365079365079
"1802","Lachnospiraceae.bacterium.6_1_37FAA",158,321,0.387682609667161,1.84487711692289e-12,0.49221183800623
"1803","Lachnoclostridium.sp..VE303.01",338,303,0.49128003717766,2.19829404187728e-21,1.11551155115512
"1804","Collinsella.tanakaei",323,353,0.516219406148796,4.89985405865971e-24,0.915014164305949
"1805","Clostridium.bolteae.CAG.59",308,307,0.306519128023806,1.98997673236147e-07,1.00325732899023
"1806","Anaerostipes.caccae",328,268,0.380587466239646,5.86205415699271e-12,1.22388059701493
"1807","Faecalimonas.umbilicata",218,316,0.276262586684359,5.8285338784278e-06,0.689873417721519
"1808","Absiella.sp..MP454B12",188,325,0.665178568226209,1.01307905657465e-45,0.578461538461538
"1809","Clostridiales.bacterium.59_14",331,337,0.777847514761944,4.69128428376765e-73,0.982195845697329
"1810","Sellimonas.intestinalis",325,320,0.830187164375,4.7869923104103e-92,1.015625
"1811","Lachnoclostridium.sp..HF18",339,307,0.637372860989323,9.78566570854513e-41,1.1042345276873
"1812","X.Clostridium..citroniae",259,259,0.896839943549848,1.01251058771976e-128,1
"1813","Clostridium.clostridioforme.CAG.511",326,325,0.824025964951983,1.7234921360431e-89,1.00307692307692
"1814","Tyzzerella.nexilis",201,281,0.60178004703497,4.61182034480367e-35,0.715302491103203
"1815","X.Ruminococcus..sp..MP172A10",289,325,0.330077045033086,9.88697310604502e-09,0.889230769230769
"1816","Eubacterium.callanderi",355,355,0.596393589066314,2.88138928027687e-34,1
"1817","Clostridia.bacterium.UC5.1.1F8",233,334,0.307959641607471,1.69095727153499e-07,0.697604790419162
"1818","X.Eubacterium..eligens",332,306,0.714932681921587,3.82102611420596e-56,1.08496732026144
"1819","X.Clostridium..sp..MP428B7re",65,350,0.32850398928806,1.21677619874738e-08,0.185714285714286
"1820","Bacteroides.sp..MP159D11",236,353,0.585559992103691,1.01983619264401e-32,0.668555240793201
"1821","Blautia.sp..HK34",316,285,0.583145260046276,2.22216664748808e-32,1.10877192982456
"1822","X.Ruminococcus..sp..MP495E3",294,294,0.565744993647942,5.05495153138887e-30,1
"1823","X.Clostridium..sp..HF14",296,311,0.733837005791996,1.03228022340134e-60,0.951768488745981
"1824","X.Clostridium..sp..MP562A3a",262,322,0.590922872377264,1.75663207235108e-33,0.813664596273292
"1825","X.Clostridium..sp..MP41B3",287,324,0.306752625264796,1.95151371608785e-07,0.885802469135803
"1826","Harryflintia.acetispora",300,331,0.843140294091747,8.86909053161456e-98,0.906344410876133
"1827","Blautia.sp..MP87G3",300,278,0.656507813123548,4.15479341727068e-44,1.07913669064748
"1828","Absiella.sp..MP351A7",314,321,0.829530317729548,9.05435903653023e-92,0.978193146417445
"1829","Lachnospiraceae.bacterium.TM07.2AC",348,348,0.430586714705018,9.09299493775744e-16,1
"1830","Hungatella.sp..MP626D7_ig1",271,329,0.298613571236675,4.90215525912606e-07,0.82370820668693
"1831","Erysipelatoclostridium.sp..MP562A4",341,341,0.379008639916686,7.48996905820346e-12,1
"1832","Absiella.sp..MP634G1_ig1",309,265,0.621463750448509,4.18991873660562e-38,1.16603773584906
"1833","Erysipelotrichaceae.bacterium.6_1_45",144,267,0.558682563239335,4.16131785834654e-29,0.539325842696629
"1834","Campylobacter.showae",283,354,0.51727169301203,3.76353435303958e-24,0.799435028248588
"1835","Lactobacillus.plantarum",238,263,0.398269891434623,3.13105658076736e-13,0.904942965779468
"1836","Haemophilus.haemolyticus",215,340,0.361855632683913,1.05798770648876e-10,0.63235294117647
"1837","Veillonella.sp..HF34",269,258,0.587840478498009,4.84210156082024e-33,1.04263565891473
"1838","Clostridium.butyricum",287,309,0.289810279511259,1.32593500360675e-06,0.928802588996764
"1839","Clostridium.sp..MP229B3",157,316,0.232927492764073,0.000370914086002752,0.496835443037975
"1840","Clostridium.paraputrificum",304,306,0.866080808471961,2.50850276463919e-109,0.993464052287582
"1841","Clostridiales.bacterium.VE202.14",324,323,0.783524910292765,7.45488240676199e-75,1.0030959752322
"1842","Intestinibacter.bartlettii",329,343,0.81460951341408,8.96990786622378e-86,0.959183673469388
"1843","Bifidobacterium.longum",252,253,0.633186056408727,4.99976368211042e-40,0.99604743083004
"1844","Intestinibacter.sp..MP232C5",306,307,0.784895262565956,2.6939332141134e-75,0.996742671009772
"1845","Veillonella.atypica",200,207,0.747720958109161,2.47846382950226e-64,0.966183574879227
"1846","Intestinibacter.sp..MP10A2",333,324,0.751948911037727,1.76248540080109e-65,1.02777777777778
"1847","Intestinibacter.sp..MP35A10",345,345,0.861537137954493,7.09418721164216e-107,1
"1848","Clostridium.sp..MP49A11",308,348,0.82223411034479,9.10191088132735e-89,0.885057471264368
"1849","Streptomyces.flaveus",152,230,0.21233619792527,0.00210019524553644,0.660869565217391
"1850","Providencia.rettgeri",333,332,0.36282928047425,9.17213536332273e-11,1.00301204819277
"1851","Lactobacillus.casei",166,317,0.282823075620166,2.8642882859454e-06,0.523659305993691
"1852","Bifidobacterium.breve",229,301,0.291541991129323,1.11683381362023e-06,0.760797342192691
"1853","Veillonella.tobetsuensis",290,321,0.700951455687815,5.34472620965397e-53,0.903426791277259
"1854","Lachnoclostridium.sp..MP429E6",281,307,0.642374742796439,1.36476154824441e-41,0.915309446254072
"1855","Clostridium.sp..MP5B6",331,331,0.846869649289174,1.59696622001131e-99,1
"1856","Veillonella.dispar",284,294,0.76732535417428,7.35066294251343e-70,0.965986394557823
"1857","Clostridium.cadaveris",292,316,0.337794213099228,3.41539619127627e-09,0.924050632911392
"1858","Clostridium.sp..MP113D9",272,357,0.89648960239793,1.81395299655626e-128,0.761904761904762
"1859","Clostridium.disporicum",350,341,0.798742334464761,5.79045765567792e-80,1.02639296187683
"1860","Lachnospiraceae.bacterium.9_1_43BFAA",257,301,0.66788584332674,3.0939453079503e-46,0.853820598006645
"1861","Clostridium.sp..MP551E06",335,358,0.904983192961818,6.69539843678909e-135,0.935754189944134
"1862","Prevotella.copri",318,351,0.855522002145958,9.19836570718386e-104,0.905982905982906
"1863","Sutterella.wadsworthensis",314,277,0.402440446661848,1.5406073890149e-13,1.13357400722022
"1864","Roseburia.sp..CAG.471",360,354,0.853895100674341,6.01669920181784e-103,1.01694915254237
"1865","Clostridiaceae.bacterium.OM08.6BH",365,358,0.518485045613187,2.76903811307843e-24,1.0195530726257
"1866","Oscillibacter.sp..57_20",188,361,0.525206651761295,4.87260058386917e-25,0.520775623268698
"1867","Intestinimonas.butyriciproducens",87,322,0.339049080936528,2.88204843415255e-09,0.270186335403727
"1868","Butyricicoccus.sp..MP621B1a_ig1",78,349,0.328461060412942,1.21677619874738e-08,0.223495702005731
"1869","Ruminococcus.sp..AM28.13",80,357,0.239218139412212,0.000214464273099566,0.224089635854342
"1870","Turicibacter.sanguinis",352,303,0.483771923516312,1.23714729460932e-20,1.16171617161716
"1871","Acholeplasmatales.bacterium",361,361,0.905465230041638,2.7764609569006e-135,1
"1872","Firmicutes.bacterium.CAG.102",143,359,0.489165440549255,3.61484488601126e-21,0.398328690807799
"1873","Firmicutes.bacterium.AM10.47",139,363,0.602068802301432,4.18751471183066e-35,0.382920110192837
"1874","Coprococcus.sp..MP227E11",205,355,0.75997495971183,1.00390312186093e-67,0.577464788732394
"1875","Lachnospiraceae.bacterium.3_1_57FAA_CT1",299,335,0.380264071060599,6.13799486769811e-12,0.892537313432836
"1876","Firmicutes.bacterium.CAG.94",252,311,0.342967560786677,1.65587028269322e-09,0.810289389067524
"1877","Lachnoclostridium.sp..An76",349,333,0.590916070027164,1.75663207235108e-33,1.04804804804805
"1878","Flavonifractor.sp..VE303.08",315,263,0.571764131208673,8.01091739451659e-31,1.19771863117871
"1879","Blautia.sp..HF17",311,272,0.239224180654626,0.000214464273099566,1.14338235294118
"1880","Flavonifractor.sp..MP42D4",347,347,0.498177541384874,4.33136686818869e-22,1
"1881","Lachnoclostridium.phocaeense",350,329,0.753606762357376,6.1978923680131e-66,1.06382978723404
"1882","Merdimonas.sp..HK63",55,332,0.380881767653453,5.62485185198781e-12,0.16566265060241
"1883","Eggerthella.sp..MP163B1",287,293,0.913109226461508,1.19516667807195e-141,0.979522184300341
"1884","Anaerostipes.sp..MP172A5",259,291,0.283317425417414,2.73853052236273e-06,0.890034364261168
"1885","Streptococcus.sp..MP494C11",243,318,0.209921210523085,0.00252779028494396,0.764150943396226
"1886","Streptococcus.sp..MP436A3re",342,322,0.517555059488849,3.51196595586145e-24,1.06211180124224
"1887","Robinsoniella.peoriensis",343,304,0.67380215181576,2.22168024302013e-47,1.12828947368421
"1888","Lachnospiraceae.bacterium.3_1_46FAA",357,319,0.39744607880342,3.59205832250274e-13,1.11912225705329
"1889","Clostridium.clostridioforme.CAG.132",273,322,0.496021622028483,7.20977561745409e-22,0.847826086956522
"1890","Streptococcus.sp..MP583D02",202,326,0.254141340177258,5.58592677556604e-05,0.619631901840491
"1891","Blautia.hominis",268,277,0.363456934806308,8.38667594934149e-11,0.967509025270758
"1892","Blautia.marasmi",306,269,0.530419184911317,1.21994125999149e-25,1.13754646840149
"1893","X.Clostridium..cocleatum",200,312,0.77871911205248,2.50749408704469e-73,0.641025641025641
"1894","Dorea.sp..MP625B1b_ig1",351,351,0.825573974308691,4.02444190611271e-90,1
"1895","X.Clostridium..sp..MP626E2_ig1",298,333,0.853919813834818,5.86206019862276e-103,0.894894894894895
"1896","Phascolarctobacterium.sp..VE800.04",181,309,0.405890592084766,8.5892877745934e-14,0.585760517799353
"1897","Kluyvera.georgiana",363,356,0.772800377056142,1.677429207445e-71,1.01966292134831
"1898","Flavonifractor.sp..HI30",324,320,0.559031686722139,3.76445703421914e-29,1.0125
"1899","Blautia.sp..MP87F8_2",230,302,0.519995305412887,1.88237649651883e-24,0.76158940397351
"1900","Lachnoclostridium.sp..HF22",363,332,0.431581778937754,7.52942758527836e-16,1.0933734939759
"1901","Beduini.massiliensis",209,337,0.182202788521839,0.015998455177686,0.620178041543027
"1902","Selenomonas.sp..oral.taxon.149",228,344,0.459218939922393,2.80140150815356e-18,0.662790697674419
"1903","Oribacterium.sinus",359,359,0.619060478484622,1.01171454383896e-37,1
"1904","Streptomyces.californicus",335,259,0.414206547527077,1.97039091194365e-14,1.29343629343629
"1905","Candidatus.Stoquefichus.sp..KLE1796",359,348,0.594975584770805,4.64130688395776e-34,1.0316091954023
"1906","Enterococcus.gallinarum",342,330,0.79931540707796,3.6637810968551e-80,1.03636363636364
"1907","Bacteroides.thetaiotaomicron",85,329,0.249044852140767,8.69142676922976e-05,0.258358662613982
"1908","Bacteroides.thetaiotaomicron.CAG.40",362,345,0.615056569619195,4.29608173863495e-37,1.04927536231884
"1909","Clostridium.sp..MP98B12",357,338,0.639157779209984,4.88455784331931e-41,1.05621301775148
"1910","Slackia.exigua",338,343,0.655166581623909,7.29052069936445e-44,0.985422740524781
"1911","Atopobium.parvulum",362,354,0.752237741426996,1.47601085513565e-65,1.0225988700565
"1912","Clostridia.bacterium.UC5.1.1D10",346,335,0.597995016500486,1.68206197943907e-34,1.03283582089552
"1913","uncultured.Roseburia.sp.",102,353,0.208241557536114,0.00285316348536275,0.288951841359773
"1914","Lawsonibacter.asaccharolyticus",100,320,0.345611516975178,1.13733951654727e-09,0.3125
"1915","X.Clostridium..innocuum",199,302,0.387726795314578,1.84413576273325e-12,0.658940397350993
"1916","X.Clostridium..methylpentosum",350,345,0.529763652151774,1.45096210214113e-25,1.01449275362319
"1917","Parasutterella.excrementihominis.CAG.233",309,311,0.71260189307257,1.31424698844292e-55,0.993569131832797
"1918","Negativibacillus.massiliensis",109,350,0.197203837894765,0.00616196224501219,0.311428571428571
"1919","Lactobacillus.animalis",339,338,0.822968014759467,4.61174401742287e-89,1.00295857988166
"1920","Citrobacter.werkmanii",304,353,0.854625754862199,2.59998318120672e-103,0.861189801699717
"1921","Veillonella.denticariosi",270,363,0.462284814994502,1.46210474302365e-18,0.743801652892562
"1922","Clostridium.nexile.CAG.348",300,334,0.843908563364191,3.9123438694493e-98,0.898203592814371
"1923","Hafnia.alvei",341,360,0.332871361227122,6.76879747534745e-09,0.947222222222222
"1924","Clostridium.saudiense",262,353,0.360540678812059,1.26459152375859e-10,0.742209631728045
"1925","Turicibacter.sp..MP236E3",345,344,0.863008992314501,1.16632581519292e-107,1.00290697674419
"1926","Lactobacillus.delbrueckii",343,342,0.434718801284574,4.13157914114749e-16,1.00292397660819
"1927","Enterococcaceae.bacterium.UBA6652",223,349,0.498088918581806,4.40508829973179e-22,0.638968481375358
"1928","X.Clostridium..lavalense",276,286,0.503351756954325,1.24208160286013e-22,0.965034965034965
"1929","Prevotella.oralis",365,343,0.360928077369081,1.20118491646374e-10,1.06413994169096
"1930","Intestinibacter.sp..MP112G1_01.17",321,346,0.390647943499701,1.13059226205505e-12,0.927745664739884
"1931","Lachnospiraceae.bacterium.6_1_63FAA",276,307,0.475451209320921,8.08896077642183e-20,0.899022801302932
"1932","Flavonifractor.sp..VE202.03",356,348,0.651225870780228,3.74088331439269e-43,1.02298850574713
"1933","Proteus.vulgaris",303,344,0.284087622186957,2.5351488356923e-06,0.880813953488372
"1934","Leuconostoc.gelidum",362,361,0.817252657608767,8.5497670910743e-87,1.00277008310249
"1935","Burkholderiales.bacterium",340,329,0.800601508406657,1.29590436215923e-80,1.03343465045593
"1936","Lachnoclostridium.phytofermentans",170,353,0.475992717452935,7.19299159312814e-20,0.481586402266289
"1937","Atopobium.sp..BS2",137,358,0.728182095672314,2.63523086502909e-59,0.38268156424581
"1938","Alistipes.onderdonkii",348,350,0.555962242339297,9.22027524594842e-29,0.994285714285714
"1939","Dorea.sp..VE202.26",132,353,0.365155867332655,6.48557929653268e-11,0.373937677053824
"1940","Coprococcus.sp..MP463H10",312,348,0.458108301597591,3.53425692142945e-18,0.896551724137931
"1941","Agathobaculum.desmolans",220,356,0.231631205976809,0.000411396886045494,0.617977528089888
"1942","Bacteroides.ovatus.CAG.22",363,354,0.571691665765879,8.16278938597069e-31,1.02542372881356
"1943","Megasphaera.sp..MP182G6",288,353,0.856269707956556,3.85577986789817e-104,0.81586402266289
"1944","Flavonifractor.sp..MP49B12re",295,331,0.663060966712743,2.53818264324539e-45,0.891238670694864
"1945","Aggregatibacter.segnis",277,363,0.412364911273761,2.7327816371183e-14,0.763085399449036
"1946","Flavonifractor.sp..An100",215,346,0.728119115255983,2.72331263680175e-59,0.621387283236994
"1947","Romboutsia.sp..MP35A8",332,355,0.889660479060148,1.09097341875953e-123,0.935211267605634
"1948","Ruminococcaceae.bacterium.UBA1417",182,354,0.61752952720864,1.7567471567307e-37,0.514124293785311
"1949","Alistipes.sp..Marseille.P2431",327,362,0.658831255542796,1.55906733515669e-44,0.903314917127072
"1950","Paenibacillus.macerans",349,353,0.908600531939319,7.94459148939608e-138,0.988668555240793
"1951","Dorea.sp..D27",358,361,0.887026287259328,6.27273840564195e-122,0.991689750692521
"1952","Flavonifractor.sp..HF26",346,345,0.375023337323806,1.38088992393407e-11,1.00289855072464
"1953","Coprobacillus.sp..MP12C8",232,355,0.523329990868585,7.95519173532186e-25,0.653521126760563
"1954","Klebsiella.quasivariicola",260,351,0.242126988197647,0.000167190413436713,0.740740740740741
"1955","Clostridium.sp..CAG.253",268,362,0.393258901839632,7.32608581265102e-13,0.740331491712707
"1956","Eubacterium.sp..CAG.202",334,357,0.503086680927015,1.32033232500849e-22,0.935574229691877
"1957","Streptococcus.sp..HK46",124,354,0.410228683054108,3.96561023004247e-14,0.350282485875706
"1958","Dielma.fastidiosa",139,349,0.494821939628999,9.58802108482892e-22,0.398280802292264
"1959","Bacteroides.sp..MP64F12",364,362,0.803913924553852,8.53139847988054e-82,1.00552486187845
"1960","Bifidobacterium.scardovii",234,335,0.251774760398987,6.69614316572955e-05,0.698507462686567
"1961","Citrobacter.farmeri",287,314,0.538009706319574,1.65582790672148e-26,0.914012738853503
"1962","X.Clostridium..clostridioforme",159,138,0.732695063347296,2.0249966274326e-60,1.15217391304348
"1963","Morganella.morganii",236,297,0.33140759829867,8.00144857750258e-09,0.794612794612795
"1964","Veillonella.parvula",283,145,0.461652097449641,1.82998328516215e-18,1.95172413793103
"1965","Enterococcus.casseliflavus",193,273,0.561393190017953,2.05185686945564e-29,0.706959706959707
"1966","Flavonifractor.plautii",264,252,0.616891193490386,2.2331812913912e-37,1.04761904761905
"1967","Hungatella.sp..MP68H3",282,278,0.459661317346073,2.78296206639988e-18,1.01438848920863
"1968","Clostridiales.bacterium.CCNA10",220,312,0.236654768155285,0.000260689043989919,0.705128205128205
"1969","Hungatella.sp..MP42C12",62,283,0.252322532622374,6.42997559635291e-05,0.219081272084806
"1970","Hafnia.paralvei",335,344,0.832590452264447,4.5883467395311e-93,0.973837209302326
"1971","Eubacteriaceae.bacterium.CHKCI004",144,329,0.213489801373942,0.00179068411033836,0.437689969604863
"1972","Citrobacter.pasteurii",360,347,0.64757613976044,1.66863656277909e-42,1.03746397694524
"1973","Dialister.invisus.CAG.218",346,257,0.384520312429945,3.40665845570319e-12,1.34630350194553
"1974","Campylobacter.gracilis",297,354,0.241283520472701,0.000172739549478471,0.838983050847458
"1975","Dialister.pneumosintes",256,329,0.344629625347464,1.36893167834661e-09,0.778115501519757
"1976","Dorea.sp..MP50E3",253,313,0.250579928786357,7.33315171378462e-05,0.808306709265176
"1977","Lachnospiraceae.bacterium.5_1_57FAA",337,306,0.640189603245445,3.24374136846451e-41,1.10130718954248
"1978","X.Clostridium..scindens",203,312,0.188869602465102,0.00931735458145911,0.650641025641026
"1979","Ruthenibacterium.lactatiformans",155,281,0.609373924029896,3.32715106277055e-36,0.551601423487544
"1980","Enterococcus.faecalis",188,312,0.253954057807898,5.52321334734777e-05,0.602564102564103
"1981","Ruthenibacterium.sp..VE800.03",289,284,0.79594350129988,5.62450069311377e-79,1.01760563380282
"1982","Erysipelatoclostridium.ramosum",179,305,0.208740841140355,0.00256862176932158,0.586885245901639
"1983","Citrobacter.freundii",93,248,0.304740542279459,2.41505473973939e-07,0.375
"1984","Subdoligranulum.sp..MP158A7",218,291,0.510108144442484,2.46040702014578e-23,0.74914089347079
"1985","Terrisporobacter.sp..MP36E10",309,311,0.515352312595029,6.59775769078313e-24,0.993569131832797
"1986","Flavonifractor.sp..MP70H9",144,334,0.230324577055621,0.00046456805509408,0.431137724550898
"1987","Lactobacillus.salivarius",351,314,0.566644952063195,4.23857447080703e-30,1.11783439490446
"1988","Faecalibacterium.prausnitzii",99,299,0.167096528538667,0.034175728186455,0.331103678929766
"1989","Oscillospiraceae.bacterium.VE202.24",65,310,0.176375131270796,0.0213542832458488,0.209677419354839
"1990","Streptococcus.salivarius",173,264,0.558757303736113,4.48780211030142e-29,0.65530303030303
"1991","Lactobacillus.rhamnosus",322,237,0.473455150333068,1.44248099609529e-19,1.35864978902954
"1992","Dakarella.massiliensis",275,347,0.666039292745436,7.05706715894502e-46,0.792507204610951
"1993","Streptococcus.sp..263_SSPC",362,338,0.205080760191684,0.00299302660896628,1.07100591715976
"1994","Rothia.mucilaginosa",141,299,0.205878765382736,0.00299302660896628,0.471571906354515
"1995","Clostridiales.bacterium.Marseille.P2846",348,355,0.87285074649912,3.83504321571065e-113,0.980281690140845
"1996","Roseburia.hominis",154,313,0.510987661101103,1.97629125615922e-23,0.492012779552716
"1997","Clostridium.sp..C105KSO14",245,296,0.177962401976092,0.0196722658976806,0.827702702702703
"1998","Roseburia.intestinalis",249,267,0.30195401566885,3.20811804987577e-07,0.932584269662921
"1999","Anaerotruncus.colihominis",292,294,0.854689650061606,2.47879747745984e-103,0.993197278911565
"2000","Clostridium.sp..chh4.2",357,351,0.804602185665711,4.96053735384593e-82,1.01709401709402
"2001","Eggerthella.lenta",270,271,0.937531026753687,8.5741065809178e-167,0.996309963099631
"2002","Eisenbergiella.massiliensis",209,300,0.206377401997684,0.00299302660896628,0.696666666666667
"2003","Lachnoclostridium.edouardi",141,362,0.327178279151556,1.3927556646632e-08,0.389502762430939
"2004","Faecalicatena.contorta",286,317,0.340409791469299,2.37244982031087e-09,0.902208201892745
"2005","X.Clostridium..symbiosum",330,237,0.37075488867564,2.93141419466525e-11,1.39240506329114
"2006","Intestinibacter.sp..HF28",249,309,0.363857567864929,8.31756244249622e-11,0.805825242718447
"2007","Hungatella.effluvii",226,318,0.381810647924733,5.17328601272766e-12,0.710691823899371
"2008","Blautia.producta",235,229,0.341943971121906,1.96970749835984e-09,1.02620087336245
"2009","Blautia.coccoides",266,198,0.785925271786179,1.27776820052663e-75,1.34343434343434
"2010","Firmicutes.bacterium.CAG.41",305,354,0.20622088940791,0.00299302660896628,0.861581920903955
"2011","Lachnoclostridium.sp..MP625H6_ig1",300,307,0.882098121140057,9.8141368905891e-119,0.977198697068404
"2012","Eggerthella.sp..MP69C2_2",321,303,0.480527966566866,2.98094982868749e-20,1.05940594059406
"2013","Firmicutes.bacterium.AM59.13",219,350,0.341754160566289,2.0071655261112e-09,0.625714285714286
"2014","Clostridia.bacterium.sp..MP500G6re",92,344,0.301609193631448,3.31143345614708e-07,0.267441860465116
"2015","Dysgonomonas.sp..UBA7710",355,362,0.653189633005901,1.67925530967336e-43,0.980662983425414
"2016","Lachnospiraceae.bacterium.6_1_37FAA",197,321,0.406058020837815,9.02468127883074e-14,0.613707165109034
"2017","Coprococcus.sp..MP37F7",301,325,0.316161991210619,5.85809434148511e-08,0.926153846153846
"2018","Lachnoclostridium.sp..VE303.01",335,303,0.657764795293799,2.46956863837397e-44,1.10561056105611
"2019","Tyzzerella.sp..MP10F1re",107,299,0.168223660641897,0.0328676381250637,0.357859531772575
"2020","Anaerostipes.caccae",330,268,0.566305571495108,4.68629768245838e-30,1.23134328358209
"2021","Absiella.sp..MP454B12",306,325,0.668015190245667,2.96668738291217e-46,0.941538461538462
"2022","Hungatella.sp..MP550A3",348,314,0.242441787151442,0.000156893894442278,1.10828025477707
"2023","Sellimonas.intestinalis",310,320,0.794966521205145,1.21603045848341e-78,0.96875
"2024","Lachnoclostridium.sp..HF18",254,307,0.536532477572518,2.48533694459682e-26,0.827361563517915
"2025","X.Clostridium..citroniae",259,259,0.897050758722279,7.3774950651476e-129,1
"2026","Clostridium.clostridioforme.CAG.511",323,325,0.778312398824411,3.46289489286558e-73,0.993846153846154
"2027","Tyzzerella.nexilis",152,281,0.385427447896807,3.00302261412698e-12,0.540925266903915
"2028","Roseburia.faecis",347,310,0.527292597724008,2.96679530036698e-25,1.11935483870968
"2029","Clostridia.bacterium.UC5.1.1F8",312,334,0.638602147236049,6.06585188704209e-41,0.934131736526946
"2030","X.Eubacterium..eligens",328,306,0.483169245147552,1.62637484593097e-20,1.0718954248366
"2031","Roseburia.sp..MP78A7",348,326,0.35615801088578,2.63327654367525e-10,1.06748466257669
"2032","X.Clostridium..sp..MP428B7re",92,350,0.403336106848911,1.44325990380141e-13,0.262857142857143
"2033","Bacteroides.sp..MP159D11",206,353,0.283010155920674,2.66460164566067e-06,0.58356940509915
"2034","Blautia.sp..HK34",276,285,0.390753557064278,1.24238781445934e-12,0.968421052631579
"2035","X.Clostridium..sp..HF14",254,311,0.217556302295591,0.00131106414111942,0.816720257234727
"2036","X.Clostridium..sp..MP41B3",292,324,0.33463584652917,5.19323904100412e-09,0.901234567901235
"2037","Harryflintia.acetispora",335,331,0.78514247637679,2.29247725378573e-75,1.01208459214502
"2038","Blautia.sp..MP87G3",321,278,0.342260289051119,1.89781925497307e-09,1.15467625899281
"2039","Absiella.sp..MP351A7",321,321,0.872790456343735,4.14777454878875e-113,1
"2040","Lachnospiraceae.bacterium.TM07.2AC",341,348,0.887923951313001,1.66143845999352e-122,0.979885057471264
"2041","Absiella.sp..MP634G1_ig1",289,265,0.557144558529284,7.1728105544723e-29,1.09056603773585
"2042","Erysipelotrichaceae.bacterium.6_1_45",322,267,0.170748092048211,0.0296744451045439,1.2059925093633
"2043","Veillonella.rogosae",300,298,0.337313627736557,3.62405047859032e-09,1.00671140939597
"2044","Raoultella.ornithinolytica",200,314,0.250727491364026,7.33315171378462e-05,0.636942675159236
"2045","Enterobacter.hormaechei",348,335,0.743744931980658,2.91720488907191e-63,1.03880597014925
"2046","Haemophilus.haemolyticus",288,340,0.772732862968424,1.82533106709195e-71,0.847058823529412
"2047","Clostridium.neonatale",306,295,0.737328355844069,1.35865741733806e-61,1.03728813559322
"2048","Veillonella.sp..HF34",254,258,0.737061138793416,1.58659252353891e-61,0.984496124031008
"2049","Clostridium.butyricum",269,309,0.519680293588633,2.17815669235768e-24,0.870550161812298
"2050","Clostridium.paraputrificum",302,306,0.848717845157817,2.13125190084096e-100,0.986928104575163
"2051","Clostridiales.bacterium.VE202.14",177,323,0.322012384212242,2.74932096546693e-08,0.547987616099071
"2052","Intestinibacter.bartlettii",343,343,0.819213181754222,1.49113228171325e-87,1
"2053","Bifidobacterium.longum",257,253,0.76799040233905,4.85627141011385e-70,1.01581027667984
"2054","Intestinibacter.sp..MP232C5",323,307,0.55625496038389,9.26772102648565e-29,1.05211726384365
"2055","Veillonella.atypica",178,207,0.75768244155828,4.67190703683256e-67,0.859903381642512
"2056","Intestinibacter.sp..MP39A7",272,321,0.433701214999251,5.25471524957363e-16,0.847352024922118
"2057","Intestinibacter.sp..MP10A2",344,324,0.578185824257131,1.17076590757212e-31,1.06172839506173
"2058","Intestinibacter.sp..MP35A10",346,345,0.856071692991583,4.9795639132027e-104,1.00289855072464
"2059","Clostridium.sp..MP49A11",313,348,0.730448755255368,7.34135779708297e-60,0.899425287356322
"2060","Klebsiella.quasipneumoniae",342,338,0.566203489304666,4.8180151906032e-30,1.01183431952663
"2061","Shigella.boydii",360,356,0.586641754298082,7.67793890242164e-33,1.01123595505618
"2062","Lactobacillus.casei",303,317,0.668123320355211,2.83676256890716e-46,0.95583596214511
"2063","Bifidobacterium.breve",261,301,0.654051221374704,1.17499740718237e-43,0.867109634551495
"2064","Lachnoclostridium.sp..MP429E6",340,307,0.476862831782934,6.76919370188075e-20,1.10749185667752
"2065","Clostridium.sp..MP5B6",332,331,0.751772885488674,2.0357647598394e-65,1.00302114803625
"2066","Veillonella.dispar",312,294,0.70851822043359,1.15190354690904e-54,1.06122448979592
"2067","Veillonella.infantium",315,309,0.621555188366043,4.0235281477589e-38,1.01941747572816
"2068","Clostridium.sp..MP113D9",241,357,0.822800834214142,5.52493829828063e-89,0.675070028011205
"2069","Blautia.sp..MP624D4_ig1",322,297,0.689460772431728,1.56693956788719e-50,1.08417508417508
"2070","Clostridium.disporicum",338,341,0.328760687690561,1.13190142867454e-08,0.991202346041056
"2071","Clostridium.sp..MP88D4_2",250,348,0.446822210393334,3.95934370760003e-17,0.718390804597701
"2072","Lachnospiraceae.bacterium.9_1_43BFAA",317,301,0.471903391567556,2.01442162763321e-19,1.0531561461794
"2073","Clostridium.sp..MP551E06",358,358,0.855104108112697,1.53595254195098e-103,1
"2074","Clostridium.sp..MP35F6",360,342,0.55439026126278,1.6001325824672e-28,1.05263157894737
"2075","X.Ruminococcus..sp..HF10",349,329,0.441706553550025,1.11379264178891e-16,1.06079027355623
"2076","Prevotella.sp..MP325B2",295,363,0.429403727211475,1.19885051619038e-15,0.81267217630854
"2077","Sutterella.wadsworthensis",234,277,0.441133132766632,1.24421616280805e-16,0.844765342960289
"2078","Clostridiaceae.bacterium.OM08.6BH",364,358,0.626806877402641,5.67520717450075e-39,1.01675977653631
"2079","Eubacterium.rectale.CAG.36",212,346,0.401901481511962,1.84028591183549e-13,0.61271676300578
"2080","Blautia.sp..MP78G6",114,316,0.446491481011703,4.21619936104487e-17,0.360759493670886
"2081","Holdemania.filiformis",212,318,0.302404716034435,3.06674352935169e-07,0.666666666666667
"2082","Dorea.sp..MP626F10b_ig1",356,349,0.801965753576444,4.36545437666303e-81,1.02005730659026
"2083","Romboutsia.timonensis",310,326,0.51262761614811,1.31188411249934e-23,0.950920245398773
"2084","X.Clostridium..leptum",305,313,0.831755700969121,1.04506065112159e-92,0.97444089456869
"2085","Coprococcus.sp..MP157E12",157,362,0.366445353604184,5.67397909797126e-11,0.433701657458564
"2086","Butyricicoccus.sp..MP621B1a_ig1",145,349,0.303562209742865,2.68312345631315e-07,0.415472779369628
"2087","Turicibacter.sanguinis",341,303,0.518330380455687,3.08615207019563e-24,1.12541254125413
"2088","Clostridiaceae.bacterium.AF29.16BH",271,357,0.532874069323632,6.74822126224286e-26,0.759103641456583
"2089","Coprococcus.sp..MP227E11",152,355,0.340789074711218,2.26653202362315e-09,0.428169014084507
"2090","Lachnoclostridium.sp..An76",360,333,0.577235802723155,1.57855640428213e-31,1.08108108108108
"2091","Flavonifractor.sp..VE303.08",279,263,0.844686972599099,1.73279858195721e-98,1.06083650190114
"2092","Blautia.sp..HF17",361,272,0.263547772521091,2.11094838106156e-05,1.32720588235294
"2093","Flavonifractor.sp..MP42D4",347,347,0.636237512372601,1.52314890273482e-40,1
"2094","uncultured.Flavonifractor.sp.",198,311,0.30441043756549,2.46488700739068e-07,0.636655948553055
"2095","Lachnoclostridium.phocaeense",353,329,0.653151068994025,1.70123165001356e-43,1.07294832826748
"2096","Eggerthella.sp..MP163B1",282,293,0.881203742510955,3.56941690520057e-118,0.962457337883959
"2097","Flavonifractor.sp..HI42_ig2",125,352,0.308027241900262,1.62667427913242e-07,0.355113636363636
"2098","Streptococcus.sp..MP436A3re",161,322,0.375178522091013,1.47093222062596e-11,0.5
"2099","Robinsoniella.peoriensis",325,304,0.773411968951295,1.13568865821118e-71,1.06907894736842
"2100","Streptococcus.sp..MP111E2",152,319,0.533939387093713,5.0596438701417e-26,0.476489028213166
"2101","Romboutsia.sp..MP172A7",358,350,0.668995399984881,1.93971067391604e-46,1.02285714285714
"2102","Clostridium.clostridioforme.CAG.132",84,322,0.352188111988645,4.74941989726685e-10,0.260869565217391
"2103","Streptococcus.sp..MP583D02",254,326,0.474949303954128,1.03962982107837e-19,0.779141104294479
"2104","X.Clostridium..cocleatum",298,312,0.875574067898403,9.67308699047517e-115,0.955128205128205
"2105","Dorea.sp..MP625B1b_ig1",351,351,0.835810176498957,1.82824019904274e-94,1
"2106","X.Clostridium..sp..MP626E2_ig1",334,333,0.86964725308492,2.62303969402803e-111,1.003003003003
"2107","Phascolarctobacterium.sp..VE800.04",261,309,0.409777584098962,4.63036013747928e-14,0.844660194174757
"2108","Streptococcus.australis",142,351,0.304161047057346,2.51620566476768e-07,0.404558404558405
"2109","Kluyvera.georgiana",262,356,0.343103469834652,1.69421663468291e-09,0.735955056179775
"2110","Clostridium.sp..MP184A8b",173,358,0.3168825592303,5.38164733842242e-08,0.483240223463687
"2111","Streptococcus.oralis",344,329,0.730548036398425,6.95470325933511e-60,1.04559270516717
"2112","Coprococcus.eutactus",157,357,0.360558560545457,1.37576231464554e-10,0.439775910364146
"2113","Streptococcus.anginosus",350,324,0.645738214305055,3.51569497028126e-42,1.08024691358025
"2114","Parabacteroides.distasonis",188,298,0.297472794234945,5.32803031249913e-07,0.630872483221476
"2115","Parasutterella.excrementihominis",287,285,0.459364698936882,2.93647958004797e-18,1.00701754385965
"2116","Leptotrichia.sp..oral.taxon.215",337,363,0.459423142282878,2.91444324593713e-18,0.928374655647383
"2117","Salmonella.enterica",359,340,0.467033156027854,5.7682939754663e-19,1.05588235294118
"2118","Campylobacter.concisus",222,315,0.285600642111688,2.07438506367787e-06,0.704761904761905
"2119","Clostridiaceae.bacterium.OM02.2AC",130,351,0.333499274849554,6.03438358528055e-09,0.37037037037037
"2120","Enterococcus.gallinarum",336,330,0.877727431912349,4.92895887705857e-116,1.01818181818182
"2121","Bacteroides.thetaiotaomicron.CAG.40",360,345,0.652366566463194,2.3516676949303e-43,1.04347826086957
"2122","Bacteroides.sp..MP264A7",245,352,0.451215297670099,1.60815658502607e-17,0.696022727272727
"2123","Clostridiales.bacterium.Nov_37_41",361,349,0.640797037985363,2.55534705459238e-41,1.03438395415473
"2124","Absiella.sp..HF20_ig1",310,307,0.67813973433525,3.16011648189325e-48,1.00977198697068
"2125","X.Kluyvera..intestini",353,353,0.466117798599068,6.98556768437551e-19,1
"2126","Citrobacter.sp..MP378F5",227,349,0.514634969377421,7.90449370945317e-24,0.650429799426934
"2127","Clostridia.bacterium.UC5.1.1D10",364,335,0.45038453541221,1.90270436961059e-17,1.0865671641791
"2128","Anaerotignum.lactatifermentans",313,310,0.525366843465341,4.91459940799595e-25,1.00967741935484
"2129","Lawsonibacter.asaccharolyticus",228,320,0.215203654145719,0.00157685699011684,0.7125
"2130","X.Clostridium..innocuum",202,302,0.345365180574462,1.23996129392701e-09,0.66887417218543
"2131","Massiliomicrobiota.sp..HK52",249,350,0.708606341489041,1.10335151719231e-54,0.711428571428571
"2132","Parasutterella.excrementihominis.CAG.233",329,311,0.65128190091191,3.66650363665289e-43,1.05787781350482
"2133","Streptococcus.vestibularis",211,319,0.473060921429096,1.56876851776008e-19,0.661442006269592
"2134","Lactobacillus.animalis",320,338,0.844548284537934,2.00704774868455e-98,0.946745562130177
"2135","Blautia.sp..N6H1.15",277,324,0.529787133995458,1.53869508830851e-25,0.854938271604938
"2136","Citrobacter.werkmanii",335,353,0.823127723866313,4.08402985872917e-89,0.949008498583569
"2137","Clostridium.nexile.CAG.348",335,334,0.853302539112602,1.2206532446574e-102,1.00299401197605
"2138","Hafnia.alvei",361,360,0.557628787365717,6.25729764052495e-29,1.00277777777778
"2139","Clostridium.sp..MP77A2",357,350,0.754628807507998,3.33054416079076e-66,1.02
"2140","Turicibacter.sp..MP236E3",345,344,0.82035339656648,5.27460086322892e-88,1.00290697674419
"2141","Enterococcaceae.bacterium.UBA6652",344,349,0.54628946507372,1.6266469038586e-27,0.98567335243553
"2142","Faecalibacterium.sp..UBA1819",356,356,0.473665409517057,1.38223276559726e-19,1
"2143","X.Clostridium..lavalense",349,286,0.511375727754145,1.79805469486523e-23,1.22027972027972
"2144","Prevotella.oralis",357,343,0.652036319252103,2.68942102110743e-43,1.04081632653061
"2145","X.Clostridium..asparagiforme",309,330,0.722004943752046,8.42109613460108e-58,0.936363636363636
"2146","Intestinibacter.sp..MP112G1_01.17",313,346,0.567952015710346,2.85721723167609e-30,0.904624277456647
"2147","Lachnospiraceae.bacterium.6_1_63FAA",289,307,0.33872511421478,2.99180626099113e-09,0.941368078175896
"2148","Flavonifractor.sp..VE202.03",334,348,0.822760503425891,5.72217605926539e-89,0.959770114942529
"2149","Xanthomonas.campestris",239,363,0.589764756182332,2.75855888635298e-33,0.658402203856749
"2150","Lactobacillus.paraplantarum",362,362,0.906123096829637,8.52965391793694e-136,1
"2151","Pyramidobacter.piscolens",366,363,0.586982519172216,6.88851027817258e-33,1.00826446280992
"2152","Burkholderiales.bacterium",343,329,0.804910733937345,3.8437218067501e-82,1.04255319148936
"2153","Erysipelotrichaceae.bacterium.2_2_44A",355,350,0.58162204206797,3.90393762434663e-32,1.01428571428571
"2154","Lachnoclostridium.phytofermentans",143,353,0.400818832317233,2.21557941175977e-13,0.405099150141643
"2155","Alistipes.onderdonkii",361,350,0.527026153323478,3.17392042486539e-25,1.03142857142857
"2156","Actinomyces.bouchesdurhonensis",328,343,0.38462755106366,3.36797450305631e-12,0.956268221574344
"2157","Coprococcus.sp..MP463H10",217,348,0.47877844405287,4.41328146214171e-20,0.623563218390805
"2158","Agathobaculum.desmolans",356,356,0.910316497789227,3.04180326756145e-139,1
"2159","Bacteroides.vulgatus.CAG.6",336,361,0.67795048339862,3.43711890866324e-48,0.930747922437673
"2160","Bacteroides.ovatus.CAG.22",363,354,0.552978657939843,2.3939421062033e-28,1.02542372881356
"2161","Prevotella.sp..MP237E2",362,360,0.87194216000434,1.28262207974703e-112,1.00555555555556
"2162","Megasphaera.sp..MP182G6",312,353,0.888177899736679,1.12774284407901e-122,0.88385269121813
"2163","Flavonifractor.sp..MP49B12re",320,331,0.850400089104069,3.27053193299627e-101,0.966767371601209
"2164","Cryptobacterium.curtum",339,362,0.470483631716172,2.73930453895649e-19,0.93646408839779
"2165","Absiella.sp..MP558F11",226,362,0.314214932118676,7.48164455668392e-08,0.624309392265193
"2166","Flavonifractor.sp..An100",360,346,0.69845440637259,1.93173721735621e-52,1.04046242774566
"2167","Romboutsia.sp..MP35A8",357,355,0.809750908311011,6.37240056611614e-84,1.0056338028169
"2168","Ruminococcaceae.bacterium.UBA1417",131,354,0.426114191231755,2.22658444479533e-15,0.370056497175141
"2169","Paenibacillus.macerans",353,353,0.873614775446429,1.37729979552876e-113,1
"2170","Dorea.sp..D27",363,361,0.803850973923828,9.24620022690957e-82,1.00554016620499
"2171","Penicillium.roqueforti",150,362,0.557283478674289,6.90808421644066e-29,0.414364640883978
"2172","Flavonifractor.sp..HF26",296,345,0.301188379091053,3.44982406207164e-07,0.857971014492754
"2173","Collinsella.sp..MP185E4",361,359,0.883599072508587,1.09599292411514e-119,1.00557103064067
"2174","Clostridium.sp..CAG.253",257,362,0.479319265689805,3.91690140972733e-20,0.709944751381215
"2175","Dielma.fastidiosa",97,349,0.345788368435669,1.17521561083687e-09,0.277936962750716
"2176","Anaerofilum.sp..An201",131,353,0.683939755676434,2.14799465657212e-49,0.371104815864023
"2177","Erysipelatoclostridium.sp..VE202.01",359,359,0.875490853066281,1.08163813033156e-114,1
"2178","Shigella.flexneri",362,351,0.664153329231263,1.60359408487563e-45,1.03133903133903
"2179","X.Clostridium..aerotolerans",301,361,0.379869594146909,7.05252840752868e-12,0.833795013850416
"2180","Actinomyces.sp..oral.taxon.414",344,363,0.470060940701015,2.99513105229134e-19,0.947658402203857
"2181","Bacteroides.sp..MP64F12",364,362,0.793778398593884,3.08998891627e-78,1.00552486187845
"2182","Bifidobacterium.scardovii",211,335,0.257883342301214,3.84099125201334e-05,0.629850746268657
"2183","Citrobacter.farmeri",267,314,0.85043168246435,3.186633395437e-101,0.85031847133758
"2184","X.Clostridium..clostridioforme",162,138,0.822222003277994,9.50765168565402e-89,1.17391304347826
"2185","Morganella.morganii",157,297,0.301036247191304,3.95496582953144e-07,0.528619528619529
"2186","Veillonella.parvula",174,145,0.471984401715558,1.86679607691527e-19,1.2
"2187","Flavonifractor.plautii",154,252,0.471896414746924,1.894429517722e-19,0.611111111111111
"2188","Hungatella.sp..MP68H3",102,278,0.281832792704647,3.40894767356857e-06,0.366906474820144
"2189","Hafnia.paralvei",328,344,0.578821721618584,8.76945724185412e-32,0.953488372093023
"2190","Hungatella.sp..MP403D11",343,308,0.402213902303958,1.63396202747988e-13,1.11363636363636
"2191","Bifidobacterium.dentium",217,243,0.208654331419257,0.00241860704941409,0.893004115226337
"2192","Citrobacter.pasteurii",252,347,0.366634717055205,5.54808611836865e-11,0.726224783861671
"2193","Dialister.pneumosintes",313,329,0.393166624273839,7.70012107874574e-13,0.951367781155015
"2194","Dorea.sp..MP50E3",253,313,0.465730129263891,7.30866339989838e-19,0.808306709265176
"2195","X.Clostridium..scindens",255,312,0.253631969321385,5.70891351213556e-05,0.817307692307692
"2196","Ruthenibacterium.lactatiformans",156,281,0.598552315052771,1.34208458342777e-34,0.555160142348754
"2197","Enterococcus.faecalis",301,312,0.420178264977236,6.61962985890471e-15,0.96474358974359
"2198","Enterococcus.faecium",284,245,0.468792410999872,3.7418128304135e-19,1.15918367346939
"2199","Ruthenibacterium.sp..VE800.03",252,284,0.629593728876926,1.90203926896235e-39,0.887323943661972
"2200","Oscillibacter.sp..MP229B9a",232,330,0.288715508598424,1.61613295330724e-06,0.703030303030303
"2201","Erysipelatoclostridium.ramosum",302,305,0.654120038704559,1.11000525152496e-43,0.99016393442623
"2202","Citrobacter.braakii",324,324,0.482487968838297,1.80260748328839e-20,1
"2203","Citrobacter.freundii",266,248,0.551578210720363,3.32232467267696e-28,1.07258064516129
"2204","Subdoligranulum.sp..MP158A7",263,291,0.712503583087336,1.40865068390103e-55,0.903780068728522
"2205","Lactococcus.lactis",250,188,0.468913679137717,3.66106971795333e-19,1.32978723404255
"2206","Flavonifractor.sp..MP167A6",307,317,0.317877485848793,5.04410710250465e-08,0.968454258675079
"2207","Lactobacillus.salivarius",317,314,0.597398854651977,1.97543261063423e-34,1.00955414012739
"2208","Oscillospiraceae.bacterium.VE202.24",73,310,0.41464530532237,1.83895010570494e-14,0.235483870967742
"2209","Streptococcus.salivarius",322,264,0.571909847274485,7.6550318266522e-31,1.21969696969697
"2210","Erysipelatoclostridium.sp..MP95D5",309,317,0.233034311682557,0.000380098697285076,0.974763406940063
"2211","Lactobacillus.rhamnosus",313,237,0.50886486566807,3.2982005648823e-23,1.32067510548523
"2212","Dakarella.massiliensis",344,347,0.343311493780934,1.69874716189684e-09,0.99135446685879
"2213","Actinomyces.sp..HPA0247",298,303,0.238867892453392,0.000229356239596519,0.983498349834984
"2214","Streptococcus.sp..263_SSPC",362,338,0.186387777283038,0.0115735504431261,1.07100591715976
"2215","Actinomyces.odontolyticus",359,354,0.734487422064223,7.12636773426112e-61,1.01412429378531
"2216","Prevotella.nigrescens",215,363,0.333527881088697,6.39627588538297e-09,0.59228650137741
"2217","Enterococcus.avium",216,324,0.334460514054508,5.66133774076506e-09,0.666666666666667
"2218","Akkermansia.muciniphila",328,342,0.214487339725804,0.00154062274475391,0.95906432748538
"2219","Clostridiales.bacterium.Marseille.P2846",346,355,0.806094222547345,1.4249291993195e-82,0.974647887323944
"2220","Roseburia.hominis",241,313,0.696293469594871,5.52447379840458e-52,0.769968051118211
"2221","uncultured.Dysgonomonas.sp.",138,361,0.261110130344014,2.81405372279452e-05,0.382271468144044
"2222","Clostridium.sp..C105KSO14",270,296,0.341267063065313,2.20811836005837e-09,0.912162162162162
"2223","Blautia.sp..VE303.05",175,170,0.195437257528575,0.006756136330462,1.02941176470588
"2224","Anaerotruncus.colihominis",301,294,0.905747044581184,1.69587998075324e-135,1.02380952380952
"2225","Clostridium.sp..chh4.2",359,351,0.772976124407757,1.53886135206664e-71,1.02279202279202
"2226","Eggerthella.lenta",271,271,0.943483842335336,1.71178203208439e-174,1
"2227","Eisenbergiella.massiliensis",265,300,0.172321357984564,0.0293498581588132,0.883333333333333
"2228","Lachnospiraceae.bacterium.UBA1689",166,311,0.218371237283345,0.001171816170042,0.533762057877814
"2229","Clostridia.bacterium.sp..MP232D4",342,342,0.451603549358241,1.43690699381509e-17,1
"2230","X.Clostridium..symbiosum",311,237,0.297505899165103,5.92353632779277e-07,1.31223628691983
"2231","Intestinibacter.sp..HF28",321,309,0.50332284487714,1.29137510695932e-22,1.03883495145631
"2232","Blautia.producta",195,229,0.164818983457894,0.0459838472636114,0.851528384279476
"2233","Blautia.coccoides",281,198,0.745397815133903,1.06513309252877e-63,1.41919191919192
"2234","Absiella.sp..VE303.07",209,218,0.350247017982441,6.3418953515695e-10,0.958715596330275
"2235","Lachnospiraceae.bacterium.6_1_37FAA",225,321,0.383303009579566,3.9556889145544e-12,0.700934579439252
"2236","Lachnoclostridium.sp..VE303.01",315,303,0.698223606781997,2.12415191062097e-52,1.03960396039604
"2237","Collinsella.tanakaei",353,353,0.662056294629685,3.84759503033975e-45,1
"2238","Anaerostipes.caccae",231,268,0.374387786927237,1.64804826826502e-11,0.861940298507463
"2239","Sellimonas.intestinalis",325,320,0.824082128651451,1.68430590375318e-89,1.015625
"2240","Lachnoclostridium.sp..HF18",343,307,0.632575858634645,6.08606593164741e-40,1.11726384364821
"2241","X.Clostridium..citroniae",259,259,0.90102935080075,8.02264568552488e-132,1
"2242","Clostridium.clostridioforme.CAG.511",319,325,0.803806854951009,9.56699660254538e-82,0.981538461538462
"2243","Clostridia.bacterium.UC5.1.1D4",247,305,0.191418082787406,0.00856534577385362,0.80983606557377
"2244","Firmicutes.bacterium.CAG.552_39_19",254,345,0.252296255472219,6.34955264165638e-05,0.736231884057971
"2245","Tyzzerella.nexilis",157,281,0.47864552081921,4.2818953970061e-20,0.558718861209964
"2246","Eubacterium.callanderi",283,355,0.636616032928758,1.27923029409959e-40,0.797183098591549
"2247","Roseburia.sp..MP78A7",329,326,0.44714375314787,3.55111165346512e-17,1.00920245398773
"2248","X.Clostridium..sp..MP428B7re",88,350,0.271989869644675,9.02865626642868e-06,0.251428571428571
"2249","Bacteroides.sp..MP159D11",334,353,0.682714223324615,3.72892648599461e-49,0.946175637393768
"2250","Blautia.sp..HK34",207,285,0.570374379075077,1.22958234072471e-30,0.726315789473684
"2251","X.Ruminococcus..sp..MP495E3",220,294,0.366933972788945,5.33159052201558e-11,0.748299319727891
"2252","X.Clostridium..sp..HF14",351,311,0.542601627226924,4.23762107973241e-27,1.12861736334405
"2253","X.Clostridium..sp..MP562A3a",325,322,0.653733844055205,1.29646665602695e-43,1.00931677018634
"2254","Harryflintia.acetispora",289,331,0.729039938974527,1.6414281403254e-59,0.873111782477341
"2255","Blautia.sp..MP87G3",292,278,0.777612108581719,5.73568386517681e-73,1.05035971223022
"2256","Anaerotruncus.sp..VE303.02",252,293,0.38235172393374,4.60151177122835e-12,0.860068259385666
"2257","Absiella.sp..MP351A7",324,321,0.812557349560356,5.66432655054705e-85,1.00934579439252
"2258","Lachnospiraceae.bacterium.TM07.2AC",352,348,0.807214930977572,5.54668685423543e-83,1.01149425287356
"2259","X.Clostridium..sp..MP556F05",287,326,0.295268209445982,7.69821576940414e-07,0.880368098159509
"2260","Absiella.sp..MP634G1_ig1",301,265,0.653030788032645,1.73339693599549e-43,1.13584905660377
"2261","Erysipelotrichaceae.bacterium.6_1_45",321,267,0.607238162172451,6.78036955112716e-36,1.20224719101124
"2262","Raoultella.ornithinolytica",290,314,0.478259689878898,4.65409584966446e-20,0.923566878980892
"2263","Enterobacter.hormaechei",141,335,0.442687997899128,8.64704184964498e-17,0.42089552238806
"2264","Haemophilus.haemolyticus",212,340,0.541777647261962,5.32447473413882e-27,0.623529411764706
"2265","Sellimonas.sp..VE303.03",248,303,0.610600065548721,2.07813333714382e-36,0.818481848184819
"2266","Clostridium.butyricum",316,309,0.787418070981397,4.14218371769984e-76,1.02265372168285
"2267","Clostridium.sp..MP229B3",311,316,0.599233274459363,1.0705450649692e-34,0.984177215189873
"2268","Clostridium.paraputrificum",306,306,0.827247114563779,8.42049283739691e-91,1
"2269","Clostridiales.bacterium.VE202.14",304,323,0.673261409834122,2.82736436707245e-47,0.941176470588235
"2270","Intestinibacter.bartlettii",308,343,0.604746855233264,1.60935875140798e-35,0.897959183673469
"2271","Bifidobacterium.longum",322,253,0.619175880023258,9.37644154138624e-38,1.27272727272727
"2272","Intestinibacter.sp..MP232C5",315,307,0.740321597093332,2.28159583483455e-62,1.02605863192182
"2273","Veillonella.atypica",171,207,0.655478681573867,6.29410280006778e-44,0.826086956521739
"2274","Intestinibacter.sp..MP39A7",342,321,0.66324179110681,2.31080660304736e-45,1.06542056074766
"2275","Intestinibacter.sp..MP10A2",344,324,0.747135637501892,3.68101195937293e-64,1.06172839506173
"2276","Veillonella.sp..MP19D1_02.09",202,234,0.56349537736095,9.90678465198342e-30,0.863247863247863
"2277","Intestinibacter.sp..MP35A10",347,345,0.841440686015147,5.53965153833927e-97,1.00579710144928
"2278","Clostridium.sp..MP49A11",339,348,0.713575891351827,7.99533284635685e-56,0.974137931034483
"2279","Streptococcus.mitis",327,324,0.398827826054547,2.91594604040685e-13,1.00925925925926
"2280","Lactobacillus.vaginalis",182,344,0.254467414440761,5.31735457436034e-05,0.52906976744186
"2281","Bifidobacterium.breve",276,301,0.665262439688607,9.64671643754031e-46,0.916943521594684
"2282","Veillonella.tobetsuensis",289,321,0.566879346216137,3.58613522407633e-30,0.900311526479751
"2283","Lachnoclostridium.sp..MP429E6",252,307,0.592229273416116,1.11932484268713e-33,0.820846905537459
"2284","Clostridium.sp..MP5B6",331,331,0.822653183152103,6.3855220298405e-89,1
"2285","Veillonella.dispar",322,294,0.716760729451109,1.45576922212711e-56,1.0952380952381
"2286","Lactobacillus.gasseri",234,329,0.327549939943367,1.43720430986887e-08,0.711246200607903
"2287","Clostridium.sp..MP113D9",354,357,0.912183937479673,7.72664143801993e-141,0.991596638655462
"2288","Lachnospiraceae.bacterium.9_1_43BFAA",247,301,0.357062911308791,2.36642966755694e-10,0.820598006644518
"2289","Clostridium.sp..MP551E06",273,358,0.75118282193297,2.96287062897511e-65,0.762569832402235
"2290","X.Ruminococcus..sp..MP178C12",133,331,0.19720419790606,0.00601848872214808,0.401812688821752
"2291","Clostridium.sp..MP35F6",361,342,0.449157669135616,2.35393127783484e-17,1.05555555555556
"2292","Clostridium.sp..MP51A11",362,360,0.788654447318535,1.6307583404827e-76,1.00555555555556
"2293","Prevotella.copri",357,351,0.831496661049272,1.36876639045605e-92,1.01709401709402
"2294","Prevotella.sp..MP325B2",190,363,0.939295119063818,5.37270358626754e-169,0.523415977961432
"2295","Sutterella.wadsworthensis",307,277,0.780136366403482,9.2469141093836e-74,1.10830324909747
"2296","Eubacterium.sp..CAG.248",184,358,0.209217434391478,0.00236044021910378,0.513966480446927
"2297","Bacteroides.vulgatus",309,330,0.480911222805231,2.55785057233745e-20,0.936363636363636
"2298","Bifidobacterium.adolescentis",142,359,0.307432881453635,1.86178592647467e-07,0.395543175487465
"2299","Blautia.sp..MP78G6",187,316,0.453670275237752,9.41004858105602e-18,0.591772151898734
"2300","Holdemania.filiformis",310,318,0.725693570208002,1.08162104393733e-58,0.974842767295597
"2301","Dorea.sp..VE303.06",241,323,0.193761337344174,0.00751684655716788,0.746130030959752
"2302","Dorea.formicigenerans",253,321,0.685479917425681,1.020210084897e-49,0.78816199376947
"2303","Lachnospiraceae.bacterium",344,362,0.275353430359387,6.7864495825774e-06,0.950276243093923
"2304","Romboutsia.timonensis",340,326,0.406471638167609,7.78590378692189e-14,1.04294478527607
"2305","X.Clostridium..leptum",321,313,0.660000081340172,9.25704984898044e-45,1.02555910543131
"2306","Turicibacter.sanguinis",338,303,0.474236839079606,1.14254009138032e-19,1.11551155115512
"2307","Clostridiaceae.bacterium.AF29.16BH",358,357,0.644774839135769,5.07873623545892e-42,1.00280112044818
"2308","Blautia.sp..MP327F6",350,328,0.232961150214449,0.000380098697285076,1.06707317073171
"2309","Acholeplasmatales.bacterium",361,361,0.880606566376308,8.3784756995076e-118,1
"2310","Collinsella.sp..MP60G9",358,358,0.849836830192296,6.19044708230111e-101,1
"2311","Coprococcus.sp..MP227E11",323,355,0.76387536340542,7.85407551383965e-69,0.909859154929577
"2312","Lachnoclostridium.sp..An76",311,333,0.757139284636816,6.61397993053192e-67,0.933933933933934
"2313","Flavonifractor.sp..VE303.08",264,263,0.745056716289797,1.30930054346264e-63,1.00380228136882
"2314","Streptococcus.sp..MP273B8",263,326,0.347815468237372,8.94285139115465e-10,0.806748466257669
"2315","Lachnospiraceae.bacterium.UBA7096",211,361,0.379407491071317,7.43086746745445e-12,0.584487534626039
"2316","Lachnospiraceae.sp..MP78A5_2_02.16",193,353,0.302812517103356,3.23496426627326e-07,0.546742209631728
"2317","Eggerthella.sp..MP163B1",288,293,0.901690877987545,2.51775279720591e-132,0.982935153583618
"2318","Anaerostipes.sp..MP172A5",305,291,0.637416885493194,9.37024827473927e-41,1.04810996563574
"2319","Streptococcus.sp..MP436A3re",229,322,0.569714383299088,1.50292878635885e-30,0.711180124223602
"2320","Robinsoniella.peoriensis",325,304,0.650660067737461,4.62404339643075e-43,1.06907894736842
"2321","Romboutsia.sp..MP172A7",359,350,0.70188272899922,3.40727766644737e-53,1.02571428571429
"2322","Clostridium.clostridioforme.CAG.132",322,322,0.682867310641033,3.48130107537095e-49,1
"2323","Blautia.hominis",337,277,0.488065667096129,4.94151771787471e-21,1.21660649819495
"2324","X.Clostridium..cocleatum",327,312,0.773848384355984,8.35058303108868e-72,1.04807692307692
"2325","Dorea.sp..MP625B1b_ig1",326,351,0.867855934810317,2.66989863992513e-110,0.928774928774929
"2326","X.Clostridium..sp..MP626E2_ig1",250,333,0.736098319111299,2.7898376128733e-61,0.750750750750751
"2327","Sellimonas.sp..MP61D3_02.09",353,353,0.676390369008563,6.87738556046314e-48,1
"2328","Phascolarctobacterium.sp..VE800.04",338,309,0.429219068297646,1.20775503949763e-15,1.09385113268608
"2329","Blautia.sp..MP87F8_2",323,302,0.745469720201777,1.02193149243279e-63,1.06953642384106
"2330","Clostridiales.bacterium.UBA1707",161,345,0.449826255055379,2.05970591026238e-17,0.466666666666667
"2331","Coprobacillus.cateniformis",329,329,0.573743920558848,4.34503968820419e-31,1
"2332","Lachnoclostridium.sp..HF22",363,332,0.437088144555177,2.61011128965896e-16,1.0933734939759
"2333","Streptococcus.oralis",339,329,0.735284164813436,4.48553812918176e-61,1.03039513677812
"2334","Coprococcus.eutactus",251,357,0.281313607530546,3.53445893760091e-06,0.703081232492997
"2335","Klebsiella.michiganensis",124,284,0.455329100438278,6.66345076798268e-18,0.436619718309859
"2336","Streptococcus.sobrinus",224,358,0.273171846557073,8.32230149808851e-06,0.625698324022346
"2337","Parasutterella.excrementihominis",219,285,0.393510110429135,7.3060019114449e-13,0.768421052631579
"2338","Desulfovibrio.fairfieldensis",284,361,0.457274430197651,4.4997067447602e-18,0.786703601108033
"2339","Enterococcus.gallinarum",341,330,0.882678852751102,4.19449433548452e-119,1.03333333333333
"2340","Holdemania.sp..Marseille.P2844",253,337,0.562517971638464,1.32643463260974e-29,0.750741839762611
"2341","Lactonifactor.sp..HK42",134,350,0.37362990760271,1.849033560594e-11,0.382857142857143
"2342","Bacteroides.thetaiotaomicron.CAG.40",362,345,0.636024244033108,1.60239230445023e-40,1.04927536231884
"2343","Eisenbergiella.sp..OF01.20",164,344,0.280180009157054,3.97681334085041e-06,0.476744186046512
"2344","Absiella.sp..HF20_ig1",313,307,0.792848807084473,6.4443432118463e-78,1.01954397394137
"2345","Anaerosporobacter.mobilis",313,349,0.283490464497497,2.88060926472862e-06,0.896848137535817
"2346","Clostridium.sp..MP98B12",271,338,0.272194831829642,8.9437976708179e-06,0.801775147928994
"2347","Clostridia.bacterium.UC5.1.1D10",365,335,0.387720480789383,1.91110908208687e-12,1.08955223880597
"2348","X.Clostridium..innocuum",187,302,0.495284384299334,9.0290355602578e-22,0.619205298013245
"2349","Dorea.sp..Marseille.P4003",330,358,0.518385455612006,2.9044613187647e-24,0.921787709497207
"2350","Massiliomicrobiota.sp..HK52",242,350,0.306307753549957,2.12649730018276e-07,0.691428571428571
"2351","Lactobacillus.animalis",332,338,0.78882752454688,1.43264801745272e-76,0.982248520710059
"2352","Blautia.sp..N6H1.15",147,324,0.216656036865107,0.00130485212349284,0.453703703703704
"2353","Citrobacter.werkmanii",272,353,0.757329355251631,5.86174141734841e-67,0.770538243626062
"2354","Veillonella.denticariosi",363,363,0.890170644499848,5.0668377679915e-124,1
"2355","Clostridium.nexile.CAG.348",324,334,0.85986994354783,5.47781002207412e-106,0.970059880239521
"2356","Kluyvera.cryocrescens",224,347,0.756254760450103,1.16962167444571e-66,0.645533141210375
"2357","Hafnia.alvei",353,360,0.807422650613064,4.66309837638849e-83,0.980555555555556
"2358","Clostridium.sp..MP77A2",356,350,0.638120078716607,7.12650389090505e-41,1.01714285714286
"2359","Turicibacter.sp..MP236E3",345,344,0.840798295598622,1.08537846424057e-96,1.00290697674419
"2360","Shigella.dysenteriae",270,346,0.536415222295447,2.34020792228685e-26,0.780346820809249
"2361","X.Clostridium..lavalense",106,286,0.168423274195334,0.037225497309686,0.370629370629371
"2362","Prevotella.oralis",358,343,0.62782727183046,3.71600084430349e-39,1.04373177842566
"2363","X.Clostridium..asparagiforme",357,330,0.636453053432231,1.35914174548104e-40,1.08181818181818
"2364","Anaeroglobus.geminatus",239,320,0.283261121739663,2.9245105546253e-06,0.746875
"2365","Flavonifractor.sp..VE202.03",349,348,0.810510801503247,3.32762261433415e-84,1.00287356321839
"2366","Leuconostoc.gelidum",362,361,0.8664318190522,1.64187551829693e-109,1.00277008310249
"2367","Clostridiales.bacterium.VE202.28",137,348,0.385609344491802,2.70867823319881e-12,0.39367816091954
"2368","Pseudomonas.aeruginosa",358,357,0.352496030301597,4.6065314040099e-10,1.00280112044818
"2369","Lactobacillus.paraplantarum",328,362,0.722467398728638,6.48589064365281e-58,0.906077348066298
"2370","Burkholderiales.bacterium",328,329,0.825904944837269,3.02097977235276e-90,0.996960486322188
"2371","Streptococcus.sp..MP506C4",241,330,0.228287126406261,0.000560726343930662,0.73030303030303
"2372","Atopobium.sp..BS2",227,358,0.405255960036412,9.56475708965387e-14,0.634078212290503
"2373","Alistipes.onderdonkii",361,350,0.673332244257971,2.74676392264511e-47,1.03142857142857
"2374","Coprococcus.sp..MP463H10",186,348,0.509402425426996,2.89170682818227e-23,0.53448275862069
"2375","Bacteroides.ovatus.CAG.22",354,354,0.830216063727052,4.79273980673799e-92,1
"2376","Megasphaera.sp..MP182G6",288,353,0.871552352017993,2.1612130560278e-112,0.81586402266289
"2377","Flavonifractor.sp..MP49B12re",321,331,0.84256712646666,1.68783108369756e-97,0.969788519637462
"2378","Acidaminococcus.intestini",329,347,0.696165876583697,5.86714847255602e-52,0.948126801152738
"2379","Cryptobacterium.curtum",353,362,0.871726326200788,1.72012216938144e-112,0.975138121546961
"2380","Absiella.sp..MP558F11",256,362,0.413746895689177,2.14497468235335e-14,0.707182320441989
"2381","Flavonifractor.sp..An100",190,346,0.405309287804573,9.53442019370617e-14,0.549132947976879
"2382","Romboutsia.sp..MP35A8",355,355,0.846095039351016,3.827268885325e-99,1
"2383","Turicibacter.sp..MP255B7a",354,353,0.672215826258019,4.48505718011254e-47,1.0028328611898
"2384","Alistipes.sp..Marseille.P2431",197,362,0.599204957215497,1.07712959137102e-34,0.544198895027624
"2385","Paenibacillus.macerans",353,353,0.8525370933448,2.94984301133807e-102,1
"2386","Dorea.sp..D27",363,361,0.82766363227617,5.66121827216084e-91,1.00554016620499
"2387","Coprobacillus.sp..MP12C8",232,355,0.566613413092473,3.86073309518178e-30,0.653521126760563
"2388","Collinsella.sp..MP433F11re",355,362,0.653955519399147,1.18539663984097e-43,0.980662983425414
"2389","Streptococcus.sp..MP620G3_ig1",133,347,0.336520059824417,4.30834760688165e-09,0.38328530259366
"2390","Streptococcus.gordonii",231,355,0.613913401491928,6.36709237131719e-37,0.650704225352113
"2391","Lactobacillus.amylovorus",168,361,0.30423970601886,2.73260666759233e-07,0.465373961218837
"2392","Streptococcus.sp..MP557B10",140,361,0.257437338085538,3.96648232302557e-05,0.38781163434903
"2393","Niameybacter.massiliensis",299,359,0.365346446575073,6.74113329139418e-11,0.832869080779944
"2394","Methanobrevibacter.woesei",144,363,0.642002488514921,1.54404648855075e-41,0.396694214876033
"2395","Bacteroides.sp..MP64F12",340,362,0.661115539579924,5.753026974785e-45,0.939226519337017
