"","sample","name","median(value)"
"1",1,"Anaerotruncus.colihominis",-0.00633291574195027
"2",1,"Bacteroides.sp..MP64F12",-0.000751395680708811
"3",1,"Blautia.coccoides",-0.0122621622867882
"4",1,"Burkholderiales.bacterium",-0.00514075858518481
"5",1,"Citrobacter.werkmanii",-0.00274054519832134
"6",1,"Clostridium.clostridioforme.CAG.511",-0.00116945925401524
"7",1,"Clostridium.nexile.CAG.348",-0.00462822057306767
"8",1,"Clostridium.paraputrificum",-0.0183631954714656
"9",1,"Clostridium.sp..MP113D9",-0.00126906990772113
"10",1,"Clostridium.sp..MP49A11",-0.0020093439379707
"11",1,"Clostridium.sp..MP551E06",-0.00134773238096386
"12",1,"Eggerthella.lenta",-0.102024208754301
"13",1,"Eggerthella.sp..MP163B1",-0.0125186624936759
"14",1,"Lactobacillus.animalis",-0.000991631008218974
"15",1,"Megasphaera.sp..MP182G6",-0.00241403421387076
"16",1,"Paenibacillus.macerans",-0.00337257841601968
"17",1,"Romboutsia.sp..MP35A8",-0.0017755122971721
"18",1,"Sellimonas.intestinalis",-0.0024280232610181
"19",1,"Turicibacter.sp..MP236E3",-0.00480238441377878
"20",1,"Veillonella.atypica",-0.0129027212969959
"21",1,"Veillonella.dispar",-0.00676013971678913
"22",1,"X.Clostridium..citroniae",-0.0807003453373909
"23",1,"X.Clostridium..cocleatum",-0.00223143585026264
"24",1,"X.Clostridium..sp..MP626E2_ig1",-0.00366885610856116
"25",2,"Anaerotruncus.colihominis",-0.00233545491937548
"26",2,"Bacteroides.sp..MP64F12",-0.00084418713231571
"27",2,"Blautia.coccoides",0.0344691816717386
"28",2,"Burkholderiales.bacterium",-0.0034477150766179
"29",2,"Citrobacter.werkmanii",-0.00243077334016562
"30",2,"Clostridium.clostridioforme.CAG.511",-0.00104793382342905
"31",2,"Clostridium.nexile.CAG.348",-0.00296124164015055
"32",2,"Clostridium.paraputrificum",0.122850995510817
"33",2,"Clostridium.sp..MP113D9",-0.000382500526029617
"34",2,"Clostridium.sp..MP49A11",0.00161632592789829
"35",2,"Clostridium.sp..MP551E06",-0.00112074648495764
"36",2,"Eggerthella.lenta",-0.0560219064354897
"37",2,"Eggerthella.sp..MP163B1",-0.00733440462499857
"38",2,"Lactobacillus.animalis",-0.00123334629461169
"39",2,"Megasphaera.sp..MP182G6",-0.00203982170205563
"40",2,"Paenibacillus.macerans",-0.00287974230013788
"41",2,"Romboutsia.sp..MP35A8",-0.00187422393355519
"42",2,"Sellimonas.intestinalis",0.0399337597191334
"43",2,"Turicibacter.sp..MP236E3",-0.00282201147638261
"44",2,"Veillonella.atypica",0.0111927348189056
"45",2,"Veillonella.dispar",-0.00337364932056516
"46",2,"X.Clostridium..citroniae",-0.0590217690914869
"47",2,"X.Clostridium..cocleatum",-0.00111812521936372
"48",2,"X.Clostridium..sp..MP626E2_ig1",-0.00253433105535805
"49",3,"Anaerotruncus.colihominis",-0.00174222694477066
"50",3,"Bacteroides.sp..MP64F12",0.00186364556429908
"51",3,"Blautia.coccoides",-0.015939281322062
"52",3,"Burkholderiales.bacterium",-0.00328916462603956
"53",3,"Citrobacter.werkmanii",0.00697656814008951
"54",3,"Clostridium.clostridioforme.CAG.511",0.000594665470998734
"55",3,"Clostridium.nexile.CAG.348",-0.0032214600360021
"56",3,"Clostridium.paraputrificum",-0.0201807748526335
"57",3,"Clostridium.sp..MP113D9",0.00345845683477819
"58",3,"Clostridium.sp..MP49A11",-0.000756577355787158
"59",3,"Clostridium.sp..MP551E06",-0.0010035730083473
"60",3,"Eggerthella.lenta",-0.0804212093353271
"61",3,"Eggerthella.sp..MP163B1",-0.000326074485201389
"62",3,"Lactobacillus.animalis",0.00253961805719882
"63",3,"Megasphaera.sp..MP182G6",0.00399028183892369
"64",3,"Paenibacillus.macerans",-0.00268645887263119
"65",3,"Romboutsia.sp..MP35A8",7.93896670074901e-05
"66",3,"Sellimonas.intestinalis",-0.000777294073486701
"67",3,"Turicibacter.sp..MP236E3",-0.00352728285361081
"68",3,"Veillonella.atypica",0.00415547518059611
"69",3,"Veillonella.dispar",-0.00544715533033013
"70",3,"X.Clostridium..citroniae",-0.0445192828774452
"71",3,"X.Clostridium..cocleatum",-0.00287239067256451
"72",3,"X.Clostridium..sp..MP626E2_ig1",-0.000315449193294626
"73",4,"Anaerotruncus.colihominis",-0.00492878723889589
"74",4,"Bacteroides.sp..MP64F12",-0.000508899218402803
"75",4,"Blautia.coccoides",-0.00780305219814181
"76",4,"Burkholderiales.bacterium",-0.00405251258052886
"77",4,"Citrobacter.werkmanii",-0.00312673707958311
"78",4,"Clostridium.clostridioforme.CAG.511",-0.000998739211354405
"79",4,"Clostridium.nexile.CAG.348",-0.00303206103853881
"80",4,"Clostridium.paraputrificum",-0.0160027779638767
"81",4,"Clostridium.sp..MP113D9",0.0380761921405792
"82",4,"Clostridium.sp..MP49A11",-0.002244345494546
"83",4,"Clostridium.sp..MP551E06",0.0462708212435246
"84",4,"Eggerthella.lenta",-0.0735941007733345
"85",4,"Eggerthella.sp..MP163B1",-0.00852350378409028
"86",4,"Lactobacillus.animalis",-0.00123927794629708
"87",4,"Megasphaera.sp..MP182G6",-0.00196460518054664
"88",4,"Paenibacillus.macerans",-0.00275332457385957
"89",4,"Romboutsia.sp..MP35A8",-0.00180978671414778
"90",4,"Sellimonas.intestinalis",-0.00193344603758305
"91",4,"Turicibacter.sp..MP236E3",-0.0039821146056056
"92",4,"Veillonella.atypica",0.0138697270303965
"93",4,"Veillonella.dispar",0.0613092668354511
"94",4,"X.Clostridium..citroniae",-0.0659555792808533
"95",4,"X.Clostridium..cocleatum",-0.00157856580335647
"96",4,"X.Clostridium..sp..MP626E2_ig1",-0.0021023724693805
"97",5,"Anaerotruncus.colihominis",0.00414104806259274
"98",5,"Bacteroides.sp..MP64F12",-0.000608316564466804
"99",5,"Blautia.coccoides",-0.00706773903220892
"100",5,"Burkholderiales.bacterium",-0.00363528344314545
"101",5,"Citrobacter.werkmanii",-0.00193100853357464
"102",5,"Clostridium.clostridioforme.CAG.511",-0.000894208293175325
"103",5,"Clostridium.nexile.CAG.348",-0.00196477246936411
"104",5,"Clostridium.paraputrificum",-0.0117382304742932
"105",5,"Clostridium.sp..MP113D9",-0.000935156858759001
"106",5,"Clostridium.sp..MP49A11",-0.00146871793549508
"107",5,"Clostridium.sp..MP551E06",-0.000760468683438376
"108",5,"Eggerthella.lenta",0.297981277108192
"109",5,"Eggerthella.sp..MP163B1",-0.0111622456461191
"110",5,"Lactobacillus.animalis",-0.00076206203084439
"111",5,"Megasphaera.sp..MP182G6",-0.0018651052378118
"112",5,"Paenibacillus.macerans",-0.00158807705156505
"113",5,"Romboutsia.sp..MP35A8",-0.00152614677790552
"114",5,"Sellimonas.intestinalis",-9.54285060288385e-05
"115",5,"Turicibacter.sp..MP236E3",-0.00230342894792557
"116",5,"Veillonella.atypica",-0.00574448914267123
"117",5,"Veillonella.dispar",-0.00343867787159979
"118",5,"X.Clostridium..citroniae",-0.0424217451363802
"119",5,"X.Clostridium..cocleatum",-0.00235684390645474
"120",5,"X.Clostridium..sp..MP626E2_ig1",-0.00224448263179511
"121",6,"Anaerotruncus.colihominis",-0.0037107365205884
"122",6,"Bacteroides.sp..MP64F12",-0.000578248756937683
"123",6,"Blautia.coccoides",0.00451995641924441
"124",6,"Burkholderiales.bacterium",-0.00216869590803981
"125",6,"Citrobacter.werkmanii",-0.00125041644787416
"126",6,"Clostridium.clostridioforme.CAG.511",-0.000595984340179712
"127",6,"Clostridium.nexile.CAG.348",-0.00113520439481363
"128",6,"Clostridium.paraputrificum",-0.00609450088813901
"129",6,"Clostridium.sp..MP113D9",-0.000640243728412315
"130",6,"Clostridium.sp..MP49A11",-0.00111093110172078
"131",6,"Clostridium.sp..MP551E06",-0.000451667991001159
"132",6,"Eggerthella.lenta",0.140607535839081
"133",6,"Eggerthella.sp..MP163B1",-0.00461668078787625
"134",6,"Lactobacillus.animalis",-0.000721069751307368
"135",6,"Megasphaera.sp..MP182G6",-0.00125080603174865
"136",6,"Paenibacillus.macerans",-0.00127942860126495
"137",6,"Romboutsia.sp..MP35A8",-0.00125758862122893
"138",6,"Sellimonas.intestinalis",0.0124894804321229
"139",6,"Turicibacter.sp..MP236E3",-0.00149572663940489
"140",6,"Veillonella.atypica",-0.00442160991951823
"141",6,"Veillonella.dispar",-0.00292532460298389
"142",6,"X.Clostridium..citroniae",0.0955348946154118
"143",6,"X.Clostridium..cocleatum",0.018475235439837
"144",6,"X.Clostridium..sp..MP626E2_ig1",0.0209720758721232
"145",7,"Anaerotruncus.colihominis",-0.00592171400785446
"146",7,"Bacteroides.sp..MP64F12",-0.000851411314215511
"147",7,"Blautia.coccoides",-0.0111209964379668
"148",7,"Burkholderiales.bacterium",-0.00648013292811811
"149",7,"Citrobacter.werkmanii",-0.0034221300156787
"150",7,"Clostridium.clostridioforme.CAG.511",-0.00186503422446549
"151",7,"Clostridium.nexile.CAG.348",-0.00406565330922604
"152",7,"Clostridium.paraputrificum",-0.0207073166966438
"153",7,"Clostridium.sp..MP113D9",-0.000693208654411137
"154",7,"Clostridium.sp..MP49A11",-0.00270591152366251
"155",7,"Clostridium.sp..MP551E06",-0.00152302416972816
"156",7,"Eggerthella.lenta",-0.0919142290949821
"157",7,"Eggerthella.sp..MP163B1",-0.011057686060667
"158",7,"Lactobacillus.animalis",-0.00114573648897931
"159",7,"Megasphaera.sp..MP182G6",-0.00290540338028222
"160",7,"Paenibacillus.macerans",-0.00403837650083005
"161",7,"Romboutsia.sp..MP35A8",-0.00239191844593734
"162",7,"Sellimonas.intestinalis",-0.00232318125199527
"163",7,"Turicibacter.sp..MP236E3",-0.00563912047073245
"164",7,"Veillonella.atypica",0.00500809005461633
"165",7,"Veillonella.dispar",-0.00406978069804609
"166",7,"X.Clostridium..citroniae",-0.0958816148340702
"167",7,"X.Clostridium..cocleatum",-0.00297982222400606
"168",7,"X.Clostridium..sp..MP626E2_ig1",-0.00266213866416365
"169",8,"Anaerotruncus.colihominis",-0.00300969276577234
"170",8,"Bacteroides.sp..MP64F12",-0.000841307220980525
"171",8,"Blautia.coccoides",-0.0105437375605106
"172",8,"Burkholderiales.bacterium",-0.00426010508090258
"173",8,"Citrobacter.werkmanii",-0.0028106679674238
"174",8,"Clostridium.clostridioforme.CAG.511",-0.000823844748083502
"175",8,"Clostridium.nexile.CAG.348",-0.00323803431820124
"176",8,"Clostridium.paraputrificum",-0.0302348155528307
"177",8,"Clostridium.sp..MP113D9",-0.000228791817789897
"178",8,"Clostridium.sp..MP49A11",-0.00182763487100601
"179",8,"Clostridium.sp..MP551E06",-0.00139875640161335
"180",8,"Eggerthella.lenta",-0.0898269452154636
"181",8,"Eggerthella.sp..MP163B1",-0.00875360192731023
"182",8,"Lactobacillus.animalis",-0.00346615305170417
"183",8,"Megasphaera.sp..MP182G6",-0.00153700110968202
"184",8,"Paenibacillus.macerans",-0.00380691105965525
"185",8,"Romboutsia.sp..MP35A8",-0.00139374245190993
"186",8,"Sellimonas.intestinalis",-0.00211163179483265
"187",8,"Turicibacter.sp..MP236E3",-0.00474839378148317
"188",8,"Veillonella.atypica",0.00653285067528486
"189",8,"Veillonella.dispar",0.0192324807867408
"190",8,"X.Clostridium..citroniae",-0.0837993770837784
"191",8,"X.Clostridium..cocleatum",-0.00205448234919459
"192",8,"X.Clostridium..sp..MP626E2_ig1",-0.00204270181711763
"193",9,"Anaerotruncus.colihominis",-0.00860707042738795
"194",9,"Bacteroides.sp..MP64F12",-0.000664357445202768
"195",9,"Blautia.coccoides",-0.00982173345983028
"196",9,"Burkholderiales.bacterium",-0.00481114559806883
"197",9,"Citrobacter.werkmanii",-0.00286703032907099
"198",9,"Clostridium.clostridioforme.CAG.511",-0.00110214814776555
"199",9,"Clostridium.nexile.CAG.348",-0.00426991935819387
"200",9,"Clostridium.paraputrificum",-0.0163982789963484
"201",9,"Clostridium.sp..MP113D9",-0.00108602340333164
"202",9,"Clostridium.sp..MP49A11",-0.00153867155313492
"203",9,"Clostridium.sp..MP551E06",-0.000960419652983546
"204",9,"Eggerthella.lenta",-0.104703839868307
"205",9,"Eggerthella.sp..MP163B1",-0.0161130242049694
"206",9,"Lactobacillus.animalis",-0.000920212216442451
"207",9,"Megasphaera.sp..MP182G6",-0.00188423093641177
"208",9,"Paenibacillus.macerans",-0.0020599034614861
"209",9,"Romboutsia.sp..MP35A8",-0.00183851539622992
"210",9,"Sellimonas.intestinalis",-0.00221411138772964
"211",9,"Turicibacter.sp..MP236E3",-0.00340721453540027
"212",9,"Veillonella.atypica",-0.0129026281647384
"213",9,"Veillonella.dispar",-0.0055907592177391
"214",9,"X.Clostridium..citroniae",-0.0759725533425808
"215",9,"X.Clostridium..cocleatum",-0.00281676347367465
"216",9,"X.Clostridium..sp..MP626E2_ig1",-0.00417103478685021
"217",10,"Anaerotruncus.colihominis",-0.00494055170565844
"218",10,"Bacteroides.sp..MP64F12",-0.000512539554620162
"219",10,"Blautia.coccoides",-0.00303527538198978
"220",10,"Burkholderiales.bacterium",-0.00296432094182819
"221",10,"Citrobacter.werkmanii",-0.00182591046905145
"222",10,"Clostridium.clostridioforme.CAG.511",-0.000667948654154316
"223",10,"Clostridium.nexile.CAG.348",-0.0015518405707553
"224",10,"Clostridium.paraputrificum",-0.00931842857971787
"225",10,"Clostridium.sp..MP113D9",-0.000872027070727199
"226",10,"Clostridium.sp..MP49A11",-0.00137001561233774
"227",10,"Clostridium.sp..MP551E06",-0.000600243889493868
"228",10,"Eggerthella.lenta",0.225996315479279
"229",10,"Eggerthella.sp..MP163B1",0.0305988686159253
"230",10,"Lactobacillus.animalis",-0.000700675242114812
"231",10,"Megasphaera.sp..MP182G6",-0.00152936007361859
"232",10,"Paenibacillus.macerans",-0.00141814950620756
"233",10,"Romboutsia.sp..MP35A8",-0.00117159698856995
"234",10,"Sellimonas.intestinalis",0.0169844664633274
"235",10,"Turicibacter.sp..MP236E3",-0.00169731315691024
"236",10,"Veillonella.atypica",-0.00498321885243058
"237",10,"Veillonella.dispar",-0.00376064446754754
"238",10,"X.Clostridium..citroniae",-0.0345182083547115
"239",10,"X.Clostridium..cocleatum",-8.45960894366726e-05
"240",10,"X.Clostridium..sp..MP626E2_ig1",0.0265528848394752
"241",11,"Anaerotruncus.colihominis",-0.0101654077880085
"242",11,"Bacteroides.sp..MP64F12",-0.000607746973400936
"243",11,"Blautia.coccoides",-0.011626458261162
"244",11,"Burkholderiales.bacterium",-0.00367823161650449
"245",11,"Citrobacter.werkmanii",-0.00244917068630457
"246",11,"Clostridium.clostridioforme.CAG.511",-0.000763754651416093
"247",11,"Clostridium.nexile.CAG.348",-0.00442549725994468
"248",11,"Clostridium.paraputrificum",-0.0149968708865345
"249",11,"Clostridium.sp..MP113D9",-0.00115587800974026
"250",11,"Clostridium.sp..MP49A11",-0.00188100425293669
"251",11,"Clostridium.sp..MP551E06",-0.00109886936843395
"252",11,"Eggerthella.lenta",-0.0979099906980991
"253",11,"Eggerthella.sp..MP163B1",-0.0106416950002313
"254",11,"Lactobacillus.animalis",-0.00123363675083965
"255",11,"Megasphaera.sp..MP182G6",-0.00195237743901089
"256",11,"Paenibacillus.macerans",-0.00221646775025874
"257",11,"Romboutsia.sp..MP35A8",-0.00179701641900465
"258",11,"Sellimonas.intestinalis",-0.00254123203922063
"259",11,"Turicibacter.sp..MP236E3",-0.00331526319496334
"260",11,"Veillonella.atypica",-0.010500789154321
"261",11,"Veillonella.dispar",-0.00602117157541215
"262",11,"X.Clostridium..citroniae",-0.0553262867033482
"263",11,"X.Clostridium..cocleatum",-0.00226969853974879
"264",11,"X.Clostridium..sp..MP626E2_ig1",-0.00444728578440845
"265",12,"Anaerotruncus.colihominis",-0.00545638892799616
"266",12,"Bacteroides.sp..MP64F12",-0.000522410846315324
"267",12,"Blautia.coccoides",-0.00921006361022592
"268",12,"Burkholderiales.bacterium",-0.00278475985396653
"269",12,"Citrobacter.werkmanii",0.0485562924295664
"270",12,"Clostridium.clostridioforme.CAG.511",-0.000775129097746685
"271",12,"Clostridium.nexile.CAG.348",0.074921790510416
"272",12,"Clostridium.paraputrificum",-0.0118339648470283
"273",12,"Clostridium.sp..MP113D9",-0.00116052071098238
"274",12,"Clostridium.sp..MP49A11",-0.00147628056583926
"275",12,"Clostridium.sp..MP551E06",-0.000773890351410955
"276",12,"Eggerthella.lenta",-0.0528653357177973
"277",12,"Eggerthella.sp..MP163B1",-0.00640371721237898
"278",12,"Lactobacillus.animalis",0.0118403909727931
"279",12,"Megasphaera.sp..MP182G6",-0.00159377133240923
"280",12,"Paenibacillus.macerans",-0.00165362044936046
"281",12,"Romboutsia.sp..MP35A8",-0.0015957179130055
"282",12,"Sellimonas.intestinalis",-0.00198103347793221
"283",12,"Turicibacter.sp..MP236E3",-0.00290896056685597
"284",12,"Veillonella.atypica",0.0119382524862885
"285",12,"Veillonella.dispar",0.0362094789743423
"286",12,"X.Clostridium..citroniae",-0.0452920328825712
"287",12,"X.Clostridium..cocleatum",-0.00191144575364888
"288",12,"X.Clostridium..sp..MP626E2_ig1",-0.00219841429498047
"289",13,"Anaerotruncus.colihominis",-0.00289723847527057
"290",13,"Bacteroides.sp..MP64F12",-0.000655685900710523
"291",13,"Blautia.coccoides",-0.00703624845482409
"292",13,"Burkholderiales.bacterium",-0.00471233390271664
"293",13,"Citrobacter.werkmanii",-0.00285566889215261
"294",13,"Clostridium.clostridioforme.CAG.511",-0.00104143476346508
"295",13,"Clostridium.nexile.CAG.348",-0.00298276543617249
"296",13,"Clostridium.paraputrificum",-0.0117328204214573
"297",13,"Clostridium.sp..MP113D9",-0.000578933191718534
"298",13,"Clostridium.sp..MP49A11",-0.00170138536486775
"299",13,"Clostridium.sp..MP551E06",0.0498541854321957
"300",13,"Eggerthella.lenta",-0.0630791112780571
"301",13,"Eggerthella.sp..MP163B1",-0.00672109820879996
"302",13,"Lactobacillus.animalis",0.0166822010651231
"303",13,"Megasphaera.sp..MP182G6",-0.00217152794357389
"304",13,"Paenibacillus.macerans",-0.00295268709305674
"305",13,"Romboutsia.sp..MP35A8",-0.00196815084200352
"306",13,"Sellimonas.intestinalis",-0.0015299275983125
"307",13,"Turicibacter.sp..MP236E3",0.135900057852268
"308",13,"Veillonella.atypica",0.00812770146876574
"309",13,"Veillonella.dispar",-0.0044054442550987
"310",13,"X.Clostridium..citroniae",-0.058738362044096
"311",13,"X.Clostridium..cocleatum",-0.00142592377960682
"312",13,"X.Clostridium..sp..MP626E2_ig1",-0.00122777640353888
"313",14,"Anaerotruncus.colihominis",0.0431270524859428
"314",14,"Bacteroides.sp..MP64F12",-0.000686777057126164
"315",14,"Blautia.coccoides",0.0614375099539757
"316",14,"Burkholderiales.bacterium",-0.00293586193583906
"317",14,"Citrobacter.werkmanii",-0.00303260167129338
"318",14,"Clostridium.clostridioforme.CAG.511",-0.00100659468444064
"319",14,"Clostridium.nexile.CAG.348",-0.00336875289212912
"320",14,"Clostridium.paraputrificum",0.113728538155556
"321",14,"Clostridium.sp..MP113D9",-0.000971612957073376
"322",14,"Clostridium.sp..MP49A11",-0.00174217968015
"323",14,"Clostridium.sp..MP551E06",-0.00101168890250847
"324",14,"Eggerthella.lenta",-0.063442524522543
"325",14,"Eggerthella.sp..MP163B1",-0.00827403087168932
"326",14,"Lactobacillus.animalis",-0.00165187759557739
"327",14,"Megasphaera.sp..MP182G6",-0.00166597904171795
"328",14,"Paenibacillus.macerans",-0.00224842200987041
"329",14,"Romboutsia.sp..MP35A8",-0.00161948130698875
"330",14,"Sellimonas.intestinalis",-0.00199793232604861
"331",14,"Turicibacter.sp..MP236E3",-0.00292928505223244
"332",14,"Veillonella.atypica",0.0171877928078175
"333",14,"Veillonella.dispar",0.052412323653698
"334",14,"X.Clostridium..citroniae",-0.0525676347315311
"335",14,"X.Clostridium..cocleatum",-0.00235677824821323
"336",14,"X.Clostridium..sp..MP626E2_ig1",-0.00294172298163176
"337",15,"Anaerotruncus.colihominis",-0.00556535529904068
"338",15,"Bacteroides.sp..MP64F12",-0.00087378773605451
"339",15,"Blautia.coccoides",-0.0125057105906308
"340",15,"Burkholderiales.bacterium",-0.00591022451408207
"341",15,"Citrobacter.werkmanii",-0.00286417477764189
"342",15,"Clostridium.clostridioforme.CAG.511",-0.00137648574309424
"343",15,"Clostridium.nexile.CAG.348",-0.00407222099602222
"344",15,"Clostridium.paraputrificum",-0.0225434387102723
"345",15,"Clostridium.sp..MP113D9",-0.000617868499830365
"346",15,"Clostridium.sp..MP49A11",-0.00253879919182509
"347",15,"Clostridium.sp..MP551E06",-0.00159454648382962
"348",15,"Eggerthella.lenta",-0.0967657901346684
"349",15,"Eggerthella.sp..MP163B1",-0.0133151141926646
"350",15,"Lactobacillus.animalis",0.00610752683132887
"351",15,"Megasphaera.sp..MP182G6",-0.00269689585547894
"352",15,"Paenibacillus.macerans",-0.0037988672265783
"353",15,"Romboutsia.sp..MP35A8",-0.00260509143117815
"354",15,"Sellimonas.intestinalis",-0.00226922577712685
"355",15,"Turicibacter.sp..MP236E3",-0.0053418253082782
"356",15,"Veillonella.atypica",0.00459594069980085
"357",15,"Veillonella.dispar",-0.00486077833920717
"358",15,"X.Clostridium..citroniae",-0.0959914140403271
"359",15,"X.Clostridium..cocleatum",-0.00258824287448078
"360",15,"X.Clostridium..sp..MP626E2_ig1",-0.00273264781571925
"361",16,"Anaerotruncus.colihominis",-0.00319491897244006
"362",16,"Bacteroides.sp..MP64F12",-0.000575887475861236
"363",16,"Blautia.coccoides",-0.00306682079099119
"364",16,"Burkholderiales.bacterium",-0.00231369840912521
"365",16,"Citrobacter.werkmanii",-0.00151080638170242
"366",16,"Clostridium.clostridioforme.CAG.511",0.00591002404689789
"367",16,"Clostridium.nexile.CAG.348",-0.00145116494968534
"368",16,"Clostridium.paraputrificum",-0.00759075861424208
"369",16,"Clostridium.sp..MP113D9",-0.000893345044460148
"370",16,"Clostridium.sp..MP49A11",-0.00113234511809424
"371",16,"Clostridium.sp..MP551E06",-0.000495439337100834
"372",16,"Eggerthella.lenta",0.143177144229412
"373",16,"Eggerthella.sp..MP163B1",-0.00621734815649688
"374",16,"Lactobacillus.animalis",-0.000845158298034221
"375",16,"Megasphaera.sp..MP182G6",-0.00135600421344861
"376",16,"Paenibacillus.macerans",-0.00129342376021668
"377",16,"Romboutsia.sp..MP35A8",-0.00100703135831282
"378",16,"Sellimonas.intestinalis",-0.00102420512121171
"379",16,"Turicibacter.sp..MP236E3",-0.00149172876263037
"380",16,"Veillonella.atypica",0.00475261639803648
"381",16,"Veillonella.dispar",-0.00208242959342897
"382",16,"X.Clostridium..citroniae",0.107319716364145
"383",16,"X.Clostridium..cocleatum",-0.00187948934035376
"384",16,"X.Clostridium..sp..MP626E2_ig1",0.0156106236390769
"385",17,"Anaerotruncus.colihominis",-0.00500171328894794
"386",17,"Bacteroides.sp..MP64F12",-0.000607005960773677
"387",17,"Blautia.coccoides",-0.0162714198231697
"388",17,"Burkholderiales.bacterium",-0.0031560726929456
"389",17,"Citrobacter.werkmanii",-0.00198902003467083
"390",17,"Clostridium.clostridioforme.CAG.511",-0.000520493253134191
"391",17,"Clostridium.nexile.CAG.348",-0.00207521358970553
"392",17,"Clostridium.paraputrificum",-0.0141566251404583
"393",17,"Clostridium.sp..MP113D9",-0.000970583409070969
"394",17,"Clostridium.sp..MP49A11",-0.00152653915574774
"395",17,"Clostridium.sp..MP551E06",-0.000769457867136225
"396",17,"Eggerthella.lenta",-0.049851318821311
"397",17,"Eggerthella.sp..MP163B1",-0.0064168181270361
"398",17,"Lactobacillus.animalis",-0.000762513198424131
"399",17,"Megasphaera.sp..MP182G6",-0.00175162748200819
"400",17,"Paenibacillus.macerans",-0.00189503887668252
"401",17,"Romboutsia.sp..MP35A8",-0.00139627722091973
"402",17,"Sellimonas.intestinalis",0.0208780616521835
"403",17,"Turicibacter.sp..MP236E3",-0.00267311627976596
"404",17,"Veillonella.atypica",0.0107504231855273
"405",17,"Veillonella.dispar",-0.00511634699068964
"406",17,"X.Clostridium..citroniae",0.240795895457268
"407",17,"X.Clostridium..cocleatum",0.00790925440378487
"408",17,"X.Clostridium..sp..MP626E2_ig1",-0.00213180482387543
"409",18,"Anaerotruncus.colihominis",-0.00464456528425217
"410",18,"Bacteroides.sp..MP64F12",-0.000891381641849875
"411",18,"Blautia.coccoides",-0.0140974316745996
"412",18,"Burkholderiales.bacterium",-0.00495511828921735
"413",18,"Citrobacter.werkmanii",-0.0025536750908941
"414",18,"Clostridium.clostridioforme.CAG.511",-0.000681547244312242
"415",18,"Clostridium.nexile.CAG.348",-0.00356803042814136
"416",18,"Clostridium.paraputrificum",-0.028708721511066
"417",18,"Clostridium.sp..MP113D9",-0.000435757348896004
"418",18,"Clostridium.sp..MP49A11",-0.00189174828119576
"419",18,"Clostridium.sp..MP551E06",-0.00145246338797733
"420",18,"Eggerthella.lenta",-0.0770020484924316
"421",18,"Eggerthella.sp..MP163B1",-0.0107110599055886
"422",18,"Lactobacillus.animalis",-0.00130386289674789
"423",18,"Megasphaera.sp..MP182G6",-0.0012462847516872
"424",18,"Paenibacillus.macerans",-0.00416287803091109
"425",18,"Romboutsia.sp..MP35A8",-0.00136816210579127
"426",18,"Sellimonas.intestinalis",-0.0020616949768737
"427",18,"Turicibacter.sp..MP236E3",-0.0048300891648978
"428",18,"Veillonella.atypica",0.00109459686791524
"429",18,"Veillonella.dispar",-0.00471113878302276
"430",18,"X.Clostridium..citroniae",-0.0948724672198296
"431",18,"X.Clostridium..cocleatum",-0.00272217800375074
"432",18,"X.Clostridium..sp..MP626E2_ig1",-0.00157132570166141
"433",19,"Anaerotruncus.colihominis",-0.00680412235669792
"434",19,"Bacteroides.sp..MP64F12",-0.000633603282039985
"435",19,"Blautia.coccoides",-0.0147750792093575
"436",19,"Burkholderiales.bacterium",-0.00610573310405016
"437",19,"Citrobacter.werkmanii",-0.00266169616952538
"438",19,"Clostridium.clostridioforme.CAG.511",-0.00114343693712726
"439",19,"Clostridium.nexile.CAG.348",-0.00470981793478131
"440",19,"Clostridium.paraputrificum",-0.021496195346117
"441",19,"Clostridium.sp..MP113D9",-0.00165477424161509
"442",19,"Clostridium.sp..MP49A11",-0.00238180288579315
"443",19,"Clostridium.sp..MP551E06",-0.00163594260811806
"444",19,"Eggerthella.lenta",-0.102575302124023
"445",19,"Eggerthella.sp..MP163B1",-0.0127625223249197
"446",19,"Lactobacillus.animalis",0.00347301282454282
"447",19,"Megasphaera.sp..MP182G6",-0.0024821717524901
"448",19,"Paenibacillus.macerans",-0.00395164522342384
"449",19,"Romboutsia.sp..MP35A8",-0.00207154720555991
"450",19,"Sellimonas.intestinalis",-0.00258845929056406
"451",19,"Turicibacter.sp..MP236E3",-0.00467704748734832
"452",19,"Veillonella.atypica",0.00531040108762681
"453",19,"Veillonella.dispar",-0.00733012682758272
"454",19,"X.Clostridium..citroniae",-0.070824146270752
"455",19,"X.Clostridium..cocleatum",-0.00366985599976033
"456",19,"X.Clostridium..sp..MP626E2_ig1",-0.00401063379831612
"457",20,"Anaerotruncus.colihominis",-0.00506896781735122
"458",20,"Bacteroides.sp..MP64F12",-0.000622565916273743
"459",20,"Blautia.coccoides",0.0119670759886503
"460",20,"Burkholderiales.bacterium",-0.00309264089446515
"461",20,"Citrobacter.werkmanii",-0.00240989204030484
"462",20,"Clostridium.clostridioforme.CAG.511",-0.000897727906703949
"463",20,"Clostridium.nexile.CAG.348",-0.00215692084748298
"464",20,"Clostridium.paraputrificum",0.0556734818965197
"465",20,"Clostridium.sp..MP113D9",-0.00105753348907456
"466",20,"Clostridium.sp..MP49A11",-0.00135195662733167
"467",20,"Clostridium.sp..MP551E06",-0.000744421849958599
"468",20,"Eggerthella.lenta",-0.0507494751363993
"469",20,"Eggerthella.sp..MP163B1",-0.00823106290772557
"470",20,"Lactobacillus.animalis",-0.000787740747909993
"471",20,"Megasphaera.sp..MP182G6",-0.00167023821268231
"472",20,"Paenibacillus.macerans",-0.0017250650562346
"473",20,"Romboutsia.sp..MP35A8",-0.00154350232332945
"474",20,"Sellimonas.intestinalis",-0.00144386646570638
"475",20,"Turicibacter.sp..MP236E3",-0.00240251526702195
"476",20,"Veillonella.atypica",-0.00636181957088411
"477",20,"Veillonella.dispar",-0.00511099421419203
"478",20,"X.Clostridium..citroniae",0.265533804893494
"479",20,"X.Clostridium..cocleatum",-0.00232000672258437
"480",20,"X.Clostridium..sp..MP626E2_ig1",-0.00143747904803604
"481",21,"Anaerotruncus.colihominis",-0.00449715624563396
"482",21,"Bacteroides.sp..MP64F12",-0.000590509152971208
"483",21,"Blautia.coccoides",-0.0155154508538544
"484",21,"Burkholderiales.bacterium",-0.00439480878412724
"485",21,"Citrobacter.werkmanii",0.000562363624339923
"486",21,"Clostridium.clostridioforme.CAG.511",-0.000417516683228314
"487",21,"Clostridium.nexile.CAG.348",-0.0033375482307747
"488",21,"Clostridium.paraputrificum",-0.0313202254474163
"489",21,"Clostridium.sp..MP113D9",-0.000152859836816788
"490",21,"Clostridium.sp..MP49A11",-0.00144212011946365
"491",21,"Clostridium.sp..MP551E06",-0.00135868124198169
"492",21,"Eggerthella.lenta",-0.0763747654855251
"493",21,"Eggerthella.sp..MP163B1",-0.00739969615824521
"494",21,"Lactobacillus.animalis",-0.0013568151043728
"495",21,"Megasphaera.sp..MP182G6",0.00102170102763921
"496",21,"Paenibacillus.macerans",-0.00406281976029277
"497",21,"Romboutsia.sp..MP35A8",-0.000423352204961702
"498",21,"Sellimonas.intestinalis",-0.00175073184072971
"499",21,"Turicibacter.sp..MP236E3",-0.00408901297487319
"500",21,"Veillonella.atypica",0.00590712251141667
"501",21,"Veillonella.dispar",-0.00504913157783449
"502",21,"X.Clostridium..citroniae",-0.0844742618501186
"503",21,"X.Clostridium..cocleatum",-0.00246348464861512
"504",21,"X.Clostridium..sp..MP626E2_ig1",-0.00217235286254436
"505",22,"Anaerotruncus.colihominis",-0.00384934910107404
"506",22,"Bacteroides.sp..MP64F12",-0.000669666042085737
"507",22,"Blautia.coccoides",-0.0118151670321822
"508",22,"Burkholderiales.bacterium",-0.00333329383283854
"509",22,"Citrobacter.werkmanii",-0.00174114451510832
"510",22,"Clostridium.clostridioforme.CAG.511",-0.000394729431718588
"511",22,"Clostridium.nexile.CAG.348",-0.00214720191434026
"512",22,"Clostridium.paraputrificum",0.168261289596558
"513",22,"Clostridium.sp..MP113D9",-0.000220201502088457
"514",22,"Clostridium.sp..MP49A11",-0.00112388527486473
"515",22,"Clostridium.sp..MP551E06",-0.000799911329522729
"516",22,"Eggerthella.lenta",-0.0533939655870199
"517",22,"Eggerthella.sp..MP163B1",-0.00701364688575268
"518",22,"Lactobacillus.animalis",0.0222692266106606
"519",22,"Megasphaera.sp..MP182G6",-0.000837938976474106
"520",22,"Paenibacillus.macerans",-0.00290502922143787
"521",22,"Romboutsia.sp..MP35A8",-0.000985475053312257
"522",22,"Sellimonas.intestinalis",-0.00115470832679421
"523",22,"Turicibacter.sp..MP236E3",-0.0029527940787375
"524",22,"Veillonella.atypica",0.0127561609260738
"525",22,"Veillonella.dispar",0.0418502911925316
"526",22,"X.Clostridium..citroniae",-0.0402810387313366
"527",22,"X.Clostridium..cocleatum",-0.00151217659004033
"528",22,"X.Clostridium..sp..MP626E2_ig1",-0.00121048104483634
"529",23,"Anaerotruncus.colihominis",-0.00795666920021176
"530",23,"Bacteroides.sp..MP64F12",-0.000756049790652469
"531",23,"Blautia.coccoides",-0.0108308256603777
"532",23,"Burkholderiales.bacterium",-0.00434023281559348
"533",23,"Citrobacter.werkmanii",-0.00279299938119948
"534",23,"Clostridium.clostridioforme.CAG.511",-0.000904190674191341
"535",23,"Clostridium.nexile.CAG.348",-0.00436506350524724
"536",23,"Clostridium.paraputrificum",-0.0136175602674484
"537",23,"Clostridium.sp..MP113D9",-0.00127023865934461
"538",23,"Clostridium.sp..MP49A11",-0.0018505816697143
"539",23,"Clostridium.sp..MP551E06",-0.00135967950336635
"540",23,"Eggerthella.lenta",-0.10469451919198
"541",23,"Eggerthella.sp..MP163B1",-0.0123134618625045
"542",23,"Lactobacillus.animalis",-0.000973619578871876
"543",23,"Megasphaera.sp..MP182G6",-0.00220862810965627
"544",23,"Paenibacillus.macerans",-0.00254818180110306
"545",23,"Romboutsia.sp..MP35A8",-0.00202225509565324
"546",23,"Sellimonas.intestinalis",-0.00250897801015526
"547",23,"Turicibacter.sp..MP236E3",-0.0038240822032094
"548",23,"Veillonella.atypica",-0.00815463857725263
"549",23,"Veillonella.dispar",-0.00495452340692282
"550",23,"X.Clostridium..citroniae",-0.0805568769574165
"551",23,"X.Clostridium..cocleatum",-0.0031166885746643
"552",23,"X.Clostridium..sp..MP626E2_ig1",-0.00429481826722622
"553",24,"Anaerotruncus.colihominis",-0.0038870454300195
"554",24,"Bacteroides.sp..MP64F12",-0.000590751355048269
"555",24,"Blautia.coccoides",0.0142930787988007
"556",24,"Burkholderiales.bacterium",-0.00294601765926927
"557",24,"Citrobacter.werkmanii",-0.00160850927932188
"558",24,"Clostridium.clostridioforme.CAG.511",-0.000818289176095277
"559",24,"Clostridium.nexile.CAG.348",0.0243811253458261
"560",24,"Clostridium.paraputrificum",-0.00944908615201712
"561",24,"Clostridium.sp..MP113D9",-0.000741249910788611
"562",24,"Clostridium.sp..MP49A11",-0.00127435300964862
"563",24,"Clostridium.sp..MP551E06",-0.0004417497839313
"564",24,"Eggerthella.lenta",0.196704134345055
"565",24,"Eggerthella.sp..MP163B1",0.030619777739048
"566",24,"Lactobacillus.animalis",-0.000701330252923071
"567",24,"Megasphaera.sp..MP182G6",-0.00127376423915848
"568",24,"Paenibacillus.macerans",-0.00124354957370088
"569",24,"Romboutsia.sp..MP35A8",-0.00101580435875803
"570",24,"Sellimonas.intestinalis",-0.00101456657284871
"571",24,"Turicibacter.sp..MP236E3",-0.00168338208459318
"572",24,"Veillonella.atypica",-0.00626240577548742
"573",24,"Veillonella.dispar",-0.0034036022843793
"574",24,"X.Clostridium..citroniae",-0.0328831858932972
"575",24,"X.Clostridium..cocleatum",-0.0017324200598523
"576",24,"X.Clostridium..sp..MP626E2_ig1",0.0148249552585185
"577",25,"Anaerotruncus.colihominis",-0.00597947114147246
"578",25,"Bacteroides.sp..MP64F12",-0.00073661861824803
"579",25,"Blautia.coccoides",-0.011551511939615
"580",25,"Burkholderiales.bacterium",-0.00592710776254535
"581",25,"Citrobacter.werkmanii",-0.00347904476802796
"582",25,"Clostridium.clostridioforme.CAG.511",-0.00186155532719567
"583",25,"Clostridium.nexile.CAG.348",-0.00395531742833555
"584",25,"Clostridium.paraputrificum",-0.0208403030410409
"585",25,"Clostridium.sp..MP113D9",-0.000742826639907435
"586",25,"Clostridium.sp..MP49A11",-0.00275715964380652
"587",25,"Clostridium.sp..MP551E06",-0.00146822701208293
"588",25,"Eggerthella.lenta",-0.0919205546379089
"589",25,"Eggerthella.sp..MP163B1",-0.0118602709844708
"590",25,"Lactobacillus.animalis",-0.00279398413840681
"591",25,"Megasphaera.sp..MP182G6",-0.00257293693721294
"592",25,"Paenibacillus.macerans",-0.00403664843179286
"593",25,"Romboutsia.sp..MP35A8",-0.002303293091245
"594",25,"Sellimonas.intestinalis",-0.00233932281844318
"595",25,"Turicibacter.sp..MP236E3",-0.0052318787202239
"596",25,"Veillonella.atypica",0.00466310046613216
"597",25,"Veillonella.dispar",0.0185467908158898
"598",25,"X.Clostridium..citroniae",-0.0969681069254875
"599",25,"X.Clostridium..cocleatum",-0.00300183543004096
"600",25,"X.Clostridium..sp..MP626E2_ig1",-0.0026468945434317
"601",26,"Anaerotruncus.colihominis",-0.00341841648332775
"602",26,"Bacteroides.sp..MP64F12",-0.000581744301598519
"603",26,"Blautia.coccoides",-0.00627594511024654
"604",26,"Burkholderiales.bacterium",-0.00322823063470423
"605",26,"Citrobacter.werkmanii",-0.0018880064599216
"606",26,"Clostridium.clostridioforme.CAG.511",-0.000710452295606956
"607",26,"Clostridium.nexile.CAG.348",-0.00185169675387442
"608",26,"Clostridium.paraputrificum",-0.00954484520480037
"609",26,"Clostridium.sp..MP113D9",-0.00105366000207141
"610",26,"Clostridium.sp..MP49A11",-0.00133066595299169
"611",26,"Clostridium.sp..MP551E06",-0.000694296904839575
"612",26,"Eggerthella.lenta",0.240738488733768
"613",26,"Eggerthella.sp..MP163B1",0.0347061436623335
"614",26,"Lactobacillus.animalis",-0.0014292745036073
"615",26,"Megasphaera.sp..MP182G6",-0.00146300526103005
"616",26,"Paenibacillus.macerans",-0.00154310622019693
"617",26,"Romboutsia.sp..MP35A8",-0.00144992815330625
"618",26,"Sellimonas.intestinalis",-0.00131095288088545
"619",26,"Turicibacter.sp..MP236E3",-0.00197860458865762
"620",26,"Veillonella.atypica",0.00539338239468634
"621",26,"Veillonella.dispar",0.0179922198876739
"622",26,"X.Clostridium..citroniae",-0.034207995980978
"623",26,"X.Clostridium..cocleatum",-0.00233977474272251
"624",26,"X.Clostridium..sp..MP626E2_ig1",-0.00218461942858994
"625",27,"Anaerotruncus.colihominis",-0.00736667425371706
"626",27,"Bacteroides.sp..MP64F12",-0.00056633964413777
"627",27,"Blautia.coccoides",-0.01162736909464
"628",27,"Burkholderiales.bacterium",-0.00621154624968767
"629",27,"Citrobacter.werkmanii",-0.00372344302013516
"630",27,"Clostridium.clostridioforme.CAG.511",-0.0015463950112462
"631",27,"Clostridium.nexile.CAG.348",-0.00457390723749995
"632",27,"Clostridium.paraputrificum",-0.0211140774190426
"633",27,"Clostridium.sp..MP113D9",-0.0015685458201915
"634",27,"Clostridium.sp..MP49A11",-0.00226195121649653
"635",27,"Clostridium.sp..MP551E06",-0.00152642326429486
"636",27,"Eggerthella.lenta",-0.0980064682662487
"637",27,"Eggerthella.sp..MP163B1",-0.00995594635605812
"638",27,"Lactobacillus.animalis",-0.000845831906190142
"639",27,"Megasphaera.sp..MP182G6",-0.00278143887408078
"640",27,"Paenibacillus.macerans",-0.00268173986114562
"641",27,"Romboutsia.sp..MP35A8",-0.00230768939945847
"642",27,"Sellimonas.intestinalis",-0.00263254868332297
"643",27,"Turicibacter.sp..MP236E3",-0.00518675311468542
"644",27,"Veillonella.atypica",-0.0103821540251374
"645",27,"Veillonella.dispar",-0.00610752520151436
"646",27,"X.Clostridium..citroniae",-0.0873009264469147
"647",27,"X.Clostridium..cocleatum",-0.00385729770641774
"648",27,"X.Clostridium..sp..MP626E2_ig1",-0.00352882652077824
"649",28,"Anaerotruncus.colihominis",0.0235725622624159
"650",28,"Bacteroides.sp..MP64F12",-0.000619770580669865
"651",28,"Blautia.coccoides",-0.00619297591038048
"652",28,"Burkholderiales.bacterium",0.00432598614133894
"653",28,"Citrobacter.werkmanii",-0.00136091618333012
"654",28,"Clostridium.clostridioforme.CAG.511",-0.000850143231218681
"655",28,"Clostridium.nexile.CAG.348",-0.00176963384728879
"656",28,"Clostridium.paraputrificum",-0.0088942633010447
"657",28,"Clostridium.sp..MP113D9",-0.000747803162084892
"658",28,"Clostridium.sp..MP49A11",-0.00140370044391602
"659",28,"Clostridium.sp..MP551E06",-0.000533297512447461
"660",28,"Eggerthella.lenta",0.211396619677544
"661",28,"Eggerthella.sp..MP163B1",0.0352001469582319
"662",28,"Lactobacillus.animalis",-0.000882451422512531
"663",28,"Megasphaera.sp..MP182G6",-0.00136971077881753
"664",28,"Paenibacillus.macerans",-0.001373584382236
"665",28,"Romboutsia.sp..MP35A8",-0.00129762070719153
"666",28,"Sellimonas.intestinalis",-0.00109109148615971
"667",28,"Turicibacter.sp..MP236E3",-0.00181581487413496
"668",28,"Veillonella.atypica",-0.00539842317812145
"669",28,"Veillonella.dispar",-0.00347312865778804
"670",28,"X.Clostridium..citroniae",-0.0321762450039387
"671",28,"X.Clostridium..cocleatum",-0.00171911530196667
"672",28,"X.Clostridium..sp..MP626E2_ig1",-0.00200557627249509
"673",29,"Anaerotruncus.colihominis",-0.0057948159519583
"674",29,"Bacteroides.sp..MP64F12",-0.000832257617730647
"675",29,"Blautia.coccoides",-0.0116967931389809
"676",29,"Burkholderiales.bacterium",-0.00513392896391451
"677",29,"Citrobacter.werkmanii",-0.00269969599321485
"678",29,"Clostridium.clostridioforme.CAG.511",-0.000985847087576985
"679",29,"Clostridium.nexile.CAG.348",-0.00361984129995108
"680",29,"Clostridium.paraputrificum",-0.0228452077135444
"681",29,"Clostridium.sp..MP113D9",-0.0001598085364094
"682",29,"Clostridium.sp..MP49A11",-0.00181989191332832
"683",29,"Clostridium.sp..MP551E06",-0.00138504878850654
"684",29,"Eggerthella.lenta",-0.0913837999105453
"685",29,"Eggerthella.sp..MP163B1",-0.0112648420035839
"686",29,"Lactobacillus.animalis",-0.00154511717846617
"687",29,"Megasphaera.sp..MP182G6",-0.00141230801818892
"688",29,"Paenibacillus.macerans",-0.00392558972816914
"689",29,"Romboutsia.sp..MP35A8",-0.00148357887519524
"690",29,"Sellimonas.intestinalis",-0.00211862940341234
"691",29,"Turicibacter.sp..MP236E3",-0.00435307691805065
"692",29,"Veillonella.atypica",0.000474228858365677
"693",29,"Veillonella.dispar",-0.0049918401055038
"694",29,"X.Clostridium..citroniae",-0.0940394029021263
"695",29,"X.Clostridium..cocleatum",-0.00208921334706247
"696",29,"X.Clostridium..sp..MP626E2_ig1",-0.00202549691312015
"697",30,"Anaerotruncus.colihominis",-0.00627554440870881
"698",30,"Bacteroides.sp..MP64F12",-0.000984948826953769
"699",30,"Blautia.coccoides",-0.0131197609007359
"700",30,"Burkholderiales.bacterium",-0.00587647059001029
"701",30,"Citrobacter.werkmanii",-0.00275263178627938
"702",30,"Clostridium.clostridioforme.CAG.511",-0.00203846301883459
"703",30,"Clostridium.nexile.CAG.348",-0.00393267581239343
"704",30,"Clostridium.paraputrificum",-0.0253160251304507
"705",30,"Clostridium.sp..MP113D9",-0.000411032044212334
"706",30,"Clostridium.sp..MP49A11",-0.00242807262111455
"707",30,"Clostridium.sp..MP551E06",-0.00134857319062576
"708",30,"Eggerthella.lenta",-0.076041042804718
"709",30,"Eggerthella.sp..MP163B1",-0.0123885837383568
"710",30,"Lactobacillus.animalis",-0.00156736554345116
"711",30,"Megasphaera.sp..MP182G6",-0.00192057719687
"712",30,"Paenibacillus.macerans",-0.00376572622917593
"713",30,"Romboutsia.sp..MP35A8",-0.00167833128944039
"714",30,"Sellimonas.intestinalis",-0.00226661388296634
"715",30,"Turicibacter.sp..MP236E3",-0.00425552669912577
"716",30,"Veillonella.atypica",0.000981572724413127
"717",30,"Veillonella.dispar",-0.00567562412470579
"718",30,"X.Clostridium..citroniae",-0.0935296155512333
"719",30,"X.Clostridium..cocleatum",-0.0015360196121037
"720",30,"X.Clostridium..sp..MP626E2_ig1",-0.00290686928201467
"721",31,"Anaerotruncus.colihominis",4.394006828079e-05
"722",31,"Bacteroides.sp..MP64F12",-0.00030650851840619
"723",31,"Blautia.coccoides",-0.0102778607979417
"724",31,"Burkholderiales.bacterium",-0.00327530666254461
"725",31,"Citrobacter.werkmanii",0.00239155732560903
"726",31,"Clostridium.clostridioforme.CAG.511",5.70471820537932e-06
"727",31,"Clostridium.nexile.CAG.348",-0.00228195916861296
"728",31,"Clostridium.paraputrificum",0.151464842259884
"729",31,"Clostridium.sp..MP113D9",0.0307031348347664
"730",31,"Clostridium.sp..MP49A11",0.0563282705843449
"731",31,"Clostridium.sp..MP551E06",0.0441338643431664
"732",31,"Eggerthella.lenta",-0.0374158825725317
"733",31,"Eggerthella.sp..MP163B1",-0.000551229139091447
"734",31,"Lactobacillus.animalis",-0.000847040617372841
"735",31,"Megasphaera.sp..MP182G6",0.00235476880334318
"736",31,"Paenibacillus.macerans",-0.00280704873148352
"737",31,"Romboutsia.sp..MP35A8",5.45259536011145e-05
"738",31,"Sellimonas.intestinalis",-0.00112350686686113
"739",31,"Turicibacter.sp..MP236E3",-0.00233582430519164
"740",31,"Veillonella.atypica",0.00748875271528959
"741",31,"Veillonella.dispar",-0.0019537418265827
"742",31,"X.Clostridium..citroniae",-0.0440060738474131
"743",31,"X.Clostridium..cocleatum",-0.0014974243240431
"744",31,"X.Clostridium..sp..MP626E2_ig1",-0.000164080287504476
"745",32,"Anaerotruncus.colihominis",-0.00804988713935018
"746",32,"Bacteroides.sp..MP64F12",-0.000619234837358817
"747",32,"Blautia.coccoides",0.00879938760772347
"748",32,"Burkholderiales.bacterium",-0.00457934592850506
"749",32,"Citrobacter.werkmanii",-0.00281576230190694
"750",32,"Clostridium.clostridioforme.CAG.511",-0.00086479788296856
"751",32,"Clostridium.nexile.CAG.348",-0.00437355227768421
"752",32,"Clostridium.paraputrificum",-0.0176024017855525
"753",32,"Clostridium.sp..MP113D9",-0.00104693474713713
"754",32,"Clostridium.sp..MP49A11",-0.0021792515181005
"755",32,"Clostridium.sp..MP551E06",-0.0013196052168496
"756",32,"Eggerthella.lenta",-0.0866619572043419
"757",32,"Eggerthella.sp..MP163B1",-0.0154945934191346
"758",32,"Lactobacillus.animalis",-0.000869946001330391
"759",32,"Megasphaera.sp..MP182G6",-0.0016658662352711
"760",32,"Paenibacillus.macerans",-0.00196422223234549
"761",32,"Romboutsia.sp..MP35A8",-0.00188598007662222
"762",32,"Sellimonas.intestinalis",-0.00274701789021492
"763",32,"Turicibacter.sp..MP236E3",-0.00330604438204318
"764",32,"Veillonella.atypica",0.00386556365992874
"765",32,"Veillonella.dispar",-0.00420585554093122
"766",32,"X.Clostridium..citroniae",-0.0865010283887386
"767",32,"X.Clostridium..cocleatum",-0.00188171229092404
"768",32,"X.Clostridium..sp..MP626E2_ig1",-0.00350716465618461
"769",33,"Anaerotruncus.colihominis",-0.00410852115601301
"770",33,"Bacteroides.sp..MP64F12",-0.000601413543336093
"771",33,"Blautia.coccoides",-0.00646421103738248
"772",33,"Burkholderiales.bacterium",-0.00319707486778498
"773",33,"Citrobacter.werkmanii",-0.00195511645870283
"774",33,"Clostridium.clostridioforme.CAG.511",0.00821663113310933
"775",33,"Clostridium.nexile.CAG.348",-0.00187167356489226
"776",33,"Clostridium.paraputrificum",-0.0103320158086717
"777",33,"Clostridium.sp..MP113D9",-0.000766405195463449
"778",33,"Clostridium.sp..MP49A11",0.00839444249868393
"779",33,"Clostridium.sp..MP551E06",0.0165043454617262
"780",33,"Eggerthella.lenta",0.234363295137882
"781",33,"Eggerthella.sp..MP163B1",0.0388333629816771
"782",33,"Lactobacillus.animalis",-0.00083491564146243
"783",33,"Megasphaera.sp..MP182G6",-0.0016048222896643
"784",33,"Paenibacillus.macerans",-0.00147090689279139
"785",33,"Romboutsia.sp..MP35A8",-0.00131327041890472
"786",33,"Sellimonas.intestinalis",-0.0012279428774491
"787",33,"Turicibacter.sp..MP236E3",-0.00225860683713108
"788",33,"Veillonella.atypica",0.00735616427846253
"789",33,"Veillonella.dispar",-0.00373455916997045
"790",33,"X.Clostridium..citroniae",-0.0254004085436463
"791",33,"X.Clostridium..cocleatum",0.0200977148488164
"792",33,"X.Clostridium..sp..MP626E2_ig1",-0.00198081915732473
"793",34,"Anaerotruncus.colihominis",0.0284892749041319
"794",34,"Bacteroides.sp..MP64F12",-0.000594083132455125
"795",34,"Blautia.coccoides",0.0475346744060516
"796",34,"Burkholderiales.bacterium",-0.00330390781164169
"797",34,"Citrobacter.werkmanii",-0.00149934669025242
"798",34,"Clostridium.clostridioforme.CAG.511",-0.000454575187177397
"799",34,"Clostridium.nexile.CAG.348",-0.00203818746376783
"800",34,"Clostridium.paraputrificum",-0.0138438115827739
"801",34,"Clostridium.sp..MP113D9",-0.000869110866915435
"802",34,"Clostridium.sp..MP49A11",-0.00163715583039448
"803",34,"Clostridium.sp..MP551E06",-0.000600462662987411
"804",34,"Eggerthella.lenta",-0.0458983276039362
"805",34,"Eggerthella.sp..MP163B1",-0.00655981781892478
"806",34,"Lactobacillus.animalis",-0.000776457687607035
"807",34,"Megasphaera.sp..MP182G6",-0.00151353509863839
"808",34,"Paenibacillus.macerans",-0.00213613582309335
"809",34,"Romboutsia.sp..MP35A8",-0.00142955925548449
"810",34,"Sellimonas.intestinalis",0.0189791517332196
"811",34,"Turicibacter.sp..MP236E3",-0.00248197664041072
"812",34,"Veillonella.atypica",-0.00934374937787652
"813",34,"Veillonella.dispar",-0.00440714205615222
"814",34,"X.Clostridium..citroniae",0.26122735440731
"815",34,"X.Clostridium..cocleatum",0.0261295344680548
"816",34,"X.Clostridium..sp..MP626E2_ig1",-0.00158749643014744
"817",35,"Anaerotruncus.colihominis",-0.00680509442463517
"818",35,"Bacteroides.sp..MP64F12",-0.000626449735136703
"819",35,"Blautia.coccoides",-0.0119835664518178
"820",35,"Burkholderiales.bacterium",-0.00341857050079852
"821",35,"Citrobacter.werkmanii",-0.00436983583495021
"822",35,"Clostridium.clostridioforme.CAG.511",-0.00106459972448647
"823",35,"Clostridium.nexile.CAG.348",-0.00375200842972845
"824",35,"Clostridium.paraputrificum",0.0416961573064327
"825",35,"Clostridium.sp..MP113D9",-0.000719410658348352
"826",35,"Clostridium.sp..MP49A11",-0.00268954655621201
"827",35,"Clostridium.sp..MP551E06",-0.00137680786428973
"828",35,"Eggerthella.lenta",-0.0924638472497463
"829",35,"Eggerthella.sp..MP163B1",-0.0121314064599574
"830",35,"Lactobacillus.animalis",-0.0013035053270869
"831",35,"Megasphaera.sp..MP182G6",-0.00202888110652566
"832",35,"Paenibacillus.macerans",-0.00330025749281049
"833",35,"Romboutsia.sp..MP35A8",-0.00191451073624194
"834",35,"Sellimonas.intestinalis",-0.00251500669401139
"835",35,"Turicibacter.sp..MP236E3",-0.00341104110702872
"836",35,"Veillonella.atypica",0.00856059184297919
"837",35,"Veillonella.dispar",-0.00718647032044828
"838",35,"X.Clostridium..citroniae",-0.0785011202096939
"839",35,"X.Clostridium..cocleatum",-0.00228367291856557
"840",35,"X.Clostridium..sp..MP626E2_ig1",-0.00270844122860581
"841",36,"Anaerotruncus.colihominis",0.0171840861439705
"842",36,"Bacteroides.sp..MP64F12",-0.000795870582805946
"843",36,"Blautia.coccoides",-0.00316385680343956
"844",36,"Burkholderiales.bacterium",-0.00282845622859895
"845",36,"Citrobacter.werkmanii",-0.00179850845597684
"846",36,"Clostridium.clostridioforme.CAG.511",-0.000723485718481243
"847",36,"Clostridium.nexile.CAG.348",0.0177337881177664
"848",36,"Clostridium.paraputrificum",-0.00759037607349455
"849",36,"Clostridium.sp..MP113D9",-0.000738951843231916
"850",36,"Clostridium.sp..MP49A11",-0.00112619315041229
"851",36,"Clostridium.sp..MP551E06",-0.000395777635276318
"852",36,"Eggerthella.lenta",0.144710153341293
"853",36,"Eggerthella.sp..MP163B1",-0.00634889118373394
"854",36,"Lactobacillus.animalis",-0.000769286620197818
"855",36,"Megasphaera.sp..MP182G6",-0.00119417486712337
"856",36,"Paenibacillus.macerans",-0.00117639725795016
"857",36,"Romboutsia.sp..MP35A8",-0.00111025001388043
"858",36,"Sellimonas.intestinalis",-0.00117106823017821
"859",36,"Turicibacter.sp..MP236E3",-0.00135945266811177
"860",36,"Veillonella.atypica",-0.00517812557518482
"861",36,"Veillonella.dispar",-0.00317155348602682
"862",36,"X.Clostridium..citroniae",0.105090849101543
"863",36,"X.Clostridium..cocleatum",-0.00238134630490094
"864",36,"X.Clostridium..sp..MP626E2_ig1",0.0111446767114103
"865",37,"Anaerotruncus.colihominis",-0.00346960430033505
"866",37,"Bacteroides.sp..MP64F12",-0.000612548930803314
"867",37,"Blautia.coccoides",-0.00972533086314797
"868",37,"Burkholderiales.bacterium",-0.00232101697474718
"869",37,"Citrobacter.werkmanii",-0.00158039369853213
"870",37,"Clostridium.clostridioforme.CAG.511",0.00685512903146446
"871",37,"Clostridium.nexile.CAG.348",-0.00119333539623767
"872",37,"Clostridium.paraputrificum",-0.00691605010069907
"873",37,"Clostridium.sp..MP113D9",-0.000707031402271241
"874",37,"Clostridium.sp..MP49A11",-0.00121962436242029
"875",37,"Clostridium.sp..MP551E06",-0.000459982984466478
"876",37,"Eggerthella.lenta",0.174505054950714
"877",37,"Eggerthella.sp..MP163B1",0.0272341230884194
"878",37,"Lactobacillus.animalis",-0.000804173876531422
"879",37,"Megasphaera.sp..MP182G6",-0.00111140054650605
"880",37,"Paenibacillus.macerans",-0.00110054679680616
"881",37,"Romboutsia.sp..MP35A8",-0.00117074948502705
"882",37,"Sellimonas.intestinalis",-0.00105405185604468
"883",37,"Turicibacter.sp..MP236E3",-0.00141507986700162
"884",37,"Veillonella.atypica",-0.00387195020448416
"885",37,"Veillonella.dispar",-0.00244917627424002
"886",37,"X.Clostridium..citroniae",0.092355739325285
"887",37,"X.Clostridium..cocleatum",-0.00167325331130996
"888",37,"X.Clostridium..sp..MP626E2_ig1",0.0131536121480167
"889",38,"Anaerotruncus.colihominis",-0.00468421005643904
"890",38,"Bacteroides.sp..MP64F12",-0.000605961307883263
"891",38,"Blautia.coccoides",-0.0031639413209632
"892",38,"Burkholderiales.bacterium",-0.00255674961954355
"893",38,"Citrobacter.werkmanii",-0.00195439712842926
"894",38,"Clostridium.clostridioforme.CAG.511",0.00645674020051956
"895",38,"Clostridium.nexile.CAG.348",-0.00206171546597034
"896",38,"Clostridium.paraputrificum",-0.00880026957020164
"897",38,"Clostridium.sp..MP113D9",-0.00117383850738406
"898",38,"Clostridium.sp..MP49A11",-0.00113631266867742
"899",38,"Clostridium.sp..MP551E06",-0.000762995885452256
"900",38,"Eggerthella.lenta",-0.0470066759735346
"901",38,"Eggerthella.sp..MP163B1",-0.00687766913324594
"902",38,"Lactobacillus.animalis",-0.00120865891221911
"903",38,"Megasphaera.sp..MP182G6",-0.00123565725516528
"904",38,"Paenibacillus.macerans",-0.00140152667881921
"905",38,"Romboutsia.sp..MP35A8",-0.0012820647098124
"906",38,"Sellimonas.intestinalis",-0.00120492099085823
"907",38,"Turicibacter.sp..MP236E3",-0.00187367672333494
"908",38,"Veillonella.atypica",0.00691771064884961
"909",38,"Veillonella.dispar",0.0240100296214223
"910",38,"X.Clostridium..citroniae",0.202899985015392
"911",38,"X.Clostridium..cocleatum",-0.00238208845257759
"912",38,"X.Clostridium..sp..MP626E2_ig1",-0.0024887032341212
"913",39,"Anaerotruncus.colihominis",-0.00328238867223263
"914",39,"Bacteroides.sp..MP64F12",-0.000552955927560106
"915",39,"Blautia.coccoides",-0.0015079133445397
"916",39,"Burkholderiales.bacterium",-0.00260688015259802
"917",39,"Citrobacter.werkmanii",-0.00159586314111948
"918",39,"Clostridium.clostridioforme.CAG.511",0.00651106960140169
"919",39,"Clostridium.nexile.CAG.348",0.0201411806046963
"920",39,"Clostridium.paraputrificum",-0.00624174415133893
"921",39,"Clostridium.sp..MP113D9",-0.000800304289441556
"922",39,"Clostridium.sp..MP49A11",-0.00114610081072897
"923",39,"Clostridium.sp..MP551E06",-0.000495804473757744
"924",39,"Eggerthella.lenta",0.0985475927591324
"925",39,"Eggerthella.sp..MP163B1",0.0195227228105068
"926",39,"Lactobacillus.animalis",-0.000741692201700062
"927",39,"Megasphaera.sp..MP182G6",0.0225269282236695
"928",39,"Paenibacillus.macerans",-0.00117155385669321
"929",39,"Romboutsia.sp..MP35A8",-0.00127992016496137
"930",39,"Sellimonas.intestinalis",-0.00104269612347707
"931",39,"Turicibacter.sp..MP236E3",-0.00143143557943404
"932",39,"Veillonella.atypica",-0.0046010185033083
"933",39,"Veillonella.dispar",-0.00304732425138354
"934",39,"X.Clostridium..citroniae",0.0981082618236542
"935",39,"X.Clostridium..cocleatum",-0.00171394750941545
"936",39,"X.Clostridium..sp..MP626E2_ig1",-0.00142076355405152
"937",40,"Anaerotruncus.colihominis",-0.00395115721039474
"938",40,"Bacteroides.sp..MP64F12",-0.000586114008910954
"939",40,"Blautia.coccoides",-0.005079151596874
"940",40,"Burkholderiales.bacterium",-0.00258643086999655
"941",40,"Citrobacter.werkmanii",-0.00173405127134174
"942",40,"Clostridium.clostridioforme.CAG.511",-0.000507003598613665
"943",40,"Clostridium.nexile.CAG.348",-0.00156729138689116
"944",40,"Clostridium.paraputrificum",-0.00658156862482429
"945",40,"Clostridium.sp..MP113D9",-0.000899316015420482
"946",40,"Clostridium.sp..MP49A11",-0.00126631278544664
"947",40,"Clostridium.sp..MP551E06",-0.000591413525398821
"948",40,"Eggerthella.lenta",0.156935974955559
"949",40,"Eggerthella.sp..MP163B1",-0.00615333230234683
"950",40,"Lactobacillus.animalis",-0.000738250353606418
"951",40,"Megasphaera.sp..MP182G6",-0.00123950309352949
"952",40,"Paenibacillus.macerans",-0.00138828426133841
"953",40,"Romboutsia.sp..MP35A8",-0.00133780477335677
"954",40,"Sellimonas.intestinalis",-0.00108999281655997
"955",40,"Turicibacter.sp..MP236E3",0.0271793389692903
"956",40,"Veillonella.atypica",0.00712381675839424
"957",40,"Veillonella.dispar",-0.00358900532592088
"958",40,"X.Clostridium..citroniae",-0.0236041117459536
"959",40,"X.Clostridium..cocleatum",-0.00184357503894717
"960",40,"X.Clostridium..sp..MP626E2_ig1",0.0225856387987733
"961",41,"Anaerotruncus.colihominis",-0.00564833334647119
"962",41,"Bacteroides.sp..MP64F12",-0.000524557864991948
"963",41,"Blautia.coccoides",-0.00305945810396224
"964",41,"Burkholderiales.bacterium",-0.00326330016832799
"965",41,"Citrobacter.werkmanii",-0.00173321616603062
"966",41,"Clostridium.clostridioforme.CAG.511",-0.000908765156054869
"967",41,"Clostridium.nexile.CAG.348",-0.00267083593644202
"968",41,"Clostridium.paraputrificum",-0.0107756713405252
"969",41,"Clostridium.sp..MP113D9",-0.0010647892486304
"970",41,"Clostridium.sp..MP49A11",-0.00149816053453833
"971",41,"Clostridium.sp..MP551E06",-0.000953962880885229
"972",41,"Eggerthella.lenta",-0.0583487581461668
"973",41,"Eggerthella.sp..MP163B1",-0.00897773401811719
"974",41,"Lactobacillus.animalis",-0.000772188766859472
"975",41,"Megasphaera.sp..MP182G6",-0.00154646043665707
"976",41,"Paenibacillus.macerans",-0.001727688126266
"977",41,"Romboutsia.sp..MP35A8",-0.00145895342575386
"978",41,"Sellimonas.intestinalis",0.0420833453536034
"979",41,"Turicibacter.sp..MP236E3",-0.00247483467683196
"980",41,"Veillonella.atypica",-0.00740636582486331
"981",41,"Veillonella.dispar",-0.00403059204109013
"982",41,"X.Clostridium..citroniae",-0.0499629564583302
"983",41,"X.Clostridium..cocleatum",0.0153910559602082
"984",41,"X.Clostridium..sp..MP626E2_ig1",0.0583362691104412
"985",42,"Anaerotruncus.colihominis",-0.00536531675606966
"986",42,"Bacteroides.sp..MP64F12",-0.000545233866432682
"987",42,"Blautia.coccoides",-0.00253670255187899
"988",42,"Burkholderiales.bacterium",-0.00423197029158473
"989",42,"Citrobacter.werkmanii",-0.00246901821810752
"990",42,"Clostridium.clostridioforme.CAG.511",-0.000933227158384398
"991",42,"Clostridium.nexile.CAG.348",-0.00379794533364475
"992",42,"Clostridium.paraputrificum",0.129015408456326
"993",42,"Clostridium.sp..MP113D9",-0.00103630439843982
"994",42,"Clostridium.sp..MP49A11",-0.00214775383938104
"995",42,"Clostridium.sp..MP551E06",-0.00142669246997684
"996",42,"Eggerthella.lenta",-0.0700094662606716
"997",42,"Eggerthella.sp..MP163B1",-0.00975445425137877
"998",42,"Lactobacillus.animalis",-0.000743961049010977
"999",42,"Megasphaera.sp..MP182G6",-0.00211507512722164
"1000",42,"Paenibacillus.macerans",-0.00202145369257778
"1001",42,"Romboutsia.sp..MP35A8",0.076527800410986
"1002",42,"Sellimonas.intestinalis",-0.00230865017510951
"1003",42,"Turicibacter.sp..MP236E3",-0.00331433897372335
"1004",42,"Veillonella.atypica",0.0155267831869423
"1005",42,"Veillonella.dispar",-0.00660823122598231
"1006",42,"X.Clostridium..citroniae",-0.0680687129497528
"1007",42,"X.Clostridium..cocleatum",0.0501102264970541
"1008",42,"X.Clostridium..sp..MP626E2_ig1",-0.00277564057614654
"1009",43,"Anaerotruncus.colihominis",-0.00709642097353935
"1010",43,"Bacteroides.sp..MP64F12",-0.000665482861222699
"1011",43,"Blautia.coccoides",-0.0127057009376585
"1012",43,"Burkholderiales.bacterium",-0.00592637713998556
"1013",43,"Citrobacter.werkmanii",-0.00328206270933151
"1014",43,"Clostridium.clostridioforme.CAG.511",-0.00146894779754803
"1015",43,"Clostridium.nexile.CAG.348",-0.00471931509673595
"1016",43,"Clostridium.paraputrificum",-0.0266837468370795
"1017",43,"Clostridium.sp..MP113D9",-0.00164302688790485
"1018",43,"Clostridium.sp..MP49A11",-0.00266530411317945
"1019",43,"Clostridium.sp..MP551E06",-0.00152642326429486
"1020",43,"Eggerthella.lenta",-0.108022999018431
"1021",43,"Eggerthella.sp..MP163B1",-0.0146589181385934
"1022",43,"Lactobacillus.animalis",-0.00102806597715244
"1023",43,"Megasphaera.sp..MP182G6",-0.00290870969183743
"1024",43,"Paenibacillus.macerans",-0.00285636016633362
"1025",43,"Romboutsia.sp..MP35A8",-0.00229384307749569
"1026",43,"Sellimonas.intestinalis",-0.00254550855606794
"1027",43,"Turicibacter.sp..MP236E3",-0.00541428802534938
"1028",43,"Veillonella.atypica",-0.0119438949041069
"1029",43,"Veillonella.dispar",-0.00759637239389122
"1030",43,"X.Clostridium..citroniae",-0.0806574895977974
"1031",43,"X.Clostridium..cocleatum",-0.00313329650089145
"1032",43,"X.Clostridium..sp..MP626E2_ig1",-0.00323048362042755
"1033",44,"Anaerotruncus.colihominis",0.0209626108407974
"1034",44,"Bacteroides.sp..MP64F12",-0.000612483563600108
"1035",44,"Blautia.coccoides",-0.00100923937861808
"1036",44,"Burkholderiales.bacterium",-0.0027027134783566
"1037",44,"Citrobacter.werkmanii",-0.00138216029154137
"1038",44,"Clostridium.clostridioforme.CAG.511",0.00662933872081339
"1039",44,"Clostridium.nexile.CAG.348",0.0320757906883955
"1040",44,"Clostridium.paraputrificum",-0.00817229924723506
"1041",44,"Clostridium.sp..MP113D9",-0.000894028111360967
"1042",44,"Clostridium.sp..MP49A11",-0.00114659121027216
"1043",44,"Clostridium.sp..MP551E06",-0.000478977599414065
"1044",44,"Eggerthella.lenta",-0.0428125727921724
"1045",44,"Eggerthella.sp..MP163B1",-0.00503918738104403
"1046",44,"Lactobacillus.animalis",-0.000824207352707162
"1047",44,"Megasphaera.sp..MP182G6",-0.00133152632042766
"1048",44,"Paenibacillus.macerans",-0.00114449684042484
"1049",44,"Romboutsia.sp..MP35A8",-0.000892209267476574
"1050",44,"Sellimonas.intestinalis",0.0150095033459365
"1051",44,"Turicibacter.sp..MP236E3",-0.00152403843821958
"1052",44,"Veillonella.atypica",-0.00652972678653896
"1053",44,"Veillonella.dispar",-0.00345705647487193
"1054",44,"X.Clostridium..citroniae",0.137311577796936
"1055",44,"X.Clostridium..cocleatum",-0.00188948737923056
"1056",44,"X.Clostridium..sp..MP626E2_ig1",-0.00225803896319121
"1057",45,"Anaerotruncus.colihominis",-0.00391802471131086
"1058",45,"Bacteroides.sp..MP64F12",-0.000823987793410197
"1059",45,"Blautia.coccoides",-0.00620207213796675
"1060",45,"Burkholderiales.bacterium",-0.00300944445189089
"1061",45,"Citrobacter.werkmanii",-0.00269634008873254
"1062",45,"Clostridium.clostridioforme.CAG.511",-0.000791607395512983
"1063",45,"Clostridium.nexile.CAG.348",-0.0018351775361225
"1064",45,"Clostridium.paraputrificum",0.0642760545015335
"1065",45,"Clostridium.sp..MP113D9",-0.000334656520863064
"1066",45,"Clostridium.sp..MP49A11",-0.00157633452909067
"1067",45,"Clostridium.sp..MP551E06",-0.000757091795094311
"1068",45,"Eggerthella.lenta",-0.0469163171947002
"1069",45,"Eggerthella.sp..MP163B1",-0.00757201528176665
"1070",45,"Lactobacillus.animalis",-0.0010576582280919
"1071",45,"Megasphaera.sp..MP182G6",-0.00153436209075153
"1072",45,"Paenibacillus.macerans",-0.00217789260204881
"1073",45,"Romboutsia.sp..MP35A8",-0.00158317148452625
"1074",45,"Sellimonas.intestinalis",-0.00145820202305913
"1075",45,"Turicibacter.sp..MP236E3",-0.00246625486761332
"1076",45,"Veillonella.atypica",0.000285780122794677
"1077",45,"Veillonella.dispar",-0.0036647052038461
"1078",45,"X.Clostridium..citroniae",0.23941695690155
"1079",45,"X.Clostridium..cocleatum",-0.00164056016365066
"1080",45,"X.Clostridium..sp..MP626E2_ig1",-0.00145217421231791
"1081",46,"Anaerotruncus.colihominis",-0.00792135950177908
"1082",46,"Bacteroides.sp..MP64F12",-0.000698497926350683
"1083",46,"Blautia.coccoides",0.0209318669512868
"1084",46,"Burkholderiales.bacterium",-0.00495544704608619
"1085",46,"Citrobacter.werkmanii",-0.0035092233447358
"1086",46,"Clostridium.clostridioforme.CAG.511",-0.00130187219474465
"1087",46,"Clostridium.nexile.CAG.348",-0.00428509898483753
"1088",46,"Clostridium.paraputrificum",-0.026201568543911
"1089",46,"Clostridium.sp..MP113D9",-0.00116282014641911
"1090",46,"Clostridium.sp..MP49A11",-0.00264664192218333
"1091",46,"Clostridium.sp..MP551E06",-0.00139497907366604
"1092",46,"Eggerthella.lenta",-0.0845957323908806
"1093",46,"Eggerthella.sp..MP163B1",-0.0174062447622418
"1094",46,"Lactobacillus.animalis",-0.00103282486088574
"1095",46,"Megasphaera.sp..MP182G6",-0.00240329559892416
"1096",46,"Paenibacillus.macerans",-0.00268497865181416
"1097",46,"Romboutsia.sp..MP35A8",-0.00187660445226356
"1098",46,"Sellimonas.intestinalis",-0.00253524875734001
"1099",46,"Turicibacter.sp..MP236E3",-0.00409169681370258
"1100",46,"Veillonella.atypica",-0.011389680672437
"1101",46,"Veillonella.dispar",-0.00725520239211619
"1102",46,"X.Clostridium..citroniae",-0.0962677486240864
"1103",46,"X.Clostridium..cocleatum",-0.00258800096344203
"1104",46,"X.Clostridium..sp..MP626E2_ig1",-0.00264385924674571
"1105",47,"Anaerotruncus.colihominis",-0.00556228216737509
"1106",47,"Bacteroides.sp..MP64F12",-0.00055115093709901
"1107",47,"Blautia.coccoides",0.0290198344737291
"1108",47,"Burkholderiales.bacterium",-0.00364456581883132
"1109",47,"Citrobacter.werkmanii",-0.00223637674935162
"1110",47,"Clostridium.clostridioforme.CAG.511",-0.000861314561916515
"1111",47,"Clostridium.nexile.CAG.348",-0.00384484021924436
"1112",47,"Clostridium.paraputrificum",-0.0135064632631838
"1113",47,"Clostridium.sp..MP113D9",-0.000926909240661189
"1114",47,"Clostridium.sp..MP49A11",-0.00166366330813617
"1115",47,"Clostridium.sp..MP551E06",-0.00119871244532987
"1116",47,"Eggerthella.lenta",-0.073199238628149
"1117",47,"Eggerthella.sp..MP163B1",0.0583816505968571
"1118",47,"Lactobacillus.animalis",-0.00087433258886449
"1119",47,"Megasphaera.sp..MP182G6",-0.00165550748351961
"1120",47,"Paenibacillus.macerans",-0.0017162550939247
"1121",47,"Romboutsia.sp..MP35A8",-0.00160679966211319
"1122",47,"Sellimonas.intestinalis",-0.00201868789736181
"1123",47,"Turicibacter.sp..MP236E3",-0.00263201212510467
"1124",47,"Veillonella.atypica",-0.00703050359152257
"1125",47,"Veillonella.dispar",-0.00368390686344355
"1126",47,"X.Clostridium..citroniae",-0.066947303712368
"1127",47,"X.Clostridium..cocleatum",-0.00183486565947533
"1128",47,"X.Clostridium..sp..MP626E2_ig1",-0.00309026218019426
"1129",48,"Anaerotruncus.colihominis",-0.00640693493187428
"1130",48,"Bacteroides.sp..MP64F12",-0.000535539089469239
"1131",48,"Blautia.coccoides",-0.0112221650779247
"1132",48,"Burkholderiales.bacterium",-0.0036626267246902
"1133",48,"Citrobacter.werkmanii",-0.00268149981275201
"1134",48,"Clostridium.clostridioforme.CAG.511",-0.00086257720249705
"1135",48,"Clostridium.nexile.CAG.348",-0.00343479763250798
"1136",48,"Clostridium.paraputrificum",0.124207139015198
"1137",48,"Clostridium.sp..MP113D9",-0.00100337981712073
"1138",48,"Clostridium.sp..MP49A11",-0.00137184123741463
"1139",48,"Clostridium.sp..MP551E06",0.0495134219527245
"1140",48,"Eggerthella.lenta",-0.0571721345186234
"1141",48,"Eggerthella.sp..MP163B1",-0.00883992342278361
"1142",48,"Lactobacillus.animalis",0.00757207721471786
"1143",48,"Megasphaera.sp..MP182G6",-0.00212681770790368
"1144",48,"Paenibacillus.macerans",-0.00187439395813271
"1145",48,"Romboutsia.sp..MP35A8",-0.0018870186759159
"1146",48,"Sellimonas.intestinalis",-0.00218923506326973
"1147",48,"Turicibacter.sp..MP236E3",-0.00306125939823687
"1148",48,"Veillonella.atypica",0.0173298269510269
"1149",48,"Veillonella.dispar",-0.0039863558486104
"1150",48,"X.Clostridium..citroniae",-0.0279577104374766
"1151",48,"X.Clostridium..cocleatum",-0.00269398163072765
"1152",48,"X.Clostridium..sp..MP626E2_ig1",-0.00310873182024807
"1153",49,"Anaerotruncus.colihominis",-0.00238119391724467
"1154",49,"Bacteroides.sp..MP64F12",-0.000548299751244485
"1155",49,"Blautia.coccoides",0.0948959738016129
"1156",49,"Burkholderiales.bacterium",-0.0029566886369139
"1157",49,"Citrobacter.werkmanii",0.00175641640089452
"1158",49,"Clostridium.clostridioforme.CAG.511",-9.39246456255205e-05
"1159",49,"Clostridium.nexile.CAG.348",-0.00238698814064264
"1160",49,"Clostridium.paraputrificum",0.133046567440033
"1161",49,"Clostridium.sp..MP113D9",-6.3014347688295e-05
"1162",49,"Clostridium.sp..MP49A11",-0.00120156648335978
"1163",49,"Clostridium.sp..MP551E06",-0.00102069700369611
"1164",49,"Eggerthella.lenta",-0.0404113549739122
"1165",49,"Eggerthella.sp..MP163B1",-0.00189998489804566
"1166",49,"Lactobacillus.animalis",-0.00126906263176352
"1167",49,"Megasphaera.sp..MP182G6",0.00215662724804133
"1168",49,"Paenibacillus.macerans",0.0812858752906322
"1169",49,"Romboutsia.sp..MP35A8",-0.00038526275602635
"1170",49,"Sellimonas.intestinalis",-0.0013923374353908
"1171",49,"Turicibacter.sp..MP236E3",-0.00241542642470449
"1172",49,"Veillonella.atypica",0.0099240462295711
"1173",49,"Veillonella.dispar",-0.00248757225926965
"1174",49,"X.Clostridium..citroniae",-0.0392224658280611
"1175",49,"X.Clostridium..cocleatum",-0.00155446608550847
"1176",49,"X.Clostridium..sp..MP626E2_ig1",-0.000660278339637443
"1177",50,"Anaerotruncus.colihominis",-0.00311299238819629
"1178",50,"Bacteroides.sp..MP64F12",-0.000793379527749494
"1179",50,"Blautia.coccoides",-0.00617091311141849
"1180",50,"Burkholderiales.bacterium",0.0500049851834774
"1181",50,"Citrobacter.werkmanii",-0.0028098375769332
"1182",50,"Clostridium.clostridioforme.CAG.511",-0.00117293861694634
"1183",50,"Clostridium.nexile.CAG.348",-0.00251580565236509
"1184",50,"Clostridium.paraputrificum",-0.0158728631213307
"1185",50,"Clostridium.sp..MP113D9",-0.000458843729575165
"1186",50,"Clostridium.sp..MP49A11",-0.00173556338995695
"1187",50,"Clostridium.sp..MP551E06",-0.000926391978282481
"1188",50,"Eggerthella.lenta",-0.0587334092706442
"1189",50,"Eggerthella.sp..MP163B1",-0.00754592474550009
"1190",50,"Lactobacillus.animalis",0.0254576951265335
"1191",50,"Megasphaera.sp..MP182G6",-0.00217722612433136
"1192",50,"Paenibacillus.macerans",0.0899418368935585
"1193",50,"Romboutsia.sp..MP35A8",-0.0018810152541846
"1194",50,"Sellimonas.intestinalis",-0.00135010154917836
"1195",50,"Turicibacter.sp..MP236E3",-0.00388388056308031
"1196",50,"Veillonella.atypica",0.0154542233794928
"1197",50,"Veillonella.dispar",0.0488792341202497
"1198",50,"X.Clostridium..citroniae",-0.058401757851243
"1199",50,"X.Clostridium..cocleatum",-0.00184663367690518
"1200",50,"X.Clostridium..sp..MP626E2_ig1",-0.0019509022240527
"1201",51,"Anaerotruncus.colihominis",0.0181741556152701
"1202",51,"Bacteroides.sp..MP64F12",-0.000699103315128013
"1203",51,"Blautia.coccoides",-0.00575459818355739
"1204",51,"Burkholderiales.bacterium",-0.00339463329873979
"1205",51,"Citrobacter.werkmanii",-0.00190651370212436
"1206",51,"Clostridium.clostridioforme.CAG.511",-0.000942623330047354
"1207",51,"Clostridium.nexile.CAG.348",-0.00188812910346314
"1208",51,"Clostridium.paraputrificum",-0.00907839648425579
"1209",51,"Clostridium.sp..MP113D9",-0.000954710587393492
"1210",51,"Clostridium.sp..MP49A11",-0.00132005679188296
"1211",51,"Clostridium.sp..MP551E06",-0.000697716313879937
"1212",51,"Eggerthella.lenta",0.238137952983379
"1213",51,"Eggerthella.sp..MP163B1",0.0385149270296097
"1214",51,"Lactobacillus.animalis",-0.00102087567211129
"1215",51,"Megasphaera.sp..MP182G6",-0.00124934542691335
"1216",51,"Paenibacillus.macerans",-0.00137838599039242
"1217",51,"Romboutsia.sp..MP35A8",-0.00148472335422412
"1218",51,"Sellimonas.intestinalis",-0.00115616124821827
"1219",51,"Turicibacter.sp..MP236E3",-0.00195842771790922
"1220",51,"Veillonella.atypica",-0.00522301439195871
"1221",51,"Veillonella.dispar",-0.00358602602500468
"1222",51,"X.Clostridium..citroniae",-0.0344201251864433
"1223",51,"X.Clostridium..cocleatum",-0.00209322804585099
"1224",51,"X.Clostridium..sp..MP626E2_ig1",-0.00187719444511458
"1225",52,"Anaerotruncus.colihominis",-0.0026511246105656
"1226",52,"Bacteroides.sp..MP64F12",-0.000307683585560881
"1227",52,"Blautia.coccoides",-0.017507391050458
"1228",52,"Burkholderiales.bacterium",-0.00476394616998732
"1229",52,"Citrobacter.werkmanii",0.000799373025074601
"1230",52,"Clostridium.clostridioforme.CAG.511",0
"1231",52,"Clostridium.nexile.CAG.348",-0.00319635320920497
"1232",52,"Clostridium.paraputrificum",-0.0255743442103267
"1233",52,"Clostridium.sp..MP113D9",0.000451575207989663
"1234",52,"Clostridium.sp..MP49A11",-0.00126828067004681
"1235",52,"Clostridium.sp..MP551E06",-0.00123729690676555
"1236",52,"Eggerthella.lenta",-0.082105714827776
"1237",52,"Eggerthella.sp..MP163B1",-0.00527364783920348
"1238",52,"Lactobacillus.animalis",0.00968157686293125
"1239",52,"Megasphaera.sp..MP182G6",0.00214300176594406
"1240",52,"Paenibacillus.macerans",-0.00438718288205564
"1241",52,"Romboutsia.sp..MP35A8",-0.000263505226030247
"1242",52,"Sellimonas.intestinalis",-0.00161679927259684
"1243",52,"Turicibacter.sp..MP236E3",-0.00425104959867895
"1244",52,"Veillonella.atypica",0.00655055278912187
"1245",52,"Veillonella.dispar",-0.00443789712153375
"1246",52,"X.Clostridium..citroniae",-0.0817073322832584
"1247",52,"X.Clostridium..cocleatum",-0.00320284906774759
"1248",52,"X.Clostridium..sp..MP626E2_ig1",-0.000691971770720556
"1249",53,"Anaerotruncus.colihominis",-0.00444701896049082
"1250",53,"Bacteroides.sp..MP64F12",-0.000543015048606321
"1251",53,"Blautia.coccoides",-0.00671043270267546
"1252",53,"Burkholderiales.bacterium",-0.00324363238178194
"1253",53,"Citrobacter.werkmanii",-0.00235724786762148
"1254",53,"Clostridium.clostridioforme.CAG.511",-0.000714407797204331
"1255",53,"Clostridium.nexile.CAG.348",-0.00340328668244183
"1256",53,"Clostridium.paraputrificum",-0.009409184101969
"1257",53,"Clostridium.sp..MP113D9",-0.0010862642666325
"1258",53,"Clostridium.sp..MP49A11",-0.00140156457200646
"1259",53,"Clostridium.sp..MP551E06",-0.00101740210084245
"1260",53,"Eggerthella.lenta",-0.0642502047121525
"1261",53,"Eggerthella.sp..MP163B1",-0.0060076869558543
"1262",53,"Lactobacillus.animalis",-0.00144674628973007
"1263",53,"Megasphaera.sp..MP182G6",-0.00174203753704205
"1264",53,"Paenibacillus.macerans",-0.00221114163286984
"1265",53,"Romboutsia.sp..MP35A8",-0.00154728669440374
"1266",53,"Sellimonas.intestinalis",-0.00216772046405822
"1267",53,"Turicibacter.sp..MP236E3",-0.0027490925276652
"1268",53,"Veillonella.atypica",0.0106276087462902
"1269",53,"Veillonella.dispar",0.0318836681544781
"1270",53,"X.Clostridium..citroniae",-0.0464401375502348
"1271",53,"X.Clostridium..cocleatum",0.0256838649511337
"1272",53,"X.Clostridium..sp..MP626E2_ig1",-0.0030644143698737
"1273",54,"Anaerotruncus.colihominis",-0.0090907053090632
"1274",54,"Bacteroides.sp..MP64F12",-0.000613087380770594
"1275",54,"Blautia.coccoides",-0.00974959973245859
"1276",54,"Burkholderiales.bacterium",0.047735508531332
"1277",54,"Citrobacter.werkmanii",-0.00349919893778861
"1278",54,"Clostridium.clostridioforme.CAG.511",-0.00119916920084506
"1279",54,"Clostridium.nexile.CAG.348",-0.00454414705745876
"1280",54,"Clostridium.paraputrificum",-0.0259674889966846
"1281",54,"Clostridium.sp..MP113D9",-0.00147884321631864
"1282",54,"Clostridium.sp..MP49A11",-0.00231831299606711
"1283",54,"Clostridium.sp..MP551E06",-0.00136979203671217
"1284",54,"Eggerthella.lenta",-0.0999607928097248
"1285",54,"Eggerthella.sp..MP163B1",-0.0138351088389754
"1286",54,"Lactobacillus.animalis",-0.0017399643547833
"1287",54,"Megasphaera.sp..MP182G6",-0.00238779140636325
"1288",54,"Paenibacillus.macerans",-0.0025487148668617
"1289",54,"Romboutsia.sp..MP35A8",-0.00223762099631131
"1290",54,"Sellimonas.intestinalis",-0.00271198130212724
"1291",54,"Turicibacter.sp..MP236E3",-0.0041886658873409
"1292",54,"Veillonella.atypica",0.00797227025032043
"1293",54,"Veillonella.dispar",0.0255172625184059
"1294",54,"X.Clostridium..citroniae",-0.0846592374145985
"1295",54,"X.Clostridium..cocleatum",-0.00305433280300349
"1296",54,"X.Clostridium..sp..MP626E2_ig1",-0.00356281618587673
"1297",55,"Anaerotruncus.colihominis",-0.00879933824762702
"1298",55,"Bacteroides.sp..MP64F12",-0.000635806762147695
"1299",55,"Blautia.coccoides",0.0179771883413196
"1300",55,"Burkholderiales.bacterium",-0.0042606326751411
"1301",55,"Citrobacter.werkmanii",-0.00332847028039396
"1302",55,"Clostridium.clostridioforme.CAG.511",-0.00132574915187433
"1303",55,"Clostridium.nexile.CAG.348",-0.00463993428274989
"1304",55,"Clostridium.paraputrificum",-0.024702500551939
"1305",55,"Clostridium.sp..MP113D9",-0.00118397717596963
"1306",55,"Clostridium.sp..MP49A11",-0.00214431108906865
"1307",55,"Clostridium.sp..MP551E06",-0.00136593013303354
"1308",55,"Eggerthella.lenta",-0.103666603565216
"1309",55,"Eggerthella.sp..MP163B1",-0.0179411275312304
"1310",55,"Lactobacillus.animalis",-0.00100005633430555
"1311",55,"Megasphaera.sp..MP182G6",-0.00233622814994305
"1312",55,"Paenibacillus.macerans",-0.00243062584195286
"1313",55,"Romboutsia.sp..MP35A8",-0.00214394682552665
"1314",55,"Sellimonas.intestinalis",-0.00275455310475081
"1315",55,"Turicibacter.sp..MP236E3",-0.00394456868525594
"1316",55,"Veillonella.atypica",-0.012495010625571
"1317",55,"Veillonella.dispar",-0.00608820863999426
"1318",55,"X.Clostridium..citroniae",-0.0901609435677528
"1319",55,"X.Clostridium..cocleatum",-0.00315678026527166
"1320",55,"X.Clostridium..sp..MP626E2_ig1",-0.00362677790690213
"1321",56,"Anaerotruncus.colihominis",-0.0056447007227689
"1322",56,"Bacteroides.sp..MP64F12",-0.000487603509100154
"1323",56,"Blautia.coccoides",-0.00639320746995509
"1324",56,"Burkholderiales.bacterium",-0.00426757475361228
"1325",56,"Citrobacter.werkmanii",-0.00231217965483665
"1326",56,"Clostridium.clostridioforme.CAG.511",0.0234276726841927
"1327",56,"Clostridium.nexile.CAG.348",0.0807935781776905
"1328",56,"Clostridium.paraputrificum",-0.0162366703152657
"1329",56,"Clostridium.sp..MP113D9",-0.00123667804291472
"1330",56,"Clostridium.sp..MP49A11",-0.00214887596666813
"1331",56,"Clostridium.sp..MP551E06",-0.000852248223964125
"1332",56,"Eggerthella.lenta",-0.0721793472766876
"1333",56,"Eggerthella.sp..MP163B1",-0.0103664379566908
"1334",56,"Lactobacillus.animalis",-0.000877268525073305
"1335",56,"Megasphaera.sp..MP182G6",-0.00183250184636563
"1336",56,"Paenibacillus.macerans",-0.0020333108259365
"1337",56,"Romboutsia.sp..MP35A8",-0.00147436436964199
"1338",56,"Sellimonas.intestinalis",-0.00217596010770649
"1339",56,"Turicibacter.sp..MP236E3",-0.00361388723831624
"1340",56,"Veillonella.atypica",-0.00510555948130786
"1341",56,"Veillonella.dispar",-0.00506246509030461
"1342",56,"X.Clostridium..citroniae",-0.0405278373509645
"1343",56,"X.Clostridium..cocleatum",-0.00165632501011714
"1344",56,"X.Clostridium..sp..MP626E2_ig1",-0.00181750277988613
"1345",57,"Anaerotruncus.colihominis",-0.00950764864683151
"1346",57,"Bacteroides.sp..MP64F12",-0.000651706417556852
"1347",57,"Blautia.coccoides",-0.0111073288135231
"1348",57,"Burkholderiales.bacterium",-0.00523903360590339
"1349",57,"Citrobacter.werkmanii",-0.00301729561761022
"1350",57,"Clostridium.clostridioforme.CAG.511",-0.000981445657089353
"1351",57,"Clostridium.nexile.CAG.348",-0.00427956343628466
"1352",57,"Clostridium.paraputrificum",-0.0162966726347804
"1353",57,"Clostridium.sp..MP113D9",-0.00134880660334602
"1354",57,"Clostridium.sp..MP49A11",-0.00208032340742648
"1355",57,"Clostridium.sp..MP551E06",-0.00133871356956661
"1356",57,"Eggerthella.lenta",-0.119739286601543
"1357",57,"Eggerthella.sp..MP163B1",-0.012437860481441
"1358",57,"Lactobacillus.animalis",-0.000853394070873037
"1359",57,"Megasphaera.sp..MP182G6",-0.00238750188145787
"1360",57,"Paenibacillus.macerans",-0.00239193451125175
"1361",57,"Romboutsia.sp..MP35A8",-0.00200566300190985
"1362",57,"Sellimonas.intestinalis",-0.00258463784120977
"1363",57,"Turicibacter.sp..MP236E3",-0.00376309978310019
"1364",57,"Veillonella.atypica",-0.0122344475239515
"1365",57,"Veillonella.dispar",-0.00704470905475318
"1366",57,"X.Clostridium..citroniae",-0.0820039287209511
"1367",57,"X.Clostridium..cocleatum",-0.00281095749232918
"1368",57,"X.Clostridium..sp..MP626E2_ig1",-0.0042689663823694
"1369",58,"Anaerotruncus.colihominis",-0.00837362697347999
"1370",58,"Bacteroides.sp..MP64F12",-0.000691809458658099
"1371",58,"Blautia.coccoides",-0.0148796201683581
"1372",58,"Burkholderiales.bacterium",-0.00642820540815592
"1373",58,"Citrobacter.werkmanii",-0.00444300542585552
"1374",58,"Clostridium.clostridioforme.CAG.511",-0.00111966422991827
"1375",58,"Clostridium.nexile.CAG.348",-0.00403399323113263
"1376",58,"Clostridium.paraputrificum",-0.0215965192764997
"1377",58,"Clostridium.sp..MP113D9",-0.0012747633154504
"1378",58,"Clostridium.sp..MP49A11",-0.00276797055266798
"1379",58,"Clostridium.sp..MP551E06",-0.00152302416972816
"1380",58,"Eggerthella.lenta",-0.0965060442686081
"1381",58,"Eggerthella.sp..MP163B1",-0.0122241172939539
"1382",58,"Lactobacillus.animalis",-0.0011168135679327
"1383",58,"Megasphaera.sp..MP182G6",-0.00275872717611492
"1384",58,"Paenibacillus.macerans",-0.00329138850793242
"1385",58,"Romboutsia.sp..MP35A8",-0.00241526216268539
"1386",58,"Sellimonas.intestinalis",-0.0025502786738798
"1387",58,"Turicibacter.sp..MP236E3",-0.005727598676458
"1388",58,"Veillonella.atypica",0.00533092184923589
"1389",58,"Veillonella.dispar",-0.00558322062715888
"1390",58,"X.Clostridium..citroniae",-0.0809794515371323
"1391",58,"X.Clostridium..cocleatum",-0.00296278076712042
"1392",58,"X.Clostridium..sp..MP626E2_ig1",-0.00304295471869409
"1393",59,"Anaerotruncus.colihominis",-0.0053942184895277
"1394",59,"Bacteroides.sp..MP64F12",-0.000516148313181475
"1395",59,"Blautia.coccoides",0.0432271137833595
"1396",59,"Burkholderiales.bacterium",-0.00340785179287195
"1397",59,"Citrobacter.werkmanii",-0.00226934847887605
"1398",59,"Clostridium.clostridioforme.CAG.511",-0.000825974508188665
"1399",59,"Clostridium.nexile.CAG.348",-0.00318874965887517
"1400",59,"Clostridium.paraputrificum",0.125580877065659
"1401",59,"Clostridium.sp..MP113D9",-0.00083368006744422
"1402",59,"Clostridium.sp..MP49A11",-0.00153399672126397
"1403",59,"Clostridium.sp..MP551E06",0.0457087010145187
"1404",59,"Eggerthella.lenta",-0.0583767127245665
"1405",59,"Eggerthella.sp..MP163B1",-0.00823331577703357
"1406",59,"Lactobacillus.animalis",0.00858181016519666
"1407",59,"Megasphaera.sp..MP182G6",-0.001827469735872
"1408",59,"Paenibacillus.macerans",-0.00201000401284546
"1409",59,"Romboutsia.sp..MP35A8",-0.00195069401524961
"1410",59,"Sellimonas.intestinalis",-0.00222928682342172
"1411",59,"Turicibacter.sp..MP236E3",-0.00283129431772977
"1412",59,"Veillonella.atypica",0.0203733136877418
"1413",59,"Veillonella.dispar",-0.00683130719698966
"1414",59,"X.Clostridium..citroniae",-0.035020349547267
"1415",59,"X.Clostridium..cocleatum",-0.0027949083596468
"1416",59,"X.Clostridium..sp..MP626E2_ig1",-0.00305459299124777
"1417",60,"Anaerotruncus.colihominis",-0.00400612410157919
"1418",60,"Bacteroides.sp..MP64F12",-0.000628147710813209
"1419",60,"Blautia.coccoides",-0.00244351685978472
"1420",60,"Burkholderiales.bacterium",-0.00294166314415634
"1421",60,"Citrobacter.werkmanii",-0.00162281602388248
"1422",60,"Clostridium.clostridioforme.CAG.511",-0.000755366956582293
"1423",60,"Clostridium.nexile.CAG.348",-0.00197478616610169
"1424",60,"Clostridium.paraputrificum",-0.00932573806494474
"1425",60,"Clostridium.sp..MP113D9",-0.000795623345766217
"1426",60,"Clostridium.sp..MP49A11",-0.0013883167412132
"1427",60,"Clostridium.sp..MP551E06",-0.000697857583872974
"1428",60,"Eggerthella.lenta",0.273410767316818
"1429",60,"Eggerthella.sp..MP163B1",0.0365393050014973
"1430",60,"Lactobacillus.animalis",-0.000773560663219541
"1431",60,"Megasphaera.sp..MP182G6",-0.00137830403400585
"1432",60,"Paenibacillus.macerans",-0.00148280902067199
"1433",60,"Romboutsia.sp..MP35A8",-0.00104875670513138
"1434",60,"Sellimonas.intestinalis",-0.00127239129506052
"1435",60,"Turicibacter.sp..MP236E3",-0.00183564791223034
"1436",60,"Veillonella.atypica",-0.00470514921471477
"1437",60,"Veillonella.dispar",-0.00336721586063504
"1438",60,"X.Clostridium..citroniae",-0.0404744949191809
"1439",60,"X.Clostridium..cocleatum",0.00276587612461299
"1440",60,"X.Clostridium..sp..MP626E2_ig1",-0.00223368394654244
"1441",61,"Anaerotruncus.colihominis",0.0458846967667341
"1442",61,"Bacteroides.sp..MP64F12",-0.000567263457924128
"1443",61,"Blautia.coccoides",0.0671886391937733
"1444",61,"Burkholderiales.bacterium",-0.00390705547761172
"1445",61,"Citrobacter.werkmanii",0.0788017958402634
"1446",61,"Clostridium.clostridioforme.CAG.511",-0.00098683312535286
"1447",61,"Clostridium.nexile.CAG.348",-0.00321776478085667
"1448",61,"Clostridium.paraputrificum",-0.017194383777678
"1449",61,"Clostridium.sp..MP113D9",-0.000584201538003981
"1450",61,"Clostridium.sp..MP49A11",0.0946976765990257
"1451",61,"Clostridium.sp..MP551E06",-0.000913869269425049
"1452",61,"Eggerthella.lenta",-0.0688277967274189
"1453",61,"Eggerthella.sp..MP163B1",-0.00824896339327097
"1454",61,"Lactobacillus.animalis",-0.00101872134837322
"1455",61,"Megasphaera.sp..MP182G6",-0.00190099159954116
"1456",61,"Paenibacillus.macerans",-0.00231216265819967
"1457",61,"Romboutsia.sp..MP35A8",-0.00175628741271794
"1458",61,"Sellimonas.intestinalis",0.0397672988474369
"1459",61,"Turicibacter.sp..MP236E3",-0.00394548941403627
"1460",61,"Veillonella.atypica",0.00290156644769013
"1461",61,"Veillonella.dispar",-0.00179419718915597
"1462",61,"X.Clostridium..citroniae",-0.064697839319706
"1463",61,"X.Clostridium..cocleatum",0.0299155190587044
"1464",61,"X.Clostridium..sp..MP626E2_ig1",-0.00216687854845077
"1465",62,"Anaerotruncus.colihominis",-0.00396268535405397
"1466",62,"Bacteroides.sp..MP64F12",-0.000552036828594282
"1467",62,"Blautia.coccoides",-0.00664626364596188
"1468",62,"Burkholderiales.bacterium",-0.00261707336176187
"1469",62,"Citrobacter.werkmanii",-0.00193456612760201
"1470",62,"Clostridium.clostridioforme.CAG.511",0.00531655712984502
"1471",62,"Clostridium.nexile.CAG.348",0.0291728312149644
"1472",62,"Clostridium.paraputrificum",0.0391620881855488
"1473",62,"Clostridium.sp..MP113D9",-0.000899626291356981
"1474",62,"Clostridium.sp..MP49A11",0.0012374050274957
"1475",62,"Clostridium.sp..MP551E06",-0.000544320966582745
"1476",62,"Eggerthella.lenta",0.180058397352695
"1477",62,"Eggerthella.sp..MP163B1",-0.0063969767652452
"1478",62,"Lactobacillus.animalis",-0.000881974148796871
"1479",62,"Megasphaera.sp..MP182G6",-0.00112470396561548
"1480",62,"Paenibacillus.macerans",0.0200901748612523
"1481",62,"Romboutsia.sp..MP35A8",-0.00132531148847193
"1482",62,"Sellimonas.intestinalis",-0.00123256887309253
"1483",62,"Turicibacter.sp..MP236E3",-0.00160831480752677
"1484",62,"Veillonella.atypica",0.00583239831030369
"1485",62,"Veillonella.dispar",-0.0031078684842214
"1486",62,"X.Clostridium..citroniae",-0.0305148838087916
"1487",62,"X.Clostridium..cocleatum",-0.0020015585469082
"1488",62,"X.Clostridium..sp..MP626E2_ig1",-0.00193800166016445
"1489",63,"Anaerotruncus.colihominis",-0.0090688499622047
"1490",63,"Bacteroides.sp..MP64F12",-0.000688457628712058
"1491",63,"Blautia.coccoides",0.0181667655706406
"1492",63,"Burkholderiales.bacterium",-0.00555219897069037
"1493",63,"Citrobacter.werkmanii",-0.00280786829534918
"1494",63,"Clostridium.clostridioforme.CAG.511",-0.00137376866769046
"1495",63,"Clostridium.nexile.CAG.348",-0.00459947157651186
"1496",63,"Clostridium.paraputrificum",-0.0236006584018469
"1497",63,"Clostridium.sp..MP113D9",-0.00116114155389369
"1498",63,"Clostridium.sp..MP49A11",-0.00237230432685465
"1499",63,"Clostridium.sp..MP551E06",-0.00135175936156884
"1500",63,"Eggerthella.lenta",-0.100787185132504
"1501",63,"Eggerthella.sp..MP163B1",-0.0179730569943786
"1502",63,"Lactobacillus.animalis",-0.000943975843256339
"1503",63,"Megasphaera.sp..MP182G6",-0.00224645959679037
"1504",63,"Paenibacillus.macerans",-0.00246057379990816
"1505",63,"Romboutsia.sp..MP35A8",-0.00213275721762329
"1506",63,"Sellimonas.intestinalis",-0.00283110036980361
"1507",63,"Turicibacter.sp..MP236E3",-0.00406053522601724
"1508",63,"Veillonella.atypica",-0.0168314119800925
"1509",63,"Veillonella.dispar",-0.00681755715049803
"1510",63,"X.Clostridium..citroniae",-0.0923691876232624
"1511",63,"X.Clostridium..cocleatum",-0.00262497190851718
"1512",63,"X.Clostridium..sp..MP626E2_ig1",-0.00357380858622491
"1513",64,"Anaerotruncus.colihominis",0.021111972630024
"1514",64,"Bacteroides.sp..MP64F12",-0.000713696819730103
"1515",64,"Blautia.coccoides",0.0266217105090618
"1516",64,"Burkholderiales.bacterium",-0.00481290207244456
"1517",64,"Citrobacter.werkmanii",0.0313059855252504
"1518",64,"Clostridium.clostridioforme.CAG.511",-0.00101278111105785
"1519",64,"Clostridium.nexile.CAG.348",-0.0033986468333751
"1520",64,"Clostridium.paraputrificum",-0.024255782365799
"1521",64,"Clostridium.sp..MP113D9",-0.00104532664408907
"1522",64,"Clostridium.sp..MP49A11",-0.00258752820082009
"1523",64,"Clostridium.sp..MP551E06",-0.000766341370763257
"1524",64,"Eggerthella.lenta",-0.0858435221016407
"1525",64,"Eggerthella.sp..MP163B1",-0.0117202838882804
"1526",64,"Lactobacillus.animalis",-0.000867390306666493
"1527",64,"Megasphaera.sp..MP182G6",-0.00232018996030092
"1528",64,"Paenibacillus.macerans",-0.00318800529930741
"1529",64,"Romboutsia.sp..MP35A8",-0.00194825965445489
"1530",64,"Sellimonas.intestinalis",0.020677481777966
"1531",64,"Turicibacter.sp..MP236E3",-0.00396656058728695
"1532",64,"Veillonella.atypica",-0.0219570146873593
"1533",64,"Veillonella.dispar",-0.00707563990727067
"1534",64,"X.Clostridium..citroniae",-0.0840577743947506
"1535",64,"X.Clostridium..cocleatum",0.0179520100355148
"1536",64,"X.Clostridium..sp..MP626E2_ig1",-0.0030535749392584
"1537",65,"Anaerotruncus.colihominis",-0.0032924321712926
"1538",65,"Bacteroides.sp..MP64F12",-0.000560805812710896
"1539",65,"Blautia.coccoides",-0.00649158237501979
"1540",65,"Burkholderiales.bacterium",-0.00286709354259074
"1541",65,"Citrobacter.werkmanii",-0.00225317792501301
"1542",65,"Clostridium.clostridioforme.CAG.511",-0.000942883954849094
"1543",65,"Clostridium.nexile.CAG.348",-0.00179775583092123
"1544",65,"Clostridium.paraputrificum",0.0724366791546345
"1545",65,"Clostridium.sp..MP113D9",0.0225514192134142
"1546",65,"Clostridium.sp..MP49A11",-0.00152975640958175
"1547",65,"Clostridium.sp..MP551E06",-0.00069704680936411
"1548",65,"Eggerthella.lenta",0.229583591222763
"1549",65,"Eggerthella.sp..MP163B1",0.0361854005604982
"1550",65,"Lactobacillus.animalis",-0.000600745814153925
"1551",65,"Megasphaera.sp..MP182G6",-0.00178875919664279
"1552",65,"Paenibacillus.macerans",0.0425520688295364
"1553",65,"Romboutsia.sp..MP35A8",-0.00150771369226277
"1554",65,"Sellimonas.intestinalis",-0.00122289935825393
"1555",65,"Turicibacter.sp..MP236E3",-0.00208366522565484
"1556",65,"Veillonella.atypica",-0.00667371693998575
"1557",65,"Veillonella.dispar",-0.00452396227046847
"1558",65,"X.Clostridium..citroniae",-0.032689493149519
"1559",65,"X.Clostridium..cocleatum",0.0197311341762543
"1560",65,"X.Clostridium..sp..MP626E2_ig1",-0.00140286440728232
"1561",66,"Anaerotruncus.colihominis",-0.00504280510358512
"1562",66,"Bacteroides.sp..MP64F12",-0.000601436302531511
"1563",66,"Blautia.coccoides",-0.0159784671850502
"1564",66,"Burkholderiales.bacterium",-0.00511414953507483
"1565",66,"Citrobacter.werkmanii",0.000948586181038991
"1566",66,"Clostridium.clostridioforme.CAG.511",-0.000266373659542296
"1567",66,"Clostridium.nexile.CAG.348",-0.00319635320920497
"1568",66,"Clostridium.paraputrificum",-0.0292570302262902
"1569",66,"Clostridium.sp..MP113D9",-0.000310344956233166
"1570",66,"Clostridium.sp..MP49A11",-0.0014707735972479
"1571",66,"Clostridium.sp..MP551E06",-0.001356455613859
"1572",66,"Eggerthella.lenta",-0.0662359967827797
"1573",66,"Eggerthella.sp..MP163B1",-0.00779594876803458
"1574",66,"Lactobacillus.animalis",-0.00168285932159051
"1575",66,"Megasphaera.sp..MP182G6",0.00124398450134322
"1576",66,"Paenibacillus.macerans",-0.00409806845709682
"1577",66,"Romboutsia.sp..MP35A8",-0.000707245169905946
"1578",66,"Sellimonas.intestinalis",-0.00186481786658987
"1579",66,"Turicibacter.sp..MP236E3",-0.00452968012541533
"1580",66,"Veillonella.atypica",0.00102746405173093
"1581",66,"Veillonella.dispar",-0.0033298508496955
"1582",66,"X.Clostridium..citroniae",-0.0834458768367767
"1583",66,"X.Clostridium..cocleatum",-0.003059210954234
"1584",66,"X.Clostridium..sp..MP626E2_ig1",-0.00187306583393365
"1585",67,"Anaerotruncus.colihominis",-0.0022801817394793
"1586",67,"Bacteroides.sp..MP64F12",-0.000298775979899801
"1587",67,"Blautia.coccoides",-0.0165657857432961
"1588",67,"Burkholderiales.bacterium",-0.00441498029977083
"1589",67,"Citrobacter.werkmanii",0.00145687442272902
"1590",67,"Clostridium.clostridioforme.CAG.511",-0.000240135901549365
"1591",67,"Clostridium.nexile.CAG.348",-0.00312584103085101
"1592",67,"Clostridium.paraputrificum",-0.0264592282474041
"1593",67,"Clostridium.sp..MP113D9",0.000564816233236343
"1594",67,"Clostridium.sp..MP49A11",-0.00113749550655484
"1595",67,"Clostridium.sp..MP551E06",-0.00125411670887843
"1596",67,"Eggerthella.lenta",-0.0808904431760311
"1597",67,"Eggerthella.sp..MP163B1",-0.00468852091580629
"1598",67,"Lactobacillus.animalis",-0.00118065980495885
"1599",67,"Megasphaera.sp..MP182G6",0.00184874032856897
"1600",67,"Paenibacillus.macerans",-0.004201844567433
"1601",67,"Romboutsia.sp..MP35A8",-0.000302918058878276
"1602",67,"Sellimonas.intestinalis",-0.00156012870138511
"1603",67,"Turicibacter.sp..MP236E3",-0.0041967760771513
"1604",67,"Veillonella.atypica",0.00490851816721261
"1605",67,"Veillonella.dispar",0.0239234184846282
"1606",67,"X.Clostridium..citroniae",-0.0630897879600525
"1607",67,"X.Clostridium..cocleatum",-0.00313606346026063
"1608",67,"X.Clostridium..sp..MP626E2_ig1",-0.000377547839889303
"1609",68,"Anaerotruncus.colihominis",-0.000675186020089313
"1610",68,"Bacteroides.sp..MP64F12",0.000207426033739466
"1611",68,"Blautia.coccoides",0.104315888136625
"1612",68,"Burkholderiales.bacterium",-0.00290998816490173
"1613",68,"Citrobacter.werkmanii",0.00670709018595517
"1614",68,"Clostridium.clostridioforme.CAG.511",0.000626944878604263
"1615",68,"Clostridium.nexile.CAG.348",-0.00244970980565995
"1616",68,"Clostridium.paraputrificum",-0.0136046786792576
"1617",68,"Clostridium.sp..MP113D9",0.00146089552436024
"1618",68,"Clostridium.sp..MP49A11",-0.000720524461939931
"1619",68,"Clostridium.sp..MP551E06",-0.000930391426663846
"1620",68,"Eggerthella.lenta",-0.0487518906593323
"1621",68,"Eggerthella.sp..MP163B1",0.00534196337684989
"1622",68,"Lactobacillus.animalis",0.00791287003085017
"1623",68,"Megasphaera.sp..MP182G6",0.00520393112674356
"1624",68,"Paenibacillus.macerans",0.102300651371479
"1625",68,"Romboutsia.sp..MP35A8",0.000457012443803251
"1626",68,"Sellimonas.intestinalis",-0.00065187067957595
"1627",68,"Turicibacter.sp..MP236E3",-0.00270243757404387
"1628",68,"Veillonella.atypica",0.00813340675085783
"1629",68,"Veillonella.dispar",0.0414676573127508
"1630",68,"X.Clostridium..citroniae",-0.0358076822012663
"1631",68,"X.Clostridium..cocleatum",-0.00155474647181109
"1632",68,"X.Clostridium..sp..MP626E2_ig1",0.00126250344328582
"1633",69,"Anaerotruncus.colihominis",-0.00624110247008502
"1634",69,"Bacteroides.sp..MP64F12",-0.000741116382414475
"1635",69,"Blautia.coccoides",-0.0135987922549248
"1636",69,"Burkholderiales.bacterium",-0.00467690639197826
"1637",69,"Citrobacter.werkmanii",-0.00343399215489626
"1638",69,"Clostridium.clostridioforme.CAG.511",-0.00102498522028327
"1639",69,"Clostridium.nexile.CAG.348",-0.00377019611187279
"1640",69,"Clostridium.paraputrificum",-0.030604887753725
"1641",69,"Clostridium.sp..MP113D9",-0.000353793409885839
"1642",69,"Clostridium.sp..MP49A11",-0.00186960259452462
"1643",69,"Clostridium.sp..MP551E06",-0.00134603347396478
"1644",69,"Eggerthella.lenta",-0.091864999383688
"1645",69,"Eggerthella.sp..MP163B1",-0.0104852882213891
"1646",69,"Lactobacillus.animalis",0.014602629467845
"1647",69,"Megasphaera.sp..MP182G6",-0.00182626786408946
"1648",69,"Paenibacillus.macerans",-0.00403952714987099
"1649",69,"Romboutsia.sp..MP35A8",-0.00148843630449846
"1650",69,"Sellimonas.intestinalis",-0.00211320631206036
"1651",69,"Turicibacter.sp..MP236E3",-0.00487839640118182
"1652",69,"Veillonella.atypica",0.00601104460656643
"1653",69,"Veillonella.dispar",0.0216692043468356
"1654",69,"X.Clostridium..citroniae",-0.0921795293688774
"1655",69,"X.Clostridium..cocleatum",-0.00253544712904841
"1656",69,"X.Clostridium..sp..MP626E2_ig1",-0.00222234206739813
"1657",70,"Anaerotruncus.colihominis",0.015200269408524
"1658",70,"Bacteroides.sp..MP64F12",-0.000581303349463269
"1659",70,"Blautia.coccoides",-0.0100507768802345
"1660",70,"Burkholderiales.bacterium",-0.00249400548636913
"1661",70,"Citrobacter.werkmanii",-0.00162014266243204
"1662",70,"Clostridium.clostridioforme.CAG.511",-0.000474507629405707
"1663",70,"Clostridium.nexile.CAG.348",-0.00112889969022945
"1664",70,"Clostridium.paraputrificum",-0.00759488088078797
"1665",70,"Clostridium.sp..MP113D9",-0.000639880046946928
"1666",70,"Clostridium.sp..MP49A11",-0.00118655344704166
"1667",70,"Clostridium.sp..MP551E06",-0.000441600626800209
"1668",70,"Eggerthella.lenta",0.15138440579176
"1669",70,"Eggerthella.sp..MP163B1",0.0190103314816952
"1670",70,"Lactobacillus.animalis",-0.000722262571798638
"1671",70,"Megasphaera.sp..MP182G6",-0.0011659202282317
"1672",70,"Paenibacillus.macerans",-0.00113388203317299
"1673",70,"Romboutsia.sp..MP35A8",-0.0009685029508546
"1674",70,"Sellimonas.intestinalis",0.010746936313808
"1675",70,"Turicibacter.sp..MP236E3",-0.00133712898241356
"1676",70,"Veillonella.atypica",-0.0046136116143316
"1677",70,"Veillonella.dispar",-0.00283843872603029
"1678",70,"X.Clostridium..citroniae",0.0933399237692356
"1679",70,"X.Clostridium..cocleatum",-0.00163078878540546
"1680",70,"X.Clostridium..sp..MP626E2_ig1",0.0125637273304164
"1681",71,"Anaerotruncus.colihominis",-0.00836965953931212
"1682",71,"Bacteroides.sp..MP64F12",-0.0006296923966147
"1683",71,"Blautia.coccoides",0.016471603885293
"1684",71,"Burkholderiales.bacterium",-0.00512883393093944
"1685",71,"Citrobacter.werkmanii",-0.00343563070055097
"1686",71,"Clostridium.clostridioforme.CAG.511",-0.00109722168417647
"1687",71,"Clostridium.nexile.CAG.348",-0.0041388520039618
"1688",71,"Clostridium.paraputrificum",-0.0251758797094226
"1689",71,"Clostridium.sp..MP113D9",-0.00119459262350574
"1690",71,"Clostridium.sp..MP49A11",-0.00223469897173345
"1691",71,"Clostridium.sp..MP551E06",-0.00132342096185312
"1692",71,"Eggerthella.lenta",-0.100138358771801
"1693",71,"Eggerthella.sp..MP163B1",-0.0112670967355371
"1694",71,"Lactobacillus.animalis",-0.00217806186992675
"1695",71,"Megasphaera.sp..MP182G6",-0.00227955414447933
"1696",71,"Paenibacillus.macerans",-0.00283446977846324
"1697",71,"Romboutsia.sp..MP35A8",-0.00194753205869347
"1698",71,"Sellimonas.intestinalis",-0.00271688390057534
"1699",71,"Turicibacter.sp..MP236E3",-0.0035064211115241
"1700",71,"Veillonella.atypica",0.00581035460345447
"1701",71,"Veillonella.dispar",0.0153789352625608
"1702",71,"X.Clostridium..citroniae",-0.083688423037529
"1703",71,"X.Clostridium..cocleatum",-0.00313443690538406
"1704",71,"X.Clostridium..sp..MP626E2_ig1",-0.00316774868406355
"1705",72,"Anaerotruncus.colihominis",-0.00397571455687284
"1706",72,"Bacteroides.sp..MP64F12",-0.000615768658462912
"1707",72,"Blautia.coccoides",-0.00308658927679062
"1708",72,"Burkholderiales.bacterium",-0.00321727083064616
"1709",72,"Citrobacter.werkmanii",-0.00237742171157151
"1710",72,"Clostridium.clostridioforme.CAG.511",-0.00057533718063496
"1711",72,"Clostridium.nexile.CAG.348",0.0681277625262737
"1712",72,"Clostridium.paraputrificum",-0.0127753238193691
"1713",72,"Clostridium.sp..MP113D9",-0.00120284309377894
"1714",72,"Clostridium.sp..MP49A11",-0.00156674667960033
"1715",72,"Clostridium.sp..MP551E06",-0.000767736841225997
"1716",72,"Eggerthella.lenta",-0.0561372265219688
"1717",72,"Eggerthella.sp..MP163B1",-0.00813865102827549
"1718",72,"Lactobacillus.animalis",-0.00071795389521867
"1719",72,"Megasphaera.sp..MP182G6",-0.00168912368826568
"1720",72,"Paenibacillus.macerans",-0.00138728425372392
"1721",72,"Romboutsia.sp..MP35A8",-0.00158017908688635
"1722",72,"Sellimonas.intestinalis",0.0312918471172452
"1723",72,"Turicibacter.sp..MP236E3",-0.00252653914503753
"1724",72,"Veillonella.atypica",-0.00601840019226074
"1725",72,"Veillonella.dispar",-0.0042594731785357
"1726",72,"X.Clostridium..citroniae",-0.0501488633453846
"1727",72,"X.Clostridium..cocleatum",-0.000289411502308212
"1728",72,"X.Clostridium..sp..MP626E2_ig1",-0.0030286512337625
"1729",73,"Anaerotruncus.colihominis",-0.00379434367641807
"1730",73,"Bacteroides.sp..MP64F12",-0.000761631847126409
"1731",73,"Blautia.coccoides",-0.0136313689872622
"1732",73,"Burkholderiales.bacterium",-0.00468980683945119
"1733",73,"Citrobacter.werkmanii",-0.00247871608007699
"1734",73,"Clostridium.clostridioforme.CAG.511",-0.000704955105902627
"1735",73,"Clostridium.nexile.CAG.348",-0.00356019451282918
"1736",73,"Clostridium.paraputrificum",-0.0300044007599354
"1737",73,"Clostridium.sp..MP113D9",-0.000227622513193637
"1738",73,"Clostridium.sp..MP49A11",-0.00185015820898116
"1739",73,"Clostridium.sp..MP551E06",-0.00138504878850654
"1740",73,"Eggerthella.lenta",-0.073240127414465
"1741",73,"Eggerthella.sp..MP163B1",-0.00981519324705005
"1742",73,"Lactobacillus.animalis",-0.00173541560070589
"1743",73,"Megasphaera.sp..MP182G6",-0.00112664391053841
"1744",73,"Paenibacillus.macerans",-0.00388508988544345
"1745",73,"Romboutsia.sp..MP35A8",-0.00109862483805045
"1746",73,"Sellimonas.intestinalis",-0.00205088232178241
"1747",73,"Turicibacter.sp..MP236E3",-0.00414109532721341
"1748",73,"Veillonella.atypica",0.00661445967853069
"1749",73,"Veillonella.dispar",-0.00601012515835464
"1750",73,"X.Clostridium..citroniae",-0.0887369140982628
"1751",73,"X.Clostridium..cocleatum",-0.00161917600780725
"1752",73,"X.Clostridium..sp..MP626E2_ig1",-0.00211067625787109
"1753",74,"Anaerotruncus.colihominis",-0.00298836117144674
"1754",74,"Bacteroides.sp..MP64F12",-0.000336261058691889
"1755",74,"Blautia.coccoides",-0.0153717747889459
"1756",74,"Burkholderiales.bacterium",-0.00391809188295156
"1757",74,"Citrobacter.werkmanii",0.00076262911898084
"1758",74,"Clostridium.clostridioforme.CAG.511",-3.21548650390469e-05
"1759",74,"Clostridium.nexile.CAG.348",-0.00319635320920497
"1760",74,"Clostridium.paraputrificum",-0.0263144737109542
"1761",74,"Clostridium.sp..MP113D9",0.000351803842931986
"1762",74,"Clostridium.sp..MP49A11",-0.00132917350856587
"1763",74,"Clostridium.sp..MP551E06",-0.00131459487602115
"1764",74,"Eggerthella.lenta",-0.0818779394030571
"1765",74,"Eggerthella.sp..MP163B1",-0.00542720197699964
"1766",74,"Lactobacillus.animalis",-0.000628558569587767
"1767",74,"Megasphaera.sp..MP182G6",0.0021409624023363
"1768",74,"Paenibacillus.macerans",-0.00422295369207859
"1769",74,"Romboutsia.sp..MP35A8",-0.000248761039983947
"1770",74,"Sellimonas.intestinalis",-0.00157979683717713
"1771",74,"Turicibacter.sp..MP236E3",-0.00415987614542246
"1772",74,"Veillonella.atypica",0.00590084865689278
"1773",74,"Veillonella.dispar",-0.00289444765076041
"1774",74,"X.Clostridium..citroniae",-0.0604191198945045
"1775",74,"X.Clostridium..cocleatum",-0.00340218760538846
"1776",74,"X.Clostridium..sp..MP626E2_ig1",-0.000646261207293719
"1777",75,"Anaerotruncus.colihominis",-0.00237937131896615
"1778",75,"Bacteroides.sp..MP64F12",-0.000680847762851045
"1779",75,"Blautia.coccoides",-0.00847133621573448
"1780",75,"Burkholderiales.bacterium",-0.00484422640874982
"1781",75,"Citrobacter.werkmanii",-0.00223429827019572
"1782",75,"Clostridium.clostridioforme.CAG.511",-0.00128829816821963
"1783",75,"Clostridium.nexile.CAG.348",-0.00336532609071583
"1784",75,"Clostridium.paraputrificum",-0.0184239922091365
"1785",75,"Clostridium.sp..MP113D9",-0.000450918741989881
"1786",75,"Clostridium.sp..MP49A11",-0.00183795217890292
"1787",75,"Clostridium.sp..MP551E06",-0.00117597519420087
"1788",75,"Eggerthella.lenta",-0.0711226835846901
"1789",75,"Eggerthella.sp..MP163B1",-0.00880433060228825
"1790",75,"Lactobacillus.animalis",-0.0010336849372834
"1791",75,"Megasphaera.sp..MP182G6",0.0795104913413525
"1792",75,"Paenibacillus.macerans",-0.00319708103779703
"1793",75,"Romboutsia.sp..MP35A8",0.0898334756493568
"1794",75,"Sellimonas.intestinalis",-0.00182059593498707
"1795",75,"Turicibacter.sp..MP236E3",-0.00418385956436396
"1796",75,"Veillonella.atypica",0.0029217938426882
"1797",75,"Veillonella.dispar",-0.00288655771873891
"1798",75,"X.Clostridium..citroniae",-0.0693016313016415
"1799",75,"X.Clostridium..cocleatum",-0.00107805238803849
"1800",75,"X.Clostridium..sp..MP626E2_ig1",-0.00220255122985691
"1801",76,"Anaerotruncus.colihominis",-0.00361862080171704
"1802",76,"Bacteroides.sp..MP64F12",-0.000792310427641496
"1803",76,"Blautia.coccoides",-0.0153617183677852
"1804",76,"Burkholderiales.bacterium",-0.00466251000761986
"1805",76,"Citrobacter.werkmanii",-0.00264633703045547
"1806",76,"Clostridium.clostridioforme.CAG.511",-0.000894728233106434
"1807",76,"Clostridium.nexile.CAG.348",-0.00370275333989412
"1808",76,"Clostridium.paraputrificum",-0.0277762478217483
"1809",76,"Clostridium.sp..MP113D9",-0.000339294951118063
"1810",76,"Clostridium.sp..MP49A11",-0.00191336293937638
"1811",76,"Clostridium.sp..MP551E06",-0.00145246338797733
"1812",76,"Eggerthella.lenta",-0.0903489477932453
"1813",76,"Eggerthella.sp..MP163B1",-0.010102495085448
"1814",76,"Lactobacillus.animalis",-0.00158018182264641
"1815",76,"Megasphaera.sp..MP182G6",-0.00124140147818252
"1816",76,"Paenibacillus.macerans",-0.00390296767000109
"1817",76,"Romboutsia.sp..MP35A8",-0.00104621972423047
"1818",76,"Sellimonas.intestinalis",-0.00210209225770086
"1819",76,"Turicibacter.sp..MP236E3",-0.0040065695066005
"1820",76,"Veillonella.atypica",0.000733623775886372
"1821",76,"Veillonella.dispar",-0.00515982764773071
"1822",76,"X.Clostridium..citroniae",-0.080555371940136
"1823",76,"X.Clostridium..cocleatum",-0.00211405346635729
"1824",76,"X.Clostridium..sp..MP626E2_ig1",-0.00226372189354151
"1825",77,"Anaerotruncus.colihominis",-0.00145742372842506
"1826",77,"Bacteroides.sp..MP64F12",-0.000471116669359617
"1827",77,"Blautia.coccoides",-0.00746408244594932
"1828",77,"Burkholderiales.bacterium",-0.00446105003356934
"1829",77,"Citrobacter.werkmanii",0.000714352892828174
"1830",77,"Clostridium.clostridioforme.CAG.511",-0.000127294963021995
"1831",77,"Clostridium.nexile.CAG.348",-0.0023034424521029
"1832",77,"Clostridium.paraputrificum",-0.0255809705704451
"1833",77,"Clostridium.sp..MP113D9",-6.75778792356141e-05
"1834",77,"Clostridium.sp..MP49A11",-0.0010935936588794
"1835",77,"Clostridium.sp..MP551E06",-0.000831826735520735
"1836",77,"Eggerthella.lenta",-0.0499087031930685
"1837",77,"Eggerthella.sp..MP163B1",-0.00212906266096979
"1838",77,"Lactobacillus.animalis",0.0282901069149375
"1839",77,"Megasphaera.sp..MP182G6",0.00434852379839867
"1840",77,"Paenibacillus.macerans",-0.00391697743907571
"1841",77,"Romboutsia.sp..MP35A8",-0.00032635175739415
"1842",77,"Sellimonas.intestinalis",-0.000991679669823498
"1843",77,"Turicibacter.sp..MP236E3",-0.0035205187741667
"1844",77,"Veillonella.atypica",0.0141130415722728
"1845",77,"Veillonella.dispar",0.0539123341441154
"1846",77,"X.Clostridium..citroniae",-0.0630031414330006
"1847",77,"X.Clostridium..cocleatum",-0.00171762384707108
"1848",77,"X.Clostridium..sp..MP626E2_ig1",-0.00102605170104653
"1849",78,"Anaerotruncus.colihominis",-0.0112543068826199
"1850",78,"Bacteroides.sp..MP64F12",-0.000746495148632675
"1851",78,"Blautia.coccoides",-0.0145670901983976
"1852",78,"Burkholderiales.bacterium",-0.0042516510002315
"1853",78,"Citrobacter.werkmanii",-0.00281691434793174
"1854",78,"Clostridium.clostridioforme.CAG.511",-0.00107422267319635
"1855",78,"Clostridium.nexile.CAG.348",-0.00479007977992296
"1856",78,"Clostridium.paraputrificum",0.0610346123576164
"1857",78,"Clostridium.sp..MP113D9",-0.00139792228583246
"1858",78,"Clostridium.sp..MP49A11",-0.00235893519129604
"1859",78,"Clostridium.sp..MP551E06",-0.00140150147490203
"1860",78,"Eggerthella.lenta",-0.0993442758917809
"1861",78,"Eggerthella.sp..MP163B1",-0.0133559983223677
"1862",78,"Lactobacillus.animalis",-0.000982382101938128
"1863",78,"Megasphaera.sp..MP182G6",-0.00208577513694763
"1864",78,"Paenibacillus.macerans",-0.00331888673827052
"1865",78,"Romboutsia.sp..MP35A8",-0.00168321281671524
"1866",78,"Sellimonas.intestinalis",-0.00266275939065963
"1867",78,"Turicibacter.sp..MP236E3",-0.00295113981701434
"1868",78,"Veillonella.atypica",-0.0142130027525127
"1869",78,"Veillonella.dispar",-0.00804427219554782
"1870",78,"X.Clostridium..citroniae",-0.0827523283660412
"1871",78,"X.Clostridium..cocleatum",-0.00255206401925534
"1872",78,"X.Clostridium..sp..MP626E2_ig1",-0.00409306585788727
"1873",79,"Anaerotruncus.colihominis",-0.00493502640165389
"1874",79,"Bacteroides.sp..MP64F12",-0.000685394712490961
"1875",79,"Blautia.coccoides",-0.0072180109564215
"1876",79,"Burkholderiales.bacterium",-0.00347389373928308
"1877",79,"Citrobacter.werkmanii",-0.00201362394727767
"1878",79,"Clostridium.clostridioforme.CAG.511",-0.000837910600239411
"1879",79,"Clostridium.nexile.CAG.348",-0.0018805029685609
"1880",79,"Clostridium.paraputrificum",-0.0104056689888239
"1881",79,"Clostridium.sp..MP113D9",-0.00100846900022589
"1882",79,"Clostridium.sp..MP49A11",-0.00132256490178406
"1883",79,"Clostridium.sp..MP551E06",-0.000718920055078343
"1884",79,"Eggerthella.lenta",0.294716700911522
"1885",79,"Eggerthella.sp..MP163B1",0.0380339063704014
"1886",79,"Lactobacillus.animalis",-0.00075575613300316
"1887",79,"Megasphaera.sp..MP182G6",-0.00169360201107338
"1888",79,"Paenibacillus.macerans",-0.00145135528873652
"1889",79,"Romboutsia.sp..MP35A8",-0.00167339417384937
"1890",79,"Sellimonas.intestinalis",-0.00127484695985913
"1891",79,"Turicibacter.sp..MP236E3",-0.00209533504676074
"1892",79,"Veillonella.atypica",-0.0061857090331614
"1893",79,"Veillonella.dispar",-0.00424271658994257
"1894",79,"X.Clostridium..citroniae",-0.0275759007781744
"1895",79,"X.Clostridium..cocleatum",-0.00184960477054119
"1896",79,"X.Clostridium..sp..MP626E2_ig1",-0.00204151135403663
"1897",80,"Anaerotruncus.colihominis",-0.00450023519806564
"1898",80,"Bacteroides.sp..MP64F12",-0.000820799526991323
"1899",80,"Blautia.coccoides",-0.00774479517713189
"1900",80,"Burkholderiales.bacterium",-0.00356635393109173
"1901",80,"Citrobacter.werkmanii",-0.0020178776467219
"1902",80,"Clostridium.clostridioforme.CAG.511",0.00984130566939712
"1903",80,"Clostridium.nexile.CAG.348",-0.00197967706480995
"1904",80,"Clostridium.paraputrificum",-0.0117001454345882
"1905",80,"Clostridium.sp..MP113D9",-0.00113149546086788
"1906",80,"Clostridium.sp..MP49A11",-0.00164554140064865
"1907",80,"Clostridium.sp..MP551E06",-0.00079553562682122
"1908",80,"Eggerthella.lenta",0.19708801060915
"1909",80,"Eggerthella.sp..MP163B1",0.0461059845983982
"1910",80,"Lactobacillus.animalis",-0.000825855182483792
"1911",80,"Megasphaera.sp..MP182G6",0.0502164922654629
"1912",80,"Paenibacillus.macerans",-0.00185770523967221
"1913",80,"Romboutsia.sp..MP35A8",-0.00155057531083003
"1914",80,"Sellimonas.intestinalis",0.0208226935938001
"1915",80,"Turicibacter.sp..MP236E3",-0.00246186554431915
"1916",80,"Veillonella.atypica",-0.00678094429895282
"1917",80,"Veillonella.dispar",-0.00460716360248625
"1918",80,"X.Clostridium..citroniae",-0.0428071301430464
"1919",80,"X.Clostridium..cocleatum",-0.00260938901919872
"1920",80,"X.Clostridium..sp..MP626E2_ig1",-0.00213512335903943
"1921",81,"Anaerotruncus.colihominis",-0.0040399981662631
"1922",81,"Bacteroides.sp..MP64F12",-0.000557592516997829
"1923",81,"Blautia.coccoides",0.0307376123964787
"1924",81,"Burkholderiales.bacterium",-0.00272239674814045
"1925",81,"Citrobacter.werkmanii",-0.00170131574850529
"1926",81,"Clostridium.clostridioforme.CAG.511",-0.000575332902371883
"1927",81,"Clostridium.nexile.CAG.348",-0.00187924574129283
"1928",81,"Clostridium.paraputrificum",-0.00825082324445248
"1929",81,"Clostridium.sp..MP113D9",-0.0010265571763739
"1930",81,"Clostridium.sp..MP49A11",-0.00110490235965699
"1931",81,"Clostridium.sp..MP551E06",-0.000659067707601935
"1932",81,"Eggerthella.lenta",-0.0429857913404703
"1933",81,"Eggerthella.sp..MP163B1",-0.00673133134841919
"1934",81,"Lactobacillus.animalis",-0.00130771775729954
"1935",81,"Megasphaera.sp..MP182G6",-0.00123389344662428
"1936",81,"Paenibacillus.macerans",-0.0014996180543676
"1937",81,"Romboutsia.sp..MP35A8",-0.00178480590693653
"1938",81,"Sellimonas.intestinalis",-0.0014606760814786
"1939",81,"Turicibacter.sp..MP236E3",-0.00194242829456925
"1940",81,"Veillonella.atypica",0.00702235661447048
"1941",81,"Veillonella.dispar",0.0201606312766671
"1942",81,"X.Clostridium..citroniae",0.172936297953129
"1943",81,"X.Clostridium..cocleatum",0.0122719318605959
"1944",81,"X.Clostridium..sp..MP626E2_ig1",-0.00210086372680962
"1945",82,"Anaerotruncus.colihominis",0.0183490831404924
"1946",82,"Bacteroides.sp..MP64F12",-0.000846738781547174
"1947",82,"Blautia.coccoides",0.00860642455518246
"1948",82,"Burkholderiales.bacterium",0.00379161257296801
"1949",82,"Citrobacter.werkmanii",-0.00171116925776005
"1950",82,"Clostridium.clostridioforme.CAG.511",-0.00082520442083478
"1951",82,"Clostridium.nexile.CAG.348",-0.00163412414258346
"1952",82,"Clostridium.paraputrificum",-0.00820792326703668
"1953",82,"Clostridium.sp..MP113D9",-0.00086974908481352
"1954",82,"Clostridium.sp..MP49A11",-0.00124906643759459
"1955",82,"Clostridium.sp..MP551E06",-0.000584672583499923
"1956",82,"Eggerthella.lenta",0.205837674438953
"1957",82,"Eggerthella.sp..MP163B1",0.0307983057573438
"1958",82,"Lactobacillus.animalis",-0.000693501846399158
"1959",82,"Megasphaera.sp..MP182G6",-0.00131532386876643
"1960",82,"Paenibacillus.macerans",-0.0012663658708334
"1961",82,"Romboutsia.sp..MP35A8",-0.00126735778758302
"1962",82,"Sellimonas.intestinalis",-0.0013609427260235
"1963",82,"Turicibacter.sp..MP236E3",-0.00160276767564937
"1964",82,"Veillonella.atypica",-0.00503140082582831
"1965",82,"Veillonella.dispar",-0.00367042468860745
"1966",82,"X.Clostridium..citroniae",-0.032870089635253
"1967",82,"X.Clostridium..cocleatum",-0.00171672168653458
"1968",82,"X.Clostridium..sp..MP626E2_ig1",-0.00197098858188838
"1969",83,"Anaerotruncus.colihominis",-0.00339596811681986
"1970",83,"Bacteroides.sp..MP64F12",-0.000632265233434737
"1971",83,"Blautia.coccoides",-0.00942808482795954
"1972",83,"Burkholderiales.bacterium",0.00151603965787217
"1973",83,"Citrobacter.werkmanii",-0.00140694685978815
"1974",83,"Clostridium.clostridioforme.CAG.511",-0.000723076169379056
"1975",83,"Clostridium.nexile.CAG.348",-0.00133218232076615
"1976",83,"Clostridium.paraputrificum",-0.00624054041691124
"1977",83,"Clostridium.sp..MP113D9",-0.000796908512711525
"1978",83,"Clostridium.sp..MP49A11",-0.00109907105797902
"1979",83,"Clostridium.sp..MP551E06",-0.000484139512991533
"1980",83,"Eggerthella.lenta",0.154658041894436
"1981",83,"Eggerthella.sp..MP163B1",0.0301705123856664
"1982",83,"Lactobacillus.animalis",-0.000809906923677772
"1983",83,"Megasphaera.sp..MP182G6",0.0231285970658064
"1984",83,"Paenibacillus.macerans",-0.00113687437260523
"1985",83,"Romboutsia.sp..MP35A8",-0.000978785043116659
"1986",83,"Sellimonas.intestinalis",-0.00105847947997972
"1987",83,"Turicibacter.sp..MP236E3",-0.0013383039040491
"1988",83,"Veillonella.atypica",-0.00432238611392677
"1989",83,"Veillonella.dispar",-0.00240704591851681
"1990",83,"X.Clostridium..citroniae",0.0966039188206196
"1991",83,"X.Clostridium..cocleatum",-0.00228353124111891
"1992",83,"X.Clostridium..sp..MP626E2_ig1",-0.00182360946200788
"1993",84,"Anaerotruncus.colihominis",-0.00561358383856714
"1994",84,"Bacteroides.sp..MP64F12",-0.000591894029639661
"1995",84,"Blautia.coccoides",-0.004112315364182
"1996",84,"Burkholderiales.bacterium",-0.00358741066884249
"1997",84,"Citrobacter.werkmanii",-0.0018862493452616
"1998",84,"Clostridium.clostridioforme.CAG.511",-0.000893629505299032
"1999",84,"Clostridium.nexile.CAG.348",-0.00201701163314283
"2000",84,"Clostridium.paraputrificum",-0.0109719387255609
"2001",84,"Clostridium.sp..MP113D9",-0.00097910242038779
"2002",84,"Clostridium.sp..MP49A11",-0.00131902570137754
"2003",84,"Clostridium.sp..MP551E06",-0.000750134640838951
"2004",84,"Eggerthella.lenta",0.300453171133995
"2005",84,"Eggerthella.sp..MP163B1",-0.0107018342241645
"2006",84,"Lactobacillus.animalis",-0.000736086629331112
"2007",84,"Megasphaera.sp..MP182G6",-0.00166704424191266
"2008",84,"Paenibacillus.macerans",-0.00162862538127229
"2009",84,"Romboutsia.sp..MP35A8",-0.00152042781701311
"2010",84,"Sellimonas.intestinalis",-0.00145823054481298
"2011",84,"Turicibacter.sp..MP236E3",-0.00229962274897844
"2012",84,"Veillonella.atypica",-0.00611484190449119
"2013",84,"Veillonella.dispar",-0.00423113419674337
"2014",84,"X.Clostridium..citroniae",-0.0447516851127148
"2015",84,"X.Clostridium..cocleatum",-0.00205809023464099
"2016",84,"X.Clostridium..sp..MP626E2_ig1",-0.00232739897910506
"2017",85,"Anaerotruncus.colihominis",-0.00458209333010018
"2018",85,"Bacteroides.sp..MP64F12",-0.000849019881570712
"2019",85,"Blautia.coccoides",-0.0143929356709123
"2020",85,"Burkholderiales.bacterium",-0.00491074123419821
"2021",85,"Citrobacter.werkmanii",-0.00223683193325996
"2022",85,"Clostridium.clostridioforme.CAG.511",-0.000681547244312242
"2023",85,"Clostridium.nexile.CAG.348",-0.00359024270437658
"2024",85,"Clostridium.paraputrificum",-0.0312525779008865
"2025",85,"Clostridium.sp..MP113D9",-0.000430325584602542
"2026",85,"Clostridium.sp..MP49A11",-0.00174083013553172
"2027",85,"Clostridium.sp..MP551E06",-0.00145246338797733
"2028",85,"Eggerthella.lenta",-0.0786023773252964
"2029",85,"Eggerthella.sp..MP163B1",-0.0110907847993076
"2030",85,"Lactobacillus.animalis",0.00990093965083361
"2031",85,"Megasphaera.sp..MP182G6",-0.00133423815714195
"2032",85,"Paenibacillus.macerans",-0.0041422825306654
"2033",85,"Romboutsia.sp..MP35A8",-0.00151545606786385
"2034",85,"Sellimonas.intestinalis",-0.00186482485150918
"2035",85,"Turicibacter.sp..MP236E3",-0.00510834250599146
"2036",85,"Veillonella.atypica",0.0055764087010175
"2037",85,"Veillonella.dispar",-0.00572700542397797
"2038",85,"X.Clostridium..citroniae",-0.0923830531537533
"2039",85,"X.Clostridium..cocleatum",-0.00264786533080041
"2040",85,"X.Clostridium..sp..MP626E2_ig1",-0.00171901489375159
"2041",86,"Anaerotruncus.colihominis",-0.00596042932011187
"2042",86,"Bacteroides.sp..MP64F12",-0.000558204628759995
"2043",86,"Blautia.coccoides",-0.00651312409900129
"2044",86,"Burkholderiales.bacterium",-0.00372588681057096
"2045",86,"Citrobacter.werkmanii",-0.00220254203304648
"2046",86,"Clostridium.clostridioforme.CAG.511",-0.000642958359094337
"2047",86,"Clostridium.nexile.CAG.348",-0.00318758259527385
"2048",86,"Clostridium.paraputrificum",-0.0120163029059768
"2049",86,"Clostridium.sp..MP113D9",-0.000910351169295609
"2050",86,"Clostridium.sp..MP49A11",-0.00142495188629255
"2051",86,"Clostridium.sp..MP551E06",-0.000922208302654326
"2052",86,"Eggerthella.lenta",-0.0549242198467255
"2053",86,"Eggerthella.sp..MP163B1",-0.00883031962439418
"2054",86,"Lactobacillus.animalis",0.00836454564705491
"2055",86,"Megasphaera.sp..MP182G6",-0.00137349689612165
"2056",86,"Paenibacillus.macerans",-0.00217245810199529
"2057",86,"Romboutsia.sp..MP35A8",-0.00172728201141581
"2058",86,"Sellimonas.intestinalis",-0.00168803200358525
"2059",86,"Turicibacter.sp..MP236E3",-0.00280858564656228
"2060",86,"Veillonella.atypica",-0.00734374928288162
"2061",86,"Veillonella.dispar",-0.00485818786546588
"2062",86,"X.Clostridium..citroniae",-0.052406582981348
"2063",86,"X.Clostridium..cocleatum",-0.00176380964694545
"2064",86,"X.Clostridium..sp..MP626E2_ig1",-0.00347863556817174
"2065",87,"Anaerotruncus.colihominis",-0.0103254336863756
"2066",87,"Bacteroides.sp..MP64F12",-0.000645197695121169
"2067",87,"Blautia.coccoides",-0.0316801629960537
"2068",87,"Burkholderiales.bacterium",-0.00441631604917347
"2069",87,"Citrobacter.werkmanii",-0.00253019283991307
"2070",87,"Clostridium.clostridioforme.CAG.511",-0.0010908946278505
"2071",87,"Clostridium.nexile.CAG.348",-0.00248487654607743
"2072",87,"Clostridium.paraputrificum",-0.018720731139183
"2073",87,"Clostridium.sp..MP113D9",-0.00112213561078534
"2074",87,"Clostridium.sp..MP49A11",-0.00161438924260437
"2075",87,"Clostridium.sp..MP551E06",-0.00078472140012309
"2076",87,"Eggerthella.lenta",-0.0878270268440247
"2077",87,"Eggerthella.sp..MP163B1",-0.0108916619792581
"2078",87,"Lactobacillus.animalis",-0.00102832238189876
"2079",87,"Megasphaera.sp..MP182G6",-0.00227770151104778
"2080",87,"Paenibacillus.macerans",-0.00214213435538113
"2081",87,"Romboutsia.sp..MP35A8",-0.00169345736503601
"2082",87,"Sellimonas.intestinalis",-0.00210725178476423
"2083",87,"Turicibacter.sp..MP236E3",-0.00366165162995458
"2084",87,"Veillonella.atypica",-0.0112315793521702
"2085",87,"Veillonella.dispar",-0.00622762902639806
"2086",87,"X.Clostridium..citroniae",0.132942318916321
"2087",87,"X.Clostridium..cocleatum",-0.00268467236310244
"2088",87,"X.Clostridium..sp..MP626E2_ig1",-0.00175699626561254
"2089",88,"Anaerotruncus.colihominis",-0.00424131425097585
"2090",88,"Bacteroides.sp..MP64F12",-0.000582535954890773
"2091",88,"Blautia.coccoides",-0.00313685904257
"2092",88,"Burkholderiales.bacterium",-0.00218522257637233
"2093",88,"Citrobacter.werkmanii",-0.00165236124303192
"2094",88,"Clostridium.clostridioforme.CAG.511",-0.000562572793569416
"2095",88,"Clostridium.nexile.CAG.348",0.0267895767465234
"2096",88,"Clostridium.paraputrificum",0.0370443500578403
"2097",88,"Clostridium.sp..MP113D9",-0.000940355675993487
"2098",88,"Clostridium.sp..MP49A11",0.000994104309938848
"2099",88,"Clostridium.sp..MP551E06",-0.000510433630552143
"2100",88,"Eggerthella.lenta",-0.0396950840950012
"2101",88,"Eggerthella.sp..MP163B1",-0.00523000303655863
"2102",88,"Lactobacillus.animalis",-0.000752466847188771
"2103",88,"Megasphaera.sp..MP182G6",-0.00113912159577012
"2104",88,"Paenibacillus.macerans",-0.00156677421182394
"2105",88,"Romboutsia.sp..MP35A8",-0.00109367718687281
"2106",88,"Sellimonas.intestinalis",0.0136538152582943
"2107",88,"Turicibacter.sp..MP236E3",-0.00149291241541505
"2108",88,"Veillonella.atypica",0.00634010322391987
"2109",88,"Veillonella.dispar",-0.00395653315354139
"2110",88,"X.Clostridium..citroniae",0.134737893939018
"2111",88,"X.Clostridium..cocleatum",-0.00186843326082453
"2112",88,"X.Clostridium..sp..MP626E2_ig1",0.0241589415818453
"2113",89,"Anaerotruncus.colihominis",-0.00637980294413865
"2114",89,"Bacteroides.sp..MP64F12",-0.000578475999645889
"2115",89,"Blautia.coccoides",-0.00413863628637046
"2116",89,"Burkholderiales.bacterium",-0.00379197346046567
"2117",89,"Citrobacter.werkmanii",-0.00231876026373357
"2118",89,"Clostridium.clostridioforme.CAG.511",-0.000546942203072831
"2119",89,"Clostridium.nexile.CAG.348",-0.0032939090160653
"2120",89,"Clostridium.paraputrificum",-0.0120916962623596
"2121",89,"Clostridium.sp..MP113D9",-0.000898437952855602
"2122",89,"Clostridium.sp..MP49A11",-0.00142926443368196
"2123",89,"Clostridium.sp..MP551E06",-0.000955358351347968
"2124",89,"Eggerthella.lenta",-0.0586735010147095
"2125",89,"Eggerthella.sp..MP163B1",-0.00903309136629105
"2126",89,"Lactobacillus.animalis",-0.000873411278007552
"2127",89,"Megasphaera.sp..MP182G6",-0.00167290843091905
"2128",89,"Paenibacillus.macerans",-0.00222671334631741
"2129",89,"Romboutsia.sp..MP35A8",-0.00176694407127798
"2130",89,"Sellimonas.intestinalis",-0.00170967256417498
"2131",89,"Turicibacter.sp..MP236E3",-0.00259760790504515
"2132",89,"Veillonella.atypica",-0.00756214372813702
"2133",89,"Veillonella.dispar",-0.00420053163543344
"2134",89,"X.Clostridium..citroniae",-0.0571246910840273
"2135",89,"X.Clostridium..cocleatum",-0.00176127511076629
"2136",89,"X.Clostridium..sp..MP626E2_ig1",-0.00326418469194323
"2137",90,"Anaerotruncus.colihominis",-0.00516960327513516
"2138",90,"Bacteroides.sp..MP64F12",-0.000566628528758883
"2139",90,"Blautia.coccoides",0.0315813440829515
"2140",90,"Burkholderiales.bacterium",0.0634217895567417
"2141",90,"Citrobacter.werkmanii",-0.00264767289627343
"2142",90,"Clostridium.clostridioforme.CAG.511",-0.000900415936484933
"2143",90,"Clostridium.nexile.CAG.348",0.0606765672564507
"2144",90,"Clostridium.paraputrificum",-0.0147851002402604
"2145",90,"Clostridium.sp..MP113D9",-0.00102847354719415
"2146",90,"Clostridium.sp..MP49A11",-0.00184858962893486
"2147",90,"Clostridium.sp..MP551E06",-0.000855193182360381
"2148",90,"Eggerthella.lenta",-0.0571090634912252
"2149",90,"Eggerthella.sp..MP163B1",-0.00869094114750624
"2150",90,"Lactobacillus.animalis",-0.00134023849386722
"2151",90,"Megasphaera.sp..MP182G6",-0.00190511567052454
"2152",90,"Paenibacillus.macerans",-0.0018871282809414
"2153",90,"Romboutsia.sp..MP35A8",-0.00169705040752888
"2154",90,"Sellimonas.intestinalis",-0.00147434463724494
"2155",90,"Turicibacter.sp..MP236E3",-0.00290630897507071
"2156",90,"Veillonella.atypica",0.0154278734698892
"2157",90,"Veillonella.dispar",0.042465303093195
"2158",90,"X.Clostridium..citroniae",-0.046799648553133
"2159",90,"X.Clostridium..cocleatum",-0.00192798383068293
"2160",90,"X.Clostridium..sp..MP626E2_ig1",-0.00212576740887016
"2161",91,"Anaerotruncus.colihominis",-0.00486034341156483
"2162",91,"Bacteroides.sp..MP64F12",-0.00088041354320012
"2163",91,"Blautia.coccoides",-0.0125935859978199
"2164",91,"Burkholderiales.bacterium",-0.00513554131612182
"2165",91,"Citrobacter.werkmanii",-0.00323764549102634
"2166",91,"Clostridium.clostridioforme.CAG.511",-0.000984224665444344
"2167",91,"Clostridium.nexile.CAG.348",-0.00382497569080442
"2168",91,"Clostridium.paraputrificum",-0.0221259146928787
"2169",91,"Clostridium.sp..MP113D9",-0.00050639029359445
"2170",91,"Clostridium.sp..MP49A11",-0.00200303841847926
"2171",91,"Clostridium.sp..MP551E06",-0.00138399988645688
"2172",91,"Eggerthella.lenta",-0.0922775641083717
"2173",91,"Eggerthella.sp..MP163B1",-0.0117347300983965
"2174",91,"Lactobacillus.animalis",-0.00100757740437984
"2175",91,"Megasphaera.sp..MP182G6",-0.00192559882998466
"2176",91,"Paenibacillus.macerans",-0.00410468620248139
"2177",91,"Romboutsia.sp..MP35A8",-0.00149556365795434
"2178",91,"Sellimonas.intestinalis",-0.0021200415212661
"2179",91,"Turicibacter.sp..MP236E3",-0.00489837536588311
"2180",91,"Veillonella.atypica",0.000692631030688062
"2181",91,"Veillonella.dispar",-0.00368071626871824
"2182",91,"X.Clostridium..citroniae",-0.096503421664238
"2183",91,"X.Clostridium..cocleatum",-0.00299261556938291
"2184",91,"X.Clostridium..sp..MP626E2_ig1",-0.00220686767715961
"2185",92,"Anaerotruncus.colihominis",-0.00297460833098739
"2186",92,"Bacteroides.sp..MP64F12",-0.000840330758364871
"2187",92,"Blautia.coccoides",0.0579818468540907
"2188",92,"Burkholderiales.bacterium",-0.00365219416562468
"2189",92,"Citrobacter.werkmanii",-0.00239715084899217
"2190",92,"Clostridium.clostridioforme.CAG.511",0.0104771754704416
"2191",92,"Clostridium.nexile.CAG.348",-0.00184655660996214
"2192",92,"Clostridium.paraputrificum",-0.0131380381062627
"2193",92,"Clostridium.sp..MP113D9",-0.000446453894255683
"2194",92,"Clostridium.sp..MP49A11",-0.00171045132447034
"2195",92,"Clostridium.sp..MP551E06",-0.000761386996600777
"2196",92,"Eggerthella.lenta",-0.0482561476528645
"2197",92,"Eggerthella.sp..MP163B1",-0.00692817405797541
"2198",92,"Lactobacillus.animalis",-0.00146160926669836
"2199",92,"Megasphaera.sp..MP182G6",-0.00159255391918123
"2200",92,"Paenibacillus.macerans",-0.00247621082235128
"2201",92,"Romboutsia.sp..MP35A8",-0.0015807740855962
"2202",92,"Sellimonas.intestinalis",-0.00150519656017423
"2203",92,"Turicibacter.sp..MP236E3",-0.00268262531608343
"2204",92,"Veillonella.atypica",0.00767950434237719
"2205",92,"Veillonella.dispar",0.0151697592809796
"2206",92,"X.Clostridium..citroniae",0.266738712787628
"2207",92,"X.Clostridium..cocleatum",-0.00179014971945435
"2208",92,"X.Clostridium..sp..MP626E2_ig1",-0.00137737503973767
"2209",93,"Anaerotruncus.colihominis",-0.00461144628934562
"2210",93,"Bacteroides.sp..MP64F12",-0.000600672530708835
"2211",93,"Blautia.coccoides",-0.0142265991307795
"2212",93,"Burkholderiales.bacterium",-0.00298411550465971
"2213",93,"Citrobacter.werkmanii",-0.00223737792111933
"2214",93,"Clostridium.clostridioforme.CAG.511",-0.000779690337367356
"2215",93,"Clostridium.nexile.CAG.348",-0.00212062778882682
"2216",93,"Clostridium.paraputrificum",0.0754629485309124
"2217",93,"Clostridium.sp..MP113D9",-0.00104987545637414
"2218",93,"Clostridium.sp..MP49A11",-0.00142365915235132
"2219",93,"Clostridium.sp..MP551E06",-0.000760711292969063
"2220",93,"Eggerthella.lenta",-0.0470407083630562
"2221",93,"Eggerthella.sp..MP163B1",-0.00820420775562525
"2222",93,"Lactobacillus.animalis",-0.00075584722799249
"2223",93,"Megasphaera.sp..MP182G6",-0.00163015944417566
"2224",93,"Paenibacillus.macerans",-0.00165064848260954
"2225",93,"Romboutsia.sp..MP35A8",-0.00153725757263601
"2226",93,"Sellimonas.intestinalis",-0.00147422554437071
"2227",93,"Turicibacter.sp..MP236E3",-0.0022395106498152
"2228",93,"Veillonella.atypica",-0.00600267178378999
"2229",93,"Veillonella.dispar",-0.00488358549773693
"2230",93,"X.Clostridium..citroniae",0.221408940851688
"2231",93,"X.Clostridium..cocleatum",-0.00205501855816692
"2232",93,"X.Clostridium..sp..MP626E2_ig1",-0.00160204025451094
"2233",94,"Anaerotruncus.colihominis",-0.00357268948573619
"2234",94,"Bacteroides.sp..MP64F12",-0.000568759365705773
"2235",94,"Blautia.coccoides",-0.00553193874657154
"2236",94,"Burkholderiales.bacterium",-0.00212987291160971
"2237",94,"Citrobacter.werkmanii",-0.00199165439698845
"2238",94,"Clostridium.clostridioforme.CAG.511",-0.000862351706018671
"2239",94,"Clostridium.nexile.CAG.348",-0.00195518368855119
"2240",94,"Clostridium.paraputrificum",-0.00917215459048748
"2241",94,"Clostridium.sp..MP113D9",-0.000957664626184851
"2242",94,"Clostridium.sp..MP49A11",-0.00123064941726625
"2243",94,"Clostridium.sp..MP551E06",-0.000717004702892154
"2244",94,"Eggerthella.lenta",0.24312449991703
"2245",94,"Eggerthella.sp..MP163B1",0.0414950828999281
"2246",94,"Lactobacillus.animalis",-0.00175428570946679
"2247",94,"Megasphaera.sp..MP182G6",-0.00144596886821091
"2248",94,"Paenibacillus.macerans",-0.00147311750333756
"2249",94,"Romboutsia.sp..MP35A8",-0.00128438812680542
"2250",94,"Sellimonas.intestinalis",0.0154106658883393
"2251",94,"Turicibacter.sp..MP236E3",-0.00190544297220185
"2252",94,"Veillonella.atypica",0.0045060261618346
"2253",94,"Veillonella.dispar",0.0155134699307382
"2254",94,"X.Clostridium..citroniae",-0.035526355728507
"2255",94,"X.Clostridium..cocleatum",-0.00194780586753041
"2256",94,"X.Clostridium..sp..MP626E2_ig1",-0.00197185727301985
"2257",95,"Anaerotruncus.colihominis",-0.00470490381121635
"2258",95,"Bacteroides.sp..MP64F12",-0.000626167835434899
"2259",95,"Blautia.coccoides",0.0511488653719425
"2260",95,"Burkholderiales.bacterium",-0.00295420573092997
"2261",95,"Citrobacter.werkmanii",-0.00280285882763565
"2262",95,"Clostridium.clostridioforme.CAG.511",-0.000803851260570809
"2263",95,"Clostridium.nexile.CAG.348",-0.00167944119311869
"2264",95,"Clostridium.paraputrificum",0.0527677722275257
"2265",95,"Clostridium.sp..MP113D9",-0.000589418195886537
"2266",95,"Clostridium.sp..MP49A11",-0.00145688490010798
"2267",95,"Clostridium.sp..MP551E06",-0.000579828978516161
"2268",95,"Eggerthella.lenta",-0.0467816293239594
"2269",95,"Eggerthella.sp..MP163B1",-0.00779143581166863
"2270",95,"Lactobacillus.animalis",-0.00109399115899578
"2271",95,"Megasphaera.sp..MP182G6",-0.00149398663779721
"2272",95,"Paenibacillus.macerans",-0.00192517013056204
"2273",95,"Romboutsia.sp..MP35A8",-0.00153725757263601
"2274",95,"Sellimonas.intestinalis",-0.00160117313498631
"2275",95,"Turicibacter.sp..MP236E3",-0.00241476274095476
"2276",95,"Veillonella.atypica",-0.00325703935232013
"2277",95,"Veillonella.dispar",-0.00505570089444518
"2278",95,"X.Clostridium..citroniae",0.253361940383911
"2279",95,"X.Clostridium..cocleatum",-0.00153110880637541
"2280",95,"X.Clostridium..sp..MP626E2_ig1",-0.00135686248540878
"2281",96,"Anaerotruncus.colihominis",-0.00424347817897797
"2282",96,"Bacteroides.sp..MP64F12",-0.000596521538682282
"2283",96,"Blautia.coccoides",-0.000364349136361852
"2284",96,"Burkholderiales.bacterium",-0.00296734226867557
"2285",96,"Citrobacter.werkmanii",-0.00210511556360871
"2286",96,"Clostridium.clostridioforme.CAG.511",-0.000705141894286498
"2287",96,"Clostridium.nexile.CAG.348",-0.00214260607026517
"2288",96,"Clostridium.paraputrificum",0.0673792250454426
"2289",96,"Clostridium.sp..MP113D9",-0.000990056549198925
"2290",96,"Clostridium.sp..MP49A11",-0.00139442848740146
"2291",96,"Clostridium.sp..MP551E06",-0.000694504095008597
"2292",96,"Eggerthella.lenta",-0.0437103305011988
"2293",96,"Eggerthella.sp..MP163B1",-0.00698290532454848
"2294",96,"Lactobacillus.animalis",-0.000784060510341078
"2295",96,"Megasphaera.sp..MP182G6",-0.00158397405175492
"2296",96,"Paenibacillus.macerans",-0.00150026415940374
"2297",96,"Romboutsia.sp..MP35A8",-0.00148128386354074
"2298",96,"Sellimonas.intestinalis",-0.00146943796426058
"2299",96,"Turicibacter.sp..MP236E3",-0.00219245546031743
"2300",96,"Veillonella.atypica",-0.00809073867276311
"2301",96,"Veillonella.dispar",-0.00422886852174997
"2302",96,"X.Clostridium..citroniae",0.208877071738243
"2303",96,"X.Clostridium..cocleatum",-0.00193607050459832
"2304",96,"X.Clostridium..sp..MP626E2_ig1",-0.00179651362122968
"2305",97,"Anaerotruncus.colihominis",-0.0043085222132504
"2306",97,"Bacteroides.sp..MP64F12",-0.000556986196897924
"2307",97,"Blautia.coccoides",-0.0143433790653944
"2308",97,"Burkholderiales.bacterium",-0.00494573707692325
"2309",97,"Citrobacter.werkmanii",0.000948586181038991
"2310",97,"Clostridium.clostridioforme.CAG.511",-0.000209405719942879
"2311",97,"Clostridium.nexile.CAG.348",-0.003082683426328
"2312",97,"Clostridium.paraputrificum",-0.0295917075127363
"2313",97,"Clostridium.sp..MP113D9",-0.000247482748818584
"2314",97,"Clostridium.sp..MP49A11",-0.00148834305582568
"2315",97,"Clostridium.sp..MP551E06",-0.00143378635402769
"2316",97,"Eggerthella.lenta",-0.0788149684667587
"2317",97,"Eggerthella.sp..MP163B1",-0.00524752866476774
"2318",97,"Lactobacillus.animalis",0.00308267772197723
"2319",97,"Megasphaera.sp..MP182G6",0.00092038104776293
"2320",97,"Paenibacillus.macerans",-0.00410235184244812
"2321",97,"Romboutsia.sp..MP35A8",-0.000680569908581674
"2322",97,"Sellimonas.intestinalis",-0.00176418473711237
"2323",97,"Turicibacter.sp..MP236E3",-0.00461934390477836
"2324",97,"Veillonella.atypica",0.000817419670056552
"2325",97,"Veillonella.dispar",-0.00536352628841996
"2326",97,"X.Clostridium..citroniae",-0.0813313238322735
"2327",97,"X.Clostridium..cocleatum",-0.0030581260798499
"2328",97,"X.Clostridium..sp..MP626E2_ig1",-0.00210245547350496
"2329",98,"Anaerotruncus.colihominis",-0.00821363413706422
"2330",98,"Bacteroides.sp..MP64F12",-0.000848991912789643
"2331",98,"Blautia.coccoides",-0.012765564955771
"2332",98,"Burkholderiales.bacterium",-0.00601728190667927
"2333",98,"Citrobacter.werkmanii",-0.00271195243112743
"2334",98,"Clostridium.clostridioforme.CAG.511",-0.00128572882385924
"2335",98,"Clostridium.nexile.CAG.348",-0.00470348843373358
"2336",98,"Clostridium.paraputrificum",-0.0242036962881684
"2337",98,"Clostridium.sp..MP113D9",-0.00134740280918777
"2338",98,"Clostridium.sp..MP49A11",-0.00256400974467397
"2339",98,"Clostridium.sp..MP551E06",-0.00152642326429486
"2340",98,"Eggerthella.lenta",-0.104924358427525
"2341",98,"Eggerthella.sp..MP163B1",-0.0155358691699803
"2342",98,"Lactobacillus.animalis",-0.00085893296636641
"2343",98,"Megasphaera.sp..MP182G6",-0.00242590694688261
"2344",98,"Paenibacillus.macerans",-0.00311859126668423
"2345",98,"Romboutsia.sp..MP35A8",-0.00192877626977861
"2346",98,"Sellimonas.intestinalis",-0.00266109267249703
"2347",98,"Turicibacter.sp..MP236E3",-0.00498419068753719
"2348",98,"Veillonella.atypica",-0.0121916802600026
"2349",98,"Veillonella.dispar",-0.00799578777514398
"2350",98,"X.Clostridium..citroniae",-0.0656997822225094
"2351",98,"X.Clostridium..cocleatum",-0.0033202568301931
"2352",98,"X.Clostridium..sp..MP626E2_ig1",-0.00377511174883693
"2353",99,"Anaerotruncus.colihominis",-0.00757753825746477
"2354",99,"Bacteroides.sp..MP64F12",-0.000598555081523955
"2355",99,"Blautia.coccoides",-0.0326687693595886
"2356",99,"Burkholderiales.bacterium",-0.00316138076595962
"2357",99,"Citrobacter.werkmanii",-0.00325935403816402
"2358",99,"Clostridium.clostridioforme.CAG.511",-0.00115931936306879
"2359",99,"Clostridium.nexile.CAG.348",-0.00200242875143886
"2360",99,"Clostridium.paraputrificum",-0.0170407714322209
"2361",99,"Clostridium.sp..MP113D9",-0.00067050161305815
"2362",99,"Clostridium.sp..MP49A11",-0.00175942649366334
"2363",99,"Clostridium.sp..MP551E06",-0.000783390103606507
"2364",99,"Eggerthella.lenta",-0.0813633464276791
"2365",99,"Eggerthella.sp..MP163B1",-0.0104002435691655
"2366",99,"Lactobacillus.animalis",-0.00133466639090329
"2367",99,"Megasphaera.sp..MP182G6",-0.00177058210829273
"2368",99,"Paenibacillus.macerans",-0.00216101750265807
"2369",99,"Romboutsia.sp..MP35A8",-0.00155242736218497
"2370",99,"Sellimonas.intestinalis",-0.00178565148962662
"2371",99,"Turicibacter.sp..MP236E3",-0.00307776895351708
"2372",99,"Veillonella.atypica",-0.004138576798141
"2373",99,"Veillonella.dispar",-0.00489237625151873
"2374",99,"X.Clostridium..citroniae",0.127903811633587
"2375",99,"X.Clostridium..cocleatum",-0.00176326418295503
"2376",99,"X.Clostridium..sp..MP626E2_ig1",-0.00170979951508343
"2377",100,"Anaerotruncus.colihominis",0.0276639526709914
"2378",100,"Bacteroides.sp..MP64F12",-0.000770175101934001
"2379",100,"Blautia.coccoides",-0.0148253999650478
"2380",100,"Burkholderiales.bacterium",-0.00427148281596601
"2381",100,"Citrobacter.werkmanii",-0.0026850844733417
"2382",100,"Clostridium.clostridioforme.CAG.511",-0.00118494755588472
"2383",100,"Clostridium.nexile.CAG.348",-0.003534329473041
"2384",100,"Clostridium.paraputrificum",0.0517756622284651
"2385",100,"Clostridium.sp..MP113D9",-0.000376959695131518
"2386",100,"Clostridium.sp..MP49A11",-0.00261070055421442
"2387",100,"Clostridium.sp..MP551E06",-0.00120904942741618
"2388",100,"Eggerthella.lenta",-0.0847104862332344
"2389",100,"Eggerthella.sp..MP163B1",-0.00922365766018629
"2390",100,"Lactobacillus.animalis",-0.00162299885414541
"2391",100,"Megasphaera.sp..MP182G6",-0.00203967478591949
"2392",100,"Paenibacillus.macerans",-0.00309014460071921
"2393",100,"Romboutsia.sp..MP35A8",-0.00177666649688035
"2394",100,"Sellimonas.intestinalis",-0.00208219711203128
"2395",100,"Turicibacter.sp..MP236E3",-0.0031439249869436
"2396",100,"Veillonella.atypica",0.00555193889886141
"2397",100,"Veillonella.dispar",-0.00632741651497781
"2398",100,"X.Clostridium..citroniae",-0.0635928623378277
"2399",100,"X.Clostridium..cocleatum",-0.00100533064687625
"2400",100,"X.Clostridium..sp..MP626E2_ig1",-0.00284177716821432
"2401",101,"Anaerotruncus.colihominis",0.0180132752284408
"2402",101,"Bacteroides.sp..MP64F12",-0.0008053430065047
"2403",101,"Blautia.coccoides",0.00520654977299273
"2404",101,"Burkholderiales.bacterium",0.0274326158687472
"2405",101,"Citrobacter.werkmanii",-0.00158307101810351
"2406",101,"Clostridium.clostridioforme.CAG.511",-0.000981308898190036
"2407",101,"Clostridium.nexile.CAG.348",-0.00149661058094352
"2408",101,"Clostridium.paraputrificum",-0.00746467220596969
"2409",101,"Clostridium.sp..MP113D9",-0.000781500973971561
"2410",101,"Clostridium.sp..MP49A11",-0.00117159058572724
"2411",101,"Clostridium.sp..MP551E06",-0.000489707512315363
"2412",101,"Eggerthella.lenta",0.203429013490677
"2413",101,"Eggerthella.sp..MP163B1",0.0254388907924294
"2414",101,"Lactobacillus.animalis",-0.000984366633929312
"2415",101,"Megasphaera.sp..MP182G6",-0.00121004186803475
"2416",101,"Paenibacillus.macerans",0.0215835813432932
"2417",101,"Romboutsia.sp..MP35A8",-0.00111964670941234
"2418",101,"Sellimonas.intestinalis",-0.00109809695277363
"2419",101,"Turicibacter.sp..MP236E3",-0.00174686388345435
"2420",101,"Veillonella.atypica",-0.00727419508621097
"2421",101,"Veillonella.dispar",-0.00270313723012805
"2422",101,"X.Clostridium..citroniae",-0.0273446245118976
"2423",101,"X.Clostridium..cocleatum",-0.00165881629800424
"2424",101,"X.Clostridium..sp..MP626E2_ig1",-0.0019485394586809
"2425",102,"Anaerotruncus.colihominis",-0.00321540876757354
"2426",102,"Bacteroides.sp..MP64F12",-0.000590907060541213
"2427",102,"Blautia.coccoides",-0.00960140815004706
"2428",102,"Burkholderiales.bacterium",-0.00256785831879824
"2429",102,"Citrobacter.werkmanii",-0.00161474233027548
"2430",102,"Clostridium.clostridioforme.CAG.511",-0.000827640207717195
"2431",102,"Clostridium.nexile.CAG.348",0.0178811866790056
"2432",102,"Clostridium.paraputrificum",-0.00845668883994222
"2433",102,"Clostridium.sp..MP113D9",-0.000741063850000501
"2434",102,"Clostridium.sp..MP49A11",-0.00117469532415271
"2435",102,"Clostridium.sp..MP551E06",-0.000406663995818235
"2436",102,"Eggerthella.lenta",0.147118628025055
"2437",102,"Eggerthella.sp..MP163B1",0.0237556444481015
"2438",102,"Lactobacillus.animalis",-0.000747897080145776
"2439",102,"Megasphaera.sp..MP182G6",-0.00111629464663565
"2440",102,"Paenibacillus.macerans",-0.0011976026580669
"2441",102,"Romboutsia.sp..MP35A8",-0.00127242004964501
"2442",102,"Sellimonas.intestinalis",-0.00089538941392675
"2443",102,"Turicibacter.sp..MP236E3",-0.00151345349149778
"2444",102,"Veillonella.atypica",-0.00534004834480584
"2445",102,"Veillonella.dispar",-0.00262603594455868
"2446",102,"X.Clostridium..citroniae",0.0867669470608234
"2447",102,"X.Clostridium..cocleatum",-0.00235242256894708
"2448",102,"X.Clostridium..sp..MP626E2_ig1",0.0120478859171271
"2449",103,"Anaerotruncus.colihominis",-0.00677656941115856
"2450",103,"Bacteroides.sp..MP64F12",-0.00083265412831679
"2451",103,"Blautia.coccoides",-0.0122701185755432
"2452",103,"Burkholderiales.bacterium",-0.00414730934426188
"2453",103,"Citrobacter.werkmanii",-0.00314498716033995
"2454",103,"Clostridium.clostridioforme.CAG.511",-0.00102406193036586
"2455",103,"Clostridium.nexile.CAG.348",-0.00450791348703206
"2456",103,"Clostridium.paraputrificum",0.0530702732503414
"2457",103,"Clostridium.sp..MP113D9",-0.00135893421247602
"2458",103,"Clostridium.sp..MP49A11",0.00814787717536092
"2459",103,"Clostridium.sp..MP551E06",-0.00139187817694619
"2460",103,"Eggerthella.lenta",-0.0947114005684853
"2461",103,"Eggerthella.sp..MP163B1",-0.0110837924294174
"2462",103,"Lactobacillus.animalis",0.00451247300952673
"2463",103,"Megasphaera.sp..MP182G6",-0.00245714338961989
"2464",103,"Paenibacillus.macerans",-0.00296563806477934
"2465",103,"Romboutsia.sp..MP35A8",-0.00226854241918772
"2466",103,"Sellimonas.intestinalis",-0.00256372801959515
"2467",103,"Turicibacter.sp..MP236E3",-0.00387799856252968
"2468",103,"Veillonella.atypica",-0.0174395274370909
"2469",103,"Veillonella.dispar",-0.00807610806077719
"2470",103,"X.Clostridium..citroniae",-0.079701654613018
"2471",103,"X.Clostridium..cocleatum",-0.00372981233522296
"2472",103,"X.Clostridium..sp..MP626E2_ig1",-0.00362244236748666
"2473",104,"Anaerotruncus.colihominis",0.0235905312001705
"2474",104,"Bacteroides.sp..MP64F12",-0.000575418118387461
"2475",104,"Blautia.coccoides",0.0196984745562077
"2476",104,"Burkholderiales.bacterium",-0.00227338494732976
"2477",104,"Citrobacter.werkmanii",-0.00172740186098963
"2478",104,"Clostridium.clostridioforme.CAG.511",-0.000647993554593995
"2479",104,"Clostridium.nexile.CAG.348",-0.00196016550762579
"2480",104,"Clostridium.paraputrificum",0.0389040298759937
"2481",104,"Clostridium.sp..MP113D9",-0.000713406247086823
"2482",104,"Clostridium.sp..MP49A11",-0.0011250339448452
"2483",104,"Clostridium.sp..MP551E06",-0.000555012316908687
"2484",104,"Eggerthella.lenta",-0.043025953695178
"2485",104,"Eggerthella.sp..MP163B1",-0.004831463098526
"2486",104,"Lactobacillus.animalis",-0.000746742589399219
"2487",104,"Megasphaera.sp..MP182G6",-0.00109301065094769
"2488",104,"Paenibacillus.macerans",-0.00124234129907563
"2489",104,"Romboutsia.sp..MP35A8",-0.00103630527155474
"2490",104,"Sellimonas.intestinalis",-0.00133885536342859
"2491",104,"Turicibacter.sp..MP236E3",-0.00148631632328033
"2492",104,"Veillonella.atypica",-0.006645378889516
"2493",104,"Veillonella.dispar",-0.00237144262064248
"2494",104,"X.Clostridium..citroniae",0.169074513018131
"2495",104,"X.Clostridium..cocleatum",0.0208990294486284
"2496",104,"X.Clostridium..sp..MP626E2_ig1",-0.00223041919525713
"2497",105,"Anaerotruncus.colihominis",-0.00433225161395967
"2498",105,"Bacteroides.sp..MP64F12",-0.000579260202357545
"2499",105,"Blautia.coccoides",-0.0132988058030605
"2500",105,"Burkholderiales.bacterium",-0.00248016300611198
"2501",105,"Citrobacter.werkmanii",-0.00178473076084629
"2502",105,"Clostridium.clostridioforme.CAG.511",-0.000424775338615291
"2503",105,"Clostridium.nexile.CAG.348",-0.00210235582198948
"2504",105,"Clostridium.paraputrificum",0.0453925877809525
"2505",105,"Clostridium.sp..MP113D9",-0.000966210383921862
"2506",105,"Clostridium.sp..MP49A11",-0.00121504307026044
"2507",105,"Clostridium.sp..MP551E06",-0.000722733151633292
"2508",105,"Eggerthella.lenta",-0.0451407432556152
"2509",105,"Eggerthella.sp..MP163B1",-0.00636767805553973
"2510",105,"Lactobacillus.animalis",-0.000804736017016694
"2511",105,"Megasphaera.sp..MP182G6",-0.00134884816361591
"2512",105,"Paenibacillus.macerans",-0.00152923812856898
"2513",105,"Romboutsia.sp..MP35A8",-0.00146244739880785
"2514",105,"Sellimonas.intestinalis",-0.00142247893381864
"2515",105,"Turicibacter.sp..MP236E3",-0.00168427010066807
"2516",105,"Veillonella.atypica",-0.00567993265576661
"2517",105,"Veillonella.dispar",-0.00418364256620407
"2518",105,"X.Clostridium..citroniae",0.192580834031105
"2519",105,"X.Clostridium..cocleatum",-0.00217391946353018
"2520",105,"X.Clostridium..sp..MP626E2_ig1",-0.00226039555855095
"2521",106,"Anaerotruncus.colihominis",-0.0051764294039458
"2522",106,"Bacteroides.sp..MP64F12",-0.000825442955829203
"2523",106,"Blautia.coccoides",-0.0143651650287211
"2524",106,"Burkholderiales.bacterium",-0.00492803030647337
"2525",106,"Citrobacter.werkmanii",-0.00231016939505935
"2526",106,"Clostridium.clostridioforme.CAG.511",-0.000969227578025311
"2527",106,"Clostridium.nexile.CAG.348",-0.00361239933408797
"2528",106,"Clostridium.paraputrificum",-0.0317859053611755
"2529",106,"Clostridium.sp..MP113D9",-0.0002967744221678
"2530",106,"Clostridium.sp..MP49A11",-0.0017661806778051
"2531",106,"Clostridium.sp..MP551E06",-0.00145246338797733
"2532",106,"Eggerthella.lenta",-0.0766877792775631
"2533",106,"Eggerthella.sp..MP163B1",-0.0110524576157331
"2534",106,"Lactobacillus.animalis",0.00979720475152135
"2535",106,"Megasphaera.sp..MP182G6",-0.00123830395750701
"2536",106,"Paenibacillus.macerans",-0.00408086995594203
"2537",106,"Romboutsia.sp..MP35A8",-0.00151545606786385
"2538",106,"Sellimonas.intestinalis",-0.00194114132318646
"2539",106,"Turicibacter.sp..MP236E3",-0.00510795461013913
"2540",106,"Veillonella.atypica",0.00624161493033171
"2541",106,"Veillonella.dispar",-0.0063255769200623
"2542",106,"X.Clostridium..citroniae",-0.0949923917651176
"2543",106,"X.Clostridium..cocleatum",-0.00257524475455284
"2544",106,"X.Clostridium..sp..MP626E2_ig1",-0.00204285758081824
"2545",107,"Anaerotruncus.colihominis",-0.00383536634035408
"2546",107,"Bacteroides.sp..MP64F12",-0.000790136633440852
"2547",107,"Blautia.coccoides",-0.00205586024094373
"2548",107,"Burkholderiales.bacterium",-0.00263394415378571
"2549",107,"Citrobacter.werkmanii",-0.00161467725411057
"2550",107,"Clostridium.clostridioforme.CAG.511",0.00833310605958104
"2551",107,"Clostridium.nexile.CAG.348",0.0195130659267306
"2552",107,"Clostridium.paraputrificum",-0.00886969780549407
"2553",107,"Clostridium.sp..MP113D9",-0.000894780561793596
"2554",107,"Clostridium.sp..MP49A11",-0.00116845330921933
"2555",107,"Clostridium.sp..MP551E06",-0.000492563907755539
"2556",107,"Eggerthella.lenta",0.109265454113483
"2557",107,"Eggerthella.sp..MP163B1",0.0257292436435819
"2558",107,"Lactobacillus.animalis",-0.000743363023502752
"2559",107,"Megasphaera.sp..MP182G6",0.032826965674758
"2560",107,"Paenibacillus.macerans",-0.00140400289092213
"2561",107,"Romboutsia.sp..MP35A8",-0.00138020922895521
"2562",107,"Sellimonas.intestinalis",0.0118976514786482
"2563",107,"Turicibacter.sp..MP236E3",-0.00196401227731258
"2564",107,"Veillonella.atypica",-0.00622832588851452
"2565",107,"Veillonella.dispar",-0.00385449652094394
"2566",107,"X.Clostridium..citroniae",0.117403589189053
"2567",107,"X.Clostridium..cocleatum",-0.00198644923511893
"2568",107,"X.Clostridium..sp..MP626E2_ig1",-0.00147898012073711
"2569",108,"Anaerotruncus.colihominis",-0.00486008240841329
"2570",108,"Bacteroides.sp..MP64F12",-0.000564306799788028
"2571",108,"Blautia.coccoides",-0.00423278193920851
"2572",108,"Burkholderiales.bacterium",-0.00371907453518361
"2573",108,"Citrobacter.werkmanii",-0.0029171546921134
"2574",108,"Clostridium.clostridioforme.CAG.511",-0.00106793851591647
"2575",108,"Clostridium.nexile.CAG.348",0.066856324672699
"2576",108,"Clostridium.paraputrificum",0.112066332250834
"2577",108,"Clostridium.sp..MP113D9",-0.000924317981116474
"2578",108,"Clostridium.sp..MP49A11",0.0696658566594124
"2579",108,"Clostridium.sp..MP551E06",-0.000899605336599052
"2580",108,"Eggerthella.lenta",-0.0537666585296392
"2581",108,"Eggerthella.sp..MP163B1",-0.00836332561448216
"2582",108,"Lactobacillus.animalis",-0.00084562913980335
"2583",108,"Megasphaera.sp..MP182G6",-0.00198593072127551
"2584",108,"Paenibacillus.macerans",-0.00225686014164239
"2585",108,"Romboutsia.sp..MP35A8",-0.00148971338057891
"2586",108,"Sellimonas.intestinalis",-0.00174895103555173
"2587",108,"Turicibacter.sp..MP236E3",-0.00247104838490486
"2588",108,"Veillonella.atypica",0.0125267878174782
"2589",108,"Veillonella.dispar",-0.00567752588540316
"2590",108,"X.Clostridium..citroniae",-0.0458178613334894
"2591",108,"X.Clostridium..cocleatum",0.000111414421553491
"2592",108,"X.Clostridium..sp..MP626E2_ig1",-0.00159555702703074
"2593",109,"Anaerotruncus.colihominis",-0.00532044726423919
"2594",109,"Bacteroides.sp..MP64F12",-0.000891765579581261
"2595",109,"Blautia.coccoides",-0.0103087369352579
"2596",109,"Burkholderiales.bacterium",-0.00385242176707834
"2597",109,"Citrobacter.werkmanii",-0.00170498539227992
"2598",109,"Clostridium.clostridioforme.CAG.511",-0.00100232206750661
"2599",109,"Clostridium.nexile.CAG.348",-0.00150879408465698
"2600",109,"Clostridium.paraputrificum",-0.021659730002284
"2601",109,"Clostridium.sp..MP113D9",-0.000202997362066526
"2602",109,"Clostridium.sp..MP49A11",-0.00137915322557092
"2603",109,"Clostridium.sp..MP551E06",-0.000671397021505982
"2604",109,"Eggerthella.lenta",0.155866295099258
"2605",109,"Eggerthella.sp..MP163B1",-0.0105905281379819
"2606",109,"Lactobacillus.animalis",-0.00133922754321247
"2607",109,"Megasphaera.sp..MP182G6",-0.00116851780330762
"2608",109,"Paenibacillus.macerans",-0.00313838291913271
"2609",109,"Romboutsia.sp..MP35A8",-0.00108588277362287
"2610",109,"Sellimonas.intestinalis",-0.00120723154395819
"2611",109,"Turicibacter.sp..MP236E3",-0.00310825894121081
"2612",109,"Veillonella.atypica",0.000577222090214491
"2613",109,"Veillonella.dispar",-0.00436401250772178
"2614",109,"X.Clostridium..citroniae",-0.0642881318926811
"2615",109,"X.Clostridium..cocleatum",-0.00179846002720296
"2616",109,"X.Clostridium..sp..MP626E2_ig1",-0.000957114127231762
"2617",110,"Anaerotruncus.colihominis",-0.00537150609306991
"2618",110,"Bacteroides.sp..MP64F12",-0.000756017892854288
"2619",110,"Blautia.coccoides",-0.0137830013409257
"2620",110,"Burkholderiales.bacterium",-0.00490668206475675
"2621",110,"Citrobacter.werkmanii",-0.00270162569358945
"2622",110,"Clostridium.clostridioforme.CAG.511",-0.000774208601797
"2623",110,"Clostridium.nexile.CAG.348",-0.00358125509228557
"2624",110,"Clostridium.paraputrificum",-0.0312410891056061
"2625",110,"Clostridium.sp..MP113D9",-0.000221578797209077
"2626",110,"Clostridium.sp..MP49A11",-0.00178243109257892
"2627",110,"Clostridium.sp..MP551E06",-0.00142866850364953
"2628",110,"Eggerthella.lenta",-0.0768461748957634
"2629",110,"Eggerthella.sp..MP163B1",-0.0102147250436246
"2630",110,"Lactobacillus.animalis",-0.00176582689164206
"2631",110,"Megasphaera.sp..MP182G6",-0.00125873414799571
"2632",110,"Paenibacillus.macerans",-0.0040075471624732
"2633",110,"Romboutsia.sp..MP35A8",-0.00138998712645844
"2634",110,"Sellimonas.intestinalis",-0.00212001916952431
"2635",110,"Turicibacter.sp..MP236E3",-0.00497063971124589
"2636",110,"Veillonella.atypica",0.00698969257064164
"2637",110,"Veillonella.dispar",-0.00555070978589356
"2638",110,"X.Clostridium..citroniae",-0.0948026403784752
"2639",110,"X.Clostridium..cocleatum",-0.00267668045125902
"2640",110,"X.Clostridium..sp..MP626E2_ig1",-0.001707554445602
"2641",111,"Anaerotruncus.colihominis",-0.00152897782390937
"2642",111,"Bacteroides.sp..MP64F12",-0.000858119543408975
"2643",111,"Blautia.coccoides",-0.00797494035214186
"2644",111,"Burkholderiales.bacterium",-0.0030346552375704
"2645",111,"Citrobacter.werkmanii",-0.00239485397469252
"2646",111,"Clostridium.clostridioforme.CAG.511",-0.000961723475484177
"2647",111,"Clostridium.nexile.CAG.348",-0.00147964683128521
"2648",111,"Clostridium.paraputrificum",0.0897076204419136
"2649",111,"Clostridium.sp..MP113D9",-0.000325018423609436
"2650",111,"Clostridium.sp..MP49A11",0.00910327211022377
"2651",111,"Clostridium.sp..MP551E06",-0.00064371369080618
"2652",111,"Eggerthella.lenta",0.255595788359642
"2653",111,"Eggerthella.sp..MP163B1",0.0459595881402493
"2654",111,"Lactobacillus.animalis",-0.00130164134316146
"2655",111,"Megasphaera.sp..MP182G6",-0.00157559447688982
"2656",111,"Paenibacillus.macerans",-0.00222639692947268
"2657",111,"Romboutsia.sp..MP35A8",-0.00139416957972571
"2658",111,"Sellimonas.intestinalis",-0.000992087938357145
"2659",111,"Turicibacter.sp..MP236E3",-0.00223019870463759
"2660",111,"Veillonella.atypica",0.00707624875940382
"2661",111,"Veillonella.dispar",-0.00250718370079994
"2662",111,"X.Clostridium..citroniae",-0.0265001459047198
"2663",111,"X.Clostridium..cocleatum",-0.00139307318022475
"2664",111,"X.Clostridium..sp..MP626E2_ig1",-0.0013343165628612
"2665",112,"Anaerotruncus.colihominis",-0.00493133231066167
"2666",112,"Bacteroides.sp..MP64F12",-0.000827246898552403
"2667",112,"Blautia.coccoides",-0.0035790151450783
"2668",112,"Burkholderiales.bacterium",-0.00359707686584443
"2669",112,"Citrobacter.werkmanii",-0.00246947666164488
"2670",112,"Clostridium.clostridioforme.CAG.511",0.0123669020831585
"2671",112,"Clostridium.nexile.CAG.348",-0.00208167906384915
"2672",112,"Clostridium.paraputrificum",-0.0117572103627026
"2673",112,"Clostridium.sp..MP113D9",-0.000989836466033012
"2674",112,"Clostridium.sp..MP49A11",0.00749788340181112
"2675",112,"Clostridium.sp..MP551E06",-0.000753709609853104
"2676",112,"Eggerthella.lenta",0.257241576910019
"2677",112,"Eggerthella.sp..MP163B1",-0.0105160404928029
"2678",112,"Lactobacillus.animalis",-0.000671374786179513
"2679",112,"Megasphaera.sp..MP182G6",0.0483389906585217
"2680",112,"Paenibacillus.macerans",-0.0018822307465598
"2681",112,"Romboutsia.sp..MP35A8",-0.00166290928609669
"2682",112,"Sellimonas.intestinalis",0.0221231579780579
"2683",112,"Turicibacter.sp..MP236E3",-0.00242305232677609
"2684",112,"Veillonella.atypica",-0.00568836182355881
"2685",112,"Veillonella.dispar",-0.00350682542193681
"2686",112,"X.Clostridium..citroniae",-0.0424395017325878
"2687",112,"X.Clostridium..cocleatum",-0.00219786865636706
"2688",112,"X.Clostridium..sp..MP626E2_ig1",-0.00139685493195429
"2689",113,"Anaerotruncus.colihominis",-0.00303365243598819
"2690",113,"Bacteroides.sp..MP64F12",-0.000555193866603076
"2691",113,"Blautia.coccoides",0.0188249722123146
"2692",113,"Burkholderiales.bacterium",-0.00236409844364971
"2693",113,"Citrobacter.werkmanii",-0.0012027639313601
"2694",113,"Clostridium.clostridioforme.CAG.511",-0.000625628978013992
"2695",113,"Clostridium.nexile.CAG.348",-0.00116262806113809
"2696",113,"Clostridium.paraputrificum",-0.00714034261181951
"2697",113,"Clostridium.sp..MP113D9",-0.000670559267746285
"2698",113,"Clostridium.sp..MP49A11",-0.00117404526099563
"2699",113,"Clostridium.sp..MP551E06",-0.00047868984984234
"2700",113,"Eggerthella.lenta",0.149466201663017
"2701",113,"Eggerthella.sp..MP163B1",0.0206333752721548
"2702",113,"Lactobacillus.animalis",0.00566125591285527
"2703",113,"Megasphaera.sp..MP182G6",-0.00117159099318087
"2704",113,"Paenibacillus.macerans",-0.00105905561940745
"2705",113,"Romboutsia.sp..MP35A8",-0.000983642123173922
"2706",113,"Sellimonas.intestinalis",-0.00102670304477215
"2707",113,"Turicibacter.sp..MP236E3",-0.00149222713662311
"2708",113,"Veillonella.atypica",-0.00499982945621014
"2709",113,"Veillonella.dispar",-0.00312976760324091
"2710",113,"X.Clostridium..citroniae",0.10064497590065
"2711",113,"X.Clostridium..cocleatum",-0.00168489053612575
"2712",113,"X.Clostridium..sp..MP626E2_ig1",-0.00168897601542994
"2713",114,"Anaerotruncus.colihominis",0.0170402079820633
"2714",114,"Bacteroides.sp..MP64F12",-0.000814569590147585
"2715",114,"Blautia.coccoides",-0.00140646210638806
"2716",114,"Burkholderiales.bacterium",-0.00249684148002416
"2717",114,"Citrobacter.werkmanii",-0.00147256505442783
"2718",114,"Clostridium.clostridioforme.CAG.511",0.0076418633107096
"2719",114,"Clostridium.nexile.CAG.348",-0.00121310417307541
"2720",114,"Clostridium.paraputrificum",-0.0070609028916806
"2721",114,"Clostridium.sp..MP113D9",-0.000758444744860753
"2722",114,"Clostridium.sp..MP49A11",-0.00117841450264677
"2723",114,"Clostridium.sp..MP551E06",-0.000455468631116673
"2724",114,"Eggerthella.lenta",0.123527433723211
"2725",114,"Eggerthella.sp..MP163B1",0.0258421720936894
"2726",114,"Lactobacillus.animalis",-0.000723084143828601
"2727",114,"Megasphaera.sp..MP182G6",-0.00105436699232087
"2728",114,"Paenibacillus.macerans",-0.0011155410320498
"2729",114,"Romboutsia.sp..MP35A8",-0.00119522598106414
"2730",114,"Sellimonas.intestinalis",-0.00103723636129871
"2731",114,"Turicibacter.sp..MP236E3",-0.00139293819665909
"2732",114,"Veillonella.atypica",-0.00338627281598747
"2733",114,"Veillonella.dispar",-0.00241102639120072
"2734",114,"X.Clostridium..citroniae",0.102612711489201
"2735",114,"X.Clostridium..cocleatum",-0.00168326694983989
"2736",114,"X.Clostridium..sp..MP626E2_ig1",-0.00184352329233661
"2737",115,"Anaerotruncus.colihominis",-0.00695194909349084
"2738",115,"Bacteroides.sp..MP64F12",-0.00089068480883725
"2739",115,"Blautia.coccoides",-0.00547470594756305
"2740",115,"Burkholderiales.bacterium",-0.00443353527225554
"2741",115,"Citrobacter.werkmanii",-0.00266993511468172
"2742",115,"Clostridium.clostridioforme.CAG.511",-0.0017903737607412
"2743",115,"Clostridium.nexile.CAG.348",-0.00260274030733854
"2744",115,"Clostridium.paraputrificum",-0.0201076092198491
"2745",115,"Clostridium.sp..MP113D9",-0.0013116646441631
"2746",115,"Clostridium.sp..MP49A11",-0.00178770779166371
"2747",115,"Clostridium.sp..MP551E06",-0.000977999123279005
"2748",115,"Eggerthella.lenta",0.114762246608734
"2749",115,"Eggerthella.sp..MP163B1",-0.0169397620484233
"2750",115,"Lactobacillus.animalis",-0.00101320451358333
"2751",115,"Megasphaera.sp..MP182G6",-0.00223745545372367
"2752",115,"Paenibacillus.macerans",-0.0023787358077243
"2753",115,"Romboutsia.sp..MP35A8",-0.00181248865555972
"2754",115,"Sellimonas.intestinalis",-0.00170306966174394
"2755",115,"Turicibacter.sp..MP236E3",-0.0038023543311283
"2756",115,"Veillonella.atypica",-0.00783716607838869
"2757",115,"Veillonella.dispar",-0.00621133740060031
"2758",115,"X.Clostridium..citroniae",-0.0689122378826141
"2759",115,"X.Clostridium..cocleatum",-0.00308283267077059
"2760",115,"X.Clostridium..sp..MP626E2_ig1",-0.00215576577465981
"2761",116,"Anaerotruncus.colihominis",-0.00424461998045444
"2762",116,"Bacteroides.sp..MP64F12",-0.000687214778736234
"2763",116,"Blautia.coccoides",-0.00963375484570861
"2764",116,"Burkholderiales.bacterium",-0.00379820843227208
"2765",116,"Citrobacter.werkmanii",0.083515577018261
"2766",116,"Clostridium.clostridioforme.CAG.511",-0.000813683756859973
"2767",116,"Clostridium.nexile.CAG.348",-0.00353084108792245
"2768",116,"Clostridium.paraputrificum",-0.0106055773794651
"2769",116,"Clostridium.sp..MP113D9",-0.000488961231894791
"2770",116,"Clostridium.sp..MP49A11",-0.00201326853130013
"2771",116,"Clostridium.sp..MP551E06",-0.00104279298102483
"2772",116,"Eggerthella.lenta",-0.066930778324604
"2773",116,"Eggerthella.sp..MP163B1",-0.00835111597552896
"2774",116,"Lactobacillus.animalis",0.0178452217951417
"2775",116,"Megasphaera.sp..MP182G6",-0.00199007685296237
"2776",116,"Paenibacillus.macerans",-0.00293374026659876
"2777",116,"Romboutsia.sp..MP35A8",-0.00208844570443034
"2778",116,"Sellimonas.intestinalis",-0.00158917281078175
"2779",116,"Turicibacter.sp..MP236E3",0.13440865278244
"2780",116,"Veillonella.atypica",0.0107919871807098
"2781",116,"Veillonella.dispar",-0.00573802459985018
"2782",116,"X.Clostridium..citroniae",-0.0552147980779409
"2783",116,"X.Clostridium..cocleatum",-0.00166901224292815
"2784",116,"X.Clostridium..sp..MP626E2_ig1",-0.0018644304946065
"2785",117,"Anaerotruncus.colihominis",-0.00455902935937047
"2786",117,"Bacteroides.sp..MP64F12",-0.000562686385819688
"2787",117,"Blautia.coccoides",-0.00826329691335559
"2788",117,"Burkholderiales.bacterium",-0.00428344286046922
"2789",117,"Citrobacter.werkmanii",-0.0031621657544747
"2790",117,"Clostridium.clostridioforme.CAG.511",-0.000811267527751625
"2791",117,"Clostridium.nexile.CAG.348",-0.00327767734415829
"2792",117,"Clostridium.paraputrificum",-0.0166281647980213
"2793",117,"Clostridium.sp..MP113D9",-0.000769126927480102
"2794",117,"Clostridium.sp..MP49A11",-0.00209259742405266
"2795",117,"Clostridium.sp..MP551E06",-0.00125264131929725
"2796",117,"Eggerthella.lenta",-0.0750837065279484
"2797",117,"Eggerthella.sp..MP163B1",-0.00939523335546255
"2798",117,"Lactobacillus.animalis",-0.00135529431281611
"2799",117,"Megasphaera.sp..MP182G6",-0.00231117522343993
"2800",117,"Paenibacillus.macerans",-0.0025620823726058
"2801",117,"Romboutsia.sp..MP35A8",0.0828383527696133
"2802",117,"Sellimonas.intestinalis",-0.00230931246187538
"2803",117,"Turicibacter.sp..MP236E3",0.0721058435738087
"2804",117,"Veillonella.atypica",0.0138028860092163
"2805",117,"Veillonella.dispar",0.0538987014442682
"2806",117,"X.Clostridium..citroniae",-0.0599607657641172
"2807",117,"X.Clostridium..cocleatum",-0.00214176566805691
"2808",117,"X.Clostridium..sp..MP626E2_ig1",-0.00199600448831916
"2809",118,"Anaerotruncus.colihominis",0.0205915551632643
"2810",118,"Bacteroides.sp..MP64F12",-0.000827207695692778
"2811",118,"Blautia.coccoides",-0.00291842664591968
"2812",118,"Burkholderiales.bacterium",-0.00276383908931166
"2813",118,"Citrobacter.werkmanii",-0.00162006611935794
"2814",118,"Clostridium.clostridioforme.CAG.511",-0.000934737472562119
"2815",118,"Clostridium.nexile.CAG.348",-0.00133560749236494
"2816",118,"Clostridium.paraputrificum",-0.0072613493539393
"2817",118,"Clostridium.sp..MP113D9",-0.000734385976102203
"2818",118,"Clostridium.sp..MP49A11",-0.00104543654015288
"2819",118,"Clostridium.sp..MP551E06",-0.000455521687399596
"2820",118,"Eggerthella.lenta",0.138802409172058
"2821",118,"Eggerthella.sp..MP163B1",-0.00675951619632542
"2822",118,"Lactobacillus.animalis",-0.000735825800802559
"2823",118,"Megasphaera.sp..MP182G6",-0.00121796102030203
"2824",118,"Paenibacillus.macerans",-0.00121057376964018
"2825",118,"Romboutsia.sp..MP35A8",-0.00130957277724519
"2826",118,"Sellimonas.intestinalis",0.0122603615745902
"2827",118,"Turicibacter.sp..MP236E3",-0.00154264189768583
"2828",118,"Veillonella.atypica",-0.00384480145294219
"2829",118,"Veillonella.dispar",-0.00285715400241315
"2830",118,"X.Clostridium..citroniae",0.108862891793251
"2831",118,"X.Clostridium..cocleatum",-0.00179799506440759
"2832",118,"X.Clostridium..sp..MP626E2_ig1",0.0132423378527164
"2833",119,"Anaerotruncus.colihominis",-0.00517682963982224
"2834",119,"Bacteroides.sp..MP64F12",-0.000606814428465441
"2835",119,"Blautia.coccoides",0.0176399620249867
"2836",119,"Burkholderiales.bacterium",-0.00310992368031293
"2837",119,"Citrobacter.werkmanii",-0.00178439577575773
"2838",119,"Clostridium.clostridioforme.CAG.511",-0.000818398169940338
"2839",119,"Clostridium.nexile.CAG.348",-0.00198637426365167
"2840",119,"Clostridium.paraputrificum",-0.00883088912814856
"2841",119,"Clostridium.sp..MP113D9",-0.000867701601237059
"2842",119,"Clostridium.sp..MP49A11",-0.00132469413802028
"2843",119,"Clostridium.sp..MP551E06",-0.000680542056215927
"2844",119,"Eggerthella.lenta",0.218516156077385
"2845",119,"Eggerthella.sp..MP163B1",-0.00851309951394796
"2846",119,"Lactobacillus.animalis",-0.000731594860553741
"2847",119,"Megasphaera.sp..MP182G6",-0.00143058266257867
"2848",119,"Paenibacillus.macerans",-0.0014282027259469
"2849",119,"Romboutsia.sp..MP35A8",-0.0012658488121815
"2850",119,"Sellimonas.intestinalis",-0.00143193127587438
"2851",119,"Turicibacter.sp..MP236E3",-0.00171852792846039
"2852",119,"Veillonella.atypica",-0.00668288324959576
"2853",119,"Veillonella.dispar",-0.00344221643172204
"2854",119,"X.Clostridium..citroniae",-0.0387728251516819
"2855",119,"X.Clostridium..cocleatum",-0.00246977608185261
"2856",119,"X.Clostridium..sp..MP626E2_ig1",-0.00237067427951843
"2857",120,"Anaerotruncus.colihominis",-0.00265856529586017
"2858",120,"Bacteroides.sp..MP64F12",-0.000819675798993558
"2859",120,"Blautia.coccoides",0.0595253761857748
"2860",120,"Burkholderiales.bacterium",-0.00340060424059629
"2861",120,"Citrobacter.werkmanii",-0.00175092171411961
"2862",120,"Clostridium.clostridioforme.CAG.511",-0.000956345873419195
"2863",120,"Clostridium.nexile.CAG.348",-0.00171430729096755
"2864",120,"Clostridium.paraputrificum",-0.0137376617640257
"2865",120,"Clostridium.sp..MP113D9",-0.000258512474829331
"2866",120,"Clostridium.sp..MP49A11",-0.00155558704864234
"2867",120,"Clostridium.sp..MP551E06",-0.000646381522528827
"2868",120,"Eggerthella.lenta",-0.0390842035412788
"2869",120,"Eggerthella.sp..MP163B1",-0.0056533757597208
"2870",120,"Lactobacillus.animalis",-0.00100085005396977
"2871",120,"Megasphaera.sp..MP182G6",-0.00180123856989667
"2872",120,"Paenibacillus.macerans",-0.00219084077980369
"2873",120,"Romboutsia.sp..MP35A8",-0.00177660724148154
"2874",120,"Sellimonas.intestinalis",-0.00134453771170229
"2875",120,"Turicibacter.sp..MP236E3",-0.00269286462571472
"2876",120,"Veillonella.atypica",0.00775919412262738
"2877",120,"Veillonella.dispar",-0.00302745611406863
"2878",120,"X.Clostridium..citroniae",0.253530025482178
"2879",120,"X.Clostridium..cocleatum",0.0220729224383831
"2880",120,"X.Clostridium..sp..MP626E2_ig1",-0.00125147571088746
"2881",121,"Anaerotruncus.colihominis",-0.00544936000369489
"2882",121,"Bacteroides.sp..MP64F12",-0.00053912095609121
"2883",121,"Blautia.coccoides",0.0598130784928799
"2884",121,"Burkholderiales.bacterium",-0.00297503487672657
"2885",121,"Citrobacter.werkmanii",0.0643097534775734
"2886",121,"Clostridium.clostridioforme.CAG.511",-0.00102102343225852
"2887",121,"Clostridium.nexile.CAG.348",-0.0027430938789621
"2888",121,"Clostridium.paraputrificum",0.113039046525955
"2889",121,"Clostridium.sp..MP113D9",-0.000561324559384957
"2890",121,"Clostridium.sp..MP49A11",-0.0020993915386498
"2891",121,"Clostridium.sp..MP551E06",-0.000810947705758736
"2892",121,"Eggerthella.lenta",-0.0600390210747719
"2893",121,"Eggerthella.sp..MP163B1",-0.00897329114377499
"2894",121,"Lactobacillus.animalis",-0.00113266776315868
"2895",121,"Megasphaera.sp..MP182G6",-0.00171798729570583
"2896",121,"Paenibacillus.macerans",-0.00242590508423746
"2897",121,"Romboutsia.sp..MP35A8",-0.00158837315393612
"2898",121,"Sellimonas.intestinalis",-0.00194019451737404
"2899",121,"Turicibacter.sp..MP236E3",-0.00290654017589986
"2900",121,"Veillonella.atypica",0.0191766498610377
"2901",121,"Veillonella.dispar",-0.0059880914632231
"2902",121,"X.Clostridium..citroniae",-0.0445442628115416
"2903",121,"X.Clostridium..cocleatum",-0.00137076014652848
"2904",121,"X.Clostridium..sp..MP626E2_ig1",-0.00234034762252122
"2905",122,"Anaerotruncus.colihominis",-0.00683722016401589
"2906",122,"Bacteroides.sp..MP64F12",-0.000625356653472409
"2907",122,"Blautia.coccoides",0.0210875179618597
"2908",122,"Burkholderiales.bacterium",-0.00610479433089495
"2909",122,"Citrobacter.werkmanii",-0.00389904854819179
"2910",122,"Clostridium.clostridioforme.CAG.511",-0.00106923346174881
"2911",122,"Clostridium.nexile.CAG.348",-0.00418052077293396
"2912",122,"Clostridium.paraputrificum",-0.0231939842924476
"2913",122,"Clostridium.sp..MP113D9",-0.0015189255354926
"2914",122,"Clostridium.sp..MP49A11",-0.00244468043092638
"2915",122,"Clostridium.sp..MP551E06",-0.00145669735502452
"2916",122,"Eggerthella.lenta",-0.0987904369831085
"2917",122,"Eggerthella.sp..MP163B1",-0.0115587553009391
"2918",122,"Lactobacillus.animalis",-0.0020435560727492
"2919",122,"Megasphaera.sp..MP182G6",-0.00301125703845173
"2920",122,"Paenibacillus.macerans",-0.00332438573241234
"2921",122,"Romboutsia.sp..MP35A8",-0.00220673251897097
"2922",122,"Sellimonas.intestinalis",-0.00233472092077136
"2923",122,"Turicibacter.sp..MP236E3",-0.00573953450657427
"2924",122,"Veillonella.atypica",0.0078378445468843
"2925",122,"Veillonella.dispar",0.0267637819051743
"2926",122,"X.Clostridium..citroniae",-0.072750698775053
"2927",122,"X.Clostridium..cocleatum",-0.00424991315230727
"2928",122,"X.Clostridium..sp..MP626E2_ig1",-0.00283801800105721
"2929",123,"Anaerotruncus.colihominis",-0.00463680224493146
"2930",123,"Bacteroides.sp..MP64F12",-0.00056256222887896
"2931",123,"Blautia.coccoides",0.0685895942151546
"2932",123,"Burkholderiales.bacterium",-0.00278077099937946
"2933",123,"Citrobacter.werkmanii",0.0711930878460407
"2934",123,"Clostridium.clostridioforme.CAG.511",-0.000919782323762774
"2935",123,"Clostridium.nexile.CAG.348",-0.00319959677290171
"2936",123,"Clostridium.paraputrificum",0.116431374102831
"2937",123,"Clostridium.sp..MP113D9",-0.000960339355515316
"2938",123,"Clostridium.sp..MP49A11",-0.00230402708984911
"2939",123,"Clostridium.sp..MP551E06",-0.0010952937300317
"2940",123,"Eggerthella.lenta",-0.0634656324982643
"2941",123,"Eggerthella.sp..MP163B1",-0.00810317089781165
"2942",123,"Lactobacillus.animalis",-0.000886686844751239
"2943",123,"Megasphaera.sp..MP182G6",-0.00160486967070028
"2944",123,"Paenibacillus.macerans",-0.00214583531487733
"2945",123,"Romboutsia.sp..MP35A8",-0.00164224248146638
"2946",123,"Sellimonas.intestinalis",-0.00195482716662809
"2947",123,"Turicibacter.sp..MP236E3",-0.00260478397831321
"2948",123,"Veillonella.atypica",0.0158198708668351
"2949",123,"Veillonella.dispar",-0.0064333975315094
"2950",123,"X.Clostridium..citroniae",-0.0469178222119808
"2951",123,"X.Clostridium..cocleatum",0.0062737655825913
"2952",123,"X.Clostridium..sp..MP626E2_ig1",-0.00218808650970459
"2953",124,"Anaerotruncus.colihominis",-0.00621264846995473
"2954",124,"Bacteroides.sp..MP64F12",-0.000659250450553373
"2955",124,"Blautia.coccoides",-0.00728575512766838
"2956",124,"Burkholderiales.bacterium",-0.00358988542575389
"2957",124,"Citrobacter.werkmanii",-0.00303973408881575
"2958",124,"Clostridium.clostridioforme.CAG.511",-0.000824244227260351
"2959",124,"Clostridium.nexile.CAG.348",-0.00438335631042719
"2960",124,"Clostridium.paraputrificum",0.041003966704011
"2961",124,"Clostridium.sp..MP113D9",-0.00125731236767024
"2962",124,"Clostridium.sp..MP49A11",-0.00171071500517428
"2963",124,"Clostridium.sp..MP551E06",-0.00137892796192318
"2964",124,"Eggerthella.lenta",-0.0898961685597897
"2965",124,"Eggerthella.sp..MP163B1",-0.0112709067761898
"2966",124,"Lactobacillus.animalis",-0.000909878377569839
"2967",124,"Megasphaera.sp..MP182G6",-0.00162578129675239
"2968",124,"Paenibacillus.macerans",-0.002026580972597
"2969",124,"Romboutsia.sp..MP35A8",-0.0018656975007616
"2970",124,"Sellimonas.intestinalis",-0.00262513966299593
"2971",124,"Turicibacter.sp..MP236E3",-0.00265952607151121
"2972",124,"Veillonella.atypica",0.00598224368877709
"2973",124,"Veillonella.dispar",-0.00361182272899896
"2974",124,"X.Clostridium..citroniae",-0.0768644995987415
"2975",124,"X.Clostridium..cocleatum",-0.00239504384808242
"2976",124,"X.Clostridium..sp..MP626E2_ig1",-0.00392110226675868
"2977",125,"Anaerotruncus.colihominis",0.0186383472755551
"2978",125,"Bacteroides.sp..MP64F12",-0.000605922396061942
"2979",125,"Blautia.coccoides",-0.00902850367128849
"2980",125,"Burkholderiales.bacterium",-0.00272719899658114
"2981",125,"Citrobacter.werkmanii",-0.00158788583939895
"2982",125,"Clostridium.clostridioforme.CAG.511",-0.000642423401586711
"2983",125,"Clostridium.nexile.CAG.348",0.0202334886416793
"2984",125,"Clostridium.paraputrificum",-0.00707333628088236
"2985",125,"Clostridium.sp..MP113D9",-0.000805656920420006
"2986",125,"Clostridium.sp..MP49A11",-0.00121758447494358
"2987",125,"Clostridium.sp..MP551E06",-0.000409784785006195
"2988",125,"Eggerthella.lenta",0.149749837815762
"2989",125,"Eggerthella.sp..MP163B1",-0.00652654492296278
"2990",125,"Lactobacillus.animalis",-0.000687426916556433
"2991",125,"Megasphaera.sp..MP182G6",-0.00146409636363387
"2992",125,"Paenibacillus.macerans",-0.00135140586644411
"2993",125,"Romboutsia.sp..MP35A8",-0.0012885766918771
"2994",125,"Sellimonas.intestinalis",-0.00122002535499632
"2995",125,"Turicibacter.sp..MP236E3",-0.00153463089372963
"2996",125,"Veillonella.atypica",-0.0053960329387337
"2997",125,"Veillonella.dispar",-0.00343334639910609
"2998",125,"X.Clostridium..citroniae",0.105197489261627
"2999",125,"X.Clostridium..cocleatum",-0.00177524052560329
"3000",125,"X.Clostridium..sp..MP626E2_ig1",-0.00169822858879343
"3001",126,"Anaerotruncus.colihominis",0.0179808493703604
"3002",126,"Bacteroides.sp..MP64F12",-0.000520801550010219
"3003",126,"Blautia.coccoides",0.0237552188336849
"3004",126,"Burkholderiales.bacterium",-0.00180547620402649
"3005",126,"Citrobacter.werkmanii",-0.00141273904591799
"3006",126,"Clostridium.clostridioforme.CAG.511",0.00373071373905987
"3007",126,"Clostridium.nexile.CAG.348",-0.00119522883323953
"3008",126,"Clostridium.paraputrificum",0.0293777799233794
"3009",126,"Clostridium.sp..MP113D9",-0.000533659651409835
"3010",126,"Clostridium.sp..MP49A11",-0.0010933437733911
"3011",126,"Clostridium.sp..MP551E06",0.0102838384918869
"3012",126,"Eggerthella.lenta",0.10746081918478
"3013",126,"Eggerthella.sp..MP163B1",-0.00414702389389277
"3014",126,"Lactobacillus.animalis",-0.000765160511946306
"3015",126,"Megasphaera.sp..MP182G6",-0.000981457706075162
"3016",126,"Paenibacillus.macerans",-0.00106407998828217
"3017",126,"Romboutsia.sp..MP35A8",-0.000901227380381897
"3018",126,"Sellimonas.intestinalis",-0.000801394635345787
"3019",126,"Turicibacter.sp..MP236E3",0.0192287191748619
"3020",126,"Veillonella.atypica",0.00283725932240486
"3021",126,"Veillonella.dispar",-0.00239579344633967
"3022",126,"X.Clostridium..citroniae",0.086238831281662
"3023",126,"X.Clostridium..cocleatum",0.00205044262111187
"3024",126,"X.Clostridium..sp..MP626E2_ig1",-0.00167993269860744
"3025",127,"Anaerotruncus.colihominis",-0.0111155053600669
"3026",127,"Bacteroides.sp..MP64F12",-0.000588548427913338
"3027",127,"Blautia.coccoides",0.0209142481908202
"3028",127,"Burkholderiales.bacterium",-0.00361196999438107
"3029",127,"Citrobacter.werkmanii",-0.00268828927073628
"3030",127,"Clostridium.clostridioforme.CAG.511",-0.00093667593318969
"3031",127,"Clostridium.nexile.CAG.348",-0.0040423593018204
"3032",127,"Clostridium.paraputrificum",0.0369629207998514
"3033",127,"Clostridium.sp..MP113D9",-0.000917124678380787
"3034",127,"Clostridium.sp..MP49A11",-0.00235592853277922
"3035",127,"Clostridium.sp..MP551E06",-0.00145669735502452
"3036",127,"Eggerthella.lenta",-0.0965039618313313
"3037",127,"Eggerthella.sp..MP163B1",-0.011848583817482
"3038",127,"Lactobacillus.animalis",-0.000947834691032767
"3039",127,"Megasphaera.sp..MP182G6",-0.00171788287116215
"3040",127,"Paenibacillus.macerans",-0.00277143251150846
"3041",127,"Romboutsia.sp..MP35A8",-0.00188060791697353
"3042",127,"Sellimonas.intestinalis",-0.00271989265456796
"3043",127,"Turicibacter.sp..MP236E3",0.0464593414217234
"3044",127,"Veillonella.atypica",-0.0113772265613079
"3045",127,"Veillonella.dispar",-0.00646929140202701
"3046",127,"X.Clostridium..citroniae",-0.0632933676242828
"3047",127,"X.Clostridium..cocleatum",-0.00313320010900497
"3048",127,"X.Clostridium..sp..MP626E2_ig1",-0.00302911479957402
"3049",128,"Anaerotruncus.colihominis",-0.00384522590320557
"3050",128,"Bacteroides.sp..MP64F12",-0.000832441379316151
"3051",128,"Blautia.coccoides",-0.00318878144025803
"3052",128,"Burkholderiales.bacterium",-0.00305356387980282
"3053",128,"Citrobacter.werkmanii",-0.00182795658474788
"3054",128,"Clostridium.clostridioforme.CAG.511",-0.00078271166421473
"3055",128,"Clostridium.nexile.CAG.348",-0.00189196143765002
"3056",128,"Clostridium.paraputrificum",-0.00945199187844992
"3057",128,"Clostridium.sp..MP113D9",-0.000889137445483357
"3058",128,"Clostridium.sp..MP49A11",-0.00133495923364535
"3059",128,"Clostridium.sp..MP551E06",-0.000683399935951456
"3060",128,"Eggerthella.lenta",0.26439468562603
"3061",128,"Eggerthella.sp..MP163B1",0.042096858844161
"3062",128,"Lactobacillus.animalis",-0.000815784820588306
"3063",128,"Megasphaera.sp..MP182G6",-0.00143481494160369
"3064",128,"Paenibacillus.macerans",-0.00159070827066898
"3065",128,"Romboutsia.sp..MP35A8",-0.00161148695042357
"3066",128,"Sellimonas.intestinalis",-0.00142770569073036
"3067",128,"Turicibacter.sp..MP236E3",-0.00199493544641882
"3068",128,"Veillonella.atypica",-0.00421004043892026
"3069",128,"Veillonella.dispar",-0.00295218080282211
"3070",128,"X.Clostridium..citroniae",-0.0394663736224174
"3071",128,"X.Clostridium..cocleatum",-0.00199169560801238
"3072",128,"X.Clostridium..sp..MP626E2_ig1",-0.00192922790301964
"3073",129,"Anaerotruncus.colihominis",-0.00340829289052635
"3074",129,"Bacteroides.sp..MP64F12",-0.000811953825177625
"3075",129,"Blautia.coccoides",-0.000890475494088605
"3076",129,"Burkholderiales.bacterium",-0.00233970675617456
"3077",129,"Citrobacter.werkmanii",-0.00146462157135829
"3078",129,"Clostridium.clostridioforme.CAG.511",0.00687387329526246
"3079",129,"Clostridium.nexile.CAG.348",0.0191228212788701
"3080",129,"Clostridium.paraputrificum",-0.00707638543099165
"3081",129,"Clostridium.sp..MP113D9",-0.000778364221332595
"3082",129,"Clostridium.sp..MP49A11",-0.00104188657132909
"3083",129,"Clostridium.sp..MP551E06",-0.000385003455448896
"3084",129,"Eggerthella.lenta",0.138262592256069
"3085",129,"Eggerthella.sp..MP163B1",0.022506014443934
"3086",129,"Lactobacillus.animalis",-0.000680913537507877
"3087",129,"Megasphaera.sp..MP182G6",-0.00121839094208553
"3088",129,"Paenibacillus.macerans",-0.00113463791785762
"3089",129,"Romboutsia.sp..MP35A8",-0.00132313015637919
"3090",129,"Sellimonas.intestinalis",-0.00106508942553774
"3091",129,"Turicibacter.sp..MP236E3",-0.00161818589549512
"3092",129,"Veillonella.atypica",0.00475566391833127
"3093",129,"Veillonella.dispar",-0.00279500754550099
"3094",129,"X.Clostridium..citroniae",0.083829753100872
"3095",129,"X.Clostridium..cocleatum",-0.00204225385095924
"3096",129,"X.Clostridium..sp..MP626E2_ig1",-0.00160264607984573
"3097",130,"Anaerotruncus.colihominis",0.0196932358667254
"3098",130,"Bacteroides.sp..MP64F12",-0.0006049275980331
"3099",130,"Blautia.coccoides",-0.0146119953133166
"3100",130,"Burkholderiales.bacterium",-0.00337595341261476
"3101",130,"Citrobacter.werkmanii",-0.00188650412019342
"3102",130,"Clostridium.clostridioforme.CAG.511",-0.000494595471536741
"3103",130,"Clostridium.nexile.CAG.348",-0.00155666441423818
"3104",130,"Clostridium.paraputrificum",-0.00919179804623127
"3105",130,"Clostridium.sp..MP113D9",-0.000822657224489376
"3106",130,"Clostridium.sp..MP49A11",-0.00120949017582461
"3107",130,"Clostridium.sp..MP551E06",-0.000594314158661291
"3108",130,"Eggerthella.lenta",-0.0507619064301252
"3109",130,"Eggerthella.sp..MP163B1",-0.00578500749543309
"3110",130,"Lactobacillus.animalis",-0.000834139034850523
"3111",130,"Megasphaera.sp..MP182G6",-0.00125643273349851
"3112",130,"Paenibacillus.macerans",-0.00158598693087697
"3113",130,"Romboutsia.sp..MP35A8",-0.000981077348114923
"3114",130,"Sellimonas.intestinalis",0.019785332493484
"3115",130,"Turicibacter.sp..MP236E3",-0.00187402876326814
"3116",130,"Veillonella.atypica",0.0058870839420706
"3117",130,"Veillonella.dispar",-0.00247426680289209
"3118",130,"X.Clostridium..citroniae",0.181802771985531
"3119",130,"X.Clostridium..cocleatum",-0.000105870749393944
"3120",130,"X.Clostridium..sp..MP626E2_ig1",0.0213612904772162
"3121",131,"Anaerotruncus.colihominis",0.00762147619388998
"3122",131,"Bacteroides.sp..MP64F12",-0.000590154260862619
"3123",131,"Blautia.coccoides",-0.00120744941523299
"3124",131,"Burkholderiales.bacterium",-0.002437231130898
"3125",131,"Citrobacter.werkmanii",-0.00128807796863839
"3126",131,"Clostridium.clostridioforme.CAG.511",-0.000563426699955016
"3127",131,"Clostridium.nexile.CAG.348",-0.00112332520075142
"3128",131,"Clostridium.paraputrificum",-0.00599644472822547
"3129",131,"Clostridium.sp..MP113D9",-0.000663613056531176
"3130",131,"Clostridium.sp..MP49A11",-0.00114901247434318
"3131",131,"Clostridium.sp..MP551E06",-0.000449520535767078
"3132",131,"Eggerthella.lenta",0.161132305860519
"3133",131,"Eggerthella.sp..MP163B1",0.0265655592083931
"3134",131,"Lactobacillus.animalis",-0.000750003790017217
"3135",131,"Megasphaera.sp..MP182G6",-0.00110666762338951
"3136",131,"Paenibacillus.macerans",-0.00111796270357445
"3137",131,"Romboutsia.sp..MP35A8",-0.000906481029232964
"3138",131,"Sellimonas.intestinalis",0.0113748498260975
"3139",131,"Turicibacter.sp..MP236E3",-0.00132065120851621
"3140",131,"Veillonella.atypica",-0.00412019086070359
"3141",131,"Veillonella.dispar",-0.00269437511451542
"3142",131,"X.Clostridium..citroniae",0.0898882113397121
"3143",131,"X.Clostridium..cocleatum",-0.00155098881805316
"3144",131,"X.Clostridium..sp..MP626E2_ig1",0.0122302547097206
"3145",132,"Anaerotruncus.colihominis",-0.00813570013269782
"3146",132,"Bacteroides.sp..MP64F12",-0.000642968574538827
"3147",132,"Blautia.coccoides",-0.0310500338673592
"3148",132,"Burkholderiales.bacterium",-0.00391168624628335
"3149",132,"Citrobacter.werkmanii",-0.0019678893731907
"3150",132,"Clostridium.clostridioforme.CAG.511",0.00700078858062625
"3151",132,"Clostridium.nexile.CAG.348",-0.00240154715720564
"3152",132,"Clostridium.paraputrificum",-0.016608483158052
"3153",132,"Clostridium.sp..MP113D9",-0.00114386418135837
"3154",132,"Clostridium.sp..MP49A11",-0.00179619010305032
"3155",132,"Clostridium.sp..MP551E06",-0.00079923591692932
"3156",132,"Eggerthella.lenta",-0.0891189984977245
"3157",132,"Eggerthella.sp..MP163B1",-0.0110563957132399
"3158",132,"Lactobacillus.animalis",-0.000975002418272197
"3159",132,"Megasphaera.sp..MP182G6",-0.00186509010381997
"3160",132,"Paenibacillus.macerans",-0.00230942026246339
"3161",132,"Romboutsia.sp..MP35A8",-0.00158551399363205
"3162",132,"Sellimonas.intestinalis",-0.00167619984131306
"3163",132,"Turicibacter.sp..MP236E3",-0.00315306312404573
"3164",132,"Veillonella.atypica",0.00628974009305239
"3165",132,"Veillonella.dispar",-0.00548052066005766
"3166",132,"X.Clostridium..citroniae",0.0972255244851112
"3167",132,"X.Clostridium..cocleatum",-0.00247436168137938
"3168",132,"X.Clostridium..sp..MP626E2_ig1",-0.00210640183649957
"3169",133,"Anaerotruncus.colihominis",-0.00798851111903787
"3170",133,"Bacteroides.sp..MP64F12",-0.000639351113932207
"3171",133,"Blautia.coccoides",-0.0343923345208168
"3172",133,"Burkholderiales.bacterium",-0.00387766712810844
"3173",133,"Citrobacter.werkmanii",-0.00169771380024031
"3174",133,"Clostridium.clostridioforme.CAG.511",0.00537349074147642
"3175",133,"Clostridium.nexile.CAG.348",-0.00229571352247149
"3176",133,"Clostridium.paraputrificum",-0.0148194222711027
"3177",133,"Clostridium.sp..MP113D9",-0.00118331488920376
"3178",133,"Clostridium.sp..MP49A11",-0.00173875427572057
"3179",133,"Clostridium.sp..MP551E06",-0.000645356485620141
"3180",133,"Eggerthella.lenta",-0.0838930420577526
"3181",133,"Eggerthella.sp..MP163B1",-0.00963722076267004
"3182",133,"Lactobacillus.animalis",-0.000843424582853913
"3183",133,"Megasphaera.sp..MP182G6",-0.00196885305922478
"3184",133,"Paenibacillus.macerans",-0.00219483126420528
"3185",133,"Romboutsia.sp..MP35A8",-0.00154909782577306
"3186",133,"Sellimonas.intestinalis",-0.00143749616108835
"3187",133,"Turicibacter.sp..MP236E3",-0.00296441209502518
"3188",133,"Veillonella.atypica",0.00686119846068323
"3189",133,"Veillonella.dispar",-0.00553986267186701
"3190",133,"X.Clostridium..citroniae",0.0820309966802597
"3191",133,"X.Clostridium..cocleatum",-0.00259051809553057
"3192",133,"X.Clostridium..sp..MP626E2_ig1",-0.00195618357975036
"3193",134,"Anaerotruncus.colihominis",-0.00356107193510979
"3194",134,"Bacteroides.sp..MP64F12",-0.00067662590299733
"3195",134,"Blautia.coccoides",-0.00218400824815035
"3196",134,"Burkholderiales.bacterium",-0.00266924139577895
"3197",134,"Citrobacter.werkmanii",-0.0014282334013842
"3198",134,"Clostridium.clostridioforme.CAG.511",0.00638866005465388
"3199",134,"Clostridium.nexile.CAG.348",0.0277062486857176
"3200",134,"Clostridium.paraputrificum",-0.00858223857358098
"3201",134,"Clostridium.sp..MP113D9",-0.000875523168360814
"3202",134,"Clostridium.sp..MP49A11",-0.00117739062989131
"3203",134,"Clostridium.sp..MP551E06",-0.000530187098775059
"3204",134,"Eggerthella.lenta",0.203691259026527
"3205",134,"Eggerthella.sp..MP163B1",0.024341638199985
"3206",134,"Lactobacillus.animalis",-0.000695458409609273
"3207",134,"Megasphaera.sp..MP182G6",-0.00122803676640615
"3208",134,"Paenibacillus.macerans",-0.00132530025439337
"3209",134,"Romboutsia.sp..MP35A8",-0.00118927663424984
"3210",134,"Sellimonas.intestinalis",-0.00112344371154904
"3211",134,"Turicibacter.sp..MP236E3",-0.00172471848782152
"3212",134,"Veillonella.atypica",0.00574423768557608
"3213",134,"Veillonella.dispar",-0.0034193352330476
"3214",134,"X.Clostridium..citroniae",0.00865345494821668
"3215",134,"X.Clostridium..cocleatum",-0.00205395359080285
"3216",134,"X.Clostridium..sp..MP626E2_ig1",-0.00179278437281027
"3217",135,"Anaerotruncus.colihominis",-0.00567241781391203
"3218",135,"Bacteroides.sp..MP64F12",-0.000716134178219363
"3219",135,"Blautia.coccoides",-0.0142696062102914
"3220",135,"Burkholderiales.bacterium",-0.00612481450662017
"3221",135,"Citrobacter.werkmanii",-0.00269917922560126
"3222",135,"Clostridium.clostridioforme.CAG.511",-0.00125598267186433
"3223",135,"Clostridium.nexile.CAG.348",-0.0046010937076062
"3224",135,"Clostridium.paraputrificum",-0.0192844262346625
"3225",135,"Clostridium.sp..MP113D9",-0.00167591375065967
"3226",135,"Clostridium.sp..MP49A11",-0.00241781969089061
"3227",135,"Clostridium.sp..MP551E06",-0.00145246338797733
"3228",135,"Eggerthella.lenta",-0.102082543075085
"3229",135,"Eggerthella.sp..MP163B1",-0.0136043522506952
"3230",135,"Lactobacillus.animalis",-0.000889502378413454
"3231",135,"Megasphaera.sp..MP182G6",-0.00323103240225464
"3232",135,"Paenibacillus.macerans",-0.00346025684848428
"3233",135,"Romboutsia.sp..MP35A8",-0.00241456064395607
"3234",135,"Sellimonas.intestinalis",-0.00268815807066858
"3235",135,"Turicibacter.sp..MP236E3",-0.00526655069552362
"3236",135,"Veillonella.atypica",0.0101187359541655
"3237",135,"Veillonella.dispar",-0.00755350920371711
"3238",135,"X.Clostridium..citroniae",-0.0835786648094654
"3239",135,"X.Clostridium..cocleatum",-0.00394087331369519
"3240",135,"X.Clostridium..sp..MP626E2_ig1",-0.00390388397499919
"3241",136,"Anaerotruncus.colihominis",0.0166752114892006
"3242",136,"Bacteroides.sp..MP64F12",-0.000570462376344949
"3243",136,"Blautia.coccoides",-0.00153081491589546
"3244",136,"Burkholderiales.bacterium",-0.0028621848905459
"3245",136,"Citrobacter.werkmanii",-0.00155567098408937
"3246",136,"Clostridium.clostridioforme.CAG.511",-0.00070141936885193
"3247",136,"Clostridium.nexile.CAG.348",-0.00116139504825696
"3248",136,"Clostridium.paraputrificum",-0.00726325763389468
"3249",136,"Clostridium.sp..MP113D9",-0.000773130392190069
"3250",136,"Clostridium.sp..MP49A11",-0.00106097961543128
"3251",136,"Clostridium.sp..MP551E06",-0.00044828538375441
"3252",136,"Eggerthella.lenta",0.151477098464966
"3253",136,"Eggerthella.sp..MP163B1",0.0207373080775142
"3254",136,"Lactobacillus.animalis",-0.000744169432437047
"3255",136,"Megasphaera.sp..MP182G6",-0.00140268728137016
"3256",136,"Paenibacillus.macerans",-0.00114414549898356
"3257",136,"Romboutsia.sp..MP35A8",-0.00124286243226379
"3258",136,"Sellimonas.intestinalis",0.0103816934861243
"3259",136,"Turicibacter.sp..MP236E3",-0.00152864382835105
"3260",136,"Veillonella.atypica",-0.00496632698923349
"3261",136,"Veillonella.dispar",-0.00318201549816877
"3262",136,"X.Clostridium..citroniae",0.0996979475021362
"3263",136,"X.Clostridium..cocleatum",-0.00209738442208618
"3264",136,"X.Clostridium..sp..MP626E2_ig1",-0.00181153940502554
"3265",137,"Anaerotruncus.colihominis",0.0138106760568917
"3266",137,"Bacteroides.sp..MP64F12",-0.00060110937920399
"3267",137,"Blautia.coccoides",-0.00216464744880795
"3268",137,"Burkholderiales.bacterium",-0.00275811983738095
"3269",137,"Citrobacter.werkmanii",-0.00160876999143511
"3270",137,"Clostridium.clostridioforme.CAG.511",-0.000569007999729365
"3271",137,"Clostridium.nexile.CAG.348",-0.00115635903785005
"3272",137,"Clostridium.paraputrificum",-0.00758655439130962
"3273",137,"Clostridium.sp..MP113D9",-0.000775675463955849
"3274",137,"Clostridium.sp..MP49A11",-0.00109054084168747
"3275",137,"Clostridium.sp..MP551E06",-0.000442067510448396
"3276",137,"Eggerthella.lenta",0.15789857506752
"3277",137,"Eggerthella.sp..MP163B1",0.0230987779796124
"3278",137,"Lactobacillus.animalis",-0.000754149892600253
"3279",137,"Megasphaera.sp..MP182G6",-0.00153749616583809
"3280",137,"Paenibacillus.macerans",-0.00112507096491754
"3281",137,"Romboutsia.sp..MP35A8",-0.00116174860158935
"3282",137,"Sellimonas.intestinalis",0.0112143643200397
"3283",137,"Turicibacter.sp..MP236E3",-0.00147592485882342
"3284",137,"Veillonella.atypica",-0.00489555043168366
"3285",137,"Veillonella.dispar",-0.00314084207639098
"3286",137,"X.Clostridium..citroniae",0.108445156365633
"3287",137,"X.Clostridium..cocleatum",-0.00217512645758688
"3288",137,"X.Clostridium..sp..MP626E2_ig1",-0.00180571031523868
"3289",138,"Anaerotruncus.colihominis",-0.00272464647423476
"3290",138,"Bacteroides.sp..MP64F12",9.7232772532152e-05
"3291",138,"Blautia.coccoides",-0.0169899510219693
"3292",138,"Burkholderiales.bacterium",-0.00379333691671491
"3293",138,"Citrobacter.werkmanii",0.00386702362447977
"3294",138,"Clostridium.clostridioforme.CAG.511",0.000454627239378169
"3295",138,"Clostridium.nexile.CAG.348",-0.0032214600360021
"3296",138,"Clostridium.paraputrificum",-0.0208696611225605
"3297",138,"Clostridium.sp..MP113D9",0.00165399693651125
"3298",138,"Clostridium.sp..MP49A11",-0.00102188705932349
"3299",138,"Clostridium.sp..MP551E06",-0.00119388895109296
"3300",138,"Eggerthella.lenta",-0.0698503591120243
"3301",138,"Eggerthella.sp..MP163B1",-3.34005781041924e-05
"3302",138,"Lactobacillus.animalis",0.00119761109817773
"3303",138,"Megasphaera.sp..MP182G6",0.00357550545595586
"3304",138,"Paenibacillus.macerans",-0.0041702026501298
"3305",138,"Romboutsia.sp..MP35A8",6.89610424160492e-05
"3306",138,"Sellimonas.intestinalis",-0.00149542203871533
"3307",138,"Turicibacter.sp..MP236E3",-0.00402007694356143
"3308",138,"Veillonella.atypica",0.0051336120814085
"3309",138,"Veillonella.dispar",-0.00576277682557702
"3310",138,"X.Clostridium..citroniae",-0.0713507458567619
"3311",138,"X.Clostridium..cocleatum",-0.00299178715795279
"3312",138,"X.Clostridium..sp..MP626E2_ig1",-0.000678429292747751
"3313",139,"Anaerotruncus.colihominis",0.0101983170025051
"3314",139,"Bacteroides.sp..MP64F12",-0.000569052092032507
"3315",139,"Blautia.coccoides",0.00825703563168645
"3316",139,"Burkholderiales.bacterium",-0.00220132945105433
"3317",139,"Citrobacter.werkmanii",-0.00166682607959956
"3318",139,"Clostridium.clostridioforme.CAG.511",-0.000859313062392175
"3319",139,"Clostridium.nexile.CAG.348",0.0166705725714564
"3320",139,"Clostridium.paraputrificum",-0.00631403573788702
"3321",139,"Clostridium.sp..MP113D9",-0.000568199786357582
"3322",139,"Clostridium.sp..MP49A11",-0.00103176973061636
"3323",139,"Clostridium.sp..MP551E06",-0.000382429760065861
"3324",139,"Eggerthella.lenta",0.131350733339787
"3325",139,"Eggerthella.sp..MP163B1",0.0197867499664426
"3326",139,"Lactobacillus.animalis",-0.000752813735743985
"3327",139,"Megasphaera.sp..MP182G6",-0.000934652867726982
"3328",139,"Paenibacillus.macerans",-0.00106776464963332
"3329",139,"Romboutsia.sp..MP35A8",-0.000883004657225683
"3330",139,"Sellimonas.intestinalis",-0.000905306980712339
"3331",139,"Turicibacter.sp..MP236E3",-0.00131472916109487
"3332",139,"Veillonella.atypica",0.00277429993730038
"3333",139,"Veillonella.dispar",-0.00235601339954883
"3334",139,"X.Clostridium..citroniae",0.0823169052600861
"3335",139,"X.Clostridium..cocleatum",-0.00151999195804819
"3336",139,"X.Clostridium..sp..MP626E2_ig1",0.00989273656159639
"3337",140,"Anaerotruncus.colihominis",-0.00756158772855997
"3338",140,"Bacteroides.sp..MP64F12",-0.000853066361742094
"3339",140,"Blautia.coccoides",-0.0160641614347696
"3340",140,"Burkholderiales.bacterium",-0.00575797748751938
"3341",140,"Citrobacter.werkmanii",-0.00445164483971894
"3342",140,"Clostridium.clostridioforme.CAG.511",-0.00167188956402242
"3343",140,"Clostridium.nexile.CAG.348",-0.00423571257852018
"3344",140,"Clostridium.paraputrificum",-0.0273182606324553
"3345",140,"Clostridium.sp..MP113D9",-0.00077011133544147
"3346",140,"Clostridium.sp..MP49A11",-0.00303547154180706
"3347",140,"Clostridium.sp..MP551E06",-0.00152642326429486
"3348",140,"Eggerthella.lenta",-0.0986095443367958
"3349",140,"Eggerthella.sp..MP163B1",-0.012848052661866
"3350",140,"Lactobacillus.animalis",-0.00150923908222467
"3351",140,"Megasphaera.sp..MP182G6",-0.00256967940367758
"3352",140,"Paenibacillus.macerans",-0.00337332487106323
"3353",140,"Romboutsia.sp..MP35A8",-0.00211214809678495
"3354",140,"Sellimonas.intestinalis",-0.00266112410463393
"3355",140,"Turicibacter.sp..MP236E3",-0.00500583834946156
"3356",140,"Veillonella.atypica",0.00641758483834565
"3357",140,"Veillonella.dispar",-0.00659359991550446
"3358",140,"X.Clostridium..citroniae",-0.0951487421989441
"3359",140,"X.Clostridium..cocleatum",-0.00175287871388718
"3360",140,"X.Clostridium..sp..MP626E2_ig1",-0.00331780861597508
"3361",141,"Anaerotruncus.colihominis",-0.00435040588490665
"3362",141,"Bacteroides.sp..MP64F12",-0.000526139629073441
"3363",141,"Blautia.coccoides",0.0379869714379311
"3364",141,"Burkholderiales.bacterium",-0.00225702545139939
"3365",141,"Citrobacter.werkmanii",-0.00172185950214043
"3366",141,"Clostridium.clostridioforme.CAG.511",-0.000369928908185102
"3367",141,"Clostridium.nexile.CAG.348",-0.0016750130453147
"3368",141,"Clostridium.paraputrificum",0.0365641973912716
"3369",141,"Clostridium.sp..MP113D9",-0.000760419556172565
"3370",141,"Clostridium.sp..MP49A11",-0.00109652709215879
"3371",141,"Clostridium.sp..MP551E06",-0.000665794388623908
"3372",141,"Eggerthella.lenta",-0.0331348441541195
"3373",141,"Eggerthella.sp..MP163B1",-0.004453957779333
"3374",141,"Lactobacillus.animalis",-0.0007001512858551
"3375",141,"Megasphaera.sp..MP182G6",-0.00140834180638194
"3376",141,"Paenibacillus.macerans",-0.00116700027137995
"3377",141,"Romboutsia.sp..MP35A8",-0.00157182052498683
"3378",141,"Sellimonas.intestinalis",-0.00136198423570022
"3379",141,"Turicibacter.sp..MP236E3",0.0389547795057297
"3380",141,"Veillonella.atypica",0.00538758304901421
"3381",141,"Veillonella.dispar",-0.003498864476569
"3382",141,"X.Clostridium..citroniae",0.158795736730099
"3383",141,"X.Clostridium..cocleatum",0.0198062313720584
"3384",141,"X.Clostridium..sp..MP626E2_ig1",-0.00235756137408316
"3385",142,"Anaerotruncus.colihominis",-0.00250079785473645
"3386",142,"Bacteroides.sp..MP64F12",-0.000326928566209972
"3387",142,"Blautia.coccoides",-0.0160285849124193
"3388",142,"Burkholderiales.bacterium",-0.00472686160355806
"3389",142,"Citrobacter.werkmanii",0.00163843721384183
"3390",142,"Clostridium.clostridioforme.CAG.511",-9.18960031413008e-05
"3391",142,"Clostridium.nexile.CAG.348",-0.00319635320920497
"3392",142,"Clostridium.paraputrificum",-0.0252645909786224
"3393",142,"Clostridium.sp..MP113D9",0.000575483019929379
"3394",142,"Clostridium.sp..MP49A11",-0.00122588989324868
"3395",142,"Clostridium.sp..MP551E06",-0.00123729690676555
"3396",142,"Eggerthella.lenta",-0.0825702548027039
"3397",142,"Eggerthella.sp..MP163B1",-0.00506858248263597
"3398",142,"Lactobacillus.animalis",-0.000467150079202838
"3399",142,"Megasphaera.sp..MP182G6",0.00180430139880627
"3400",142,"Paenibacillus.macerans",-0.00422295369207859
"3401",142,"Romboutsia.sp..MP35A8",-0.000125238348118728
"3402",142,"Sellimonas.intestinalis",-0.00136474339524284
"3403",142,"Turicibacter.sp..MP236E3",-0.00424656481482089
"3404",142,"Veillonella.atypica",0.00622523855417967
"3405",142,"Veillonella.dispar",-0.00286680553108454
"3406",142,"X.Clostridium..citroniae",-0.0562702007591724
"3407",142,"X.Clostridium..cocleatum",-0.00294839648995548
"3408",142,"X.Clostridium..sp..MP626E2_ig1",-0.000447641941718757
"3409",143,"Anaerotruncus.colihominis",-0.00951485894620419
"3410",143,"Bacteroides.sp..MP64F12",-0.000693818758009002
"3411",143,"Blautia.coccoides",-0.0127811939455569
"3412",143,"Burkholderiales.bacterium",-0.00525553175248206
"3413",143,"Citrobacter.werkmanii",-0.00250675110146403
"3414",143,"Clostridium.clostridioforme.CAG.511",-0.00123793573584408
"3415",143,"Clostridium.nexile.CAG.348",-0.00420951168052852
"3416",143,"Clostridium.paraputrificum",-0.026010675355792
"3417",143,"Clostridium.sp..MP113D9",-0.00129617704078555
"3418",143,"Clostridium.sp..MP49A11",-0.00217838177923113
"3419",143,"Clostridium.sp..MP551E06",-0.00100166111951694
"3420",143,"Eggerthella.lenta",-0.0982227399945259
"3421",143,"Eggerthella.sp..MP163B1",-0.0133946849964559
"3422",143,"Lactobacillus.animalis",-0.000990666827419773
"3423",143,"Megasphaera.sp..MP182G6",-0.00311371998395771
"3424",143,"Paenibacillus.macerans",-0.00257435126695782
"3425",143,"Romboutsia.sp..MP35A8",-0.00242479343432933
"3426",143,"Sellimonas.intestinalis",-0.00267001672182232
"3427",143,"Turicibacter.sp..MP236E3",-0.00456554070115089
"3428",143,"Veillonella.atypica",-0.0180663531646132
"3429",143,"Veillonella.dispar",-0.0073312153108418
"3430",143,"X.Clostridium..citroniae",-0.0883290953934193
"3431",143,"X.Clostridium..cocleatum",-0.0031712562777102
"3432",143,"X.Clostridium..sp..MP626E2_ig1",-0.00347957899793983
"3433",144,"Anaerotruncus.colihominis",-0.00323975807987154
"3434",144,"Bacteroides.sp..MP64F12",-0.000328903872286901
"3435",144,"Blautia.coccoides",-0.0155356326140463
"3436",144,"Burkholderiales.bacterium",-0.00479162717238069
"3437",144,"Citrobacter.werkmanii",0.00178056361619383
"3438",144,"Clostridium.clostridioforme.CAG.511",-0.000136667251354083
"3439",144,"Clostridium.nexile.CAG.348",-0.00325161824002862
"3440",144,"Clostridium.paraputrificum",-0.0267312014475465
"3441",144,"Clostridium.sp..MP113D9",0.000501203176099807
"3442",144,"Clostridium.sp..MP49A11",-0.00133991113398224
"3443",144,"Clostridium.sp..MP551E06",-0.00137837685178965
"3444",144,"Eggerthella.lenta",-0.0689482353627682
"3445",144,"Eggerthella.sp..MP163B1",-0.00393970112781972
"3446",144,"Lactobacillus.animalis",-0.000840368418721482
"3447",144,"Megasphaera.sp..MP182G6",0.00157963123638183
"3448",144,"Paenibacillus.macerans",-0.00418235803954303
"3449",144,"Romboutsia.sp..MP35A8",0.00517397886142135
"3450",144,"Sellimonas.intestinalis",-0.00161679927259684
"3451",144,"Turicibacter.sp..MP236E3",-0.00409801257774234
"3452",144,"Veillonella.atypica",0.00627799471840262
"3453",144,"Veillonella.dispar",-0.00259749335236847
"3454",144,"X.Clostridium..citroniae",-0.0609190706163645
"3455",144,"X.Clostridium..cocleatum",-0.00367035693489015
"3456",144,"X.Clostridium..sp..MP626E2_ig1",-0.000880058389157057
"3457",145,"Anaerotruncus.colihominis",0.00249840645119548
"3458",145,"Bacteroides.sp..MP64F12",-0.000602090818574652
"3459",145,"Blautia.coccoides",0.0329692028462887
"3460",145,"Burkholderiales.bacterium",-0.0027330118464306
"3461",145,"Citrobacter.werkmanii",-0.00191333319526166
"3462",145,"Clostridium.clostridioforme.CAG.511",-0.000663674756651744
"3463",145,"Clostridium.nexile.CAG.348",-0.00191857514437288
"3464",145,"Clostridium.paraputrificum",-0.0105712409131229
"3465",145,"Clostridium.sp..MP113D9",-0.000787288561696187
"3466",145,"Clostridium.sp..MP49A11",-0.0012460722355172
"3467",145,"Clostridium.sp..MP551E06",-0.000623388943495229
"3468",145,"Eggerthella.lenta",-0.0479618683457375
"3469",145,"Eggerthella.sp..MP163B1",-0.00670973840169609
"3470",145,"Lactobacillus.animalis",-0.000831623416161165
"3471",145,"Megasphaera.sp..MP182G6",-0.00138727307785302
"3472",145,"Paenibacillus.macerans",-0.00135471281828359
"3473",145,"Romboutsia.sp..MP35A8",-0.00124574778601527
"3474",145,"Sellimonas.intestinalis",-0.0014686124632135
"3475",145,"Turicibacter.sp..MP236E3",-0.00174901250284165
"3476",145,"Veillonella.atypica",-0.00763966422528028
"3477",145,"Veillonella.dispar",-0.00345690234098583
"3478",145,"X.Clostridium..citroniae",0.233533203601837
"3479",145,"X.Clostridium..cocleatum",0.00668403226882219
"3480",145,"X.Clostridium..sp..MP626E2_ig1",-0.00216698739677668
"3481",146,"Anaerotruncus.colihominis",-0.00545438937842846
"3482",146,"Bacteroides.sp..MP64F12",-0.000837017665617168
"3483",146,"Blautia.coccoides",-0.0111278733238578
"3484",146,"Burkholderiales.bacterium",-0.00615489296615124
"3485",146,"Citrobacter.werkmanii",-0.00351694435812533
"3486",146,"Clostridium.clostridioforme.CAG.511",-0.00120539887575433
"3487",146,"Clostridium.nexile.CAG.348",-0.00404809089377522
"3488",146,"Clostridium.paraputrificum",-0.024533586576581
"3489",146,"Clostridium.sp..MP113D9",-0.000672755501000211
"3490",146,"Clostridium.sp..MP49A11",-0.00261917186435312
"3491",146,"Clostridium.sp..MP551E06",-0.00161471992032602
"3492",146,"Eggerthella.lenta",-0.0900716185569763
"3493",146,"Eggerthella.sp..MP163B1",-0.00855737319216132
"3494",146,"Lactobacillus.animalis",-0.00141656288178638
"3495",146,"Megasphaera.sp..MP182G6",-0.00292932253796607
"3496",146,"Paenibacillus.macerans",-0.00419540866278112
"3497",146,"Romboutsia.sp..MP35A8",-0.00254006322938949
"3498",146,"Sellimonas.intestinalis",-0.00239860196597874
"3499",146,"Turicibacter.sp..MP236E3",-0.00582778779789805
"3500",146,"Veillonella.atypica",0.00413567409850657
"3501",146,"Veillonella.dispar",-0.00226534088142216
"3502",146,"X.Clostridium..citroniae",-0.0684593580663204
"3503",146,"X.Clostridium..cocleatum",-0.00267246854491532
"3504",146,"X.Clostridium..sp..MP626E2_ig1",-0.00277625466696918
"3505",147,"Anaerotruncus.colihominis",-0.00415716227144003
"3506",147,"Bacteroides.sp..MP64F12",-0.000533708924194798
"3507",147,"Blautia.coccoides",0.0351789612323046
"3508",147,"Burkholderiales.bacterium",-0.00257401820272207
"3509",147,"Citrobacter.werkmanii",-0.00200379267334938
"3510",147,"Clostridium.clostridioforme.CAG.511",-0.000559336898731999
"3511",147,"Clostridium.nexile.CAG.348",-0.00188809528481215
"3512",147,"Clostridium.paraputrificum",-0.00928560178726912
"3513",147,"Clostridium.sp..MP113D9",-0.000832051271572709
"3514",147,"Clostridium.sp..MP49A11",0.00541146192699671
"3515",147,"Clostridium.sp..MP551E06",-0.000574322533793747
"3516",147,"Eggerthella.lenta",-0.0406405348330736
"3517",147,"Eggerthella.sp..MP163B1",-0.00695312255993485
"3518",147,"Lactobacillus.animalis",-0.000680458644637838
"3519",147,"Megasphaera.sp..MP182G6",-0.00171735102776438
"3520",147,"Paenibacillus.macerans",-0.00158666662173346
"3521",147,"Romboutsia.sp..MP35A8",-0.00144303520210087
"3522",147,"Sellimonas.intestinalis",-0.00121865549590439
"3523",147,"Turicibacter.sp..MP236E3",0.0518205910921097
"3524",147,"Veillonella.atypica",0.0148497959598899
"3525",147,"Veillonella.dispar",-0.00469372142106295
"3526",147,"X.Clostridium..citroniae",0.183474995195866
"3527",147,"X.Clostridium..cocleatum",-0.00189130392391235
"3528",147,"X.Clostridium..sp..MP626E2_ig1",-0.0021861424902454
"3529",148,"Anaerotruncus.colihominis",-0.0060733042191714
"3530",148,"Bacteroides.sp..MP64F12",-0.000889542454387993
"3531",148,"Blautia.coccoides",-0.0138240959495306
"3532",148,"Burkholderiales.bacterium",-0.00614035129547119
"3533",148,"Citrobacter.werkmanii",-0.00336710910778493
"3534",148,"Clostridium.clostridioforme.CAG.511",-0.00146918720565736
"3535",148,"Clostridium.nexile.CAG.348",-0.00379793415777385
"3536",148,"Clostridium.paraputrificum",0.00341569003649056
"3537",148,"Clostridium.sp..MP113D9",-0.000627856905339286
"3538",148,"Clostridium.sp..MP49A11",-0.00248025765176862
"3539",148,"Clostridium.sp..MP551E06",-0.00152302416972816
"3540",148,"Eggerthella.lenta",-0.0801630988717079
"3541",148,"Eggerthella.sp..MP163B1",-0.00864792102947831
"3542",148,"Lactobacillus.animalis",-0.00146126293111593
"3543",148,"Megasphaera.sp..MP182G6",-0.00269482808653265
"3544",148,"Paenibacillus.macerans",-0.00401243439409882
"3545",148,"Romboutsia.sp..MP35A8",-0.0024035454262048
"3546",148,"Sellimonas.intestinalis",-0.00232318125199527
"3547",148,"Turicibacter.sp..MP236E3",-0.00498958746902645
"3548",148,"Veillonella.atypica",0.00523911719210446
"3549",148,"Veillonella.dispar",-0.00275591295212507
"3550",148,"X.Clostridium..citroniae",-0.063586849719286
"3551",148,"X.Clostridium..cocleatum",-0.00265000201761723
"3552",148,"X.Clostridium..sp..MP626E2_ig1",-0.00296634319238365
"3553",149,"Anaerotruncus.colihominis",-0.0080135497264564
"3554",149,"Bacteroides.sp..MP64F12",-0.000674464186886325
"3555",149,"Blautia.coccoides",-0.0108157633803785
"3556",149,"Burkholderiales.bacterium",0.00472591305151582
"3557",149,"Citrobacter.werkmanii",-0.0031200919765979
"3558",149,"Clostridium.clostridioforme.CAG.511",-0.0012405421002768
"3559",149,"Clostridium.nexile.CAG.348",-0.00454087182879448
"3560",149,"Clostridium.paraputrificum",-0.0248451130464673
"3561",149,"Clostridium.sp..MP113D9",-0.00124597328249365
"3562",149,"Clostridium.sp..MP49A11",-0.00216556037776172
"3563",149,"Clostridium.sp..MP551E06",-0.0013949386193417
"3564",149,"Eggerthella.lenta",-0.0967695564031601
"3565",149,"Eggerthella.sp..MP163B1",-0.0143628278747201
"3566",149,"Lactobacillus.animalis",-0.000866892369231209
"3567",149,"Megasphaera.sp..MP182G6",-0.00244880130048841
"3568",149,"Paenibacillus.macerans",-0.00278928084298968
"3569",149,"Romboutsia.sp..MP35A8",-0.00203523749951273
"3570",149,"Sellimonas.intestinalis",-0.00263083062600344
"3571",149,"Turicibacter.sp..MP236E3",-0.00465699005872011
"3572",149,"Veillonella.atypica",-0.0114697096869349
"3573",149,"Veillonella.dispar",-0.00758966873399913
"3574",149,"X.Clostridium..citroniae",-0.0854788571596146
"3575",149,"X.Clostridium..cocleatum",-0.00333969038911164
"3576",149,"X.Clostridium..sp..MP626E2_ig1",-0.00430267071351409
"3577",150,"Anaerotruncus.colihominis",-0.00606879312545061
"3578",150,"Bacteroides.sp..MP64F12",-0.000579847051994875
"3579",150,"Blautia.coccoides",-0.00944976834580302
"3580",150,"Burkholderiales.bacterium",-0.00408582901582122
"3581",150,"Citrobacter.werkmanii",-0.00314617995172739
"3582",150,"Clostridium.clostridioforme.CAG.511",-0.000740269373636693
"3583",150,"Clostridium.nexile.CAG.348",-0.00369167281314731
"3584",150,"Clostridium.paraputrificum",0.142580606043339
"3585",150,"Clostridium.sp..MP113D9",-0.0013621220132336
"3586",150,"Clostridium.sp..MP49A11",-0.00218167656566948
"3587",150,"Clostridium.sp..MP551E06",-0.00130995240760967
"3588",150,"Eggerthella.lenta",-0.0689392574131489
"3589",150,"Eggerthella.sp..MP163B1",-0.0093629527837038
"3590",150,"Lactobacillus.animalis",-0.00155647017527372
"3591",150,"Megasphaera.sp..MP182G6",-0.00263806688599288
"3592",150,"Paenibacillus.macerans",-0.00251291610766202
"3593",150,"Romboutsia.sp..MP35A8",-0.00227012578397989
"3594",150,"Sellimonas.intestinalis",-0.00203952577430755
"3595",150,"Turicibacter.sp..MP236E3",-0.00323243555612862
"3596",150,"Veillonella.atypica",0.0171367498114705
"3597",150,"Veillonella.dispar",0.0592707209289074
"3598",150,"X.Clostridium..citroniae",-0.050948416814208
"3599",150,"X.Clostridium..cocleatum",0.0284854769706726
"3600",150,"X.Clostridium..sp..MP626E2_ig1",-0.00266933662351221
"3601",151,"Anaerotruncus.colihominis",-0.0037602816009894
"3602",151,"Bacteroides.sp..MP64F12",-0.000530967547092587
"3603",151,"Blautia.coccoides",-0.00782788498327136
"3604",151,"Burkholderiales.bacterium",-0.00403527112212032
"3605",151,"Citrobacter.werkmanii",-0.00354838615749031
"3606",151,"Clostridium.clostridioforme.CAG.511",-0.000760458235163242
"3607",151,"Clostridium.nexile.CAG.348",-0.00309295952320099
"3608",151,"Clostridium.paraputrificum",-0.014748870395124
"3609",151,"Clostridium.sp..MP113D9",-0.00117141776718199
"3610",151,"Clostridium.sp..MP49A11",-0.0019068947294727
"3611",151,"Clostridium.sp..MP551E06",-0.00105466123204678
"3612",151,"Eggerthella.lenta",-0.0625759419053793
"3613",151,"Eggerthella.sp..MP163B1",-0.00802904367446899
"3614",151,"Lactobacillus.animalis",-0.00168163212947547
"3615",151,"Megasphaera.sp..MP182G6",-0.00219767191447318
"3616",151,"Paenibacillus.macerans",0.0870233662426472
"3617",151,"Romboutsia.sp..MP35A8",-0.00166152138262987
"3618",151,"Sellimonas.intestinalis",-0.00182269047945738
"3619",151,"Turicibacter.sp..MP236E3",-0.00371046201325953
"3620",151,"Veillonella.atypica",0.0133969648741186
"3621",151,"Veillonella.dispar",0.0615377016365528
"3622",151,"X.Clostridium..citroniae",-0.0459543168544769
"3623",151,"X.Clostridium..cocleatum",-0.00171529431827366
"3624",151,"X.Clostridium..sp..MP626E2_ig1",-0.00185608043102548
"3625",152,"Anaerotruncus.colihominis",-0.00645336206071079
"3626",152,"Bacteroides.sp..MP64F12",-0.000809321878477931
"3627",152,"Blautia.coccoides",-0.0127269397489727
"3628",152,"Burkholderiales.bacterium",-0.0047684081364423
"3629",152,"Citrobacter.werkmanii",-0.00259990338236094
"3630",152,"Clostridium.clostridioforme.CAG.511",-0.000977452727966011
"3631",152,"Clostridium.nexile.CAG.348",-0.00373902847059071
"3632",152,"Clostridium.paraputrificum",-0.0247423173859715
"3633",152,"Clostridium.sp..MP113D9",-0.000279236774076708
"3634",152,"Clostridium.sp..MP49A11",-0.00193036958808079
"3635",152,"Clostridium.sp..MP551E06",-0.00138709356542677
"3636",152,"Eggerthella.lenta",-0.0946080908179283
"3637",152,"Eggerthella.sp..MP163B1",-0.0100928344763815
"3638",152,"Lactobacillus.animalis",-0.00127495155902579
"3639",152,"Megasphaera.sp..MP182G6",-0.00178217119537294
"3640",152,"Paenibacillus.macerans",-0.00402511050924659
"3641",152,"Romboutsia.sp..MP35A8",-0.0015789499739185
"3642",152,"Sellimonas.intestinalis",-0.00205410574562848
"3643",152,"Turicibacter.sp..MP236E3",-0.00488631869666278
"3644",152,"Veillonella.atypica",0.0010472487192601
"3645",152,"Veillonella.dispar",-0.00415882561355829
"3646",152,"X.Clostridium..citroniae",-0.0832054167985916
"3647",152,"X.Clostridium..cocleatum",-0.00241059612017125
"3648",152,"X.Clostridium..sp..MP626E2_ig1",-0.00173661235021427
"3649",153,"Anaerotruncus.colihominis",0.0193983027711511
"3650",153,"Bacteroides.sp..MP64F12",-0.00057915793149732
"3651",153,"Blautia.coccoides",-0.0067595043219626
"3652",153,"Burkholderiales.bacterium",-0.00345968140754849
"3653",153,"Citrobacter.werkmanii",-0.00216855783946812
"3654",153,"Clostridium.clostridioforme.CAG.511",-0.000736409972887486
"3655",153,"Clostridium.nexile.CAG.348",-0.00191429047845304
"3656",153,"Clostridium.paraputrificum",-0.0103725618682802
"3657",153,"Clostridium.sp..MP113D9",-0.000944966188399121
"3658",153,"Clostridium.sp..MP49A11",-0.00137166795320809
"3659",153,"Clostridium.sp..MP551E06",-0.000736025715013966
"3660",153,"Eggerthella.lenta",0.288554444909096
"3661",153,"Eggerthella.sp..MP163B1",-0.00826577935367823
"3662",153,"Lactobacillus.animalis",-0.000785191106842831
"3663",153,"Megasphaera.sp..MP182G6",-0.00179584871511906
"3664",153,"Paenibacillus.macerans",-0.00150963146006688
"3665",153,"Romboutsia.sp..MP35A8",-0.00139181286795065
"3666",153,"Sellimonas.intestinalis",-0.00135345192393288
"3667",153,"Turicibacter.sp..MP236E3",-0.00226980552542955
"3668",153,"Veillonella.atypica",-0.00574826309457421
"3669",153,"Veillonella.dispar",-0.00361725070979446
"3670",153,"X.Clostridium..citroniae",-0.0416914392262697
"3671",153,"X.Clostridium..cocleatum",-0.0021715626353398
"3672",153,"X.Clostridium..sp..MP626E2_ig1",-0.0024668041151017
"3673",154,"Anaerotruncus.colihominis",-0.00423532910645008
"3674",154,"Bacteroides.sp..MP64F12",-0.000578150997171178
"3675",154,"Blautia.coccoides",0.0247184541076422
"3676",154,"Burkholderiales.bacterium",-0.00348675309214741
"3677",154,"Citrobacter.werkmanii",-0.00190661329543218
"3678",154,"Clostridium.clostridioforme.CAG.511",-0.00083704519784078
"3679",154,"Clostridium.nexile.CAG.348",-0.00277068465948105
"3680",154,"Clostridium.paraputrificum",-0.00986453332006931
"3681",154,"Clostridium.sp..MP113D9",-0.000883557018823922
"3682",154,"Clostridium.sp..MP49A11",-0.00149201526073739
"3683",154,"Clostridium.sp..MP551E06",-0.000818867061752826
"3684",154,"Eggerthella.lenta",-0.0517298802733421
"3685",154,"Eggerthella.sp..MP163B1",-0.0083048352971673
"3686",154,"Lactobacillus.animalis",-0.00075555854709819
"3687",154,"Megasphaera.sp..MP182G6",-0.00136095628840849
"3688",154,"Paenibacillus.macerans",-0.00174160295864567
"3689",154,"Romboutsia.sp..MP35A8",-0.00154601578833535
"3690",154,"Sellimonas.intestinalis",-0.00206410058308393
"3691",154,"Turicibacter.sp..MP236E3",-0.00239509716629982
"3692",154,"Veillonella.atypica",0.0129263116978109
"3693",154,"Veillonella.dispar",-0.0045094252564013
"3694",154,"X.Clostridium..citroniae",-0.0410167723894119
"3695",154,"X.Clostridium..cocleatum",0.0204034140333533
"3696",154,"X.Clostridium..sp..MP626E2_ig1",-0.00302049063611776
"3697",155,"Anaerotruncus.colihominis",0.0197436129674315
"3698",155,"Bacteroides.sp..MP64F12",-0.000587835413170978
"3699",155,"Blautia.coccoides",-0.00407597445882857
"3700",155,"Burkholderiales.bacterium",-0.00361461087595671
"3701",155,"Citrobacter.werkmanii",-0.0018821251578629
"3702",155,"Clostridium.clostridioforme.CAG.511",-0.000850305281346664
"3703",155,"Clostridium.nexile.CAG.348",-0.00185183394933119
"3704",155,"Clostridium.paraputrificum",-0.0105464621447027
"3705",155,"Clostridium.sp..MP113D9",-0.000967189378570765
"3706",155,"Clostridium.sp..MP49A11",-0.00134312961017713
"3707",155,"Clostridium.sp..MP551E06",-0.00068228060263209
"3708",155,"Eggerthella.lenta",0.26769907772541
"3709",155,"Eggerthella.sp..MP163B1",-0.00831202929839492
"3710",155,"Lactobacillus.animalis",-0.000785021373303607
"3711",155,"Megasphaera.sp..MP182G6",-0.00163289514603093
"3712",155,"Paenibacillus.macerans",-0.00142501946538687
"3713",155,"Romboutsia.sp..MP35A8",-0.00140494754305109
"3714",155,"Sellimonas.intestinalis",-0.00141854287358001
"3715",155,"Turicibacter.sp..MP236E3",-0.0020428792340681
"3716",155,"Veillonella.atypica",-0.00553832575678825
"3717",155,"Veillonella.dispar",-0.00377218215726316
"3718",155,"X.Clostridium..citroniae",-0.0410802196711302
"3719",155,"X.Clostridium..cocleatum",-0.00207517459057271
"3720",155,"X.Clostridium..sp..MP626E2_ig1",0.0212981961667538
"3721",156,"Anaerotruncus.colihominis",-0.00552687235176563
"3722",156,"Bacteroides.sp..MP64F12",-0.000787156517617404
"3723",156,"Blautia.coccoides",-0.0310079930350184
"3724",156,"Burkholderiales.bacterium",-0.00398285780102015
"3725",156,"Citrobacter.werkmanii",-0.00335532298777252
"3726",156,"Clostridium.clostridioforme.CAG.511",-0.00134934124071151
"3727",156,"Clostridium.nexile.CAG.348",-0.00189637241419405
"3728",156,"Clostridium.paraputrificum",-0.0169245721772313
"3729",156,"Clostridium.sp..MP113D9",-0.000645802530925721
"3730",156,"Clostridium.sp..MP49A11",-0.00171470263740048
"3731",156,"Clostridium.sp..MP551E06",-0.000813253252999857
"3732",156,"Eggerthella.lenta",-0.0867953039705753
"3733",156,"Eggerthella.sp..MP163B1",-0.00997129268944263
"3734",156,"Lactobacillus.animalis",-0.00123544607777148
"3735",156,"Megasphaera.sp..MP182G6",-0.00209756579715759
"3736",156,"Paenibacillus.macerans",-0.00268840836361051
"3737",156,"Romboutsia.sp..MP35A8",-0.00182787014637142
"3738",156,"Sellimonas.intestinalis",-0.0019422021578066
"3739",156,"Turicibacter.sp..MP236E3",-0.00379057857207954
"3740",156,"Veillonella.atypica",0.00517369038425386
"3741",156,"Veillonella.dispar",-0.00264906079974025
"3742",156,"X.Clostridium..citroniae",0.109945680946112
"3743",156,"X.Clostridium..cocleatum",-0.00302063173148781
"3744",156,"X.Clostridium..sp..MP626E2_ig1",-0.00166858534794301
"3745",157,"Anaerotruncus.colihominis",-0.00398004753515124
"3746",157,"Bacteroides.sp..MP64F12",-0.000795400206698105
"3747",157,"Blautia.coccoides",-0.00663781934417784
"3748",157,"Burkholderiales.bacterium",0.00306495651602745
"3749",157,"Citrobacter.werkmanii",-0.00153782404959202
"3750",157,"Clostridium.clostridioforme.CAG.511",-0.000903429609024897
"3751",157,"Clostridium.nexile.CAG.348",-0.00177149509545416
"3752",157,"Clostridium.paraputrificum",-0.00834037596359849
"3753",157,"Clostridium.sp..MP113D9",-0.000799477595137432
"3754",157,"Clostridium.sp..MP49A11",-0.00119331164751202
"3755",157,"Clostridium.sp..MP551E06",-0.000683520949678496
"3756",157,"Eggerthella.lenta",0.249863259494305
"3757",157,"Eggerthella.sp..MP163B1",0.0382334943860769
"3758",157,"Lactobacillus.animalis",-0.000823900569230318
"3759",157,"Megasphaera.sp..MP182G6",-0.00124078127555549
"3760",157,"Paenibacillus.macerans",-0.00139090180164203
"3761",157,"Romboutsia.sp..MP35A8",-0.00136956502683461
"3762",157,"Sellimonas.intestinalis",0.0161538943648338
"3763",157,"Turicibacter.sp..MP236E3",-0.00188541319221258
"3764",157,"Veillonella.atypica",-0.00475235376507044
"3765",157,"Veillonella.dispar",-0.0031802513403818
"3766",157,"X.Clostridium..citroniae",-0.0357297044247389
"3767",157,"X.Clostridium..cocleatum",-0.00173931551398709
"3768",157,"X.Clostridium..sp..MP626E2_ig1",-0.00215502409264445
"3769",158,"Anaerotruncus.colihominis",0.0125205283984542
"3770",158,"Bacteroides.sp..MP64F12",-0.000556900107767433
"3771",158,"Blautia.coccoides",-0.00344865710940212
"3772",158,"Burkholderiales.bacterium",-0.00369448447600007
"3773",158,"Citrobacter.werkmanii",-0.00222440657671541
"3774",158,"Clostridium.clostridioforme.CAG.511",-0.000810764526249841
"3775",158,"Clostridium.nexile.CAG.348",-0.00202655582688749
"3776",158,"Clostridium.paraputrificum",-0.0102426614612341
"3777",158,"Clostridium.sp..MP113D9",-0.000988928193692118
"3778",158,"Clostridium.sp..MP49A11",-0.00131222838535905
"3779",158,"Clostridium.sp..MP551E06",-0.000731212290702388
"3780",158,"Eggerthella.lenta",0.25112484395504
"3781",158,"Eggerthella.sp..MP163B1",-0.00737933395430446
"3782",158,"Lactobacillus.animalis",-0.000776081142248586
"3783",158,"Megasphaera.sp..MP182G6",-0.00171181280165911
"3784",158,"Paenibacillus.macerans",-0.00138664740370587
"3785",158,"Romboutsia.sp..MP35A8",-0.00146360648795962
"3786",158,"Sellimonas.intestinalis",-0.00133765279315412
"3787",158,"Turicibacter.sp..MP236E3",-0.00200818246230483
"3788",158,"Veillonella.atypica",-0.0058020215947181
"3789",158,"Veillonella.dispar",-0.00397610408253968
"3790",158,"X.Clostridium..citroniae",-0.0402175690978765
"3791",158,"X.Clostridium..cocleatum",-0.00194558000657707
"3792",158,"X.Clostridium..sp..MP626E2_ig1",0.00576225412078202
"3793",159,"Anaerotruncus.colihominis",-0.00412561092525721
"3794",159,"Bacteroides.sp..MP64F12",-0.000531345780473202
"3795",159,"Blautia.coccoides",-0.0122469807974994
"3796",159,"Burkholderiales.bacterium",-0.00478932214900851
"3797",159,"Citrobacter.werkmanii",-0.00146974885137752
"3798",159,"Clostridium.clostridioforme.CAG.511",-0.000507302727783099
"3799",159,"Clostridium.nexile.CAG.348",-0.00331486947834492
"3800",159,"Clostridium.paraputrificum",-0.030561413615942
"3801",159,"Clostridium.sp..MP113D9",-7.03808618709445e-05
"3802",159,"Clostridium.sp..MP49A11",-0.00140431371983141
"3803",159,"Clostridium.sp..MP551E06",-0.00144023745087907
"3804",159,"Eggerthella.lenta",-0.0750959776341915
"3805",159,"Eggerthella.sp..MP163B1",-0.00840899953618646
"3806",159,"Lactobacillus.animalis",-0.00152464275015518
"3807",159,"Megasphaera.sp..MP182G6",-0.000679168064380065
"3808",159,"Paenibacillus.macerans",-0.00407248339615762
"3809",159,"Romboutsia.sp..MP35A8",-0.00141322484705597
"3810",159,"Sellimonas.intestinalis",-0.00198739068582654
"3811",159,"Turicibacter.sp..MP236E3",-0.0048571820370853
"3812",159,"Veillonella.atypica",0.000368507113307714
"3813",159,"Veillonella.dispar",-0.0037776327226311
"3814",159,"X.Clostridium..citroniae",-0.0759852565824986
"3815",159,"X.Clostridium..cocleatum",0.00456857471726835
"3816",159,"X.Clostridium..sp..MP626E2_ig1",-0.00193946104263887
"3817",160,"Anaerotruncus.colihominis",-0.00930314743891358
"3818",160,"Bacteroides.sp..MP64F12",-0.000588512746617198
"3819",160,"Blautia.coccoides",-0.0155057022348046
"3820",160,"Burkholderiales.bacterium",-0.00432396540418267
"3821",160,"Citrobacter.werkmanii",-0.00334949290845543
"3822",160,"Clostridium.clostridioforme.CAG.511",-0.00103161192964762
"3823",160,"Clostridium.nexile.CAG.348",-0.00449803750962019
"3824",160,"Clostridium.paraputrificum",0.062687661498785
"3825",160,"Clostridium.sp..MP113D9",-0.00127589068142697
"3826",160,"Clostridium.sp..MP49A11",-0.00244884903077036
"3827",160,"Clostridium.sp..MP551E06",-0.00154296733671799
"3828",160,"Eggerthella.lenta",-0.0952331610023975
"3829",160,"Eggerthella.sp..MP163B1",-0.0102726449258626
"3830",160,"Lactobacillus.animalis",-0.00079326014383696
"3831",160,"Megasphaera.sp..MP182G6",-0.00191462098155171
"3832",160,"Paenibacillus.macerans",-0.00275371165480465
"3833",160,"Romboutsia.sp..MP35A8",-0.00175306620076299
"3834",160,"Sellimonas.intestinalis",-0.0022953151492402
"3835",160,"Turicibacter.sp..MP236E3",-0.00326755433343351
"3836",160,"Veillonella.atypica",0.00795894069597125
"3837",160,"Veillonella.dispar",-0.00683553074486554
"3838",160,"X.Clostridium..citroniae",-0.0656628869473934
"3839",160,"X.Clostridium..cocleatum",-0.00352383789140731
"3840",160,"X.Clostridium..sp..MP626E2_ig1",-0.00302940444089472
"3841",161,"Anaerotruncus.colihominis",-0.00472220359370112
"3842",161,"Bacteroides.sp..MP64F12",-0.000544635811820626
"3843",161,"Blautia.coccoides",-0.0149887432344258
"3844",161,"Burkholderiales.bacterium",-0.00508255371823907
"3845",161,"Citrobacter.werkmanii",0.000312791351461783
"3846",161,"Clostridium.clostridioforme.CAG.511",-0.000365005093044601
"3847",161,"Clostridium.nexile.CAG.348",-0.00319635320920497
"3848",161,"Clostridium.paraputrificum",-0.0299104088917375
"3849",161,"Clostridium.sp..MP113D9",-0.000116989758680575
"3850",161,"Clostridium.sp..MP49A11",-0.00148355192504823
"3851",161,"Clostridium.sp..MP551E06",-0.00143181468592957
"3852",161,"Eggerthella.lenta",-0.0772408843040466
"3853",161,"Eggerthella.sp..MP163B1",-0.00490778195671737
"3854",161,"Lactobacillus.animalis",-0.0015706205740571
"3855",161,"Megasphaera.sp..MP182G6",0.00105162803083658
"3856",161,"Paenibacillus.macerans",-0.00416970765218139
"3857",161,"Romboutsia.sp..MP35A8",-0.000632644776487723
"3858",161,"Sellimonas.intestinalis",-0.00186481786658987
"3859",161,"Turicibacter.sp..MP236E3",-0.00472594844177365
"3860",161,"Veillonella.atypica",0.000762743700761348
"3861",161,"Veillonella.dispar",-0.00301438034512103
"3862",161,"X.Clostridium..citroniae",-0.0829325243830681
"3863",161,"X.Clostridium..cocleatum",-0.00335989869199693
"3864",161,"X.Clostridium..sp..MP626E2_ig1",-0.00173434452153742
"3865",162,"Anaerotruncus.colihominis",-0.00621448294259608
"3866",162,"Bacteroides.sp..MP64F12",-0.000578942039282992
"3867",162,"Blautia.coccoides",-0.00933430483564734
"3868",162,"Burkholderiales.bacterium",-0.00533408741466701
"3869",162,"Citrobacter.werkmanii",-0.00368450593668967
"3870",162,"Clostridium.clostridioforme.CAG.511",-0.00161652470706031
"3871",162,"Clostridium.nexile.CAG.348",-0.00474011967889965
"3872",162,"Clostridium.paraputrificum",-0.023728764615953
"3873",162,"Clostridium.sp..MP113D9",-0.00168656150344759
"3874",162,"Clostridium.sp..MP49A11",-0.00247519952245057
"3875",162,"Clostridium.sp..MP551E06",-0.00144935486605391
"3876",162,"Eggerthella.lenta",-0.10195055603981
"3877",162,"Eggerthella.sp..MP163B1",-0.0155267831869423
"3878",162,"Lactobacillus.animalis",-0.00260368548333645
"3879",162,"Megasphaera.sp..MP182G6",-0.00272855744697154
"3880",162,"Paenibacillus.macerans",-0.0029522858094424
"3881",162,"Romboutsia.sp..MP35A8",-0.00225218164268881
"3882",162,"Sellimonas.intestinalis",-0.00267683214042336
"3883",162,"Turicibacter.sp..MP236E3",-0.00458916346542537
"3884",162,"Veillonella.atypica",0.00574221229180694
"3885",162,"Veillonella.dispar",0.0235435431823134
"3886",162,"X.Clostridium..citroniae",-0.0907945521175861
"3887",162,"X.Clostridium..cocleatum",-0.00343774922657758
"3888",162,"X.Clostridium..sp..MP626E2_ig1",-0.00331454363185912
"3889",163,"Anaerotruncus.colihominis",-0.00816239695996046
"3890",163,"Bacteroides.sp..MP64F12",-0.000591581832850352
"3891",163,"Blautia.coccoides",-0.0125903561711311
"3892",163,"Burkholderiales.bacterium",-0.00450249807909131
"3893",163,"Citrobacter.werkmanii",-0.00285944086499512
"3894",163,"Clostridium.clostridioforme.CAG.511",-0.00139336392749101
"3895",163,"Clostridium.nexile.CAG.348",-0.00447765155695379
"3896",163,"Clostridium.paraputrificum",-0.0239448994398117
"3897",163,"Clostridium.sp..MP113D9",-0.00120935786981136
"3898",163,"Clostridium.sp..MP49A11",-0.00192098674597219
"3899",163,"Clostridium.sp..MP551E06",-0.00131095130927861
"3900",163,"Eggerthella.lenta",-0.0944775082170963
"3901",163,"Eggerthella.sp..MP163B1",-0.0140903447754681
"3902",163,"Lactobacillus.animalis",-0.000881238782312721
"3903",163,"Megasphaera.sp..MP182G6",-0.00227958103641868
"3904",163,"Paenibacillus.macerans",-0.00276278133969754
"3905",163,"Romboutsia.sp..MP35A8",-0.00195969158085063
"3906",163,"Sellimonas.intestinalis",-0.00269164226483554
"3907",163,"Turicibacter.sp..MP236E3",-0.00416599749587476
"3908",163,"Veillonella.atypica",-0.0165629154071212
"3909",163,"Veillonella.dispar",-0.00679751043207943
"3910",163,"X.Clostridium..citroniae",-0.078479677438736
"3911",163,"X.Clostridium..cocleatum",-0.00256897113285959
"3912",163,"X.Clostridium..sp..MP626E2_ig1",-0.00423923716880381
"3913",164,"Anaerotruncus.colihominis",-0.00626253266818821
"3914",164,"Bacteroides.sp..MP64F12",-0.00082839373499155
"3915",164,"Blautia.coccoides",-0.0112036182545125
"3916",164,"Burkholderiales.bacterium",-0.00596076366491616
"3917",164,"Citrobacter.werkmanii",-0.00354387680999935
"3918",164,"Clostridium.clostridioforme.CAG.511",-0.00116839649854228
"3919",164,"Clostridium.nexile.CAG.348",-0.00406565330922604
"3920",164,"Clostridium.paraputrificum",-0.0251747937873006
"3921",164,"Clostridium.sp..MP113D9",-0.000660367513773963
"3922",164,"Clostridium.sp..MP49A11",-0.00231477129273117
"3923",164,"Clostridium.sp..MP551E06",-0.00152302416972816
"3924",164,"Eggerthella.lenta",-0.0917258150875568
"3925",164,"Eggerthella.sp..MP163B1",-0.00935872131958604
"3926",164,"Lactobacillus.animalis",-0.00132214627228677
"3927",164,"Megasphaera.sp..MP182G6",-0.00268096232321113
"3928",164,"Paenibacillus.macerans",-0.00424923957325518
"3929",164,"Romboutsia.sp..MP35A8",-0.00230855355039239
"3930",164,"Sellimonas.intestinalis",-0.00236976204905659
"3931",164,"Turicibacter.sp..MP236E3",-0.00551923806779087
"3932",164,"Veillonella.atypica",0.00631189905107021
"3933",164,"Veillonella.dispar",-0.00349504547193646
"3934",164,"X.Clostridium..citroniae",-0.0647127851843834
"3935",164,"X.Clostridium..cocleatum",-0.00264206435531378
"3936",164,"X.Clostridium..sp..MP626E2_ig1",-0.00314281310420483
"3937",165,"Anaerotruncus.colihominis",-0.0055212217848748
"3938",165,"Bacteroides.sp..MP64F12",-0.000626413762802258
"3939",165,"Blautia.coccoides",0.055931469425559
"3940",165,"Burkholderiales.bacterium",-0.00379898899700493
"3941",165,"Citrobacter.werkmanii",-0.00220876547973603
"3942",165,"Clostridium.clostridioforme.CAG.511",-0.000733793975086883
"3943",165,"Clostridium.nexile.CAG.348",-0.00198928714962676
"3944",165,"Clostridium.paraputrificum",-0.0159873352386057
"3945",165,"Clostridium.sp..MP113D9",-0.000999003183096647
"3946",165,"Clostridium.sp..MP49A11",-0.00164889637380838
"3947",165,"Clostridium.sp..MP551E06",-0.000771313469158486
"3948",165,"Eggerthella.lenta",-0.0541660916060209
"3949",165,"Eggerthella.sp..MP163B1",-0.00882101943716407
"3950",165,"Lactobacillus.animalis",-0.000790578837040812
"3951",165,"Megasphaera.sp..MP182G6",-0.00197105493862182
"3952",165,"Paenibacillus.macerans",-0.00196871196385473
"3953",165,"Romboutsia.sp..MP35A8",-0.00190306268632412
"3954",165,"Sellimonas.intestinalis",-0.00153331470210105
"3955",165,"Turicibacter.sp..MP236E3",-0.0029751465190202
"3956",165,"Veillonella.atypica",0.0123632275499403
"3957",165,"Veillonella.dispar",-0.00436657737009227
"3958",165,"X.Clostridium..citroniae",0.283345773816109
"3959",165,"X.Clostridium..cocleatum",-0.00299473002087325
"3960",165,"X.Clostridium..sp..MP626E2_ig1",-0.00163086736574769
"3961",166,"Anaerotruncus.colihominis",0.0177776236087084
"3962",166,"Bacteroides.sp..MP64F12",-0.000578567240154371
"3963",166,"Blautia.coccoides",-0.00202259898651391
"3964",166,"Burkholderiales.bacterium",-0.00238943099975586
"3965",166,"Citrobacter.werkmanii",-0.00129638152429834
"3966",166,"Clostridium.clostridioforme.CAG.511",0.00599048193544149
"3967",166,"Clostridium.nexile.CAG.348",-0.00123561546206474
"3968",166,"Clostridium.paraputrificum",-0.0065882399212569
"3969",166,"Clostridium.sp..MP113D9",-0.000819607172161341
"3970",166,"Clostridium.sp..MP49A11",-0.00108782690949738
"3971",166,"Clostridium.sp..MP551E06",-0.000397627212805673
"3972",166,"Eggerthella.lenta",0.139356002211571
"3973",166,"Eggerthella.sp..MP163B1",-0.00451322598382831
"3974",166,"Lactobacillus.animalis",-0.000672285910695791
"3975",166,"Megasphaera.sp..MP182G6",-0.00102961587253958
"3976",166,"Paenibacillus.macerans",-0.00105573871405795
"3977",166,"Romboutsia.sp..MP35A8",-0.000928897876292467
"3978",166,"Sellimonas.intestinalis",0.00979309808462858
"3979",166,"Turicibacter.sp..MP236E3",-0.0012292136088945
"3980",166,"Veillonella.atypica",-0.00461194268427789
"3981",166,"Veillonella.dispar",-0.00257295358460397
"3982",166,"X.Clostridium..citroniae",0.0893931649625301
"3983",166,"X.Clostridium..cocleatum",-0.00189477240201086
"3984",166,"X.Clostridium..sp..MP626E2_ig1",-0.00175521499477327
"3985",167,"Anaerotruncus.colihominis",0.0165063487365842
"3986",167,"Bacteroides.sp..MP64F12",-0.000586796377319843
"3987",167,"Blautia.coccoides",-0.00202902022283524
"3988",167,"Burkholderiales.bacterium",-0.00240162783302367
"3989",167,"Citrobacter.werkmanii",-0.00155417836504057
"3990",167,"Clostridium.clostridioforme.CAG.511",-0.000596754369325936
"3991",167,"Clostridium.nexile.CAG.348",-0.00116023293230683
"3992",167,"Clostridium.paraputrificum",-0.00661700568161905
"3993",167,"Clostridium.sp..MP113D9",-0.000663873652229086
"3994",167,"Clostridium.sp..MP49A11",-0.00109119445551187
"3995",167,"Clostridium.sp..MP551E06",0.00922016613185406
"3996",167,"Eggerthella.lenta",0.143912442028522
"3997",167,"Eggerthella.sp..MP163B1",0.0201470656320453
"3998",167,"Lactobacillus.animalis",-0.000821456575067714
"3999",167,"Megasphaera.sp..MP182G6",-0.00114010873949155
"4000",167,"Paenibacillus.macerans",-0.00130090652965009
"4001",167,"Romboutsia.sp..MP35A8",-0.000883092725416645
"4002",167,"Sellimonas.intestinalis",0.00946664018556476
"4003",167,"Turicibacter.sp..MP236E3",0.026399040594697
"4004",167,"Veillonella.atypica",-0.00627770135179162
"4005",167,"Veillonella.dispar",-0.00276392663363367
"4006",167,"X.Clostridium..citroniae",0.088410172611475
"4007",167,"X.Clostridium..cocleatum",0.00162162323249504
"4008",167,"X.Clostridium..sp..MP626E2_ig1",-0.0016224670689553
"4009",168,"Anaerotruncus.colihominis",-0.00146480649709702
"4010",168,"Bacteroides.sp..MP64F12",-0.000305183843011037
"4011",168,"Blautia.coccoides",0.103539548814297
"4012",168,"Burkholderiales.bacterium",-0.00251550448592752
"4013",168,"Citrobacter.werkmanii",0.00291289272718132
"4014",168,"Clostridium.clostridioforme.CAG.511",0.000308955059153959
"4015",168,"Clostridium.nexile.CAG.348",-0.00229867524467409
"4016",168,"Clostridium.paraputrificum",0.164696842432022
"4017",168,"Clostridium.sp..MP113D9",0.000776136264903471
"4018",168,"Clostridium.sp..MP49A11",-0.00110677967313677
"4019",168,"Clostridium.sp..MP551E06",-0.00113413139479235
"4020",168,"Eggerthella.lenta",-0.0426751468330622
"4021",168,"Eggerthella.sp..MP163B1",0.000654886331176385
"4022",168,"Lactobacillus.animalis",-0.000677287258440629
"4023",168,"Megasphaera.sp..MP182G6",0.00246829690877348
"4024",168,"Paenibacillus.macerans",-0.0031239545205608
"4025",168,"Romboutsia.sp..MP35A8",0.000223581344471313
"4026",168,"Sellimonas.intestinalis",-0.00113715825136751
"4027",168,"Turicibacter.sp..MP236E3",-0.00216607947368175
"4028",168,"Veillonella.atypica",0.00703855114988983
"4029",168,"Veillonella.dispar",-0.00323505082633346
"4030",168,"X.Clostridium..citroniae",-0.0354921575635672
"4031",168,"X.Clostridium..cocleatum",-0.00180382444523275
"4032",168,"X.Clostridium..sp..MP626E2_ig1",0.000238978216657415
"4033",169,"Anaerotruncus.colihominis",-0.00547538325190544
"4034",169,"Bacteroides.sp..MP64F12",-0.000519315479323268
"4035",169,"Blautia.coccoides",-0.00901977112516761
"4036",169,"Burkholderiales.bacterium",-0.00381638261023909
"4037",169,"Citrobacter.werkmanii",-0.00261366704944521
"4038",169,"Clostridium.clostridioforme.CAG.511",-0.000916266697458923
"4039",169,"Clostridium.nexile.CAG.348",-0.00328439159784466
"4040",169,"Clostridium.paraputrificum",-0.011514310259372
"4041",169,"Clostridium.sp..MP113D9",-0.00126062193885446
"4042",169,"Clostridium.sp..MP49A11",-0.00172021402977407
"4043",169,"Clostridium.sp..MP551E06",-0.00125791382743046
"4044",169,"Eggerthella.lenta",-0.0727654285728931
"4045",169,"Eggerthella.sp..MP163B1",-0.00963557045906782
"4046",169,"Lactobacillus.animalis",-0.00107867852784693
"4047",169,"Megasphaera.sp..MP182G6",-0.00206982751842588
"4048",169,"Paenibacillus.macerans",0.0975631959736347
"4049",169,"Romboutsia.sp..MP35A8",-0.00214965268969536
"4050",169,"Sellimonas.intestinalis",-0.00214892893563956
"4051",169,"Turicibacter.sp..MP236E3",0.096011333167553
"4052",169,"Veillonella.atypica",0.0161509849131107
"4053",169,"Veillonella.dispar",0.0518936775624752
"4054",169,"X.Clostridium..citroniae",-0.042257335036993
"4055",169,"X.Clostridium..cocleatum",0.0494914408773184
"4056",169,"X.Clostridium..sp..MP626E2_ig1",-0.00264043547213078
"4057",170,"Anaerotruncus.colihominis",-0.00368747196625918
"4058",170,"Bacteroides.sp..MP64F12",-0.000217134889680892
"4059",170,"Blautia.coccoides",-0.0154214929789305
"4060",170,"Burkholderiales.bacterium",-0.00396828330121934
"4061",170,"Citrobacter.werkmanii",0.00137839117087424
"4062",170,"Clostridium.clostridioforme.CAG.511",0
"4063",170,"Clostridium.nexile.CAG.348",-0.00313144247047603
"4064",170,"Clostridium.paraputrificum",-0.0278115458786488
"4065",170,"Clostridium.sp..MP113D9",0.000526198651641607
"4066",170,"Clostridium.sp..MP49A11",-0.00123104051453993
"4067",170,"Clostridium.sp..MP551E06",-0.00123729690676555
"4068",170,"Eggerthella.lenta",-0.0812147296965122
"4069",170,"Eggerthella.sp..MP163B1",-0.00558340945281088
"4070",170,"Lactobacillus.animalis",-0.00241670513059944
"4071",170,"Megasphaera.sp..MP182G6",0.00248115719296038
"4072",170,"Paenibacillus.macerans",-0.00415862817317247
"4073",170,"Romboutsia.sp..MP35A8",-0.000378972676116973
"4074",170,"Sellimonas.intestinalis",-0.00157979683717713
"4075",170,"Turicibacter.sp..MP236E3",-0.00420317240059376
"4076",170,"Veillonella.atypica",0.00656437734141946
"4077",170,"Veillonella.dispar",0.0202943496406078
"4078",170,"X.Clostridium..citroniae",-0.0790868774056435
"4079",170,"X.Clostridium..cocleatum",-0.00306183565407991
"4080",170,"X.Clostridium..sp..MP626E2_ig1",-0.00059540884103626
"4081",171,"Anaerotruncus.colihominis",-0.00599754904396832
"4082",171,"Bacteroides.sp..MP64F12",-0.000720685144187883
"4083",171,"Blautia.coccoides",-0.0122213447466493
"4084",171,"Burkholderiales.bacterium",-0.00643569813109934
"4085",171,"Citrobacter.werkmanii",-0.00316629023291171
"4086",171,"Clostridium.clostridioforme.CAG.511",-0.00116996403085068
"4087",171,"Clostridium.nexile.CAG.348",-0.00465720263309777
"4088",171,"Clostridium.paraputrificum",-0.0249648774042726
"4089",171,"Clostridium.sp..MP113D9",-0.00159489730140194
"4090",171,"Clostridium.sp..MP49A11",-0.00241033697966486
"4091",171,"Clostridium.sp..MP551E06",-0.00159543607151136
"4092",171,"Eggerthella.lenta",-0.101485375314951
"4093",171,"Eggerthella.sp..MP163B1",-0.0127691738307476
"4094",171,"Lactobacillus.animalis",-0.00126790447393432
"4095",171,"Megasphaera.sp..MP182G6",-0.00316590291913599
"4096",171,"Paenibacillus.macerans",-0.00380429183132946
"4097",171,"Romboutsia.sp..MP35A8",-0.0024207963142544
"4098",171,"Sellimonas.intestinalis",-0.00262860499788076
"4099",171,"Turicibacter.sp..MP236E3",-0.00541629153303802
"4100",171,"Veillonella.atypica",0.00757633522152901
"4101",171,"Veillonella.dispar",-0.00846361741423607
"4102",171,"X.Clostridium..citroniae",-0.0825336650013924
"4103",171,"X.Clostridium..cocleatum",-0.00410555605776608
"4104",171,"X.Clostridium..sp..MP626E2_ig1",-0.0034169361460954
"4105",172,"Anaerotruncus.colihominis",0.0150876729749143
"4106",172,"Bacteroides.sp..MP64F12",-0.000607385736657307
"4107",172,"Blautia.coccoides",-0.00102764426264912
"4108",172,"Burkholderiales.bacterium",-0.00243950833100826
"4109",172,"Citrobacter.werkmanii",-0.00165678968187422
"4110",172,"Clostridium.clostridioforme.CAG.511",-0.00053963201935403
"4111",172,"Clostridium.nexile.CAG.348",-0.00135612877784297
"4112",172,"Clostridium.paraputrificum",-0.00669615692459047
"4113",172,"Clostridium.sp..MP113D9",-0.0007323702739086
"4114",172,"Clostridium.sp..MP49A11",-0.00109960400732234
"4115",172,"Clostridium.sp..MP551E06",0.011050084605813
"4116",172,"Eggerthella.lenta",0.154026247560978
"4117",172,"Eggerthella.sp..MP163B1",-0.00586645677685738
"4118",172,"Lactobacillus.animalis",-0.00071908623795025
"4119",172,"Megasphaera.sp..MP182G6",-0.00121711957035586
"4120",172,"Paenibacillus.macerans",-0.00128596014110371
"4121",172,"Romboutsia.sp..MP35A8",0.0275851534679532
"4122",172,"Sellimonas.intestinalis",-0.000909864058485255
"4123",172,"Turicibacter.sp..MP236E3",0.0233943099156022
"4124",172,"Veillonella.atypica",-0.00580093078315258
"4125",172,"Veillonella.dispar",-0.00306916050612926
"4126",172,"X.Clostridium..citroniae",0.0969712883234024
"4127",172,"X.Clostridium..cocleatum",-0.00224183779209852
"4128",172,"X.Clostridium..sp..MP626E2_ig1",-0.00153252365998924
"4129",173,"Anaerotruncus.colihominis",-0.00310710200574249
"4130",173,"Bacteroides.sp..MP64F12",-0.000546561495866627
"4131",173,"Blautia.coccoides",-0.0127904554829001
"4132",173,"Burkholderiales.bacterium",-0.00219448131974787
"4133",173,"Citrobacter.werkmanii",-0.00148303504101932
"4134",173,"Clostridium.clostridioforme.CAG.511",-0.00054224394261837
"4135",173,"Clostridium.nexile.CAG.348",0.0332056935876608
"4136",173,"Clostridium.paraputrificum",0.0423569343984127
"4137",173,"Clostridium.sp..MP113D9",-0.000783234369009733
"4138",173,"Clostridium.sp..MP49A11",-0.00113442679867148
"4139",173,"Clostridium.sp..MP551E06",-0.000505761156091467
"4140",173,"Eggerthella.lenta",-0.0335509106516838
"4141",173,"Eggerthella.sp..MP163B1",-0.00382334913592786
"4142",173,"Lactobacillus.animalis",-0.000753604050260037
"4143",173,"Megasphaera.sp..MP182G6",-0.00126015243586153
"4144",173,"Paenibacillus.macerans",0.0346114244312048
"4145",173,"Romboutsia.sp..MP35A8",0.00424360507167876
"4146",173,"Sellimonas.intestinalis",-0.00117290619527921
"4147",173,"Turicibacter.sp..MP236E3",0.0222115162760019
"4148",173,"Veillonella.atypica",0.006841488648206
"4149",173,"Veillonella.dispar",-0.00369886413682252
"4150",173,"X.Clostridium..citroniae",0.102732017636299
"4151",173,"X.Clostridium..cocleatum",-0.00201985484454781
"4152",173,"X.Clostridium..sp..MP626E2_ig1",-0.0020149057963863
"4153",174,"Anaerotruncus.colihominis",-0.0053409815300256
"4154",174,"Bacteroides.sp..MP64F12",-0.000579379702685401
"4155",174,"Blautia.coccoides",-0.00804241187870502
"4156",174,"Burkholderiales.bacterium",-0.00292639923281968
"4157",174,"Citrobacter.werkmanii",-0.0026782484492287
"4158",174,"Clostridium.clostridioforme.CAG.511",0.00992796430364251
"4159",174,"Clostridium.nexile.CAG.348",-0.00400694529525936
"4160",174,"Clostridium.paraputrificum",-0.0105706471949816
"4161",174,"Clostridium.sp..MP113D9",-0.000957728014327586
"4162",174,"Clostridium.sp..MP49A11",-0.00144576508319005
"4163",174,"Clostridium.sp..MP551E06",-0.00128685485105962
"4164",174,"Eggerthella.lenta",-0.063460499048233
"4165",174,"Eggerthella.sp..MP163B1",-0.00895170634612441
"4166",174,"Lactobacillus.animalis",-0.000890523166162893
"4167",174,"Megasphaera.sp..MP182G6",-0.00160543556557968
"4168",174,"Paenibacillus.macerans",-0.0025417092256248
"4169",174,"Romboutsia.sp..MP35A8",-0.00180602516047657
"4170",174,"Sellimonas.intestinalis",-0.00223013339564204
"4171",174,"Turicibacter.sp..MP236E3",0.0886792205274105
"4172",174,"Veillonella.atypica",0.0126075991429389
"4173",174,"Veillonella.dispar",-0.00439913128502667
"4174",174,"X.Clostridium..citroniae",-0.0478741880506277
"4175",174,"X.Clostridium..cocleatum",-0.00195164512842894
"4176",174,"X.Clostridium..sp..MP626E2_ig1",-0.00323883630335331
"4177",175,"Anaerotruncus.colihominis",-0.00473520066589117
"4178",175,"Bacteroides.sp..MP64F12",-0.000615809723967686
"4179",175,"Blautia.coccoides",-0.00236465258058161
"4180",175,"Burkholderiales.bacterium",-0.00329153670463711
"4181",175,"Citrobacter.werkmanii",-0.00242879230063409
"4182",175,"Clostridium.clostridioforme.CAG.511",-0.000819146604044363
"4183",175,"Clostridium.nexile.CAG.348",0.0746152363717556
"4184",175,"Clostridium.paraputrificum",-0.0110053052194417
"4185",175,"Clostridium.sp..MP113D9",-0.00105689308838919
"4186",175,"Clostridium.sp..MP49A11",-0.00143735209712759
"4187",175,"Clostridium.sp..MP551E06",-0.000840138061903417
"4188",175,"Eggerthella.lenta",-0.0620505586266518
"4189",175,"Eggerthella.sp..MP163B1",-0.00859916489571333
"4190",175,"Lactobacillus.animalis",-0.000930921058170497
"4191",175,"Megasphaera.sp..MP182G6",-0.00155959196854383
"4192",175,"Paenibacillus.macerans",-0.0015297278878279
"4193",175,"Romboutsia.sp..MP35A8",-0.00135265325661749
"4194",175,"Sellimonas.intestinalis",-0.00189649628009647
"4195",175,"Turicibacter.sp..MP236E3",-0.00271637609694153
"4196",175,"Veillonella.atypica",-0.00720405322499573
"4197",175,"Veillonella.dispar",-0.00452879955992103
"4198",175,"X.Clostridium..citroniae",-0.0488306675106287
"4199",175,"X.Clostridium..cocleatum",-0.00202501635067165
"4200",175,"X.Clostridium..sp..MP626E2_ig1",-0.00331255700439215
"4201",176,"Anaerotruncus.colihominis",-0.00522804772481322
"4202",176,"Bacteroides.sp..MP64F12",-0.000586534530157223
"4203",176,"Blautia.coccoides",-0.00350233248900622
"4204",176,"Burkholderiales.bacterium",-0.00231680588331074
"4205",176,"Citrobacter.werkmanii",-0.0022035778965801
"4206",176,"Clostridium.clostridioforme.CAG.511",-0.000704594334820285
"4207",176,"Clostridium.nexile.CAG.348",0.0607024151831865
"4208",176,"Clostridium.paraputrificum",0.0680995434522629
"4209",176,"Clostridium.sp..MP113D9",-0.00108294328674674
"4210",176,"Clostridium.sp..MP49A11",-0.00135915155988187
"4211",176,"Clostridium.sp..MP551E06",-0.000828914169687778
"4212",176,"Eggerthella.lenta",-0.0456630140542984
"4213",176,"Eggerthella.sp..MP163B1",-0.00537930591963232
"4214",176,"Lactobacillus.animalis",-0.00143842276884243
"4215",176,"Megasphaera.sp..MP182G6",-0.00131894322112203
"4216",176,"Paenibacillus.macerans",-0.00139961438253522
"4217",176,"Romboutsia.sp..MP35A8",0.0122284493409097
"4218",176,"Sellimonas.intestinalis",-0.00175779627170414
"4219",176,"Turicibacter.sp..MP236E3",0.0213439418002963
"4220",176,"Veillonella.atypica",0.0117726568132639
"4221",176,"Veillonella.dispar",0.0292317625135183
"4222",176,"X.Clostridium..citroniae",-0.0412346795201302
"4223",176,"X.Clostridium..cocleatum",-0.00224680558312684
"4224",176,"X.Clostridium..sp..MP626E2_ig1",-0.00244148774072528
"4225",177,"Anaerotruncus.colihominis",-0.00759138888679445
"4226",177,"Bacteroides.sp..MP64F12",-0.000626571971224621
"4227",177,"Blautia.coccoides",-0.0126438494771719
"4228",177,"Burkholderiales.bacterium",-0.00535998679697514
"4229",177,"Citrobacter.werkmanii",-0.00317637249827385
"4230",177,"Clostridium.clostridioforme.CAG.511",-0.00128814019262791
"4231",177,"Clostridium.nexile.CAG.348",-0.00468735978938639
"4232",177,"Clostridium.paraputrificum",-0.0187129657715559
"4233",177,"Clostridium.sp..MP113D9",-0.00114286027383059
"4234",177,"Clostridium.sp..MP49A11",-0.0024492364609614
"4235",177,"Clostridium.sp..MP551E06",-0.00152642326429486
"4236",177,"Eggerthella.lenta",-0.0964945778250694
"4237",177,"Eggerthella.sp..MP163B1",-0.0137982708401978
"4238",177,"Lactobacillus.animalis",-0.000952335394686088
"4239",177,"Megasphaera.sp..MP182G6",-0.00246607570443302
"4240",177,"Paenibacillus.macerans",-0.00280785874929279
"4241",177,"Romboutsia.sp..MP35A8",-0.00199170410633087
"4242",177,"Sellimonas.intestinalis",-0.00271236558910459
"4243",177,"Turicibacter.sp..MP236E3",-0.00489514204673469
"4244",177,"Veillonella.atypica",0.00854057213291526
"4245",177,"Veillonella.dispar",-0.00668811984360218
"4246",177,"X.Clostridium..citroniae",-0.0840789973735809
"4247",177,"X.Clostridium..cocleatum",-0.00349529006052762
"4248",177,"X.Clostridium..sp..MP626E2_ig1",-0.00347513135056943
"4249",178,"Anaerotruncus.colihominis",-0.00898983795195818
"4250",178,"Bacteroides.sp..MP64F12",-0.000667630461975932
"4251",178,"Blautia.coccoides",-0.00569889834150672
"4252",178,"Burkholderiales.bacterium",-0.00438501476310194
"4253",178,"Citrobacter.werkmanii",-0.00285732606425881
"4254",178,"Clostridium.clostridioforme.CAG.511",-0.000909530906938016
"4255",178,"Clostridium.nexile.CAG.348",-0.00451595685444772
"4256",178,"Clostridium.paraputrificum",-0.0174687877297401
"4257",178,"Clostridium.sp..MP113D9",-0.00123230763711035
"4258",178,"Clostridium.sp..MP49A11",-0.00206535076722503
"4259",178,"Clostridium.sp..MP551E06",-0.00141203502425924
"4260",178,"Eggerthella.lenta",-0.108746469020844
"4261",178,"Eggerthella.sp..MP163B1",-0.0128163294866681
"4262",178,"Lactobacillus.animalis",-0.000872667762450874
"4263",178,"Megasphaera.sp..MP182G6",-0.00210718426387757
"4264",178,"Paenibacillus.macerans",-0.00215570058207959
"4265",178,"Romboutsia.sp..MP35A8",-0.00193899968871847
"4266",178,"Sellimonas.intestinalis",-0.00314524525310844
"4267",178,"Turicibacter.sp..MP236E3",-0.00335420283954591
"4268",178,"Veillonella.atypica",-0.0099999476224184
"4269",178,"Veillonella.dispar",-0.00541161256842315
"4270",178,"X.Clostridium..citroniae",-0.0888228118419647
"4271",178,"X.Clostridium..cocleatum",-0.00212368241045624
"4272",178,"X.Clostridium..sp..MP626E2_ig1",-0.00380293698981404
"4273",179,"Anaerotruncus.colihominis",-0.00905474321916699
"4274",179,"Bacteroides.sp..MP64F12",-0.00068180964444764
"4275",179,"Blautia.coccoides",-0.00580729520879686
"4276",179,"Burkholderiales.bacterium",-0.00388723041396588
"4277",179,"Citrobacter.werkmanii",-0.0020170264178887
"4278",179,"Clostridium.clostridioforme.CAG.511",-0.00102342554600909
"4279",179,"Clostridium.nexile.CAG.348",-0.00256553490180522
"4280",179,"Clostridium.paraputrificum",-0.0168157638981938
"4281",179,"Clostridium.sp..MP113D9",-0.00088898342801258
"4282",179,"Clostridium.sp..MP49A11",-0.00180652656126767
"4283",179,"Clostridium.sp..MP551E06",-0.000747833808418363
"4284",179,"Eggerthella.lenta",-0.0831589996814728
"4285",179,"Eggerthella.sp..MP163B1",-0.0120780253782868
"4286",179,"Lactobacillus.animalis",-0.000862144574057311
"4287",179,"Megasphaera.sp..MP182G6",-0.00190324429422617
"4288",179,"Paenibacillus.macerans",-0.00206106808036566
"4289",179,"Romboutsia.sp..MP35A8",-0.00156302569666877
"4290",179,"Sellimonas.intestinalis",-0.00189898477401584
"4291",179,"Turicibacter.sp..MP236E3",-0.00316083454526961
"4292",179,"Veillonella.atypica",0.00480136438272893
"4293",179,"Veillonella.dispar",-0.00517176417633891
"4294",179,"X.Clostridium..citroniae",0.101873978972435
"4295",179,"X.Clostridium..cocleatum",0.00937396520748734
"4296",179,"X.Clostridium..sp..MP626E2_ig1",-0.00207483628764749
"4297",180,"Anaerotruncus.colihominis",-0.00586781604215503
"4298",180,"Bacteroides.sp..MP64F12",-0.000568982242839411
"4299",180,"Blautia.coccoides",-0.00320896704215556
"4300",180,"Burkholderiales.bacterium",-0.00298435206059366
"4301",180,"Citrobacter.werkmanii",-0.00192231172695756
"4302",180,"Clostridium.clostridioforme.CAG.511",-0.000793754734331742
"4303",180,"Clostridium.nexile.CAG.348",0.0604047197848558
"4304",180,"Clostridium.paraputrificum",0.0483831390738487
"4305",180,"Clostridium.sp..MP113D9",-0.000905698543647304
"4306",180,"Clostridium.sp..MP49A11",-0.00147772382479161
"4307",180,"Clostridium.sp..MP551E06",-0.000735203240765259
"4308",180,"Eggerthella.lenta",-0.0440529845654964
"4309",180,"Eggerthella.sp..MP163B1",-0.00660238089039922
"4310",180,"Lactobacillus.animalis",-0.000831296434625983
"4311",180,"Megasphaera.sp..MP182G6",-0.00135586905525997
"4312",180,"Paenibacillus.macerans",-0.00171626172959805
"4313",180,"Romboutsia.sp..MP35A8",-0.00151464994996786
"4314",180,"Sellimonas.intestinalis",0.0205437857657671
"4315",180,"Turicibacter.sp..MP236E3",-0.00186150457011536
"4316",180,"Veillonella.atypica",0.00886270822957158
"4317",180,"Veillonella.dispar",-0.00474184285849333
"4318",180,"X.Clostridium..citroniae",-0.018765359185636
"4319",180,"X.Clostridium..cocleatum",0.0169687867164612
"4320",180,"X.Clostridium..sp..MP626E2_ig1",-0.00211515289265662
"4321",181,"Anaerotruncus.colihominis",-0.00783874979242682
"4322",181,"Bacteroides.sp..MP64F12",-0.000692241912474856
"4323",181,"Blautia.coccoides",-0.0146998958662152
"4324",181,"Burkholderiales.bacterium",-0.00614197528921068
"4325",181,"Citrobacter.werkmanii",-0.00419789482839406
"4326",181,"Clostridium.clostridioforme.CAG.511",-0.00148515281034634
"4327",181,"Clostridium.nexile.CAG.348",-0.00378930883016437
"4328",181,"Clostridium.paraputrificum",-0.0244856979697943
"4329",181,"Clostridium.sp..MP113D9",-0.00124392780708149
"4330",181,"Clostridium.sp..MP49A11",-0.00253482756670564
"4331",181,"Clostridium.sp..MP551E06",-0.00158082408597693
"4332",181,"Eggerthella.lenta",-0.0956758260726929
"4333",181,"Eggerthella.sp..MP163B1",-0.0130706685595214
"4334",181,"Lactobacillus.animalis",-0.00300472637172788
"4335",181,"Megasphaera.sp..MP182G6",-0.00270077376626432
"4336",181,"Paenibacillus.macerans",-0.00355689786374569
"4337",181,"Romboutsia.sp..MP35A8",-0.00257140002213418
"4338",181,"Sellimonas.intestinalis",-0.0026181711582467
"4339",181,"Turicibacter.sp..MP236E3",-0.00547223794274032
"4340",181,"Veillonella.atypica",0.0063050736207515
"4341",181,"Veillonella.dispar",0.0234347470104694
"4342",181,"X.Clostridium..citroniae",-0.086355198174715
"4343",181,"X.Clostridium..cocleatum",-0.00388019427191466
"4344",181,"X.Clostridium..sp..MP626E2_ig1",-0.00282249937299639
"4345",182,"Anaerotruncus.colihominis",-0.00322250998578966
"4346",182,"Bacteroides.sp..MP64F12",-0.000744887161999941
"4347",182,"Blautia.coccoides",0.0611227937042713
"4348",182,"Burkholderiales.bacterium",-0.00365698710083961
"4349",182,"Citrobacter.werkmanii",-0.00294387328904122
"4350",182,"Clostridium.clostridioforme.CAG.511",-0.000802110647782683
"4351",182,"Clostridium.nexile.CAG.348",-0.00168826425215229
"4352",182,"Clostridium.paraputrificum",-0.0163691397756338
"4353",182,"Clostridium.sp..MP113D9",-0.000445743688032962
"4354",182,"Clostridium.sp..MP49A11",-0.00166832673130557
"4355",182,"Clostridium.sp..MP551E06",-0.000710789987351745
"4356",182,"Eggerthella.lenta",-0.0496055092662573
"4357",182,"Eggerthella.sp..MP163B1",-0.00709962449036539
"4358",182,"Lactobacillus.animalis",-0.00100404443219304
"4359",182,"Megasphaera.sp..MP182G6",-0.00179137848317623
"4360",182,"Paenibacillus.macerans",-0.00231274217367172
"4361",182,"Romboutsia.sp..MP35A8",-0.00190126459347084
"4362",182,"Sellimonas.intestinalis",-0.0013230491313152
"4363",182,"Turicibacter.sp..MP236E3",-0.00318501004949212
"4364",182,"Veillonella.atypica",0.00949799409136176
"4365",182,"Veillonella.dispar",-0.00310434855055064
"4366",182,"X.Clostridium..citroniae",0.284669622778893
"4367",182,"X.Clostridium..cocleatum",-0.00227297761011869
"4368",182,"X.Clostridium..sp..MP626E2_ig1",-0.00138669181615114
"4369",183,"Anaerotruncus.colihominis",-0.0123227308504283
"4370",183,"Bacteroides.sp..MP64F12",-0.000574104225961491
"4371",183,"Blautia.coccoides",-0.0088212164118886
"4372",183,"Burkholderiales.bacterium",-0.00335029733832926
"4373",183,"Citrobacter.werkmanii",-0.00284060277044773
"4374",183,"Clostridium.clostridioforme.CAG.511",-0.000746206613257527
"4375",183,"Clostridium.nexile.CAG.348",-0.00414074421860278
"4376",183,"Clostridium.paraputrificum",0.0545281618833542
"4377",183,"Clostridium.sp..MP113D9",-0.00103415781632066
"4378",183,"Clostridium.sp..MP49A11",0.0051778017077595
"4379",183,"Clostridium.sp..MP551E06",-0.00134685676312074
"4380",183,"Eggerthella.lenta",-0.0893774777650833
"4381",183,"Eggerthella.sp..MP163B1",-0.00962160807102919
"4382",183,"Lactobacillus.animalis",-0.000982665631454438
"4383",183,"Megasphaera.sp..MP182G6",-0.00180850533070043
"4384",183,"Paenibacillus.macerans",-0.00229597743600607
"4385",183,"Romboutsia.sp..MP35A8",-0.00206656043883413
"4386",183,"Sellimonas.intestinalis",-0.00280782207846642
"4387",183,"Turicibacter.sp..MP236E3",-0.00286355626303703
"4388",183,"Veillonella.atypica",0.00533734215423465
"4389",183,"Veillonella.dispar",-0.00550102116540074
"4390",183,"X.Clostridium..citroniae",-0.0551631413400173
"4391",183,"X.Clostridium..cocleatum",0.0151826543733478
"4392",183,"X.Clostridium..sp..MP626E2_ig1",-0.0034838980063796
"4393",184,"Anaerotruncus.colihominis",-0.00394293083809316
"4394",184,"Bacteroides.sp..MP64F12",-0.000367425396689214
"4395",184,"Blautia.coccoides",-0.0154597973451018
"4396",184,"Burkholderiales.bacterium",-0.00322831608355045
"4397",184,"Citrobacter.werkmanii",0.00177170045208186
"4398",184,"Clostridium.clostridioforme.CAG.511",0
"4399",184,"Clostridium.nexile.CAG.348",-0.00254668877460063
"4400",184,"Clostridium.paraputrificum",0.0816478542983532
"4401",184,"Clostridium.sp..MP113D9",0.00040458794683218
"4402",184,"Clostridium.sp..MP49A11",-0.00122793478658423
"4403",184,"Clostridium.sp..MP551E06",-0.00123729690676555
"4404",184,"Eggerthella.lenta",-0.06511589884758
"4405",184,"Eggerthella.sp..MP163B1",-0.0046633486635983
"4406",184,"Lactobacillus.animalis",-0.00103978591505438
"4407",184,"Megasphaera.sp..MP182G6",0.00199152971617877
"4408",184,"Paenibacillus.macerans",-0.00379293679725379
"4409",184,"Romboutsia.sp..MP35A8",-0.000417466304497793
"4410",184,"Sellimonas.intestinalis",-0.00167809834238142
"4411",184,"Turicibacter.sp..MP236E3",-0.00284113420639187
"4412",184,"Veillonella.atypica",0.00019728790721274
"4413",184,"Veillonella.dispar",-0.00319062895141542
"4414",184,"X.Clostridium..citroniae",-0.0763769373297691
"4415",184,"X.Clostridium..cocleatum",-0.00321271584834903
"4416",184,"X.Clostridium..sp..MP626E2_ig1",-0.00115084706339985
"4417",185,"Anaerotruncus.colihominis",-0.00419996026903391
"4418",185,"Bacteroides.sp..MP64F12",-0.000535648257937282
"4419",185,"Blautia.coccoides",0.0417084060609341
"4420",185,"Burkholderiales.bacterium",-0.00295388523954898
"4421",185,"Citrobacter.werkmanii",-0.00189243431668729
"4422",185,"Clostridium.clostridioforme.CAG.511",-0.000602644227910787
"4423",185,"Clostridium.nexile.CAG.348",-0.0018992749392055
"4424",185,"Clostridium.paraputrificum",-0.0102620734833181
"4425",185,"Clostridium.sp..MP113D9",-0.000862250191858038
"4426",185,"Clostridium.sp..MP49A11",0.0253869872540236
"4427",185,"Clostridium.sp..MP551E06",-0.000574322533793747
"4428",185,"Eggerthella.lenta",-0.0431573074311018
"4429",185,"Eggerthella.sp..MP163B1",-0.00692851631902158
"4430",185,"Lactobacillus.animalis",-0.000716928945621476
"4431",185,"Megasphaera.sp..MP182G6",-0.00183479930274189
"4432",185,"Paenibacillus.macerans",-0.00166916474699974
"4433",185,"Romboutsia.sp..MP35A8",-0.00145764066837728
"4434",185,"Sellimonas.intestinalis",-0.00138697575312108
"4435",185,"Turicibacter.sp..MP236E3",-0.00260563660413027
"4436",185,"Veillonella.atypica",0.0141327176243067
"4437",185,"Veillonella.dispar",-0.0043983100913465
"4438",185,"X.Clostridium..citroniae",0.213007852435112
"4439",185,"X.Clostridium..cocleatum",-0.00180738681228831
"4440",185,"X.Clostridium..sp..MP626E2_ig1",-0.00190705218119547
"4441",186,"Anaerotruncus.colihominis",-0.0041259634308517
"4442",186,"Bacteroides.sp..MP64F12",0.00277212029322982
"4443",186,"Blautia.coccoides",-0.00382161140441895
"4444",186,"Burkholderiales.bacterium",-0.00393494660966098
"4445",186,"Citrobacter.werkmanii",-0.00214717315975577
"4446",186,"Clostridium.clostridioforme.CAG.511",0.00960576580837369
"4447",186,"Clostridium.nexile.CAG.348",-0.00191056111361831
"4448",186,"Clostridium.paraputrificum",-0.00993688218295574
"4449",186,"Clostridium.sp..MP113D9",-0.000972451874986291
"4450",186,"Clostridium.sp..MP49A11",-0.0013806214556098
"4451",186,"Clostridium.sp..MP551E06",-0.000731811946025118
"4452",186,"Eggerthella.lenta",0.270834147930145
"4453",186,"Eggerthella.sp..MP163B1",0.040190476924181
"4454",186,"Lactobacillus.animalis",-0.000847849674755707
"4455",186,"Megasphaera.sp..MP182G6",-0.00162184156943113
"4456",186,"Paenibacillus.macerans",-0.00133099540835246
"4457",186,"Romboutsia.sp..MP35A8",-0.00141995743615553
"4458",186,"Sellimonas.intestinalis",-0.00129351142095402
"4459",186,"Turicibacter.sp..MP236E3",-0.00190230488078669
"4460",186,"Veillonella.atypica",-0.00652070553041995
"4461",186,"Veillonella.dispar",-0.00380309869069606
"4462",186,"X.Clostridium..citroniae",-0.0397229976952076
"4463",186,"X.Clostridium..cocleatum",-0.00172055698931217
"4464",186,"X.Clostridium..sp..MP626E2_ig1",-0.00221278099343181
"4465",187,"Anaerotruncus.colihominis",-0.00412472826428711
"4466",187,"Bacteroides.sp..MP64F12",-0.000564268586458638
"4467",187,"Blautia.coccoides",0.0612237993627787
"4468",187,"Burkholderiales.bacterium",-0.00250723073258996
"4469",187,"Citrobacter.werkmanii",0.0322584118694067
"4470",187,"Clostridium.clostridioforme.CAG.511",-0.000636719923932105
"4471",187,"Clostridium.nexile.CAG.348",-0.00170936458744109
"4472",187,"Clostridium.paraputrificum",-0.0128760114312172
"4473",187,"Clostridium.sp..MP113D9",-0.000558979489142075
"4474",187,"Clostridium.sp..MP49A11",-0.00148436543531716
"4475",187,"Clostridium.sp..MP551E06",-0.00056699151173234
"4476",187,"Eggerthella.lenta",-0.0429180469363928
"4477",187,"Eggerthella.sp..MP163B1",-0.00738534098491073
"4478",187,"Lactobacillus.animalis",-0.000881115818629041
"4479",187,"Megasphaera.sp..MP182G6",-0.00145125016570091
"4480",187,"Paenibacillus.macerans",-0.0018519643926993
"4481",187,"Romboutsia.sp..MP35A8",-0.00137703388463706
"4482",187,"Sellimonas.intestinalis",-0.00119469227502123
"4483",187,"Turicibacter.sp..MP236E3",-0.00264900189358741
"4484",187,"Veillonella.atypica",0.00891286553815007
"4485",187,"Veillonella.dispar",-0.0043443834874779
"4486",187,"X.Clostridium..citroniae",0.224540792405605
"4487",187,"X.Clostridium..cocleatum",-0.00136429339181632
"4488",187,"X.Clostridium..sp..MP626E2_ig1",-0.00133029243443161
"4489",188,"Anaerotruncus.colihominis",-0.00527719035744667
"4490",188,"Bacteroides.sp..MP64F12",-0.000544634822290391
"4491",188,"Blautia.coccoides",0.0411164127290249
"4492",188,"Burkholderiales.bacterium",-0.00356506917160004
"4493",188,"Citrobacter.werkmanii",-0.00245237175840884
"4494",188,"Clostridium.clostridioforme.CAG.511",-0.000633200310403481
"4495",188,"Clostridium.nexile.CAG.348",-0.00346081994939595
"4496",188,"Clostridium.paraputrificum",-0.0152469533495605
"4497",188,"Clostridium.sp..MP113D9",-0.000904899032320827
"4498",188,"Clostridium.sp..MP49A11",-0.00196977180894464
"4499",188,"Clostridium.sp..MP551E06",-0.00130722450558096
"4500",188,"Eggerthella.lenta",-0.06355394795537
"4501",188,"Eggerthella.sp..MP163B1",-0.00836849538609385
"4502",188,"Lactobacillus.animalis",-0.000835618324344978
"4503",188,"Megasphaera.sp..MP182G6",-0.00196401600260288
"4504",188,"Paenibacillus.macerans",-0.00249599316157401
"4505",188,"Romboutsia.sp..MP35A8",0.0878116562962532
"4506",188,"Sellimonas.intestinalis",-0.00227340031415224
"4507",188,"Turicibacter.sp..MP236E3",0.128624379634857
"4508",188,"Veillonella.atypica",0.0191222578287125
"4509",188,"Veillonella.dispar",-0.00246431480627507
"4510",188,"X.Clostridium..citroniae",-0.0562956426292658
"4511",188,"X.Clostridium..cocleatum",-0.00186991109512746
"4512",188,"X.Clostridium..sp..MP626E2_ig1",-0.00297616235911846
"4513",189,"Anaerotruncus.colihominis",-0.00131978845456615
"4514",189,"Bacteroides.sp..MP64F12",-0.000678778102155775
"4515",189,"Blautia.coccoides",0.0679573081433773
"4516",189,"Burkholderiales.bacterium",-0.00204182381276041
"4517",189,"Citrobacter.werkmanii",0.0355964060872793
"4518",189,"Clostridium.clostridioforme.CAG.511",-0.000332253897795454
"4519",189,"Clostridium.nexile.CAG.348",-0.00134101003641263
"4520",189,"Clostridium.paraputrificum",0.0800699032843113
"4521",189,"Clostridium.sp..MP113D9",0.0170258628204465
"4522",189,"Clostridium.sp..MP49A11",-0.00107733655022457
"4523",189,"Clostridium.sp..MP551E06",-0.000508078694110736
"4524",189,"Eggerthella.lenta",-0.0339999366551638
"4525",189,"Eggerthella.sp..MP163B1",-0.00513118761591613
"4526",189,"Lactobacillus.animalis",-0.000990893342532218
"4527",189,"Megasphaera.sp..MP182G6",-0.000629469053819776
"4528",189,"Paenibacillus.macerans",-0.00209701899439096
"4529",189,"Romboutsia.sp..MP35A8",-0.000801453192252666
"4530",189,"Sellimonas.intestinalis",-0.000832538731629029
"4531",189,"Turicibacter.sp..MP236E3",-0.00166095461463556
"4532",189,"Veillonella.atypica",0.00854477053508162
"4533",189,"Veillonella.dispar",-0.00286503881216049
"4534",189,"X.Clostridium..citroniae",0.167349621653557
"4535",189,"X.Clostridium..cocleatum",-0.000792918464867398
"4536",189,"X.Clostridium..sp..MP626E2_ig1",-0.00056749174837023
"4537",190,"Anaerotruncus.colihominis",-0.0022150413133204
"4538",190,"Bacteroides.sp..MP64F12",-0.000826409610453993
"4539",190,"Blautia.coccoides",0.0722091011703014
"4540",190,"Burkholderiales.bacterium",-0.00270035595167428
"4541",190,"Citrobacter.werkmanii",-0.00153655657777563
"4542",190,"Clostridium.clostridioforme.CAG.511",-0.000371099726180546
"4543",190,"Clostridium.nexile.CAG.348",-0.00139107520226389
"4544",190,"Clostridium.paraputrificum",0.070693951100111
"4545",190,"Clostridium.sp..MP113D9",-7.09591404302046e-05
"4546",190,"Clostridium.sp..MP49A11",-0.00116637069731951
"4547",190,"Clostridium.sp..MP551E06",-0.000592300872085616
"4548",190,"Eggerthella.lenta",-0.0355486609041691
"4549",190,"Eggerthella.sp..MP163B1",-0.00546393636614084
"4550",190,"Lactobacillus.animalis",-0.00102002505445853
"4551",190,"Megasphaera.sp..MP182G6",-0.000741918600397184
"4552",190,"Paenibacillus.macerans",-0.00237003481015563
"4553",190,"Romboutsia.sp..MP35A8",-0.000866486050654203
"4554",190,"Sellimonas.intestinalis",-0.000873906305059791
"4555",190,"Turicibacter.sp..MP236E3",-0.00200358615256846
"4556",190,"Veillonella.atypica",0.00250476051587611
"4557",190,"Veillonella.dispar",-0.00313435809221119
"4558",190,"X.Clostridium..citroniae",0.240061677992344
"4559",190,"X.Clostridium..cocleatum",0.0167351169511676
"4560",190,"X.Clostridium..sp..MP626E2_ig1",-0.000295496567559894
"4561",191,"Anaerotruncus.colihominis",-0.00225725944619626
"4562",191,"Bacteroides.sp..MP64F12",-0.000699481985066086
"4563",191,"Blautia.coccoides",0.0711818411946297
"4564",191,"Burkholderiales.bacterium",-0.00309226883109659
"4565",191,"Citrobacter.werkmanii",-0.001805484527722
"4566",191,"Clostridium.clostridioforme.CAG.511",-0.000371099726180546
"4567",191,"Clostridium.nexile.CAG.348",-0.00148460431955755
"4568",191,"Clostridium.paraputrificum",-0.015815825201571
"4569",191,"Clostridium.sp..MP113D9",-6.33485469734296e-05
"4570",191,"Clostridium.sp..MP49A11",-0.00108718249248341
"4571",191,"Clostridium.sp..MP551E06",-0.000604787142947316
"4572",191,"Eggerthella.lenta",-0.0250636301934719
"4573",191,"Eggerthella.sp..MP163B1",-0.00460511958226562
"4574",191,"Lactobacillus.animalis",-0.000916237797355279
"4575",191,"Megasphaera.sp..MP182G6",-0.000689422246068716
"4576",191,"Paenibacillus.macerans",-0.00232561188749969
"4577",191,"Romboutsia.sp..MP35A8",-0.000898636179044843
"4578",191,"Sellimonas.intestinalis",-0.00101452303351834
"4579",191,"Turicibacter.sp..MP236E3",-0.00238012638874352
"4580",191,"Veillonella.atypica",0.00730171566829085
"4581",191,"Veillonella.dispar",-0.00291110412217677
"4582",191,"X.Clostridium..citroniae",0.261884853243828
"4583",191,"X.Clostridium..cocleatum",0.0140383252874017
"4584",191,"X.Clostridium..sp..MP626E2_ig1",-0.000262897483480629
"4585",192,"Anaerotruncus.colihominis",-0.00209126289701089
"4586",192,"Bacteroides.sp..MP64F12",0.000154076540638926
"4587",192,"Blautia.coccoides",-0.0164302848279476
"4588",192,"Burkholderiales.bacterium",-0.00367268931586295
"4589",192,"Citrobacter.werkmanii",0.00519335852004588
"4590",192,"Clostridium.clostridioforme.CAG.511",0.000303698499919847
"4591",192,"Clostridium.nexile.CAG.348",-0.00313361408188939
"4592",192,"Clostridium.paraputrificum",-0.0197445340454578
"4593",192,"Clostridium.sp..MP113D9",0.0024039099807851
"4594",192,"Clostridium.sp..MP49A11",-0.000968979904428124
"4595",192,"Clostridium.sp..MP551E06",-0.0011862704413943
"4596",192,"Eggerthella.lenta",-0.078694112598896
"4597",192,"Eggerthella.sp..MP163B1",0.000432560889748856
"4598",192,"Lactobacillus.animalis",0.00155640434240922
"4599",192,"Megasphaera.sp..MP182G6",0.00359186413697898
"4600",192,"Paenibacillus.macerans",-0.00393156765494496
"4601",192,"Romboutsia.sp..MP35A8",0.00010311516962247
"4602",192,"Sellimonas.intestinalis",-0.00139471481088549
"4603",192,"Turicibacter.sp..MP236E3",-0.00377352151554078
"4604",192,"Veillonella.atypica",0.004451745422557
"4605",192,"Veillonella.dispar",-0.00592267536558211
"4606",192,"X.Clostridium..citroniae",-0.0697346925735474
"4607",192,"X.Clostridium..cocleatum",-0.00290322443470359
"4608",192,"X.Clostridium..sp..MP626E2_ig1",-0.000407646781241056
"4609",193,"Anaerotruncus.colihominis",-0.00857807230204344
"4610",193,"Bacteroides.sp..MP64F12",-0.000637962832115591
"4611",193,"Blautia.coccoides",0.0242862170562148
"4612",193,"Burkholderiales.bacterium",-0.00595795689150691
"4613",193,"Citrobacter.werkmanii",-0.00432604597881436
"4614",193,"Clostridium.clostridioforme.CAG.511",-0.00130029441788793
"4615",193,"Clostridium.nexile.CAG.348",-0.00406080787070096
"4616",193,"Clostridium.paraputrificum",-0.0253340313211083
"4617",193,"Clostridium.sp..MP113D9",-0.000760683120461181
"4618",193,"Clostridium.sp..MP49A11",-0.00292152212932706
"4619",193,"Clostridium.sp..MP551E06",-0.00139591662446037
"4620",193,"Eggerthella.lenta",-0.0980106145143509
"4621",193,"Eggerthella.sp..MP163B1",-0.0143671212717891
"4622",193,"Lactobacillus.animalis",-0.00108441949123517
"4623",193,"Megasphaera.sp..MP182G6",-0.00219485117122531
"4624",193,"Paenibacillus.macerans",-0.003019695635885
"4625",193,"Romboutsia.sp..MP35A8",-0.00210495956707746
"4626",193,"Sellimonas.intestinalis",-0.00296255794819444
"4627",193,"Turicibacter.sp..MP236E3",-0.00439479644410312
"4628",193,"Veillonella.atypica",-0.00819467753171921
"4629",193,"Veillonella.dispar",-0.0068079405464232
"4630",193,"X.Clostridium..citroniae",-0.0967446975409985
"4631",193,"X.Clostridium..cocleatum",0.012740183621645
"4632",193,"X.Clostridium..sp..MP626E2_ig1",-0.00305995030794293
"4633",194,"Anaerotruncus.colihominis",-0.0053433096036315
"4634",194,"Bacteroides.sp..MP64F12",-0.000843747344333678
"4635",194,"Blautia.coccoides",-0.0134433708153665
"4636",194,"Burkholderiales.bacterium",-0.00541628478094935
"4637",194,"Citrobacter.werkmanii",-0.00253171031363308
"4638",194,"Clostridium.clostridioforme.CAG.511",-0.000910112401470542
"4639",194,"Clostridium.nexile.CAG.348",-0.00352854072116315
"4640",194,"Clostridium.paraputrificum",-0.0280308332294226
"4641",194,"Clostridium.sp..MP113D9",-0.000465905948658474
"4642",194,"Clostridium.sp..MP49A11",-0.00199511379469186
"4643",194,"Clostridium.sp..MP551E06",-0.00145246338797733
"4644",194,"Eggerthella.lenta",-0.0845196545124054
"4645",194,"Eggerthella.sp..MP163B1",-0.00822896440513432
"4646",194,"Lactobacillus.animalis",-0.00257851695641875
"4647",194,"Megasphaera.sp..MP182G6",-0.00154197495430708
"4648",194,"Paenibacillus.macerans",-0.00411237659864128
"4649",194,"Romboutsia.sp..MP35A8",-0.00108820927562192
"4650",194,"Sellimonas.intestinalis",-0.00204335898160934
"4651",194,"Turicibacter.sp..MP236E3",-0.00497409282252192
"4652",194,"Veillonella.atypica",0.00584836141206324
"4653",194,"Veillonella.dispar",0.0179296312853694
"4654",194,"X.Clostridium..citroniae",-0.0697901546955109
"4655",194,"X.Clostridium..cocleatum",-0.00282740208785981
"4656",194,"X.Clostridium..sp..MP626E2_ig1",-0.00181604386307299
"4657",195,"Anaerotruncus.colihominis",-0.00386672792956233
"4658",195,"Bacteroides.sp..MP64F12",-0.000479504553368315
"4659",195,"Blautia.coccoides",-0.0150072886608541
"4660",195,"Burkholderiales.bacterium",-0.00535822124220431
"4661",195,"Citrobacter.werkmanii",0.000332917697960511
"4662",195,"Clostridium.clostridioforme.CAG.511",-0.000372626338503323
"4663",195,"Clostridium.nexile.CAG.348",-0.00312584103085101
"4664",195,"Clostridium.paraputrificum",-0.027910572476685
"4665",195,"Clostridium.sp..MP113D9",-0.000227913333219476
"4666",195,"Clostridium.sp..MP49A11",-0.00148621166590601
"4667",195,"Clostridium.sp..MP551E06",-0.00131476478418335
"4668",195,"Eggerthella.lenta",-0.0717085413634777
"4669",195,"Eggerthella.sp..MP163B1",-0.00465807667933404
"4670",195,"Lactobacillus.animalis",-0.00307327753398567
"4671",195,"Megasphaera.sp..MP182G6",0.000375448580598459
"4672",195,"Paenibacillus.macerans",-0.00414109509438276
"4673",195,"Romboutsia.sp..MP35A8",-0.000472509884275496
"4674",195,"Sellimonas.intestinalis",-0.0016985583351925
"4675",195,"Turicibacter.sp..MP236E3",-0.00439485185779631
"4676",195,"Veillonella.atypica",0.00637178565375507
"4677",195,"Veillonella.dispar",0.0143611771054566
"4678",195,"X.Clostridium..citroniae",-0.0647145360708237
"4679",195,"X.Clostridium..cocleatum",-0.00351586053147912
"4680",195,"X.Clostridium..sp..MP626E2_ig1",-0.00203782541211694
"4681",196,"Anaerotruncus.colihominis",0.0178885124623775
"4682",196,"Bacteroides.sp..MP64F12",-0.000591244548559189
"4683",196,"Blautia.coccoides",-0.00316978350747377
"4684",196,"Burkholderiales.bacterium",-0.00268612336367369
"4685",196,"Citrobacter.werkmanii",-0.00162128394003958
"4686",196,"Clostridium.clostridioforme.CAG.511",-0.000618532911175862
"4687",196,"Clostridium.nexile.CAG.348",-0.00159495620755479
"4688",196,"Clostridium.paraputrificum",-0.00734524731524289
"4689",196,"Clostridium.sp..MP113D9",-0.000782884220825508
"4690",196,"Clostridium.sp..MP49A11",-0.00121244112960994
"4691",196,"Clostridium.sp..MP551E06",-0.000664524122839794
"4692",196,"Eggerthella.lenta",0.221261397004128
"4693",196,"Eggerthella.sp..MP163B1",0.0264102770015597
"4694",196,"Lactobacillus.animalis",0.00203350849915296
"4695",196,"Megasphaera.sp..MP182G6",-0.0013710658531636
"4696",196,"Paenibacillus.macerans",-0.00147555844159797
"4697",196,"Romboutsia.sp..MP35A8",0.0339698493480682
"4698",196,"Sellimonas.intestinalis",-0.00101721996907145
"4699",196,"Turicibacter.sp..MP236E3",0.0351893901824951
"4700",196,"Veillonella.atypica",-0.00620501185767353
"4701",196,"Veillonella.dispar",-0.00406799931079149
"4702",196,"X.Clostridium..citroniae",-0.0276440046727657
"4703",196,"X.Clostridium..cocleatum",-0.00147196120815352
"4704",196,"X.Clostridium..sp..MP626E2_ig1",-0.00212855520658195
"4705",197,"Anaerotruncus.colihominis",0.0359353888779879
"4706",197,"Bacteroides.sp..MP64F12",-0.000622149382252246
"4707",197,"Blautia.coccoides",-0.00632776878774166
"4708",197,"Burkholderiales.bacterium",-0.00319679011590779
"4709",197,"Citrobacter.werkmanii",-0.0017382733640261
"4710",197,"Clostridium.clostridioforme.CAG.511",-0.000770793209085241
"4711",197,"Clostridium.nexile.CAG.348",0.0498426090925932
"4712",197,"Clostridium.paraputrificum",-0.0105367959477007
"4713",197,"Clostridium.sp..MP113D9",-0.000870405609020963
"4714",197,"Clostridium.sp..MP49A11",-0.00150456157280132
"4715",197,"Clostridium.sp..MP551E06",-0.000843642133986577
"4716",197,"Eggerthella.lenta",-0.0601713377982378
"4717",197,"Eggerthella.sp..MP163B1",-0.00694923079572618
"4718",197,"Lactobacillus.animalis",-0.000826024479465559
"4719",197,"Megasphaera.sp..MP182G6",-0.00148169777821749
"4720",197,"Paenibacillus.macerans",-0.00155999470734969
"4721",197,"Romboutsia.sp..MP35A8",-0.00120348017662764
"4722",197,"Sellimonas.intestinalis",-0.00184590497519821
"4723",197,"Turicibacter.sp..MP236E3",-0.00222209200728685
"4724",197,"Veillonella.atypica",-0.00510397902689874
"4725",197,"Veillonella.dispar",-0.00330608221702278
"4726",197,"X.Clostridium..citroniae",-0.0234073167666793
"4727",197,"X.Clostridium..cocleatum",-0.00206021242775023
"4728",197,"X.Clostridium..sp..MP626E2_ig1",-0.00319051742553711
"4729",198,"Anaerotruncus.colihominis",0.0203527379781008
"4730",198,"Bacteroides.sp..MP64F12",-0.000534833816345781
"4731",198,"Blautia.coccoides",-0.00608760002069175
"4732",198,"Burkholderiales.bacterium",-0.00227939407341182
"4733",198,"Citrobacter.werkmanii",-0.00170772668207064
"4734",198,"Clostridium.clostridioforme.CAG.511",-0.000600523897446692
"4735",198,"Clostridium.nexile.CAG.348",0.0256570065394044
"4736",198,"Clostridium.paraputrificum",-0.0066609678324312
"4737",198,"Clostridium.sp..MP113D9",-0.000726889993529767
"4738",198,"Clostridium.sp..MP49A11",-0.00121762382332236
"4739",198,"Clostridium.sp..MP551E06",-0.000507902965182438
"4740",198,"Eggerthella.lenta",0.182531297206879
"4741",198,"Eggerthella.sp..MP163B1",0.026926995255053
"4742",198,"Lactobacillus.animalis",0.00708686071448028
"4743",198,"Megasphaera.sp..MP182G6",-0.00126833515241742
"4744",198,"Paenibacillus.macerans",-0.00139987841248512
"4745",198,"Romboutsia.sp..MP35A8",-0.00127093924675137
"4746",198,"Sellimonas.intestinalis",-0.000960498175118119
"4747",198,"Turicibacter.sp..MP236E3",0.0459687672555447
"4748",198,"Veillonella.atypica",-0.00604210165329278
"4749",198,"Veillonella.dispar",-0.00463970587588847
"4750",198,"X.Clostridium..citroniae",-0.0133132161572576
"4751",198,"X.Clostridium..cocleatum",-0.00149742944631726
"4752",198,"X.Clostridium..sp..MP626E2_ig1",-0.00185941980453208
"4753",199,"Anaerotruncus.colihominis",0.0371779073029757
"4754",199,"Bacteroides.sp..MP64F12",-0.000593866890994832
"4755",199,"Blautia.coccoides",-0.00689235236495733
"4756",199,"Burkholderiales.bacterium",-0.00314719940070063
"4757",199,"Citrobacter.werkmanii",-0.001676676038187
"4758",199,"Clostridium.clostridioforme.CAG.511",-0.000938003329792991
"4759",199,"Clostridium.nexile.CAG.348",-0.00260123459156603
"4760",199,"Clostridium.paraputrificum",-0.0108464988879859
"4761",199,"Clostridium.sp..MP113D9",-0.000858700601384044
"4762",199,"Clostridium.sp..MP49A11",-0.00146463146666065
"4763",199,"Clostridium.sp..MP551E06",-0.000742316129617393
"4764",199,"Eggerthella.lenta",-0.0567678529769182
"4765",199,"Eggerthella.sp..MP163B1",-0.00668173609301448
"4766",199,"Lactobacillus.animalis",-0.000830418925033882
"4767",199,"Megasphaera.sp..MP182G6",-0.00142510462319478
"4768",199,"Paenibacillus.macerans",-0.00141856336267665
"4769",199,"Romboutsia.sp..MP35A8",-0.00116807338781655
"4770",199,"Sellimonas.intestinalis",0.025017679668963
"4771",199,"Turicibacter.sp..MP236E3",-0.00243536906782538
"4772",199,"Veillonella.atypica",-0.00778446905314922
"4773",199,"Veillonella.dispar",-0.00314097653608769
"4774",199,"X.Clostridium..citroniae",-0.0360768549144268
"4775",199,"X.Clostridium..cocleatum",-0.001910318096634
"4776",199,"X.Clostridium..sp..MP626E2_ig1",0.047587038949132
"4777",200,"Anaerotruncus.colihominis",0.0167382592335343
"4778",200,"Bacteroides.sp..MP64F12",-0.000559943087864667
"4779",200,"Blautia.coccoides",-0.00393868098035455
"4780",200,"Burkholderiales.bacterium",-0.00258485728409141
"4781",200,"Citrobacter.werkmanii",-0.00158339139306918
"4782",200,"Clostridium.clostridioforme.CAG.511",-0.000673881237162277
"4783",200,"Clostridium.nexile.CAG.348",-0.00169575546169654
"4784",200,"Clostridium.paraputrificum",-0.00738479872234166
"4785",200,"Clostridium.sp..MP113D9",-0.000736385292839259
"4786",200,"Clostridium.sp..MP49A11",-0.00126083777286112
"4787",200,"Clostridium.sp..MP551E06",-0.000562739063752815
"4788",200,"Eggerthella.lenta",0.213709078729153
"4789",200,"Eggerthella.sp..MP163B1",0.0290575912222266
"4790",200,"Lactobacillus.animalis",-0.00081218799459748
"4791",200,"Megasphaera.sp..MP182G6",-0.00119096180424094
"4792",200,"Paenibacillus.macerans",-0.00137438916135579
"4793",200,"Romboutsia.sp..MP35A8",-0.000971123285125941
"4794",200,"Sellimonas.intestinalis",-0.00102428067475557
"4795",200,"Turicibacter.sp..MP236E3",0.0439169518649578
"4796",200,"Veillonella.atypica",-0.00547770923003554
"4797",200,"Veillonella.dispar",-0.00354268366936594
"4798",200,"X.Clostridium..citroniae",-0.0280250087380409
"4799",200,"X.Clostridium..cocleatum",-0.00139785167993978
"4800",200,"X.Clostridium..sp..MP626E2_ig1",-0.0021748305298388
"4801",201,"Anaerotruncus.colihominis",0.0357878115028143
"4802",201,"Bacteroides.sp..MP64F12",-0.000594440032728016
"4803",201,"Blautia.coccoides",-0.00846316665410995
"4804",201,"Burkholderiales.bacterium",-0.00336720678023994
"4805",201,"Citrobacter.werkmanii",-0.00164130848133937
"4806",201,"Clostridium.clostridioforme.CAG.511",-0.000916336139198393
"4807",201,"Clostridium.nexile.CAG.348",-0.00271872081793845
"4808",201,"Clostridium.paraputrificum",-0.0105782691389322
"4809",201,"Clostridium.sp..MP113D9",-0.000906410801690072
"4810",201,"Clostridium.sp..MP49A11",-0.00138006132328883
"4811",201,"Clostridium.sp..MP551E06",-0.000766091077821329
"4812",201,"Eggerthella.lenta",-0.0550881903618574
"4813",201,"Eggerthella.sp..MP163B1",-0.00642682705074549
"4814",201,"Lactobacillus.animalis",0.0027895619859919
"4815",201,"Megasphaera.sp..MP182G6",-0.00162810360779986
"4816",201,"Paenibacillus.macerans",-0.00136059982469305
"4817",201,"Romboutsia.sp..MP35A8",-0.00111428019590676
"4818",201,"Sellimonas.intestinalis",0.0246333666145802
"4819",201,"Turicibacter.sp..MP236E3",-0.00244228972587734
"4820",201,"Veillonella.atypica",0.0117145446129143
"4821",201,"Veillonella.dispar",-0.00426972145214677
"4822",201,"X.Clostridium..citroniae",-0.0309040211141109
"4823",201,"X.Clostridium..cocleatum",-0.00176202889997512
"4824",201,"X.Clostridium..sp..MP626E2_ig1",0.0489341132342815
"4825",202,"Anaerotruncus.colihominis",-0.00503683811984956
"4826",202,"Bacteroides.sp..MP64F12",-0.000550398923223838
"4827",202,"Blautia.coccoides",-0.00724261277355254
"4828",202,"Burkholderiales.bacterium",-0.00306088197976351
"4829",202,"Citrobacter.werkmanii",-0.00244716892484576
"4830",202,"Clostridium.clostridioforme.CAG.511",-0.000584079505642876
"4831",202,"Clostridium.nexile.CAG.348",-0.00322124338708818
"4832",202,"Clostridium.paraputrificum",-0.0082672443240881
"4833",202,"Clostridium.sp..MP113D9",0.0358436182141304
"4834",202,"Clostridium.sp..MP49A11",-0.00127958843950182
"4835",202,"Clostridium.sp..MP551E06",-0.00108573510078713
"4836",202,"Eggerthella.lenta",-0.0541467498987913
"4837",202,"Eggerthella.sp..MP163B1",-0.00353335367981344
"4838",202,"Lactobacillus.animalis",-0.000810320401797071
"4839",202,"Megasphaera.sp..MP182G6",0.0469409096986055
"4840",202,"Paenibacillus.macerans",0.0626386906951666
"4841",202,"Romboutsia.sp..MP35A8",-0.00176536751678213
"4842",202,"Sellimonas.intestinalis",-0.00180885824374855
"4843",202,"Turicibacter.sp..MP236E3",-0.00304968876298517
"4844",202,"Veillonella.atypica",0.0119379162788391
"4845",202,"Veillonella.dispar",-0.00455222651362419
"4846",202,"X.Clostridium..citroniae",-0.0355103053152561
"4847",202,"X.Clostridium..cocleatum",-0.00189892883645371
"4848",202,"X.Clostridium..sp..MP626E2_ig1",-0.0030595000134781
"4849",203,"Anaerotruncus.colihominis",-0.00568892434239388
"4850",203,"Bacteroides.sp..MP64F12",-0.00058031192747876
"4851",203,"Blautia.coccoides",-0.00826386921107769
"4852",203,"Burkholderiales.bacterium",-0.00479941605590284
"4853",203,"Citrobacter.werkmanii",-0.00322498404420912
"4854",203,"Clostridium.clostridioforme.CAG.511",-0.000994600879494101
"4855",203,"Clostridium.nexile.CAG.348",-0.00379257521126419
"4856",203,"Clostridium.paraputrificum",-0.0159293236210942
"4857",203,"Clostridium.sp..MP113D9",0.0474302060902119
"4858",203,"Clostridium.sp..MP49A11",-0.00211070384830236
"4859",203,"Clostridium.sp..MP551E06",-0.00124832300934941
"4860",203,"Eggerthella.lenta",-0.0728536136448383
"4861",203,"Eggerthella.sp..MP163B1",-0.00666545471176505
"4862",203,"Lactobacillus.animalis",-0.0011403055395931
"4863",203,"Megasphaera.sp..MP182G6",0.0801854729652405
"4864",203,"Paenibacillus.macerans",-0.00258691748604178
"4865",203,"Romboutsia.sp..MP35A8",-0.00187781697604805
"4866",203,"Sellimonas.intestinalis",-0.00229099649004638
"4867",203,"Turicibacter.sp..MP236E3",-0.00426770560443401
"4868",203,"Veillonella.atypica",0.0152804530225694
"4869",203,"Veillonella.dispar",0.0546526573598385
"4870",203,"X.Clostridium..citroniae",-0.0574339888989925
"4871",203,"X.Clostridium..cocleatum",-0.00207029609009624
"4872",203,"X.Clostridium..sp..MP626E2_ig1",-0.00256175675895065
"4873",204,"Anaerotruncus.colihominis",-0.00415987428277731
"4874",204,"Bacteroides.sp..MP64F12",-0.000524414470419288
"4875",204,"Blautia.coccoides",-0.00881191389635205
"4876",204,"Burkholderiales.bacterium",-0.00440925545990467
"4877",204,"Citrobacter.werkmanii",0.0816573426127434
"4878",204,"Clostridium.clostridioforme.CAG.511",-0.000941804173635319
"4879",204,"Clostridium.nexile.CAG.348",-0.00362925324589014
"4880",204,"Clostridium.paraputrificum",-0.0189403165131807
"4881",204,"Clostridium.sp..MP113D9",-0.00124341819901019
"4882",204,"Clostridium.sp..MP49A11",-0.00195475755026564
"4883",204,"Clostridium.sp..MP551E06",-0.00114753760863096
"4884",204,"Eggerthella.lenta",-0.0753079652786255
"4885",204,"Eggerthella.sp..MP163B1",-0.00845940550789237
"4886",204,"Lactobacillus.animalis",0.0206384109333158
"4887",204,"Megasphaera.sp..MP182G6",-0.00213478168006986
"4888",204,"Paenibacillus.macerans",-0.00322319485712796
"4889",204,"Romboutsia.sp..MP35A8",-0.00192242837511003
"4890",204,"Sellimonas.intestinalis",-0.00230931246187538
"4891",204,"Turicibacter.sp..MP236E3",-0.00461684726178646
"4892",204,"Veillonella.atypica",-0.00229471421334893
"4893",204,"Veillonella.dispar",0.0633631199598312
"4894",204,"X.Clostridium..citroniae",-0.0517970938235521
"4895",204,"X.Clostridium..cocleatum",-0.00271703046746552
"4896",204,"X.Clostridium..sp..MP626E2_ig1",-0.00180969818029553
"4897",205,"Anaerotruncus.colihominis",-0.00646419054828584
"4898",205,"Bacteroides.sp..MP64F12",-0.000551392848137766
"4899",205,"Blautia.coccoides",-0.00783324707299471
"4900",205,"Burkholderiales.bacterium",-0.00331592699512839
"4901",205,"Citrobacter.werkmanii",-0.00247166736517102
"4902",205,"Clostridium.clostridioforme.CAG.511",-0.000473863197839819
"4903",205,"Clostridium.nexile.CAG.348",-0.00346776668448001
"4904",205,"Clostridium.paraputrificum",-0.012274278793484
"4905",205,"Clostridium.sp..MP113D9",-0.00114960770588368
"4906",205,"Clostridium.sp..MP49A11",-0.00142993038753048
"4907",205,"Clostridium.sp..MP551E06",-0.00104861060390249
"4908",205,"Eggerthella.lenta",-0.0745805464684963
"4909",205,"Eggerthella.sp..MP163B1",-0.00926262140274048
"4910",205,"Lactobacillus.animalis",-0.000693291804054752
"4911",205,"Megasphaera.sp..MP182G6",-0.00153990462422371
"4912",205,"Paenibacillus.macerans",-0.00188098021317273
"4913",205,"Romboutsia.sp..MP35A8",-0.0012017895351164
"4914",205,"Sellimonas.intestinalis",-0.00230931246187538
"4915",205,"Turicibacter.sp..MP236E3",-0.00291939219459891
"4916",205,"Veillonella.atypica",0.0121613726951182
"4917",205,"Veillonella.dispar",-0.00289776106365025
"4918",205,"X.Clostridium..citroniae",-0.051006656140089
"4919",205,"X.Clostridium..cocleatum",-0.000198114248632919
"4920",205,"X.Clostridium..sp..MP626E2_ig1",0.0697693079710007
"4921",206,"Anaerotruncus.colihominis",0.0266521787270904
"4922",206,"Bacteroides.sp..MP64F12",-0.000618606805801392
"4923",206,"Blautia.coccoides",0.0148275149986148
"4924",206,"Burkholderiales.bacterium",-0.00270330056082457
"4925",206,"Citrobacter.werkmanii",-0.0015613732393831
"4926",206,"Clostridium.clostridioforme.CAG.511",0.00721428520046175
"4927",206,"Clostridium.nexile.CAG.348",-0.00159565883222967
"4928",206,"Clostridium.paraputrificum",-0.00808537285774946
"4929",206,"Clostridium.sp..MP113D9",-0.00084294585394673
"4930",206,"Clostridium.sp..MP49A11",-0.00128383678384125
"4931",206,"Clostridium.sp..MP551E06",-0.000531660451088101
"4932",206,"Eggerthella.lenta",-0.039788169786334
"4933",206,"Eggerthella.sp..MP163B1",-0.00531376735307276
"4934",206,"Lactobacillus.animalis",-0.000779467663960531
"4935",206,"Megasphaera.sp..MP182G6",0.0296077132225037
"4936",206,"Paenibacillus.macerans",-0.00153382396092638
"4937",206,"Romboutsia.sp..MP35A8",-0.00105159298982471
"4938",206,"Sellimonas.intestinalis",0.0197323989123106
"4939",206,"Turicibacter.sp..MP236E3",-0.00175978353945538
"4940",206,"Veillonella.atypica",0.00389571802224964
"4941",206,"Veillonella.dispar",-0.00374899804592133
"4942",206,"X.Clostridium..citroniae",0.177473366260529
"4943",206,"X.Clostridium..cocleatum",-0.00195411226013675
"4944",206,"X.Clostridium..sp..MP626E2_ig1",0.0191246755421162
"4945",207,"Anaerotruncus.colihominis",-0.00463871820829809
"4946",207,"Bacteroides.sp..MP64F12",-0.000790541234891862
"4947",207,"Blautia.coccoides",0.0272515062242746
"4948",207,"Burkholderiales.bacterium",-0.00228113017510623
"4949",207,"Citrobacter.werkmanii",-0.00176199310226366
"4950",207,"Clostridium.clostridioforme.CAG.511",-0.000439897528849542
"4951",207,"Clostridium.nexile.CAG.348",0.0348006598651409
"4952",207,"Clostridium.paraputrificum",-0.00663738185539842
"4953",207,"Clostridium.sp..MP113D9",-0.000849656760692596
"4954",207,"Clostridium.sp..MP49A11",-0.00129510654369369
"4955",207,"Clostridium.sp..MP551E06",-0.000571401818888262
"4956",207,"Eggerthella.lenta",-0.0446120575070381
"4957",207,"Eggerthella.sp..MP163B1",-0.00718919257633388
"4958",207,"Lactobacillus.animalis",-0.000706729158991948
"4959",207,"Megasphaera.sp..MP182G6",-0.00129116128664464
"4960",207,"Paenibacillus.macerans",-0.00171801424585283
"4961",207,"Romboutsia.sp..MP35A8",-0.00137609743978828
"4962",207,"Sellimonas.intestinalis",-0.00118634401587769
"4963",207,"Turicibacter.sp..MP236E3",-0.00200194376520813
"4964",207,"Veillonella.atypica",-0.00557243218645453
"4965",207,"Veillonella.dispar",-0.00307809084188193
"4966",207,"X.Clostridium..citroniae",0.18298901617527
"4967",207,"X.Clostridium..cocleatum",-0.0018733034376055
"4968",207,"X.Clostridium..sp..MP626E2_ig1",-0.00172080227639526
"4969",208,"Anaerotruncus.colihominis",-0.00947790360078216
"4970",208,"Bacteroides.sp..MP64F12",-0.000673714414006099
"4971",208,"Blautia.coccoides",-0.0055156818125397
"4972",208,"Burkholderiales.bacterium",-0.00464079086668789
"4973",208,"Citrobacter.werkmanii",-0.00299903028644621
"4974",208,"Clostridium.clostridioforme.CAG.511",-0.000980551092652604
"4975",208,"Clostridium.nexile.CAG.348",-0.00412417948246002
"4976",208,"Clostridium.paraputrificum",-0.0177962686866522
"4977",208,"Clostridium.sp..MP113D9",-0.00124147185124457
"4978",208,"Clostridium.sp..MP49A11",-0.00210046640131623
"4979",208,"Clostridium.sp..MP551E06",-0.00124274403788149
"4980",208,"Eggerthella.lenta",-0.109934899955988
"4981",208,"Eggerthella.sp..MP163B1",-0.0121962549164891
"4982",208,"Lactobacillus.animalis",-0.00114445021608844
"4983",208,"Megasphaera.sp..MP182G6",-0.00194164022104815
"4984",208,"Paenibacillus.macerans",-0.00204321125056595
"4985",208,"Romboutsia.sp..MP35A8",-0.00145641603739932
"4986",208,"Sellimonas.intestinalis",-0.00255758315324783
"4987",208,"Turicibacter.sp..MP236E3",-0.00314134743530303
"4988",208,"Veillonella.atypica",0.00676412670873106
"4989",208,"Veillonella.dispar",-0.00462742894887924
"4990",208,"X.Clostridium..citroniae",-0.0709312260150909
"4991",208,"X.Clostridium..cocleatum",-0.00323495967313647
"4992",208,"X.Clostridium..sp..MP626E2_ig1",0.0339620038866997
"4993",209,"Anaerotruncus.colihominis",-0.010885251685977
"4994",209,"Bacteroides.sp..MP64F12",-0.000587907910812646
"4995",209,"Blautia.coccoides",-0.00759978871792555
"4996",209,"Burkholderiales.bacterium",-0.00408922741189599
"4997",209,"Citrobacter.werkmanii",-0.00246533611789346
"4998",209,"Clostridium.clostridioforme.CAG.511",-0.000739771581720561
"4999",209,"Clostridium.nexile.CAG.348",-0.00308763002976775
"5000",209,"Clostridium.paraputrificum",-0.0130359218455851
"5001",209,"Clostridium.sp..MP113D9",-0.00105042557697743
"5002",209,"Clostridium.sp..MP49A11",-0.00158958707470447
"5003",209,"Clostridium.sp..MP551E06",-0.000991398410405964
"5004",209,"Eggerthella.lenta",-0.0688794143497944
"5005",209,"Eggerthella.sp..MP163B1",-0.00858450587838888
"5006",209,"Lactobacillus.animalis",-0.00083416944835335
"5007",209,"Megasphaera.sp..MP182G6",-0.00146783603122458
"5008",209,"Paenibacillus.macerans",-0.00195357628399506
"5009",209,"Romboutsia.sp..MP35A8",-0.00116409169277176
"5010",209,"Sellimonas.intestinalis",0.048804035410285
"5011",209,"Turicibacter.sp..MP236E3",-0.00260981859173626
"5012",209,"Veillonella.atypica",0.00936693791300058
"5013",209,"Veillonella.dispar",-0.00346649996936321
"5014",209,"X.Clostridium..citroniae",-0.0571483541280031
"5015",209,"X.Clostridium..cocleatum",-0.00247187912464142
"5016",209,"X.Clostridium..sp..MP626E2_ig1",0.0623543933033943
"5017",210,"Anaerotruncus.colihominis",0.0261365724727511
"5018",210,"Bacteroides.sp..MP64F12",-0.00058719891239889
"5019",210,"Blautia.coccoides",0.037867795675993
"5020",210,"Burkholderiales.bacterium",-0.00240287079941481
"5021",210,"Citrobacter.werkmanii",-0.00137200223980471
"5022",210,"Clostridium.clostridioforme.CAG.511",0.00702119409106672
"5023",210,"Clostridium.nexile.CAG.348",-0.00185859366320074
"5024",210,"Clostridium.paraputrificum",-0.00751742231659591
"5025",210,"Clostridium.sp..MP113D9",0.0207065613940358
"5026",210,"Clostridium.sp..MP49A11",0.00599421677179635
"5027",210,"Clostridium.sp..MP551E06",-0.000584158493438736
"5028",210,"Eggerthella.lenta",-0.044054938480258
"5029",210,"Eggerthella.sp..MP163B1",-0.00438783434219658
"5030",210,"Lactobacillus.animalis",-0.000589917530305684
"5031",210,"Megasphaera.sp..MP182G6",0.0278236288577318
"5032",210,"Paenibacillus.macerans",-0.00141187629196793
"5033",210,"Romboutsia.sp..MP35A8",-0.00101132155396044
"5034",210,"Sellimonas.intestinalis",-0.00120203656842932
"5035",210,"Turicibacter.sp..MP236E3",-0.00166559359058738
"5036",210,"Veillonella.atypica",0.00733674131333828
"5037",210,"Veillonella.dispar",-0.00394892087206244
"5038",210,"X.Clostridium..citroniae",0.150666609406471
"5039",210,"X.Clostridium..cocleatum",-0.00200690701603889
"5040",210,"X.Clostridium..sp..MP626E2_ig1",-0.0020620928844437
"5041",211,"Anaerotruncus.colihominis",-0.00477876281365752
"5042",211,"Bacteroides.sp..MP64F12",-0.000791013473644853
"5043",211,"Blautia.coccoides",-0.012183808721602
"5044",211,"Burkholderiales.bacterium",-0.00307452620472759
"5045",211,"Citrobacter.werkmanii",-0.00244686426594853
"5046",211,"Clostridium.clostridioforme.CAG.511",-0.000511848062160425
"5047",211,"Clostridium.nexile.CAG.348",-0.00195075117517263
"5048",211,"Clostridium.paraputrificum",-0.0149633097462356
"5049",211,"Clostridium.sp..MP113D9",-0.000914963689865544
"5050",211,"Clostridium.sp..MP49A11",-0.00151724036550149
"5051",211,"Clostridium.sp..MP551E06",-0.000782585877459496
"5052",211,"Eggerthella.lenta",-0.0571160539984703
"5053",211,"Eggerthella.sp..MP163B1",-0.00794227467849851
"5054",211,"Lactobacillus.animalis",-0.00077107225661166
"5055",211,"Megasphaera.sp..MP182G6",-0.00160108023555949
"5056",211,"Paenibacillus.macerans",-0.00225951801985502
"5057",211,"Romboutsia.sp..MP35A8",-0.00156404724111781
"5058",211,"Sellimonas.intestinalis",-0.00122092908713967
"5059",211,"Turicibacter.sp..MP236E3",-0.00273829197976738
"5060",211,"Veillonella.atypica",-0.00345358566846699
"5061",211,"Veillonella.dispar",-0.00433268141932786
"5062",211,"X.Clostridium..citroniae",0.255137711763382
"5063",211,"X.Clostridium..cocleatum",-0.0024192868731916
"5064",211,"X.Clostridium..sp..MP626E2_ig1",-0.00143043877324089
"5065",212,"Anaerotruncus.colihominis",-0.0111097884364426
"5066",212,"Bacteroides.sp..MP64F12",-0.000628205278189853
"5067",212,"Blautia.coccoides",0.0108914203010499
"5068",212,"Burkholderiales.bacterium",-0.00359053653664887
"5069",212,"Citrobacter.werkmanii",0.0245896428823471
"5070",212,"Clostridium.clostridioforme.CAG.511",-0.000650353584205732
"5071",212,"Clostridium.nexile.CAG.348",-0.00391799653880298
"5072",212,"Clostridium.paraputrificum",-0.0126896104775369
"5073",212,"Clostridium.sp..MP113D9",-0.000828721415018663
"5074",212,"Clostridium.sp..MP49A11",-0.00159562798216939
"5075",212,"Clostridium.sp..MP551E06",-0.000832846824778244
"5076",212,"Eggerthella.lenta",-0.0964895598590374
"5077",212,"Eggerthella.sp..MP163B1",-0.0108134732581675
"5078",212,"Lactobacillus.animalis",-0.000846734998049214
"5079",212,"Megasphaera.sp..MP182G6",-0.00154826254583895
"5080",212,"Paenibacillus.macerans",-0.00180045457091182
"5081",212,"Romboutsia.sp..MP35A8",-0.00168049708008766
"5082",212,"Sellimonas.intestinalis",-0.00215631653554738
"5083",212,"Turicibacter.sp..MP236E3",-0.00289408629760146
"5084",212,"Veillonella.atypica",-0.0155636868439615
"5085",212,"Veillonella.dispar",-0.00491614639759064
"5086",212,"X.Clostridium..citroniae",-0.06937650218606
"5087",212,"X.Clostridium..cocleatum",-0.00201338354963809
"5088",212,"X.Clostridium..sp..MP626E2_ig1",-0.00405436544679105
"5089",213,"Anaerotruncus.colihominis",-0.00431509176269174
"5090",213,"Bacteroides.sp..MP64F12",-0.000751003884943202
"5091",213,"Blautia.coccoides",0.0044466087128967
"5092",213,"Burkholderiales.bacterium",-0.00237091653980315
"5093",213,"Citrobacter.werkmanii",-0.00175865547498688
"5094",213,"Clostridium.clostridioforme.CAG.511",0.00522616622038186
"5095",213,"Clostridium.nexile.CAG.348",-0.00172939943149686
"5096",213,"Clostridium.paraputrificum",-0.00704561406746507
"5097",213,"Clostridium.sp..MP113D9",-0.000897836231160909
"5098",213,"Clostridium.sp..MP49A11",0.00420652970205992
"5099",213,"Clostridium.sp..MP551E06",-0.000576817314140499
"5100",213,"Eggerthella.lenta",-0.0443440210074186
"5101",213,"Eggerthella.sp..MP163B1",-0.00469764042645693
"5102",213,"Lactobacillus.animalis",-0.00126048200763762
"5103",213,"Megasphaera.sp..MP182G6",-0.00144818890839815
"5104",213,"Paenibacillus.macerans",-0.00141000462463126
"5105",213,"Romboutsia.sp..MP35A8",-0.0013236872619018
"5106",213,"Sellimonas.intestinalis",0.015908501110971
"5107",213,"Turicibacter.sp..MP236E3",-0.00178585544927046
"5108",213,"Veillonella.atypica",0.0062209009192884
"5109",213,"Veillonella.dispar",0.0236570592969656
"5110",213,"X.Clostridium..citroniae",0.150132201611996
"5111",213,"X.Clostridium..cocleatum",-0.00233499752357602
"5112",213,"X.Clostridium..sp..MP626E2_ig1",0.0199370179325342
"5113",214,"Anaerotruncus.colihominis",-0.00426888652145863
"5114",214,"Bacteroides.sp..MP64F12",-0.00062890158733353
"5115",214,"Blautia.coccoides",0.0340741090476513
"5116",214,"Burkholderiales.bacterium",-0.00246003607753664
"5117",214,"Citrobacter.werkmanii",-0.00119198462925851
"5118",214,"Clostridium.clostridioforme.CAG.511",-0.000488397286972031
"5119",214,"Clostridium.nexile.CAG.348",-0.00167042855173349
"5120",214,"Clostridium.paraputrificum",-0.00748951057903469
"5121",214,"Clostridium.sp..MP113D9",-0.000755837216274813
"5122",214,"Clostridium.sp..MP49A11",-0.000957114330958575
"5123",214,"Clostridium.sp..MP551E06",-0.000496205582749099
"5124",214,"Eggerthella.lenta",-0.0411289129406214
"5125",214,"Eggerthella.sp..MP163B1",-0.00535768899135292
"5126",214,"Lactobacillus.animalis",-0.00077129082637839
"5127",214,"Megasphaera.sp..MP182G6",-0.00122803641716018
"5128",214,"Paenibacillus.macerans",-0.00136080983793363
"5129",214,"Romboutsia.sp..MP35A8",-0.00124132027849555
"5130",214,"Sellimonas.intestinalis",-0.00116066250484437
"5131",214,"Turicibacter.sp..MP236E3",-0.00161598157137632
"5132",214,"Veillonella.atypica",-0.00832748925313354
"5133",214,"Veillonella.dispar",-0.00305667985230684
"5134",214,"X.Clostridium..citroniae",0.159869246184826
"5135",214,"X.Clostridium..cocleatum",0.00245164392981678
"5136",214,"X.Clostridium..sp..MP626E2_ig1",0.0274646719917655
"5137",215,"Anaerotruncus.colihominis",0.0492407660931349
"5138",215,"Bacteroides.sp..MP64F12",-0.000547068484593183
"5139",215,"Blautia.coccoides",0.0449107624590397
"5140",215,"Burkholderiales.bacterium",-0.00357668939977884
"5141",215,"Citrobacter.werkmanii",-0.00191337749129161
"5142",215,"Clostridium.clostridioforme.CAG.511",-0.000597708771238104
"5143",215,"Clostridium.nexile.CAG.348",-0.00286115461494774
"5144",215,"Clostridium.paraputrificum",0.0981628857553005
"5145",215,"Clostridium.sp..MP113D9",-0.000892308889888227
"5146",215,"Clostridium.sp..MP49A11",-0.001520007441286
"5147",215,"Clostridium.sp..MP551E06",-0.000812296901131049
"5148",215,"Eggerthella.lenta",-0.0594140812754631
"5149",215,"Eggerthella.sp..MP163B1",-0.00809307070448995
"5150",215,"Lactobacillus.animalis",-0.000825321796583012
"5151",215,"Megasphaera.sp..MP182G6",-0.00160970422439277
"5152",215,"Paenibacillus.macerans",-0.00237980287056416
"5153",215,"Romboutsia.sp..MP35A8",-0.00153567100642249
"5154",215,"Sellimonas.intestinalis",-0.00153895921539515
"5155",215,"Turicibacter.sp..MP236E3",-0.00234926678240299
"5156",215,"Veillonella.atypica",0.0137766399420798
"5157",215,"Veillonella.dispar",-0.00549157476052642
"5158",215,"X.Clostridium..citroniae",-0.0366256162524223
"5159",215,"X.Clostridium..cocleatum",-0.00183338165516034
"5160",215,"X.Clostridium..sp..MP626E2_ig1",-0.00320460821967572
"5161",216,"Anaerotruncus.colihominis",-0.00373946106992662
"5162",216,"Bacteroides.sp..MP64F12",-0.000638599623925984
"5163",216,"Blautia.coccoides",-0.00195515307132155
"5164",216,"Burkholderiales.bacterium",-0.00359454634599388
"5165",216,"Citrobacter.werkmanii",-0.00189861940452829
"5166",216,"Clostridium.clostridioforme.CAG.511",0.00735702621750534
"5167",216,"Clostridium.nexile.CAG.348",-0.00134618219453841
"5168",216,"Clostridium.paraputrificum",0.00528511125594378
"5169",216,"Clostridium.sp..MP113D9",-0.000967255793511868
"5170",216,"Clostridium.sp..MP49A11",-0.00122735125478357
"5171",216,"Clostridium.sp..MP551E06",-0.000493269064463675
"5172",216,"Eggerthella.lenta",0.166606299579144
"5173",216,"Eggerthella.sp..MP163B1",0.032103881239891
"5174",216,"Lactobacillus.animalis",-0.000774345360696316
"5175",216,"Megasphaera.sp..MP182G6",-0.00155653333058581
"5176",216,"Paenibacillus.macerans",-0.00139573530759662
"5177",216,"Romboutsia.sp..MP35A8",-0.00123813666868955
"5178",216,"Sellimonas.intestinalis",-0.0010980850784108
"5179",216,"Turicibacter.sp..MP236E3",-0.00182828289689496
"5180",216,"Veillonella.atypica",-0.00670229573734105
"5181",216,"Veillonella.dispar",-0.00398692465387285
"5182",216,"X.Clostridium..citroniae",0.129986442625523
"5183",216,"X.Clostridium..cocleatum",-0.00213197676930577
"5184",216,"X.Clostridium..sp..MP626E2_ig1",-0.00146555190440267
"5185",217,"Anaerotruncus.colihominis",-0.00530845136381686
"5186",217,"Bacteroides.sp..MP64F12",-0.000615252298302948
"5187",217,"Blautia.coccoides",-0.0167601453140378
"5188",217,"Burkholderiales.bacterium",-0.00260358990635723
"5189",217,"Citrobacter.werkmanii",-0.0024890893837437
"5190",217,"Clostridium.clostridioforme.CAG.511",-0.000832926452858374
"5191",217,"Clostridium.nexile.CAG.348",-0.00190665072295815
"5192",217,"Clostridium.paraputrificum",0.0285620484501123
"5193",217,"Clostridium.sp..MP113D9",-0.000669261848088354
"5194",217,"Clostridium.sp..MP49A11",-0.00151803187327459
"5195",217,"Clostridium.sp..MP551E06",-0.000736575981136411
"5196",217,"Eggerthella.lenta",-0.0456845462322235
"5197",217,"Eggerthella.sp..MP163B1",-0.00612923013977706
"5198",217,"Lactobacillus.animalis",-0.000963938451604918
"5199",217,"Megasphaera.sp..MP182G6",-0.00150761043187231
"5200",217,"Paenibacillus.macerans",-0.00192251265980303
"5201",217,"Romboutsia.sp..MP35A8",-0.00143591611413285
"5202",217,"Sellimonas.intestinalis",-0.00144243583781645
"5203",217,"Turicibacter.sp..MP236E3",0.0422975588589907
"5204",217,"Veillonella.atypica",0.00857474748045206
"5205",217,"Veillonella.dispar",-0.00278080371208489
"5206",217,"X.Clostridium..citroniae",0.217048123478889
"5207",217,"X.Clostridium..cocleatum",-0.00215941248461604
"5208",217,"X.Clostridium..sp..MP626E2_ig1",-0.00136533076874912
"5209",218,"Anaerotruncus.colihominis",-0.000374326526070945
"5210",218,"Bacteroides.sp..MP64F12",-0.000231359546887688
"5211",218,"Blautia.coccoides",-0.00939118582755327
"5212",218,"Burkholderiales.bacterium",0.021793432533741
"5213",218,"Citrobacter.werkmanii",0.00306412822101265
"5214",218,"Clostridium.clostridioforme.CAG.511",0.000317666388582438
"5215",218,"Clostridium.nexile.CAG.348",-0.00296289706602693
"5216",218,"Clostridium.paraputrificum",-0.0169904762879014
"5217",218,"Clostridium.sp..MP113D9",0.000952084083110094
"5218",218,"Clostridium.sp..MP49A11",-0.00118810078129172
"5219",218,"Clostridium.sp..MP551E06",-0.00118414487224072
"5220",218,"Eggerthella.lenta",-0.0589467417448759
"5221",218,"Eggerthella.sp..MP163B1",-0.000140023126732558
"5222",218,"Lactobacillus.animalis",-0.000572283053770661
"5223",218,"Megasphaera.sp..MP182G6",0.00269456161186099
"5224",218,"Paenibacillus.macerans",-0.00363415805622935
"5225",218,"Romboutsia.sp..MP35A8",7.47833746572724e-05
"5226",218,"Sellimonas.intestinalis",-0.00147841381840408
"5227",218,"Turicibacter.sp..MP236E3",-0.00371996033936739
"5228",218,"Veillonella.atypica",0.0108556183986366
"5229",218,"Veillonella.dispar",-0.00157192547339946
"5230",218,"X.Clostridium..citroniae",-0.0394520573318005
"5231",218,"X.Clostridium..cocleatum",0.053522877395153
"5232",218,"X.Clostridium..sp..MP626E2_ig1",0.000419326286646537
"5233",219,"Anaerotruncus.colihominis",-0.00466231536120176
"5234",219,"Bacteroides.sp..MP64F12",-0.000899922219105065
"5235",219,"Blautia.coccoides",-0.0137686929665506
"5236",219,"Burkholderiales.bacterium",-0.0054622576572001
"5237",219,"Citrobacter.werkmanii",-0.00268220680300146
"5238",219,"Clostridium.clostridioforme.CAG.511",-0.00086598438792862
"5239",219,"Clostridium.nexile.CAG.348",-0.00356019451282918
"5240",219,"Clostridium.paraputrificum",-0.0260873083025217
"5241",219,"Clostridium.sp..MP113D9",-0.000306970017845742
"5242",219,"Clostridium.sp..MP49A11",-0.00189174828119576
"5243",219,"Clostridium.sp..MP551E06",-0.00140771007863805
"5244",219,"Eggerthella.lenta",-0.0783763639628887
"5245",219,"Eggerthella.sp..MP163B1",-0.00850794278085232
"5246",219,"Lactobacillus.animalis",-0.00188043352682143
"5247",219,"Megasphaera.sp..MP182G6",-0.00124933727784082
"5248",219,"Paenibacillus.macerans",-0.00385049462784082
"5249",219,"Romboutsia.sp..MP35A8",-0.00113125838106498
"5250",219,"Sellimonas.intestinalis",-0.0020616949768737
"5251",219,"Turicibacter.sp..MP236E3",-0.0049068033695221
"5252",219,"Veillonella.atypica",0.00596405938267708
"5253",219,"Veillonella.dispar",-0.0050158693920821
"5254",219,"X.Clostridium..citroniae",-0.0902663618326187
"5255",219,"X.Clostridium..cocleatum",-0.00237932649906725
"5256",219,"X.Clostridium..sp..MP626E2_ig1",-0.001894369663205
"5257",220,"Anaerotruncus.colihominis",-0.00583753362298012
"5258",220,"Bacteroides.sp..MP64F12",-0.000843250920297578
"5259",220,"Blautia.coccoides",0.0434110406786203
"5260",220,"Burkholderiales.bacterium",-0.00564680062234402
"5261",220,"Citrobacter.werkmanii",-0.00416250200942159
"5262",220,"Clostridium.clostridioforme.CAG.511",-0.00136654428206384
"5263",220,"Clostridium.nexile.CAG.348",-0.00399004993960261
"5264",220,"Clostridium.paraputrificum",-0.0268281679600477
"5265",220,"Clostridium.sp..MP113D9",0.0281572183594108
"5266",220,"Clostridium.sp..MP49A11",-0.00276490196119994
"5267",220,"Clostridium.sp..MP551E06",-0.0014551761560142
"5268",220,"Eggerthella.lenta",-0.0847501456737518
"5269",220,"Eggerthella.sp..MP163B1",-0.0124634858220816
"5270",220,"Lactobacillus.animalis",-0.00133958621881902
"5271",220,"Megasphaera.sp..MP182G6",-0.00267384247854352
"5272",220,"Paenibacillus.macerans",-0.00388577207922935
"5273",220,"Romboutsia.sp..MP35A8",-0.00250881793908775
"5274",220,"Sellimonas.intestinalis",-0.00250514771323651
"5275",220,"Turicibacter.sp..MP236E3",-0.00532233482226729
"5276",220,"Veillonella.atypica",0.00812668260186911
"5277",220,"Veillonella.dispar",-0.00576916779391468
"5278",220,"X.Clostridium..citroniae",-0.0928702503442764
"5279",220,"X.Clostridium..cocleatum",-0.00255809677764773
"5280",220,"X.Clostridium..sp..MP626E2_ig1",-0.00300550030078739
"5281",221,"Anaerotruncus.colihominis",-0.00649333302862942
"5282",221,"Bacteroides.sp..MP64F12",-0.000539800530532375
"5283",221,"Blautia.coccoides",-0.00690709799528122
"5284",221,"Burkholderiales.bacterium",-0.00481010763905942
"5285",221,"Citrobacter.werkmanii",-0.00310309196356684
"5286",221,"Clostridium.clostridioforme.CAG.511",-0.00101638911291957
"5287",221,"Clostridium.nexile.CAG.348",-0.00461947149597108
"5288",221,"Clostridium.paraputrificum",-0.0207606637850404
"5289",221,"Clostridium.sp..MP113D9",-0.00154760241275653
"5290",221,"Clostridium.sp..MP49A11",-0.00197975616902113
"5291",221,"Clostridium.sp..MP551E06",-0.00143378635402769
"5292",221,"Eggerthella.lenta",-0.0956887528300285
"5293",221,"Eggerthella.sp..MP163B1",-0.012006554286927
"5294",221,"Lactobacillus.animalis",-0.00238819234073162
"5295",221,"Megasphaera.sp..MP182G6",-0.00292626558803022
"5296",221,"Paenibacillus.macerans",-0.00323095836210996
"5297",221,"Romboutsia.sp..MP35A8",-0.00222066405694932
"5298",221,"Sellimonas.intestinalis",-0.00253435887861997
"5299",221,"Turicibacter.sp..MP236E3",-0.00541973719373345
"5300",221,"Veillonella.atypica",0.00706689991056919
"5301",221,"Veillonella.dispar",0.0168206645175815
"5302",221,"X.Clostridium..citroniae",-0.0833253301680088
"5303",221,"X.Clostridium..cocleatum",-0.00233334966469556
"5304",221,"X.Clostridium..sp..MP626E2_ig1",-0.00354371313005686
"5305",222,"Anaerotruncus.colihominis",0.0178692424669862
"5306",222,"Bacteroides.sp..MP64F12",-0.000587584130698815
"5307",222,"Blautia.coccoides",-0.0106026702560484
"5308",222,"Burkholderiales.bacterium",0.00217784510459751
"5309",222,"Citrobacter.werkmanii",-0.00128385465359315
"5310",222,"Clostridium.clostridioforme.CAG.511",-0.000740158691769466
"5311",222,"Clostridium.nexile.CAG.348",-0.00112980708945543
"5312",222,"Clostridium.paraputrificum",-0.00666365120559931
"5313",222,"Clostridium.sp..MP113D9",-0.000642140454147011
"5314",222,"Clostridium.sp..MP49A11",-0.00112284533679485
"5315",222,"Clostridium.sp..MP551E06",-0.000448403487098403
"5316",222,"Eggerthella.lenta",0.146165817975998
"5317",222,"Eggerthella.sp..MP163B1",0.0225599845871329
"5318",222,"Lactobacillus.animalis",-0.000789884681580588
"5319",222,"Megasphaera.sp..MP182G6",-0.00101190665736794
"5320",222,"Paenibacillus.macerans",-0.00122256344184279
"5321",222,"Romboutsia.sp..MP35A8",-0.000948830711422488
"5322",222,"Sellimonas.intestinalis",-0.000967592175584286
"5323",222,"Turicibacter.sp..MP236E3",-0.00127979408716783
"5324",222,"Veillonella.atypica",0.00281957990955561
"5325",222,"Veillonella.dispar",-0.00259262998588383
"5326",222,"X.Clostridium..citroniae",0.10940320789814
"5327",222,"X.Clostridium..cocleatum",-0.00159676896873862
"5328",222,"X.Clostridium..sp..MP626E2_ig1",-0.00180895312223583
"5329",223,"Anaerotruncus.colihominis",-0.00639258837327361
"5330",223,"Bacteroides.sp..MP64F12",-0.000866031798068434
"5331",223,"Blautia.coccoides",-0.0107851112261415
"5332",223,"Burkholderiales.bacterium",-0.00597133277915418
"5333",223,"Citrobacter.werkmanii",-0.00293368520215154
"5334",223,"Clostridium.clostridioforme.CAG.511",-0.00158507667947561
"5335",223,"Clostridium.nexile.CAG.348",-0.00383951177354902
"5336",223,"Clostridium.paraputrificum",-0.0237628128379583
"5337",223,"Clostridium.sp..MP113D9",-0.000650439964374527
"5338",223,"Clostridium.sp..MP49A11",-0.0025591547600925
"5339",223,"Clostridium.sp..MP551E06",-0.00139067484997213
"5340",223,"Eggerthella.lenta",-0.0912741869688034
"5341",223,"Eggerthella.sp..MP163B1",-0.0110149416141212
"5342",223,"Lactobacillus.animalis",-0.00136627530446276
"5343",223,"Megasphaera.sp..MP182G6",-0.00247999234125018
"5344",223,"Paenibacillus.macerans",-0.00376807386055589
"5345",223,"Romboutsia.sp..MP35A8",-0.00214277044869959
"5346",223,"Sellimonas.intestinalis",-0.00226807326544076
"5347",223,"Turicibacter.sp..MP236E3",-0.00483536417596042
"5348",223,"Veillonella.atypica",0.00117035483708605
"5349",223,"Veillonella.dispar",-0.00512523227371275
"5350",223,"X.Clostridium..citroniae",-0.0819863900542259
"5351",223,"X.Clostridium..cocleatum",-0.00144753092899919
"5352",223,"X.Clostridium..sp..MP626E2_ig1",-0.00270964996889234
"5353",224,"Anaerotruncus.colihominis",-0.0416897740215063
"5354",224,"Bacteroides.sp..MP64F12",-0.000635177304502577
"5355",224,"Blautia.coccoides",-0.00409730616956949
"5356",224,"Burkholderiales.bacterium",-0.00389496795833111
"5357",224,"Citrobacter.werkmanii",-0.00229427905287594
"5358",224,"Clostridium.clostridioforme.CAG.511",-0.00121467979624867
"5359",224,"Clostridium.nexile.CAG.348",-0.00228816957678646
"5360",224,"Clostridium.paraputrificum",-0.0168347330763936
"5361",224,"Clostridium.sp..MP113D9",-0.00110765796853229
"5362",224,"Clostridium.sp..MP49A11",-0.00170059438096359
"5363",224,"Clostridium.sp..MP551E06",-0.000779171037720516
"5364",224,"Eggerthella.lenta",0.144992455840111
"5365",224,"Eggerthella.sp..MP163B1",-0.0150976623408496
"5366",224,"Lactobacillus.animalis",-0.00080017012078315
"5367",224,"Megasphaera.sp..MP182G6",-0.00223202432971448
"5368",224,"Paenibacillus.macerans",-0.00186345790280029
"5369",224,"Romboutsia.sp..MP35A8",-0.00161548028700054
"5370",224,"Sellimonas.intestinalis",-0.00153907231288031
"5371",224,"Turicibacter.sp..MP236E3",-0.00285144767258316
"5372",224,"Veillonella.atypica",-0.00705667049624026
"5373",224,"Veillonella.dispar",-0.00429620104841888
"5374",224,"X.Clostridium..citroniae",-0.06212018430233
"5375",224,"X.Clostridium..cocleatum",-0.00260011141654104
"5376",224,"X.Clostridium..sp..MP626E2_ig1",-0.00262962456326932
"5377",225,"Anaerotruncus.colihominis",-0.00745089258998632
"5378",225,"Bacteroides.sp..MP64F12",-0.000797290820628405
"5379",225,"Blautia.coccoides",-0.014302886556834
"5380",225,"Burkholderiales.bacterium",-0.00590541446581483
"5381",225,"Citrobacter.werkmanii",0.0470801275223494
"5382",225,"Clostridium.clostridioforme.CAG.511",-0.00115499983076006
"5383",225,"Clostridium.nexile.CAG.348",-0.00334847555495799
"5384",225,"Clostridium.paraputrificum",-0.0245038894936442
"5385",225,"Clostridium.sp..MP113D9",-0.000456970068626106
"5386",225,"Clostridium.sp..MP49A11",0.000899682723684236
"5387",225,"Clostridium.sp..MP551E06",-0.000866555899847299
"5388",225,"Eggerthella.lenta",-0.0861535519361496
"5389",225,"Eggerthella.sp..MP163B1",-0.0118653862737119
"5390",225,"Lactobacillus.animalis",-0.00138935091672465
"5391",225,"Megasphaera.sp..MP182G6",-0.00239337224047631
"5392",225,"Paenibacillus.macerans",-0.00389258575160056
"5393",225,"Romboutsia.sp..MP35A8",-0.00207339692860842
"5394",225,"Sellimonas.intestinalis",-0.00172893586568534
"5395",225,"Turicibacter.sp..MP236E3",-0.00513308472000062
"5396",225,"Veillonella.atypica",-0.00405195285566151
"5397",225,"Veillonella.dispar",-0.00497206696309149
"5398",225,"X.Clostridium..citroniae",-0.0524923503398895
"5399",225,"X.Clostridium..cocleatum",-0.00146446743747219
"5400",225,"X.Clostridium..sp..MP626E2_ig1",-0.00280832010321319
"5401",226,"Anaerotruncus.colihominis",-0.0088792722672224
"5402",226,"Bacteroides.sp..MP64F12",-0.000719690055120736
"5403",226,"Blautia.coccoides",0.0156927942298353
"5404",226,"Burkholderiales.bacterium",-0.00599818653427064
"5405",226,"Citrobacter.werkmanii",-0.00380203756503761
"5406",226,"Clostridium.clostridioforme.CAG.511",-0.00123696838272735
"5407",226,"Clostridium.nexile.CAG.348",-0.00424679857678711
"5408",226,"Clostridium.paraputrificum",-0.0271845478564501
"5409",226,"Clostridium.sp..MP113D9",-0.00136202236171812
"5410",226,"Clostridium.sp..MP49A11",-0.00254514266271144
"5411",226,"Clostridium.sp..MP551E06",-0.00139484857209027
"5412",226,"Eggerthella.lenta",-0.108135089278221
"5413",226,"Eggerthella.sp..MP163B1",-0.0141105181537569
"5414",226,"Lactobacillus.animalis",-0.00103489076718688
"5415",226,"Megasphaera.sp..MP182G6",-0.00275346450507641
"5416",226,"Paenibacillus.macerans",-0.00265334837604314
"5417",226,"Romboutsia.sp..MP35A8",-0.00208081293385476
"5418",226,"Sellimonas.intestinalis",-0.00295193062629551
"5419",226,"Turicibacter.sp..MP236E3",-0.00455247471109033
"5420",226,"Veillonella.atypica",-0.0187531402334571
"5421",226,"Veillonella.dispar",-0.0080372211523354
"5422",226,"X.Clostridium..citroniae",-0.0846384316682816
"5423",226,"X.Clostridium..cocleatum",-0.00329058431088924
"5424",226,"X.Clostridium..sp..MP626E2_ig1",-0.0031493044225499
"5425",227,"Anaerotruncus.colihominis",-0.00602895626798272
"5426",227,"Bacteroides.sp..MP64F12",-0.000642380327917635
"5427",227,"Blautia.coccoides",-0.0288857957348228
"5428",227,"Burkholderiales.bacterium",0.0390223078429699
"5429",227,"Citrobacter.werkmanii",-0.00263745768461376
"5430",227,"Clostridium.clostridioforme.CAG.511",-0.00128660188056529
"5431",227,"Clostridium.nexile.CAG.348",-0.00174161233007908
"5432",227,"Clostridium.paraputrificum",-0.0153913833200932
"5433",227,"Clostridium.sp..MP113D9",-0.000587637769058347
"5434",227,"Clostridium.sp..MP49A11",-0.00161620043218136
"5435",227,"Clostridium.sp..MP551E06",-0.00057984737213701
"5436",227,"Eggerthella.lenta",-0.080654926598072
"5437",227,"Eggerthella.sp..MP163B1",-0.0105765168555081
"5438",227,"Lactobacillus.animalis",-0.00104532617842779
"5439",227,"Megasphaera.sp..MP182G6",-0.00190438004210591
"5440",227,"Paenibacillus.macerans",-0.00209867127705365
"5441",227,"Romboutsia.sp..MP35A8",-0.00155024544801563
"5442",227,"Sellimonas.intestinalis",-0.00138694309862331
"5443",227,"Turicibacter.sp..MP236E3",-0.00283436430618167
"5444",227,"Veillonella.atypica",-0.00695983343757689
"5445",227,"Veillonella.dispar",-0.00577931152656674
"5446",227,"X.Clostridium..citroniae",0.0832735560834408
"5447",227,"X.Clostridium..cocleatum",-0.00168542563915253
"5448",227,"X.Clostridium..sp..MP626E2_ig1",-0.00184651132440194
"5449",228,"Anaerotruncus.colihominis",0.0245414189994335
"5450",228,"Bacteroides.sp..MP64F12",-0.000588067574426532
"5451",228,"Blautia.coccoides",-0.00211392960045487
"5452",228,"Burkholderiales.bacterium",0.00493658380582929
"5453",228,"Citrobacter.werkmanii",-0.00205139338504523
"5454",228,"Clostridium.clostridioforme.CAG.511",0.00916957389563322
"5455",228,"Clostridium.nexile.CAG.348",-0.0017022768734023
"5456",228,"Clostridium.paraputrificum",-0.00889693619683385
"5457",228,"Clostridium.sp..MP113D9",-0.000970745895756409
"5458",228,"Clostridium.sp..MP49A11",-0.00138201366644353
"5459",228,"Clostridium.sp..MP551E06",-0.000688985572196543
"5460",228,"Eggerthella.lenta",0.261907503008842
"5461",228,"Eggerthella.sp..MP163B1",0.0311929201707244
"5462",228,"Lactobacillus.animalis",-0.000884464796399698
"5463",228,"Megasphaera.sp..MP182G6",-0.00140398257644847
"5464",228,"Paenibacillus.macerans",-0.00132089306134731
"5465",228,"Romboutsia.sp..MP35A8",-0.00102133664768189
"5466",228,"Sellimonas.intestinalis",-0.00127239129506052
"5467",228,"Turicibacter.sp..MP236E3",-0.00182391924317926
"5468",228,"Veillonella.atypica",-0.00485254800878465
"5469",228,"Veillonella.dispar",-0.00395937217399478
"5470",228,"X.Clostridium..citroniae",-0.0372939854860306
"5471",228,"X.Clostridium..cocleatum",-0.00181242357939482
"5472",228,"X.Clostridium..sp..MP626E2_ig1",-0.00237445975653827
"5473",229,"Anaerotruncus.colihominis",-0.00491114030592144
"5474",229,"Bacteroides.sp..MP64F12",-0.000783919211244211
"5475",229,"Blautia.coccoides",-0.0142144891433418
"5476",229,"Burkholderiales.bacterium",-0.00512832147069275
"5477",229,"Citrobacter.werkmanii",-0.00290451571345329
"5478",229,"Clostridium.clostridioforme.CAG.511",-0.000814189290395007
"5479",229,"Clostridium.nexile.CAG.348",-0.00356019451282918
"5480",229,"Clostridium.paraputrificum",-0.0274535231292248
"5481",229,"Clostridium.sp..MP113D9",-0.000304978115309495
"5482",229,"Clostridium.sp..MP49A11",-0.00190531584667042
"5483",229,"Clostridium.sp..MP551E06",-0.00145246338797733
"5484",229,"Eggerthella.lenta",-0.0771332792937756
"5485",229,"Eggerthella.sp..MP163B1",-0.00991869950667024
"5486",229,"Lactobacillus.animalis",-0.00142304296605289
"5487",229,"Megasphaera.sp..MP182G6",-0.00121549260802567
"5488",229,"Paenibacillus.macerans",-0.00407689437270164
"5489",229,"Romboutsia.sp..MP35A8",-0.000963177386438474
"5490",229,"Sellimonas.intestinalis",-0.00205157278105617
"5491",229,"Turicibacter.sp..MP236E3",-0.00507660186849535
"5492",229,"Veillonella.atypica",0.00701106176711619
"5493",229,"Veillonella.dispar",-0.00527494587004185
"5494",229,"X.Clostridium..citroniae",-0.0918393991887569
"5495",229,"X.Clostridium..cocleatum",-0.00259011087473482
"5496",229,"X.Clostridium..sp..MP626E2_ig1",-0.00190348766045645
"5497",230,"Anaerotruncus.colihominis",-0.000843897592858411
"5498",230,"Bacteroides.sp..MP64F12",-0.000741826166631654
"5499",230,"Blautia.coccoides",-0.00672613014467061
"5500",230,"Burkholderiales.bacterium",-0.00614714156836271
"5501",230,"Citrobacter.werkmanii",-0.00290865555871278
"5502",230,"Clostridium.clostridioforme.CAG.511",-0.00154009001562372
"5503",230,"Clostridium.nexile.CAG.348",-0.00417546089738607
"5504",230,"Clostridium.paraputrificum",-0.0235167555510998
"5505",230,"Clostridium.sp..MP113D9",-0.00134157616412267
"5506",230,"Clostridium.sp..MP49A11",-0.00229041336569935
"5507",230,"Clostridium.sp..MP551E06",-0.00142725760815665
"5508",230,"Eggerthella.lenta",-0.097831018269062
"5509",230,"Eggerthella.sp..MP163B1",-0.0124723697081208
"5510",230,"Lactobacillus.animalis",-0.00095295044593513
"5511",230,"Megasphaera.sp..MP182G6",-0.00262909336015582
"5512",230,"Paenibacillus.macerans",-0.0024843510473147
"5513",230,"Romboutsia.sp..MP35A8",-0.00163689372129738
"5514",230,"Sellimonas.intestinalis",-0.00267260672990233
"5515",230,"Turicibacter.sp..MP236E3",-0.00424801278859377
"5516",230,"Veillonella.atypica",-0.0123470639809966
"5517",230,"Veillonella.dispar",-0.00592273147776723
"5518",230,"X.Clostridium..citroniae",-0.093466978520155
"5519",230,"X.Clostridium..cocleatum",-0.00304042978677899
"5520",230,"X.Clostridium..sp..MP626E2_ig1",-0.00413927319459617
"5521",231,"Anaerotruncus.colihominis",-0.00983157241716981
"5522",231,"Bacteroides.sp..MP64F12",-0.000619290862232447
"5523",231,"Blautia.coccoides",0.01256238296628
"5524",231,"Burkholderiales.bacterium",-0.00395877449773252
"5525",231,"Citrobacter.werkmanii",-0.00239828252233565
"5526",231,"Clostridium.clostridioforme.CAG.511",-0.00102821353357285
"5527",231,"Clostridium.nexile.CAG.348",-0.00410559005104005
"5528",231,"Clostridium.paraputrificum",-0.0165822571143508
"5529",231,"Clostridium.sp..MP113D9",-0.000985757331363857
"5530",231,"Clostridium.sp..MP49A11",-0.00190525827929378
"5531",231,"Clostridium.sp..MP551E06",-0.00129576789913699
"5532",231,"Eggerthella.lenta",-0.110722675919533
"5533",231,"Eggerthella.sp..MP163B1",-0.0161643326282501
"5534",231,"Lactobacillus.animalis",-0.000880543113453314
"5535",231,"Megasphaera.sp..MP182G6",-0.00157335249241441
"5536",231,"Paenibacillus.macerans",-0.00282641011290252
"5537",231,"Romboutsia.sp..MP35A8",-0.00159249833086506
"5538",231,"Sellimonas.intestinalis",-0.00256700010504574
"5539",231,"Turicibacter.sp..MP236E3",0.0230664247646928
"5540",231,"Veillonella.atypica",-0.00847444124519825
"5541",231,"Veillonella.dispar",-0.00409852806478739
"5542",231,"X.Clostridium..citroniae",-0.0809365548193455
"5543",231,"X.Clostridium..cocleatum",-0.00276478379964828
"5544",231,"X.Clostridium..sp..MP626E2_ig1",-0.00352618610486388
"5545",232,"Anaerotruncus.colihominis",-0.00515626580454409
"5546",232,"Bacteroides.sp..MP64F12",-0.000585564557695761
"5547",232,"Blautia.coccoides",-0.00795086892321706
"5548",232,"Burkholderiales.bacterium",0.0601501818746328
"5549",232,"Citrobacter.werkmanii",-0.0022240657126531
"5550",232,"Clostridium.clostridioforme.CAG.511",-0.00060406545526348
"5551",232,"Clostridium.nexile.CAG.348",-0.00353061105124652
"5552",232,"Clostridium.paraputrificum",0.0710727274417877
"5553",232,"Clostridium.sp..MP113D9",-0.0010257902322337
"5554",232,"Clostridium.sp..MP49A11",-0.00137512490618974
"5555",232,"Clostridium.sp..MP551E06",-0.001161077641882
"5556",232,"Eggerthella.lenta",-0.0708435997366905
"5557",232,"Eggerthella.sp..MP163B1",0.0578189119696617
"5558",232,"Lactobacillus.animalis",-0.000903921667486429
"5559",232,"Megasphaera.sp..MP182G6",0.0307082710787654
"5560",232,"Paenibacillus.macerans",-0.00166139146313071
"5561",232,"Romboutsia.sp..MP35A8",-0.0016488836845383
"5562",232,"Sellimonas.intestinalis",-0.00190531730186194
"5563",232,"Turicibacter.sp..MP236E3",-0.00203453178983182
"5564",232,"Veillonella.atypica",-0.00758187263272703
"5565",232,"Veillonella.dispar",-0.00383990025147796
"5566",232,"X.Clostridium..citroniae",-0.0537067204713821
"5567",232,"X.Clostridium..cocleatum",-0.00277897296473384
"5568",232,"X.Clostridium..sp..MP626E2_ig1",-0.00338938762433827
"5569",233,"Anaerotruncus.colihominis",-0.00591838429681957
"5570",233,"Bacteroides.sp..MP64F12",-0.00059413947747089
"5571",233,"Blautia.coccoides",-0.014160939026624
"5572",233,"Burkholderiales.bacterium",-0.00384551379829645
"5573",233,"Citrobacter.werkmanii",-0.0033671393757686
"5574",233,"Clostridium.clostridioforme.CAG.511",-0.000942126818699762
"5575",233,"Clostridium.nexile.CAG.348",-0.00413559842854738
"5576",233,"Clostridium.paraputrificum",0.0515078213065863
"5577",233,"Clostridium.sp..MP113D9",-0.00110203411895782
"5578",233,"Clostridium.sp..MP49A11",-0.00241592025849968
"5579",233,"Clostridium.sp..MP551E06",-0.00152642326429486
"5580",233,"Eggerthella.lenta",-0.0920291058719158
"5581",233,"Eggerthella.sp..MP163B1",-0.011887582950294
"5582",233,"Lactobacillus.animalis",-0.00119547749636695
"5583",233,"Megasphaera.sp..MP182G6",-0.00233985134400427
"5584",233,"Paenibacillus.macerans",-0.00287384761031717
"5585",233,"Romboutsia.sp..MP35A8",0.0585690476000309
"5586",233,"Sellimonas.intestinalis",-0.00260616990271956
"5587",233,"Turicibacter.sp..MP236E3",-0.00373734417371452
"5588",233,"Veillonella.atypica",0.00329122866969556
"5589",233,"Veillonella.dispar",-0.00793926767073572
"5590",233,"X.Clostridium..citroniae",-0.0808028131723404
"5591",233,"X.Clostridium..cocleatum",-0.00406321603804827
"5592",233,"X.Clostridium..sp..MP626E2_ig1",-0.00324636569712311
"5593",234,"Anaerotruncus.colihominis",-0.00842823693528771
"5594",234,"Bacteroides.sp..MP64F12",-0.000670119334245101
"5595",234,"Blautia.coccoides",-0.00755125330761075
"5596",234,"Burkholderiales.bacterium",-0.00560223730280995
"5597",234,"Citrobacter.werkmanii",-0.00348559732083231
"5598",234,"Clostridium.clostridioforme.CAG.511",-0.00149706687079743
"5599",234,"Clostridium.nexile.CAG.348",-0.00417138752527535
"5600",234,"Clostridium.paraputrificum",-0.0244941040873528
"5601",234,"Clostridium.sp..MP113D9",-0.00131964182946831
"5602",234,"Clostridium.sp..MP49A11",-0.0022686569718644
"5603",234,"Clostridium.sp..MP551E06",-0.00152642326429486
"5604",234,"Eggerthella.lenta",-0.110061336308718
"5605",234,"Eggerthella.sp..MP163B1",-0.0151066677644849
"5606",234,"Lactobacillus.animalis",-0.000962090736720711
"5607",234,"Megasphaera.sp..MP182G6",-0.00255273876246065
"5608",234,"Paenibacillus.macerans",-0.00281596963759512
"5609",234,"Romboutsia.sp..MP35A8",-0.0021300392691046
"5610",234,"Sellimonas.intestinalis",-0.00313056423328817
"5611",234,"Turicibacter.sp..MP236E3",-0.00431257113814354
"5612",234,"Veillonella.atypica",-0.0126253082416952
"5613",234,"Veillonella.dispar",-0.00716264662332833
"5614",234,"X.Clostridium..citroniae",-0.0961672738194466
"5615",234,"X.Clostridium..cocleatum",-0.00328125478699803
"5616",234,"X.Clostridium..sp..MP626E2_ig1",-0.00401158025488257
"5617",235,"Anaerotruncus.colihominis",0.0194179695099592
"5618",235,"Bacteroides.sp..MP64F12",-0.000651837181067094
"5619",235,"Blautia.coccoides",-0.00262272328836843
"5620",235,"Burkholderiales.bacterium",-0.00312650366686285
"5621",235,"Citrobacter.werkmanii",-0.00176552654011175
"5622",235,"Clostridium.clostridioforme.CAG.511",-0.000878028688021004
"5623",235,"Clostridium.nexile.CAG.348",-0.00206850050017238
"5624",235,"Clostridium.paraputrificum",-0.00847619352862239
"5625",235,"Clostridium.sp..MP113D9",-0.000896705489140004
"5626",235,"Clostridium.sp..MP49A11",-0.00129718426615
"5627",235,"Clostridium.sp..MP551E06",-0.000689082604367286
"5628",235,"Eggerthella.lenta",-0.0544133074581623
"5629",235,"Eggerthella.sp..MP163B1",0.0285743186250329
"5630",235,"Lactobacillus.animalis",-0.000796476320829242
"5631",235,"Megasphaera.sp..MP182G6",-0.00129201833624393
"5632",235,"Paenibacillus.macerans",-0.00130224111489952
"5633",235,"Romboutsia.sp..MP35A8",-0.000999641313683242
"5634",235,"Sellimonas.intestinalis",0.0200686687603593
"5635",235,"Turicibacter.sp..MP236E3",-0.00173071527387947
"5636",235,"Veillonella.atypica",0.00507387891411781
"5637",235,"Veillonella.dispar",-0.00324532703962177
"5638",235,"X.Clostridium..citroniae",0.217498742043972
"5639",235,"X.Clostridium..cocleatum",-0.00194421096239239
"5640",235,"X.Clostridium..sp..MP626E2_ig1",-0.0023769719991833
"5641",236,"Anaerotruncus.colihominis",-0.00207255833083764
"5642",236,"Bacteroides.sp..MP64F12",-0.000816660700365901
"5643",236,"Blautia.coccoides",-0.00719400052912533
"5644",236,"Burkholderiales.bacterium",-0.00299987301696092
"5645",236,"Citrobacter.werkmanii",-0.00160571525339037
"5646",236,"Clostridium.clostridioforme.CAG.511",-0.000177847861777991
"5647",236,"Clostridium.nexile.CAG.348",-0.00143002555705607
"5648",236,"Clostridium.paraputrificum",-0.0170481419190764
"5649",236,"Clostridium.sp..MP113D9",-9.10238522919826e-05
"5650",236,"Clostridium.sp..MP49A11",-0.00122971151722595
"5651",236,"Clostridium.sp..MP551E06",-0.000685437116771936
"5652",236,"Eggerthella.lenta",0.296274125576019
"5653",236,"Eggerthella.sp..MP163B1",0.05617949180305
"5654",236,"Lactobacillus.animalis",-0.00116892956430092
"5655",236,"Megasphaera.sp..MP182G6",-0.00105489065754227
"5656",236,"Paenibacillus.macerans",-0.00275030301418155
"5657",236,"Romboutsia.sp..MP35A8",-0.000740462797693908
"5658",236,"Sellimonas.intestinalis",-0.000977961026364937
"5659",236,"Turicibacter.sp..MP236E3",-0.00219472066964954
"5660",236,"Veillonella.atypica",0.00674852728843689
"5661",236,"Veillonella.dispar",-0.00293539767153561
"5662",236,"X.Clostridium..citroniae",-0.0467527136206627
"5663",236,"X.Clostridium..cocleatum",-0.00109263713238761
"5664",236,"X.Clostridium..sp..MP626E2_ig1",-0.000681246194289997
"5665",237,"Anaerotruncus.colihominis",-0.00373946758918464
"5666",237,"Bacteroides.sp..MP64F12",-0.000657732482068241
"5667",237,"Blautia.coccoides",-0.00876875733956695
"5668",237,"Burkholderiales.bacterium",-0.00502720661461353
"5669",237,"Citrobacter.werkmanii",-0.00221816170960665
"5670",237,"Clostridium.clostridioforme.CAG.511",-0.000600949919316918
"5671",237,"Clostridium.nexile.CAG.348",-0.00356019451282918
"5672",237,"Clostridium.paraputrificum",-0.0216588573530316
"5673",237,"Clostridium.sp..MP113D9",-3.36245648213662e-05
"5674",237,"Clostridium.sp..MP49A11",-0.00119886110769585
"5675",237,"Clostridium.sp..MP551E06",-0.0012823497527279
"5676",237,"Eggerthella.lenta",-0.0733045525848866
"5677",237,"Eggerthella.sp..MP163B1",-0.00744470325298607
"5678",237,"Lactobacillus.animalis",-0.00106571899959818
"5679",237,"Megasphaera.sp..MP182G6",-0.00100522392312996
"5680",237,"Paenibacillus.macerans",-0.00316197064239532
"5681",237,"Romboutsia.sp..MP35A8",-0.000791130063589662
"5682",237,"Sellimonas.intestinalis",-0.00177878531394526
"5683",237,"Turicibacter.sp..MP236E3",-0.00379430456086993
"5684",237,"Veillonella.atypica",0.00313819572329521
"5685",237,"Veillonella.dispar",-0.00245412741787732
"5686",237,"X.Clostridium..citroniae",-0.0500757060945034
"5687",237,"X.Clostridium..cocleatum",-0.00086775777162984
"5688",237,"X.Clostridium..sp..MP626E2_ig1",-0.00116782489931211
"5689",238,"Anaerotruncus.colihominis",-0.0111429779790342
"5690",238,"Bacteroides.sp..MP64F12",-0.000607027584919706
"5691",238,"Blautia.coccoides",0.0248015243560076
"5692",238,"Burkholderiales.bacterium",-0.00312984269112349
"5693",238,"Citrobacter.werkmanii",-0.00349118676967919
"5694",238,"Clostridium.clostridioforme.CAG.511",-0.00154103653039783
"5695",238,"Clostridium.nexile.CAG.348",-0.00403194513637573
"5696",238,"Clostridium.paraputrificum",-0.0257166614755988
"5697",238,"Clostridium.sp..MP113D9",-0.0010568643338047
"5698",238,"Clostridium.sp..MP49A11",-0.00263698166236281
"5699",238,"Clostridium.sp..MP551E06",-0.000895229022717103
"5700",238,"Eggerthella.lenta",-0.0968482978641987
"5701",238,"Eggerthella.sp..MP163B1",-0.0139046390540898
"5702",238,"Lactobacillus.animalis",-0.00111393514089286
"5703",238,"Megasphaera.sp..MP182G6",-0.0024202058557421
"5704",238,"Paenibacillus.macerans",-0.0026350145926699
"5705",238,"Romboutsia.sp..MP35A8",-0.00190605572424829
"5706",238,"Sellimonas.intestinalis",-0.00224601000081748
"5707",238,"Turicibacter.sp..MP236E3",-0.00475298031233251
"5708",238,"Veillonella.atypica",-0.0187255209311843
"5709",238,"Veillonella.dispar",-0.00748728471808136
"5710",238,"X.Clostridium..citroniae",-0.0746956169605255
"5711",238,"X.Clostridium..cocleatum",-0.000691548484610394
"5712",238,"X.Clostridium..sp..MP626E2_ig1",-0.00313032220583409
"5713",239,"Anaerotruncus.colihominis",-0.00798575766384602
"5714",239,"Bacteroides.sp..MP64F12",-0.00064314142218791
"5715",239,"Blautia.coccoides",-0.00201557646505535
"5716",239,"Burkholderiales.bacterium",-0.00462969369255006
"5717",239,"Citrobacter.werkmanii",-0.00257198035251349
"5718",239,"Clostridium.clostridioforme.CAG.511",-0.00101003947202116
"5719",239,"Clostridium.nexile.CAG.348",-0.0033099390566349
"5720",239,"Clostridium.paraputrificum",-0.0167826591059566
"5721",239,"Clostridium.sp..MP113D9",-0.00105260335840285
"5722",239,"Clostridium.sp..MP49A11",-0.00212248438037932
"5723",239,"Clostridium.sp..MP551E06",-0.00141497683944181
"5724",239,"Eggerthella.lenta",-0.116481248289347
"5725",239,"Eggerthella.sp..MP163B1",-0.013626866042614
"5726",239,"Lactobacillus.animalis",-0.00097481207922101
"5727",239,"Megasphaera.sp..MP182G6",-0.00161576352547854
"5728",239,"Paenibacillus.macerans",-0.00231943209655583
"5729",239,"Romboutsia.sp..MP35A8",-0.00151358661241829
"5730",239,"Sellimonas.intestinalis",-0.00152299652108923
"5731",239,"Turicibacter.sp..MP236E3",0.0229793339967728
"5732",239,"Veillonella.atypica",-0.00889751175418496
"5733",239,"Veillonella.dispar",-0.00415961467660964
"5734",239,"X.Clostridium..citroniae",-0.0878990516066551
"5735",239,"X.Clostridium..cocleatum",-0.00298219046089798
"5736",239,"X.Clostridium..sp..MP626E2_ig1",-0.00450827786698937
"5737",240,"Anaerotruncus.colihominis",-0.00446999189443886
"5738",240,"Bacteroides.sp..MP64F12",-0.000588297145441175
"5739",240,"Blautia.coccoides",-0.00608281884342432
"5740",240,"Burkholderiales.bacterium",0.0865137614309788
"5741",240,"Citrobacter.werkmanii",-0.00269717012997717
"5742",240,"Clostridium.clostridioforme.CAG.511",-0.00113715388579294
"5743",240,"Clostridium.nexile.CAG.348",-0.00361138477455825
"5744",240,"Clostridium.paraputrificum",-0.0134214665740728
"5745",240,"Clostridium.sp..MP113D9",-0.00125294574536383
"5746",240,"Clostridium.sp..MP49A11",-0.00159592489944771
"5747",240,"Clostridium.sp..MP551E06",-0.00098439899738878
"5748",240,"Eggerthella.lenta",-0.0679261647164822
"5749",240,"Eggerthella.sp..MP163B1",-0.00730349565856159
"5750",240,"Lactobacillus.animalis",-0.00119379296666011
"5751",240,"Megasphaera.sp..MP182G6",-0.00217230804264545
"5752",240,"Paenibacillus.macerans",-0.00312628247775137
"5753",240,"Romboutsia.sp..MP35A8",-0.00200830434914678
"5754",240,"Sellimonas.intestinalis",-0.001641514536459
"5755",240,"Turicibacter.sp..MP236E3",-0.00377993751317263
"5756",240,"Veillonella.atypica",0.0197933204472065
"5757",240,"Veillonella.dispar",0.0491538532078266
"5758",240,"X.Clostridium..citroniae",-0.0383585970848799
"5759",240,"X.Clostridium..cocleatum",-0.00242685270495713
"5760",240,"X.Clostridium..sp..MP626E2_ig1",-0.00314254220575094
"5761",241,"Anaerotruncus.colihominis",0.0532766059041023
"5762",241,"Bacteroides.sp..MP64F12",-0.000812801532447338
"5763",241,"Blautia.coccoides",-0.0092393415980041
"5764",241,"Burkholderiales.bacterium",-0.00353410607203841
"5765",241,"Citrobacter.werkmanii",-0.0020994913065806
"5766",241,"Clostridium.clostridioforme.CAG.511",-0.000984720973065123
"5767",241,"Clostridium.nexile.CAG.348",-0.0025819637812674
"5768",241,"Clostridium.paraputrificum",0.136076986789703
"5769",241,"Clostridium.sp..MP113D9",-0.000194817905139644
"5770",241,"Clostridium.sp..MP49A11",-0.00226158404257149
"5771",241,"Clostridium.sp..MP551E06",-0.0010364325135015
"5772",241,"Eggerthella.lenta",-0.0542302820831537
"5773",241,"Eggerthella.sp..MP163B1",-0.00617629452608526
"5774",241,"Lactobacillus.animalis",-0.00114083831431344
"5775",241,"Megasphaera.sp..MP182G6",-0.00181583041558042
"5776",241,"Paenibacillus.macerans",-0.0025191354798153
"5777",241,"Romboutsia.sp..MP35A8",-0.00159512792015448
"5778",241,"Sellimonas.intestinalis",-0.00179729086812586
"5779",241,"Turicibacter.sp..MP236E3",-0.00269853987265378
"5780",241,"Veillonella.atypica",0.00272980495356023
"5781",241,"Veillonella.dispar",-0.00326025055255741
"5782",241,"X.Clostridium..citroniae",-0.0419326182454824
"5783",241,"X.Clostridium..cocleatum",-0.00102077797055244
"5784",241,"X.Clostridium..sp..MP626E2_ig1",0.0520709939301014
"5785",242,"Anaerotruncus.colihominis",-0.00231503485701978
"5786",242,"Bacteroides.sp..MP64F12",-0.000753248838009313
"5787",242,"Blautia.coccoides",-0.00580707564949989
"5788",242,"Burkholderiales.bacterium",0.10579551756382
"5789",242,"Citrobacter.werkmanii",-0.00213834538590163
"5790",242,"Clostridium.clostridioforme.CAG.511",-0.00115944677963853
"5791",242,"Clostridium.nexile.CAG.348",-0.00269304204266518
"5792",242,"Clostridium.paraputrificum",-0.0133370845578611
"5793",242,"Clostridium.sp..MP113D9",-0.000315699187922291
"5794",242,"Clostridium.sp..MP49A11",-0.00168346747523174
"5795",242,"Clostridium.sp..MP551E06",-0.000766332523198798
"5796",242,"Eggerthella.lenta",-0.0599913224577904
"5797",242,"Eggerthella.sp..MP163B1",-0.00742835598066449
"5798",242,"Lactobacillus.animalis",-0.00118192692752928
"5799",242,"Megasphaera.sp..MP182G6",-0.00137597532011569
"5800",242,"Paenibacillus.macerans",-0.0028869389789179
"5801",242,"Romboutsia.sp..MP35A8",-0.001670194149483
"5802",242,"Sellimonas.intestinalis",-0.00132047518854961
"5803",242,"Turicibacter.sp..MP236E3",-0.00369658623822033
"5804",242,"Veillonella.atypica",0.00699692848138511
"5805",242,"Veillonella.dispar",-0.00306472927331924
"5806",242,"X.Clostridium..citroniae",-0.0498936120420694
"5807",242,"X.Clostridium..cocleatum",-0.00131284323288128
"5808",242,"X.Clostridium..sp..MP626E2_ig1",-0.0014833624009043
"5809",243,"Anaerotruncus.colihominis",0.0285450620576739
"5810",243,"Bacteroides.sp..MP64F12",-0.000573185650864616
"5811",243,"Blautia.coccoides",-0.00409711454994977
"5812",243,"Burkholderiales.bacterium",-0.00319646834395826
"5813",243,"Citrobacter.werkmanii",-0.00180225761141628
"5814",243,"Clostridium.clostridioforme.CAG.511",0.00874509662389755
"5815",243,"Clostridium.nexile.CAG.348",-0.00212789874058217
"5816",243,"Clostridium.paraputrificum",-0.00953301135450602
"5817",243,"Clostridium.sp..MP113D9",-0.00105335866101086
"5818",243,"Clostridium.sp..MP49A11",-0.00140864966670051
"5819",243,"Clostridium.sp..MP551E06",-0.00071002374170348
"5820",243,"Eggerthella.lenta",0.177862890064716
"5821",243,"Eggerthella.sp..MP163B1",-0.00765524921007454
"5822",243,"Lactobacillus.animalis",-0.00080175296170637
"5823",243,"Megasphaera.sp..MP182G6",-0.00136167422169819
"5824",243,"Paenibacillus.macerans",-0.0015855772071518
"5825",243,"Romboutsia.sp..MP35A8",-0.00107600330375135
"5826",243,"Sellimonas.intestinalis",0.021042256616056
"5827",243,"Turicibacter.sp..MP236E3",-0.00189176894491538
"5828",243,"Veillonella.atypica",-0.00512561853975058
"5829",243,"Veillonella.dispar",-0.00341095845215023
"5830",243,"X.Clostridium..citroniae",-0.0426871795207262
"5831",243,"X.Clostridium..cocleatum",-0.00167367781978101
"5832",243,"X.Clostridium..sp..MP626E2_ig1",-0.00252972787711769
"5833",244,"Anaerotruncus.colihominis",0.0188818471506238
"5834",244,"Bacteroides.sp..MP64F12",-0.000652053888188675
"5835",244,"Blautia.coccoides",-0.00412374828010798
"5836",244,"Burkholderiales.bacterium",0.0172529071569443
"5837",244,"Citrobacter.werkmanii",-0.00153148733079433
"5838",244,"Clostridium.clostridioforme.CAG.511",0.007815963588655
"5839",244,"Clostridium.nexile.CAG.348",0.0300586419180036
"5840",244,"Clostridium.paraputrificum",-0.00829543871805072
"5841",244,"Clostridium.sp..MP113D9",-0.00081830401904881
"5842",244,"Clostridium.sp..MP49A11",-0.00133721245219931
"5843",244,"Clostridium.sp..MP551E06",-0.000585995119763538
"5844",244,"Eggerthella.lenta",0.20252388715744
"5845",244,"Eggerthella.sp..MP163B1",-0.00696991989389062
"5846",244,"Lactobacillus.animalis",-0.000794130144640803
"5847",244,"Megasphaera.sp..MP182G6",-0.00132050359388813
"5848",244,"Paenibacillus.macerans",-0.00125532649690285
"5849",244,"Romboutsia.sp..MP35A8",-0.00100766430841759
"5850",244,"Sellimonas.intestinalis",-0.00135157385375351
"5851",244,"Turicibacter.sp..MP236E3",-0.00176943140104413
"5852",244,"Veillonella.atypica",0.00415099237579852
"5853",244,"Veillonella.dispar",-0.00275837676599622
"5854",244,"X.Clostridium..citroniae",-0.0333999395370483
"5855",244,"X.Clostridium..cocleatum",-0.00181712803896517
"5856",244,"X.Clostridium..sp..MP626E2_ig1",-0.0021219669142738
"5857",245,"Anaerotruncus.colihominis",-0.00244725705124438
"5858",245,"Bacteroides.sp..MP64F12",-0.000715555972419679
"5859",245,"Blautia.coccoides",0.0685468055307865
"5860",245,"Burkholderiales.bacterium",-0.00325125677045435
"5861",245,"Citrobacter.werkmanii",-0.0016947909607552
"5862",245,"Clostridium.clostridioforme.CAG.511",-0.000401479337597266
"5863",245,"Clostridium.nexile.CAG.348",-0.00168674782617018
"5864",245,"Clostridium.paraputrificum",-0.0155553091317415
"5865",245,"Clostridium.sp..MP113D9",-8.68755887495354e-05
"5866",245,"Clostridium.sp..MP49A11",-0.00117232260527089
"5867",245,"Clostridium.sp..MP551E06",-0.000658332020975649
"5868",245,"Eggerthella.lenta",-0.0413605868816376
"5869",245,"Eggerthella.sp..MP163B1",-0.00621186685748398
"5870",245,"Lactobacillus.animalis",-0.00109363376395777
"5871",245,"Megasphaera.sp..MP182G6",-0.000934293639147654
"5872",245,"Paenibacillus.macerans",-0.00265420693904161
"5873",245,"Romboutsia.sp..MP35A8",-0.000761864852393046
"5874",245,"Sellimonas.intestinalis",-0.00101442210143432
"5875",245,"Turicibacter.sp..MP236E3",-0.00233875715639442
"5876",245,"Veillonella.atypica",0.00311770662665367
"5877",245,"Veillonella.dispar",-0.00327678164467216
"5878",245,"X.Clostridium..citroniae",0.28209362924099
"5879",245,"X.Clostridium..cocleatum",-0.00128280319040641
"5880",245,"X.Clostridium..sp..MP626E2_ig1",-0.000663282145978883
"5881",246,"Anaerotruncus.colihominis",-0.00390883116051555
"5882",246,"Bacteroides.sp..MP64F12",-0.000293077566311695
"5883",246,"Blautia.coccoides",-0.0169842997565866
"5884",246,"Burkholderiales.bacterium",-0.00487945135682821
"5885",246,"Citrobacter.werkmanii",0.00151533837197348
"5886",246,"Clostridium.clostridioforme.CAG.511",0
"5887",246,"Clostridium.nexile.CAG.348",-0.00319635320920497
"5888",246,"Clostridium.paraputrificum",-0.0202870098873973
"5889",246,"Clostridium.sp..MP113D9",0.000572189746890217
"5890",246,"Clostridium.sp..MP49A11",-0.00131120387231931
"5891",246,"Clostridium.sp..MP551E06",-0.0012951095122844
"5892",246,"Eggerthella.lenta",-0.0702984631061554
"5893",246,"Eggerthella.sp..MP163B1",-0.00271623791195452
"5894",246,"Lactobacillus.animalis",-0.000564750895136967
"5895",246,"Megasphaera.sp..MP182G6",0.00214096892159432
"5896",246,"Paenibacillus.macerans",-0.00425512716174126
"5897",246,"Romboutsia.sp..MP35A8",-0.000262519803072792
"5898",246,"Sellimonas.intestinalis",-0.00172970595303923
"5899",246,"Turicibacter.sp..MP236E3",-0.00417528860270977
"5900",246,"Veillonella.atypica",0.00517031294293702
"5901",246,"Veillonella.dispar",-0.00382839131634682
"5902",246,"X.Clostridium..citroniae",-0.0719330012798309
"5903",246,"X.Clostridium..cocleatum",-0.00309531611856073
"5904",246,"X.Clostridium..sp..MP626E2_ig1",-0.00112229661317542
"5905",247,"Anaerotruncus.colihominis",-0.00256442301906645
"5906",247,"Bacteroides.sp..MP64F12",-0.000814245082437992
"5907",247,"Blautia.coccoides",-0.000771778068155982
"5908",247,"Burkholderiales.bacterium",0.0691836401820183
"5909",247,"Citrobacter.werkmanii",-0.001876633730717
"5910",247,"Clostridium.clostridioforme.CAG.511",-0.000341356921126135
"5911",247,"Clostridium.nexile.CAG.348",-0.00167534413048998
"5912",247,"Clostridium.paraputrificum",-0.0156584023497999
"5913",247,"Clostridium.sp..MP113D9",-2.47110729105771e-05
"5914",247,"Clostridium.sp..MP49A11",-0.00119473692029715
"5915",247,"Clostridium.sp..MP551E06",-0.000765606586355716
"5916",247,"Eggerthella.lenta",-0.0449389759451151
"5917",247,"Eggerthella.sp..MP163B1",-0.00591425038874149
"5918",247,"Lactobacillus.animalis",-0.00130709796212614
"5919",247,"Megasphaera.sp..MP182G6",-0.000802772206952795
"5920",247,"Paenibacillus.macerans",-0.00245472998358309
"5921",247,"Romboutsia.sp..MP35A8",-0.000593944248976186
"5922",247,"Sellimonas.intestinalis",-0.00101369130425155
"5923",247,"Turicibacter.sp..MP236E3",-0.00244635774288327
"5924",247,"Veillonella.atypica",0.00745998043566942
"5925",247,"Veillonella.dispar",-0.00232324376702309
"5926",247,"X.Clostridium..citroniae",0.266650676727295
"5927",247,"X.Clostridium..cocleatum",-0.00129243405535817
"5928",247,"X.Clostridium..sp..MP626E2_ig1",-7.55196415411774e-05
"5929",248,"Anaerotruncus.colihominis",0.0551173407584429
"5930",248,"Bacteroides.sp..MP64F12",-0.000758009380660951
"5931",248,"Blautia.coccoides",-0.00961870467290282
"5932",248,"Burkholderiales.bacterium",-0.0036163890035823
"5933",248,"Citrobacter.werkmanii",-0.0022437657462433
"5934",248,"Clostridium.clostridioforme.CAG.511",-0.000694571906933561
"5935",248,"Clostridium.nexile.CAG.348",-0.00309604883659631
"5936",248,"Clostridium.paraputrificum",0.128426000475883
"5937",248,"Clostridium.sp..MP113D9",-0.000198409346921835
"5938",248,"Clostridium.sp..MP49A11",0.0721958987414837
"5939",248,"Clostridium.sp..MP551E06",-0.00111602136166766
"5940",248,"Eggerthella.lenta",-0.0546625927090645
"5941",248,"Eggerthella.sp..MP163B1",-0.00554347014985979
"5942",248,"Lactobacillus.animalis",-0.00123444071505219
"5943",248,"Megasphaera.sp..MP182G6",-0.00140390219166875
"5944",248,"Paenibacillus.macerans",-0.00275915861129761
"5945",248,"Romboutsia.sp..MP35A8",-0.00142450735438615
"5946",248,"Sellimonas.intestinalis",-0.00175453850533813
"5947",248,"Turicibacter.sp..MP236E3",-0.00260338722728193
"5948",248,"Veillonella.atypica",0.00389450811780989
"5949",248,"Veillonella.dispar",-0.00364471995271742
"5950",248,"X.Clostridium..citroniae",-0.0380996577441692
"5951",248,"X.Clostridium..cocleatum",-0.000853095814818516
"5952",248,"X.Clostridium..sp..MP626E2_ig1",-0.00212415342684835
"5953",249,"Anaerotruncus.colihominis",-0.00709406170062721
"5954",249,"Bacteroides.sp..MP64F12",-0.000560626067453995
"5955",249,"Blautia.coccoides",-0.00744558591395617
"5956",249,"Burkholderiales.bacterium",-0.00519475596956909
"5957",249,"Citrobacter.werkmanii",-0.00377614551689476
"5958",249,"Clostridium.clostridioforme.CAG.511",-0.00111966422991827
"5959",249,"Clostridium.nexile.CAG.348",-0.00400288309901953
"5960",249,"Clostridium.paraputrificum",-0.0269526746124029
"5961",249,"Clostridium.sp..MP113D9",-0.00136259780265391
"5962",249,"Clostridium.sp..MP49A11",-0.00245911604724824
"5963",249,"Clostridium.sp..MP551E06",-0.00157679500989616
"5964",249,"Eggerthella.lenta",-0.094496063888073
"5965",249,"Eggerthella.sp..MP163B1",-0.0118028083816171
"5966",249,"Lactobacillus.animalis",-0.000934044015593827
"5967",249,"Megasphaera.sp..MP182G6",-0.00225589808542281
"5968",249,"Paenibacillus.macerans",-0.00321152061223984
"5969",249,"Romboutsia.sp..MP35A8",-0.00217387627344579
"5970",249,"Sellimonas.intestinalis",-0.00251136347651482
"5971",249,"Turicibacter.sp..MP236E3",-0.00446225563064218
"5972",249,"Veillonella.atypica",0.00695267249830067
"5973",249,"Veillonella.dispar",-0.00728873303160071
"5974",249,"X.Clostridium..citroniae",-0.0907700061798096
"5975",249,"X.Clostridium..cocleatum",-0.000943219987675548
"5976",249,"X.Clostridium..sp..MP626E2_ig1",-0.00300892698578537
"5977",250,"Anaerotruncus.colihominis",0.0333746913820505
"5978",250,"Bacteroides.sp..MP64F12",-0.000569310417631641
"5979",250,"Blautia.coccoides",0.0276247104629874
"5980",250,"Burkholderiales.bacterium",-0.00310112733859569
"5981",250,"Citrobacter.werkmanii",-0.00191247102338821
"5982",250,"Clostridium.clostridioforme.CAG.511",-0.000687791063683107
"5983",250,"Clostridium.nexile.CAG.348",-0.0026777470484376
"5984",250,"Clostridium.paraputrificum",0.0497941896319389
"5985",250,"Clostridium.sp..MP113D9",-0.000942472193855792
"5986",250,"Clostridium.sp..MP49A11",-0.00136528100119904
"5987",250,"Clostridium.sp..MP551E06",-0.000933575152885169
"5988",250,"Eggerthella.lenta",-0.0472769271582365
"5989",250,"Eggerthella.sp..MP163B1",-0.00748544582165778
"5990",250,"Lactobacillus.animalis",-0.000794171937741339
"5991",250,"Megasphaera.sp..MP182G6",-0.00132330745691434
"5992",250,"Paenibacillus.macerans",-0.00151433190330863
"5993",250,"Romboutsia.sp..MP35A8",-0.00135536293964833
"5994",250,"Sellimonas.intestinalis",0.0304282633587718
"5995",250,"Turicibacter.sp..MP236E3",-0.00201080500846729
"5996",250,"Veillonella.atypica",-0.00916938437148929
"5997",250,"Veillonella.dispar",-0.00471306010149419
"5998",250,"X.Clostridium..citroniae",-0.034445159137249
"5999",250,"X.Clostridium..cocleatum",-0.00183846824802458
"6000",250,"X.Clostridium..sp..MP626E2_ig1",0.047354931011796
"6001",251,"Anaerotruncus.colihominis",-0.00473060132935643
"6002",251,"Bacteroides.sp..MP64F12",-0.000585278845392168
"6003",251,"Blautia.coccoides",0.0509361661970615
"6004",251,"Burkholderiales.bacterium",-0.00284482620190829
"6005",251,"Citrobacter.werkmanii",-0.00194020412163809
"6006",251,"Clostridium.clostridioforme.CAG.511",-0.000714668596629053
"6007",251,"Clostridium.nexile.CAG.348",-0.00190043734619394
"6008",251,"Clostridium.paraputrificum",-0.0144755230285227
"6009",251,"Clostridium.sp..MP113D9",-0.000793695449829102
"6010",251,"Clostridium.sp..MP49A11",-0.00140927394386381
"6011",251,"Clostridium.sp..MP551E06",-0.000555844919290394
"6012",251,"Eggerthella.lenta",-0.0454586502164602
"6013",251,"Eggerthella.sp..MP163B1",-0.00639228010550141
"6014",251,"Lactobacillus.animalis",-0.000750686973333359
"6015",251,"Megasphaera.sp..MP182G6",-0.00147046556230634
"6016",251,"Paenibacillus.macerans",-0.00190278835361823
"6017",251,"Romboutsia.sp..MP35A8",-0.00158301857300103
"6018",251,"Sellimonas.intestinalis",-0.00135696883080527
"6019",251,"Turicibacter.sp..MP236E3",-0.00261143397074193
"6020",251,"Veillonella.atypica",0.0132896131835878
"6021",251,"Veillonella.dispar",-0.00468442821875215
"6022",251,"X.Clostridium..citroniae",0.227240584790707
"6023",251,"X.Clostridium..cocleatum",0.0246683470904827
"6024",251,"X.Clostridium..sp..MP626E2_ig1",-0.00197247683536261
"6025",252,"Anaerotruncus.colihominis",-0.00501954066567123
"6026",252,"Bacteroides.sp..MP64F12",-0.000622285151621327
"6027",252,"Blautia.coccoides",-0.0154142174869776
"6028",252,"Burkholderiales.bacterium",-0.00307651131879538
"6029",252,"Citrobacter.werkmanii",-0.00196064508054405
"6030",252,"Clostridium.clostridioforme.CAG.511",-0.000676706345984712
"6031",252,"Clostridium.nexile.CAG.348",-0.00221353233791888
"6032",252,"Clostridium.paraputrificum",-0.00782606704160571
"6033",252,"Clostridium.sp..MP113D9",-0.000955947121838108
"6034",252,"Clostridium.sp..MP49A11",-0.00125215749721974
"6035",252,"Clostridium.sp..MP551E06",-0.000746784789953381
"6036",252,"Eggerthella.lenta",-0.0433742236346006
"6037",252,"Eggerthella.sp..MP163B1",-0.00820434419438243
"6038",252,"Lactobacillus.animalis",-0.000814823637483642
"6039",252,"Megasphaera.sp..MP182G6",-0.00127492431784049
"6040",252,"Paenibacillus.macerans",-0.00152031145989895
"6041",252,"Romboutsia.sp..MP35A8",-0.00137417885707691
"6042",252,"Sellimonas.intestinalis",-0.00149672641418874
"6043",252,"Turicibacter.sp..MP236E3",-0.00214570888783783
"6044",252,"Veillonella.atypica",0.00444362289272249
"6045",252,"Veillonella.dispar",-0.00273130449932069
"6046",252,"X.Clostridium..citroniae",0.210266225039959
"6047",252,"X.Clostridium..cocleatum",-0.00192738545592874
"6048",252,"X.Clostridium..sp..MP626E2_ig1",-0.00212823424953967
"6049",253,"Anaerotruncus.colihominis",-0.00773827312514186
"6050",253,"Bacteroides.sp..MP64F12",-0.000697321520419791
"6051",253,"Blautia.coccoides",-0.00848414050415158
"6052",253,"Burkholderiales.bacterium",-0.00457770028151572
"6053",253,"Citrobacter.werkmanii",-0.00268783571664244
"6054",253,"Clostridium.clostridioforme.CAG.511",-0.000941155012696981
"6055",253,"Clostridium.nexile.CAG.348",-0.00446643657051027
"6056",253,"Clostridium.paraputrificum",-0.0158260613679886
"6057",253,"Clostridium.sp..MP113D9",-0.00118013907922432
"6058",253,"Clostridium.sp..MP49A11",-0.00170656415866688
"6059",253,"Clostridium.sp..MP551E06",-0.00132342096185312
"6060",253,"Eggerthella.lenta",-0.103565361350775
"6061",253,"Eggerthella.sp..MP163B1",-0.0115771521814167
"6062",253,"Lactobacillus.animalis",-0.000739393522962928
"6063",253,"Megasphaera.sp..MP182G6",-0.00188610557233915
"6064",253,"Paenibacillus.macerans",-0.00201198807917535
"6065",253,"Romboutsia.sp..MP35A8",-0.00166231906041503
"6066",253,"Sellimonas.intestinalis",-0.00264451652765274
"6067",253,"Turicibacter.sp..MP236E3",-0.00305139273405075
"6068",253,"Veillonella.atypica",-0.0154911587014794
"6069",253,"Veillonella.dispar",-0.00508457189425826
"6070",253,"X.Clostridium..citroniae",-0.0726597085595131
"6071",253,"X.Clostridium..cocleatum",-0.00282945169601589
"6072",253,"X.Clostridium..sp..MP626E2_ig1",-0.00405181315727532
"6073",254,"Anaerotruncus.colihominis",-0.00456677912734449
"6074",254,"Bacteroides.sp..MP64F12",-0.000592017226153985
"6075",254,"Blautia.coccoides",-0.0146242794580758
"6076",254,"Burkholderiales.bacterium",-0.00527441082522273
"6077",254,"Citrobacter.werkmanii",6.22374063823372e-05
"6078",254,"Clostridium.clostridioforme.CAG.511",-0.00037285074358806
"6079",254,"Clostridium.nexile.CAG.348",-0.00317367445677519
"6080",254,"Clostridium.paraputrificum",-0.0315776541829109
"6081",254,"Clostridium.sp..MP113D9",-0.000142347038490698
"6082",254,"Clostridium.sp..MP49A11",-0.00139467616099864
"6083",254,"Clostridium.sp..MP551E06",-0.00129435810958967
"6084",254,"Eggerthella.lenta",-0.0763082057237625
"6085",254,"Eggerthella.sp..MP163B1",-0.00762820499949157
"6086",254,"Lactobacillus.animalis",-0.0015302580432035
"6087",254,"Megasphaera.sp..MP182G6",0.00126086588716134
"6088",254,"Paenibacillus.macerans",-0.00390104856342077
"6089",254,"Romboutsia.sp..MP35A8",-0.000624244654318318
"6090",254,"Sellimonas.intestinalis",-0.00185851054266095
"6091",254,"Turicibacter.sp..MP236E3",-0.00450235907919705
"6092",254,"Veillonella.atypica",0.000802860653493553
"6093",254,"Veillonella.dispar",-0.00523288268595934
"6094",254,"X.Clostridium..citroniae",-0.0711608044803143
"6095",254,"X.Clostridium..cocleatum",-0.00286852323915809
"6096",254,"X.Clostridium..sp..MP626E2_ig1",-0.00183535343967378
"6097",255,"Anaerotruncus.colihominis",-0.00568115850910544
"6098",255,"Bacteroides.sp..MP64F12",-0.000615306431427598
"6099",255,"Blautia.coccoides",-0.0326355174183846
"6100",255,"Burkholderiales.bacterium",-0.00371306156739593
"6101",255,"Citrobacter.werkmanii",-0.00189385982230306
"6102",255,"Clostridium.clostridioforme.CAG.511",-0.0010814277920872
"6103",255,"Clostridium.nexile.CAG.348",-0.00240551389288157
"6104",255,"Clostridium.paraputrificum",-0.01556780282408
"6105",255,"Clostridium.sp..MP113D9",-0.000978631665930152
"6106",255,"Clostridium.sp..MP49A11",-0.00143562286393717
"6107",255,"Clostridium.sp..MP551E06",-0.000680390978232026
"6108",255,"Eggerthella.lenta",-0.0809721983969212
"6109",255,"Eggerthella.sp..MP163B1",-0.0116621912457049
"6110",255,"Lactobacillus.animalis",-0.000763580057537183
"6111",255,"Megasphaera.sp..MP182G6",-0.00165565905626863
"6112",255,"Paenibacillus.macerans",-0.00188420584890991
"6113",255,"Romboutsia.sp..MP35A8",-0.00158913963241503
"6114",255,"Sellimonas.intestinalis",-0.00164537277305499
"6115",255,"Turicibacter.sp..MP236E3",-0.00273445888888091
"6116",255,"Veillonella.atypica",-0.0120156714692712
"6117",255,"Veillonella.dispar",-0.00397177971899509
"6118",255,"X.Clostridium..citroniae",0.0799088552594185
"6119",255,"X.Clostridium..cocleatum",-0.00314668717328459
"6120",255,"X.Clostridium..sp..MP626E2_ig1",-0.00216884398832917
"6121",256,"Anaerotruncus.colihominis",0.00292178196832538
"6122",256,"Bacteroides.sp..MP64F12",-0.000625136337475851
"6123",256,"Blautia.coccoides",-0.00365487195085734
"6124",256,"Burkholderiales.bacterium",-0.00333179219160229
"6125",256,"Citrobacter.werkmanii",-0.00173796329181641
"6126",256,"Clostridium.clostridioforme.CAG.511",0.008953922893852
"6127",256,"Clostridium.nexile.CAG.348",-0.00171252980362624
"6128",256,"Clostridium.paraputrificum",-0.010560872964561
"6129",256,"Clostridium.sp..MP113D9",-0.000855478487210348
"6130",256,"Clostridium.sp..MP49A11",-0.0013944812817499
"6131",256,"Clostridium.sp..MP551E06",-0.00073159477324225
"6132",256,"Eggerthella.lenta",0.282587200403214
"6133",256,"Eggerthella.sp..MP163B1",0.0378404669463634
"6134",256,"Lactobacillus.animalis",-0.00079230367555283
"6135",256,"Megasphaera.sp..MP182G6",-0.00155092950444669
"6136",256,"Paenibacillus.macerans",-0.00150273885810748
"6137",256,"Romboutsia.sp..MP35A8",-0.00113029073690996
"6138",256,"Sellimonas.intestinalis",-0.00126530113629997
"6139",256,"Turicibacter.sp..MP236E3",-0.00183708767872304
"6140",256,"Veillonella.atypica",-0.00431114714592695
"6141",256,"Veillonella.dispar",-0.00318997667636722
"6142",256,"X.Clostridium..citroniae",-0.0400975067168474
"6143",256,"X.Clostridium..cocleatum",-0.00171637238236144
"6144",256,"X.Clostridium..sp..MP626E2_ig1",-0.00205555139109492
"6145",257,"Anaerotruncus.colihominis",-0.000245866584009491
"6146",257,"Bacteroides.sp..MP64F12",-0.000668781925924122
"6147",257,"Blautia.coccoides",-0.0058786803856492
"6148",257,"Burkholderiales.bacterium",-0.00427099969238043
"6149",257,"Citrobacter.werkmanii",-0.00271002657245845
"6150",257,"Clostridium.clostridioforme.CAG.511",-0.00113813142525032
"6151",257,"Clostridium.nexile.CAG.348",-0.00461796205490828
"6152",257,"Clostridium.paraputrificum",-0.017568027600646
"6153",257,"Clostridium.sp..MP113D9",-0.00130023236852139
"6154",257,"Clostridium.sp..MP49A11",-0.00220207322854549
"6155",257,"Clostridium.sp..MP551E06",-0.00130874401656911
"6156",257,"Eggerthella.lenta",-0.116068463772535
"6157",257,"Eggerthella.sp..MP163B1",-0.0126763437874615
"6158",257,"Lactobacillus.animalis",-0.00081947009311989
"6159",257,"Megasphaera.sp..MP182G6",-0.00179099210072309
"6160",257,"Paenibacillus.macerans",-0.0020988832693547
"6161",257,"Romboutsia.sp..MP35A8",-0.00157461577327922
"6162",257,"Sellimonas.intestinalis",-0.0028890825342387
"6163",257,"Turicibacter.sp..MP236E3",-0.00329344545025378
"6164",257,"Veillonella.atypica",-0.0126079912297428
"6165",257,"Veillonella.dispar",-0.00589257176034153
"6166",257,"X.Clostridium..citroniae",-0.0857964158058167
"6167",257,"X.Clostridium..cocleatum",-0.00233615178149194
"6168",257,"X.Clostridium..sp..MP626E2_ig1",-0.0043687776196748
"6169",258,"Anaerotruncus.colihominis",-0.00201534247025847
"6170",258,"Bacteroides.sp..MP64F12",0.00144447782076895
"6171",258,"Blautia.coccoides",-0.0139703638851643
"6172",258,"Burkholderiales.bacterium",-0.0030524373287335
"6173",258,"Citrobacter.werkmanii",0.00650863698683679
"6174",258,"Clostridium.clostridioforme.CAG.511",0.000686701125232503
"6175",258,"Clostridium.nexile.CAG.348",-0.00322878162842244
"6176",258,"Clostridium.paraputrificum",-0.0171566670760512
"6177",258,"Clostridium.sp..MP113D9",0.0033675852464512
"6178",258,"Clostridium.sp..MP49A11",-0.000785178708611056
"6179",258,"Clostridium.sp..MP551E06",-0.00105763855390251
"6180",258,"Eggerthella.lenta",-0.0780205614864826
"6181",258,"Eggerthella.sp..MP163B1",0.00127612822689116
"6182",258,"Lactobacillus.animalis",0.00558961974456906
"6183",258,"Megasphaera.sp..MP182G6",0.00485028652474284
"6184",258,"Paenibacillus.macerans",-0.00262722687330097
"6185",258,"Romboutsia.sp..MP35A8",0.000236642394156661
"6186",258,"Sellimonas.intestinalis",-0.00120386510388926
"6187",258,"Turicibacter.sp..MP236E3",-0.00360301556065679
"6188",258,"Veillonella.atypica",0.00356977654155344
"6189",258,"Veillonella.dispar",-0.00527510745450854
"6190",258,"X.Clostridium..citroniae",-0.0555957295000553
"6191",258,"X.Clostridium..cocleatum",-0.00285165291279554
"6192",258,"X.Clostridium..sp..MP626E2_ig1",-0.00029885445110267
"6193",259,"Anaerotruncus.colihominis",-0.00937807839363813
"6194",259,"Bacteroides.sp..MP64F12",-0.000747130980016664
"6195",259,"Blautia.coccoides",-0.00734457490034401
"6196",259,"Burkholderiales.bacterium",-0.00604464765638113
"6197",259,"Citrobacter.werkmanii",-0.00260998238809407
"6198",259,"Clostridium.clostridioforme.CAG.511",-0.0011890638852492
"6199",259,"Clostridium.nexile.CAG.348",-0.00421684631146491
"6200",259,"Clostridium.paraputrificum",-0.0255888914689422
"6201",259,"Clostridium.sp..MP113D9",-0.00133326201466843
"6202",259,"Clostridium.sp..MP49A11",-0.00218320789281279
"6203",259,"Clostridium.sp..MP551E06",-0.00137159938458353
"6204",259,"Eggerthella.lenta",-0.0677756443619728
"6205",259,"Eggerthella.sp..MP163B1",-0.015976233407855
"6206",259,"Lactobacillus.animalis",-0.00109470274765044
"6207",259,"Megasphaera.sp..MP182G6",-0.00262775539886206
"6208",259,"Paenibacillus.macerans",-0.00253164337482303
"6209",259,"Romboutsia.sp..MP35A8",-0.00179634150117636
"6210",259,"Sellimonas.intestinalis",-0.00261572783347219
"6211",259,"Turicibacter.sp..MP236E3",-0.00419507455080748
"6212",259,"Veillonella.atypica",-0.00768650672398508
"6213",259,"Veillonella.dispar",-0.00431278324685991
"6214",259,"X.Clostridium..citroniae",-0.0928749106824398
"6215",259,"X.Clostridium..cocleatum",-0.002998185926117
"6216",259,"X.Clostridium..sp..MP626E2_ig1",-0.00453080958686769
"6217",260,"Anaerotruncus.colihominis",-0.00600229855626822
"6218",260,"Bacteroides.sp..MP64F12",-0.000543297792319208
"6219",260,"Blautia.coccoides",-0.00917771272361279
"6220",260,"Burkholderiales.bacterium",0.0972318761050701
"6221",260,"Citrobacter.werkmanii",-0.00220212177373469
"6222",260,"Clostridium.clostridioforme.CAG.511",-0.000840473978314549
"6223",260,"Clostridium.nexile.CAG.348",-0.00363996473606676
"6224",260,"Clostridium.paraputrificum",-0.017169333063066
"6225",260,"Clostridium.sp..MP113D9",-0.00119383493438363
"6226",260,"Clostridium.sp..MP49A11",0.080178789794445
"6227",260,"Clostridium.sp..MP551E06",-0.00127344485372305
"6228",260,"Eggerthella.lenta",-0.0727986469864845
"6229",260,"Eggerthella.sp..MP163B1",-0.00723432120867074
"6230",260,"Lactobacillus.animalis",-0.0006818498368375
"6231",260,"Megasphaera.sp..MP182G6",-0.00193782220594585
"6232",260,"Paenibacillus.macerans",-0.00205394416116178
"6233",260,"Romboutsia.sp..MP35A8",-0.00158988649491221
"6234",260,"Sellimonas.intestinalis",-0.00232007668819278
"6235",260,"Turicibacter.sp..MP236E3",-0.00350818561855704
"6236",260,"Veillonella.atypica",0.0163971381261945
"6237",260,"Veillonella.dispar",-0.00571667728945613
"6238",260,"X.Clostridium..citroniae",-0.0569934789091349
"6239",260,"X.Clostridium..cocleatum",-0.00164627458434552
"6240",260,"X.Clostridium..sp..MP626E2_ig1",-0.00245397293474525
"6241",261,"Anaerotruncus.colihominis",-0.00335213600192219
"6242",261,"Bacteroides.sp..MP64F12",-0.000343903840985149
"6243",261,"Blautia.coccoides",-0.0172389559447765
"6244",261,"Burkholderiales.bacterium",-0.00506308907642961
"6245",261,"Citrobacter.werkmanii",0.00218903337372467
"6246",261,"Clostridium.clostridioforme.CAG.511",-3.21548650390469e-05
"6247",261,"Clostridium.nexile.CAG.348",-0.00319635320920497
"6248",261,"Clostridium.paraputrificum",-0.0260750781744719
"6249",261,"Clostridium.sp..MP113D9",0.000523500086273998
"6250",261,"Clostridium.sp..MP49A11",-0.00119397469097748
"6251",261,"Clostridium.sp..MP551E06",-0.00137002934934571
"6252",261,"Eggerthella.lenta",-0.0778685733675957
"6253",261,"Eggerthella.sp..MP163B1",-0.00566649134270847
"6254",261,"Lactobacillus.animalis",-0.000753009866457433
"6255",261,"Megasphaera.sp..MP182G6",0.00194535817718133
"6256",261,"Paenibacillus.macerans",-0.00407494767569005
"6257",261,"Romboutsia.sp..MP35A8",-9.1950942078256e-05
"6258",261,"Sellimonas.intestinalis",-0.00173141318373382
"6259",261,"Turicibacter.sp..MP236E3",-0.004220130154863
"6260",261,"Veillonella.atypica",0.00118275271961465
"6261",261,"Veillonella.dispar",-0.00458216667175293
"6262",261,"X.Clostridium..citroniae",-0.0708599872887135
"6263",261,"X.Clostridium..cocleatum",-0.00318219885230064
"6264",261,"X.Clostridium..sp..MP626E2_ig1",-0.00120920268818736
"6265",262,"Anaerotruncus.colihominis",-0.00847347406670451
"6266",262,"Bacteroides.sp..MP64F12",-0.000612507312325761
"6267",262,"Blautia.coccoides",0.0278212800621986
"6268",262,"Burkholderiales.bacterium",-0.00482213613577187
"6269",262,"Citrobacter.werkmanii",-0.00280224555172026
"6270",262,"Clostridium.clostridioforme.CAG.511",-0.000879585946677253
"6271",262,"Clostridium.nexile.CAG.348",-0.00431245425716043
"6272",262,"Clostridium.paraputrificum",-0.0170499961823225
"6273",262,"Clostridium.sp..MP113D9",-0.00109714263817295
"6274",262,"Clostridium.sp..MP49A11",-0.00201917300000787
"6275",262,"Clostridium.sp..MP551E06",-0.00134604185586795
"6276",262,"Eggerthella.lenta",-0.115415412932634
"6277",262,"Eggerthella.sp..MP163B1",-0.0133207938633859
"6278",262,"Lactobacillus.animalis",-0.00085686644888483
"6279",262,"Megasphaera.sp..MP182G6",-0.00198460789397359
"6280",262,"Paenibacillus.macerans",-0.00231400737538934
"6281",262,"Romboutsia.sp..MP35A8",-0.00208185310475528
"6282",262,"Sellimonas.intestinalis",-0.00259067874867469
"6283",262,"Turicibacter.sp..MP236E3",-0.00360528205055743
"6284",262,"Veillonella.atypica",-0.0120424414053559
"6285",262,"Veillonella.dispar",-0.00431951158680022
"6286",262,"X.Clostridium..citroniae",-0.0517395455390215
"6287",262,"X.Clostridium..cocleatum",-0.00289446429815143
"6288",262,"X.Clostridium..sp..MP626E2_ig1",-0.00375138828530908
"6289",263,"Anaerotruncus.colihominis",-0.00349292566534132
"6290",263,"Bacteroides.sp..MP64F12",0.0744558572769165
"6291",263,"Blautia.coccoides",-0.00545120518654585
"6292",263,"Burkholderiales.bacterium",0.0999477952718735
"6293",263,"Citrobacter.werkmanii",-0.00243775267153978
"6294",263,"Clostridium.clostridioforme.CAG.511",0.0237946128472686
"6295",263,"Clostridium.nexile.CAG.348",-0.00350954534951597
"6296",263,"Clostridium.paraputrificum",-0.0177368093281984
"6297",263,"Clostridium.sp..MP113D9",-0.000293684439384378
"6298",263,"Clostridium.sp..MP49A11",-0.00191012042341754
"6299",263,"Clostridium.sp..MP551E06",-0.00123498815810308
"6300",263,"Eggerthella.lenta",-0.0694881714880466
"6301",263,"Eggerthella.sp..MP163B1",-0.00735987978987396
"6302",263,"Lactobacillus.animalis",-0.000980209966655821
"6303",263,"Megasphaera.sp..MP182G6",-0.00176855194149539
"6304",263,"Paenibacillus.macerans",-0.00326027499977499
"6305",263,"Romboutsia.sp..MP35A8",-0.00142841186607257
"6306",263,"Sellimonas.intestinalis",-0.00208505988121033
"6307",263,"Turicibacter.sp..MP236E3",-0.00361145939677954
"6308",263,"Veillonella.atypica",0.00307652459014207
"6309",263,"Veillonella.dispar",-0.00334412208758295
"6310",263,"X.Clostridium..citroniae",-0.0764192044734955
"6311",263,"X.Clostridium..cocleatum",-0.00117396301357076
"6312",263,"X.Clostridium..sp..MP626E2_ig1",-0.00149946048622951
"6313",264,"Anaerotruncus.colihominis",-0.00232669862452894
"6314",264,"Bacteroides.sp..MP64F12",-0.000792343518696725
"6315",264,"Blautia.coccoides",-0.00189238955499604
"6316",264,"Burkholderiales.bacterium",-0.00396143225952983
"6317",264,"Citrobacter.werkmanii",-0.00144359306432307
"6318",264,"Clostridium.clostridioforme.CAG.511",-0.000931456976104528
"6319",264,"Clostridium.nexile.CAG.348",0.034863630309701
"6320",264,"Clostridium.paraputrificum",-0.01449029520154
"6321",264,"Clostridium.sp..MP113D9",-0.000262118541286327
"6322",264,"Clostridium.sp..MP49A11",-0.00134754594182596
"6323",264,"Clostridium.sp..MP551E06",-0.000529032084159553
"6324",264,"Eggerthella.lenta",-0.0392634104937315
"6325",264,"Eggerthella.sp..MP163B1",-0.00594671186991036
"6326",264,"Lactobacillus.animalis",-0.00119827943854034
"6327",264,"Megasphaera.sp..MP182G6",-0.00154091278091073
"6328",264,"Paenibacillus.macerans",-0.00226392957847565
"6329",264,"Romboutsia.sp..MP35A8",-0.00147567299427465
"6330",264,"Sellimonas.intestinalis",-0.00120697036618367
"6331",264,"Turicibacter.sp..MP236E3",-0.00273922830820084
"6332",264,"Veillonella.atypica",0.00580165395513177
"6333",264,"Veillonella.dispar",-0.00313443318009377
"6334",264,"X.Clostridium..citroniae",0.233995482325554
"6335",264,"X.Clostridium..cocleatum",-0.00128967053024098
"6336",264,"X.Clostridium..sp..MP626E2_ig1",-0.00108526408439502
"6337",265,"Anaerotruncus.colihominis",-0.00343613186851144
"6338",265,"Bacteroides.sp..MP64F12",-0.000805659015895799
"6339",265,"Blautia.coccoides",0.0515978671610355
"6340",265,"Burkholderiales.bacterium",-0.00334517494775355
"6341",265,"Citrobacter.werkmanii",-0.00188028952106833
"6342",265,"Clostridium.clostridioforme.CAG.511",-0.000954022165387869
"6343",265,"Clostridium.nexile.CAG.348",-0.00172121170908213
"6344",265,"Clostridium.paraputrificum",-0.0124991736374795
"6345",265,"Clostridium.sp..MP113D9",-0.000340493759722449
"6346",265,"Clostridium.sp..MP49A11",-0.0014023439725861
"6347",265,"Clostridium.sp..MP551E06",-0.000663498678477481
"6348",265,"Eggerthella.lenta",-0.042139207944274
"6349",265,"Eggerthella.sp..MP163B1",-0.00590605358593166
"6350",265,"Lactobacillus.animalis",0.00822955882176757
"6351",265,"Megasphaera.sp..MP182G6",-0.00171805470017716
"6352",265,"Paenibacillus.macerans",-0.00224789150524884
"6353",265,"Romboutsia.sp..MP35A8",-0.00153678661445156
"6354",265,"Sellimonas.intestinalis",-0.00117038108874112
"6355",265,"Turicibacter.sp..MP236E3",-0.00261128961574286
"6356",265,"Veillonella.atypica",0.0026745431823656
"6357",265,"Veillonella.dispar",-0.00433575757779181
"6358",265,"X.Clostridium..citroniae",0.276243910193443
"6359",265,"X.Clostridium..cocleatum",-0.0015080421580933
"6360",265,"X.Clostridium..sp..MP626E2_ig1",-0.00120318995323032
"6361",266,"Anaerotruncus.colihominis",-0.00123335421085358
"6362",266,"Bacteroides.sp..MP64F12",-0.000872425764100626
"6363",266,"Blautia.coccoides",-0.00477954000234604
"6364",266,"Burkholderiales.bacterium",-0.0029175877571106
"6365",266,"Citrobacter.werkmanii",-0.00185688328929245
"6366",266,"Clostridium.clostridioforme.CAG.511",0.00953088887035847
"6367",266,"Clostridium.nexile.CAG.348",-0.00108080147765577
"6368",266,"Clostridium.paraputrificum",-0.00774301891215146
"6369",266,"Clostridium.sp..MP113D9",-0.000308804083033465
"6370",266,"Clostridium.sp..MP49A11",-0.00129237386863679
"6371",266,"Clostridium.sp..MP551E06",-0.000525003502843902
"6372",266,"Eggerthella.lenta",0.241085350513458
"6373",266,"Eggerthella.sp..MP163B1",0.0381347499787807
"6374",266,"Lactobacillus.animalis",-0.00114955229219049
"6375",266,"Megasphaera.sp..MP182G6",-0.00156581541523337
"6376",266,"Paenibacillus.macerans",-0.00191285059554502
"6377",266,"Romboutsia.sp..MP35A8",-0.00116019614506513
"6378",266,"Sellimonas.intestinalis",-0.000707021477865055
"6379",266,"Turicibacter.sp..MP236E3",-0.00215679546818137
"6380",266,"Veillonella.atypica",0.00422002770937979
"6381",266,"Veillonella.dispar",-0.00133658113190904
"6382",266,"X.Clostridium..citroniae",0.128131322562695
"6383",266,"X.Clostridium..cocleatum",-0.00152553606312722
"6384",266,"X.Clostridium..sp..MP626E2_ig1",-0.000667241576593369
"6385",267,"Anaerotruncus.colihominis",0.0177910001948476
"6386",267,"Bacteroides.sp..MP64F12",-0.00057392887538299
"6387",267,"Blautia.coccoides",-0.00957753928378224
"6388",267,"Burkholderiales.bacterium",0.00224095687735826
"6389",267,"Citrobacter.werkmanii",-0.00126665929565206
"6390",267,"Clostridium.clostridioforme.CAG.511",-0.000740158691769466
"6391",267,"Clostridium.nexile.CAG.348",-0.00118023646064103
"6392",267,"Clostridium.paraputrificum",-0.00605036481283605
"6393",267,"Clostridium.sp..MP113D9",-0.000635943608358502
"6394",267,"Clostridium.sp..MP49A11",-0.00113999826135114
"6395",267,"Clostridium.sp..MP551E06",-0.00041222179424949
"6396",267,"Eggerthella.lenta",0.136744670569897
"6397",267,"Eggerthella.sp..MP163B1",0.0215297937393188
"6398",267,"Lactobacillus.animalis",-0.000789884681580588
"6399",267,"Megasphaera.sp..MP182G6",-0.00106174999382347
"6400",267,"Paenibacillus.macerans",-0.00115977885434404
"6401",267,"Romboutsia.sp..MP35A8",-0.000958411925239488
"6402",267,"Sellimonas.intestinalis",-0.00083326137973927
"6403",267,"Turicibacter.sp..MP236E3",-0.00125206378288567
"6404",267,"Veillonella.atypica",0.00316968047991395
"6405",267,"Veillonella.dispar",-0.00257117149885744
"6406",267,"X.Clostridium..citroniae",0.104906462132931
"6407",267,"X.Clostridium..cocleatum",-0.00157207110896707
"6408",267,"X.Clostridium..sp..MP626E2_ig1",-0.00168371514882892
"6409",268,"Anaerotruncus.colihominis",-0.00640219473280013
"6410",268,"Bacteroides.sp..MP64F12",-0.00087064431863837
"6411",268,"Blautia.coccoides",-0.0114930630661547
"6412",268,"Burkholderiales.bacterium",-0.00642101024277508
"6413",268,"Citrobacter.werkmanii",-0.00347441877238452
"6414",268,"Clostridium.clostridioforme.CAG.511",-0.00168033997761086
"6415",268,"Clostridium.nexile.CAG.348",-0.00369376072194427
"6416",268,"Clostridium.paraputrificum",-0.0267223417758942
"6417",268,"Clostridium.sp..MP113D9",-0.00061367722810246
"6418",268,"Clostridium.sp..MP49A11",-0.00267637800425291
"6419",268,"Clostridium.sp..MP551E06",-0.00149401341332123
"6420",268,"Eggerthella.lenta",-0.086606815457344
"6421",268,"Eggerthella.sp..MP163B1",-0.00994488038122654
"6422",268,"Lactobacillus.animalis",-0.00317592651117593
"6423",268,"Megasphaera.sp..MP182G6",-0.00280486443080008
"6424",268,"Paenibacillus.macerans",-0.00378557399380952
"6425",268,"Romboutsia.sp..MP35A8",-0.00181824847823009
"6426",268,"Sellimonas.intestinalis",-0.00253121776040643
"6427",268,"Turicibacter.sp..MP236E3",-0.00469716265797615
"6428",268,"Veillonella.atypica",-0.00147988565731794
"6429",268,"Veillonella.dispar",0.0189010677859187
"6430",268,"X.Clostridium..citroniae",-0.0721891261637211
"6431",268,"X.Clostridium..cocleatum",-0.00253914052154869
"6432",268,"X.Clostridium..sp..MP626E2_ig1",-0.00264432618860155
"6433",269,"Anaerotruncus.colihominis",-0.00440754811279476
"6434",269,"Bacteroides.sp..MP64F12",-0.000686249870341271
"6435",269,"Blautia.coccoides",-0.0115324724465609
"6436",269,"Burkholderiales.bacterium",0.0540694370865822
"6437",269,"Citrobacter.werkmanii",-0.00204020238015801
"6438",269,"Clostridium.clostridioforme.CAG.511",-0.00101522140903398
"6439",269,"Clostridium.nexile.CAG.348",-0.00209361221641302
"6440",269,"Clostridium.paraputrificum",-0.0107184094376862
"6441",269,"Clostridium.sp..MP113D9",-0.000998577161226422
"6442",269,"Clostridium.sp..MP49A11",-0.00155267806258053
"6443",269,"Clostridium.sp..MP551E06",-0.000566678994800895
"6444",269,"Eggerthella.lenta",-0.0492791887372732
"6445",269,"Eggerthella.sp..MP163B1",-0.0075086229480803
"6446",269,"Lactobacillus.animalis",-0.000750634120777249
"6447",269,"Megasphaera.sp..MP182G6",-0.00163560028886423
"6448",269,"Paenibacillus.macerans",-0.00174352549947798
"6449",269,"Romboutsia.sp..MP35A8",-0.001378572313115
"6450",269,"Sellimonas.intestinalis",-0.00102785165654495
"6451",269,"Turicibacter.sp..MP236E3",-0.00247399602085352
"6452",269,"Veillonella.atypica",-0.00707209785468876
"6453",269,"Veillonella.dispar",-0.00539882457815111
"6454",269,"X.Clostridium..citroniae",0.200624421238899
"6455",269,"X.Clostridium..cocleatum",-0.00188326102215797
"6456",269,"X.Clostridium..sp..MP626E2_ig1",-0.00145955447806045
"6457",270,"Anaerotruncus.colihominis",0.0228513851761818
"6458",270,"Bacteroides.sp..MP64F12",-0.000597908190684393
"6459",270,"Blautia.coccoides",-0.014458442106843
"6460",270,"Burkholderiales.bacterium",-0.0022855163551867
"6461",270,"Citrobacter.werkmanii",-0.0017668028594926
"6462",270,"Clostridium.clostridioforme.CAG.511",0.00609046779572964
"6463",270,"Clostridium.nexile.CAG.348",-0.00174846895970404
"6464",270,"Clostridium.paraputrificum",-0.0080323969013989
"6465",270,"Clostridium.sp..MP113D9",-0.000838602922158316
"6466",270,"Clostridium.sp..MP49A11",-0.00113208760740235
"6467",270,"Clostridium.sp..MP551E06",-0.000542468333151191
"6468",270,"Eggerthella.lenta",-0.0418468937277794
"6469",270,"Eggerthella.sp..MP163B1",-0.00504966918379068
"6470",270,"Lactobacillus.animalis",-0.000858077430166304
"6471",270,"Megasphaera.sp..MP182G6",-0.00119598081801087
"6472",270,"Paenibacillus.macerans",-0.0013386212522164
"6473",270,"Romboutsia.sp..MP35A8",-0.00095950678223744
"6474",270,"Sellimonas.intestinalis",0.0160473505966365
"6475",270,"Turicibacter.sp..MP236E3",-0.00173164339503273
"6476",270,"Veillonella.atypica",0.0063682699110359
"6477",270,"Veillonella.dispar",-0.00309566187206656
"6478",270,"X.Clostridium..citroniae",0.152577698230743
"6479",270,"X.Clostridium..cocleatum",-0.00224970618728548
"6480",270,"X.Clostridium..sp..MP626E2_ig1",0.0218214774504304
"6481",271,"Anaerotruncus.colihominis",-0.0037461417960003
"6482",271,"Bacteroides.sp..MP64F12",-0.000594336946960539
"6483",271,"Blautia.coccoides",-0.00723964395001531
"6484",271,"Burkholderiales.bacterium",-0.00344898551702499
"6485",271,"Citrobacter.werkmanii",-0.00212976313196123
"6486",271,"Clostridium.clostridioforme.CAG.511",-0.00073739085928537
"6487",271,"Clostridium.nexile.CAG.348",-0.00206792179960757
"6488",271,"Clostridium.paraputrificum",0.0743499509990215
"6489",271,"Clostridium.sp..MP113D9",-0.000881436018971726
"6490",271,"Clostridium.sp..MP49A11",-0.00159560679458082
"6491",271,"Clostridium.sp..MP551E06",-0.000733539927750826
"6492",271,"Eggerthella.lenta",0.265777096152306
"6493",271,"Eggerthella.sp..MP163B1",0.0482907369732857
"6494",271,"Lactobacillus.animalis",-0.000814846338471398
"6495",271,"Megasphaera.sp..MP182G6",-0.001769867783878
"6496",271,"Paenibacillus.macerans",-0.00183409475721419
"6497",271,"Romboutsia.sp..MP35A8",-0.00153295998461545
"6498",271,"Sellimonas.intestinalis",-0.00131778488866985
"6499",271,"Turicibacter.sp..MP236E3",-0.00220009416807443
"6500",271,"Veillonella.atypica",-0.00678878813050687
"6501",271,"Veillonella.dispar",-0.00431668478995562
"6502",271,"X.Clostridium..citroniae",-0.0240200236439705
"6503",271,"X.Clostridium..cocleatum",-0.00214710121508688
"6504",271,"X.Clostridium..sp..MP626E2_ig1",-0.0020929662277922
"6505",272,"Anaerotruncus.colihominis",0.00131506845355034
"6506",272,"Bacteroides.sp..MP64F12",-0.000622124469373375
"6507",272,"Blautia.coccoides",-0.00256777717731893
"6508",272,"Burkholderiales.bacterium",-0.00275768677238375
"6509",272,"Citrobacter.werkmanii",-0.00165926339104772
"6510",272,"Clostridium.clostridioforme.CAG.511",-0.000567440583836287
"6511",272,"Clostridium.nexile.CAG.348",-0.00141996931051835
"6512",272,"Clostridium.paraputrificum",-0.0083542219363153
"6513",272,"Clostridium.sp..MP113D9",-0.000786597200203687
"6514",272,"Clostridium.sp..MP49A11",-0.00117858301382512
"6515",272,"Clostridium.sp..MP551E06",-0.000484139512991533
"6516",272,"Eggerthella.lenta",0.179909445345402
"6517",272,"Eggerthella.sp..MP163B1",0.0257690949365497
"6518",272,"Lactobacillus.animalis",-0.000781208771513775
"6519",272,"Megasphaera.sp..MP182G6",-0.00129581324290484
"6520",272,"Paenibacillus.macerans",-0.0011966802412644
"6521",272,"Romboutsia.sp..MP35A8",-0.00100230087991804
"6522",272,"Sellimonas.intestinalis",-0.0010267366305925
"6523",272,"Turicibacter.sp..MP236E3",-0.00137226079823449
"6524",272,"Veillonella.atypica",0.00429302523843944
"6525",272,"Veillonella.dispar",-0.00267299159895629
"6526",272,"X.Clostridium..citroniae",0.11207739636302
"6527",272,"X.Clostridium..cocleatum",0.000422289886046201
"6528",272,"X.Clostridium..sp..MP626E2_ig1",-0.00173121487023309
"6529",273,"Anaerotruncus.colihominis",-0.00360806356184185
"6530",273,"Bacteroides.sp..MP64F12",-0.000546800845768303
"6531",273,"Blautia.coccoides",0.016601674258709
"6532",273,"Burkholderiales.bacterium",-0.00329707912169397
"6533",273,"Citrobacter.werkmanii",-0.00175639963708818
"6534",273,"Clostridium.clostridioforme.CAG.511",-0.000693711917847395
"6535",273,"Clostridium.nexile.CAG.348",-0.00188878731569275
"6536",273,"Clostridium.paraputrificum",-0.00934335356578231
"6537",273,"Clostridium.sp..MP113D9",-0.000843375804834068
"6538",273,"Clostridium.sp..MP49A11",-0.0012415386736393
"6539",273,"Clostridium.sp..MP551E06",-0.000705175043549389
"6540",273,"Eggerthella.lenta",0.259180068969727
"6541",273,"Eggerthella.sp..MP163B1",0.0451113767921925
"6542",273,"Lactobacillus.animalis",-0.000699271011399105
"6543",273,"Megasphaera.sp..MP182G6",-0.00125086295884103
"6544",273,"Paenibacillus.macerans",-0.00150555674917996
"6545",273,"Romboutsia.sp..MP35A8",-0.00165558810112998
"6546",273,"Sellimonas.intestinalis",-0.00142871995922178
"6547",273,"Turicibacter.sp..MP236E3",-0.00197988853324205
"6548",273,"Veillonella.atypica",0.00360199541319162
"6549",273,"Veillonella.dispar",-0.00320452614687383
"6550",273,"X.Clostridium..citroniae",-0.0391471404582262
"6551",273,"X.Clostridium..cocleatum",-0.00208931579254568
"6552",273,"X.Clostridium..sp..MP626E2_ig1",-0.00199549051467329
"6553",274,"Anaerotruncus.colihominis",0.0219921767711639
"6554",274,"Bacteroides.sp..MP64F12",-0.000554953003302217
"6555",274,"Blautia.coccoides",-0.0042894936632365
"6556",274,"Burkholderiales.bacterium",-0.00333919026888907
"6557",274,"Citrobacter.werkmanii",-0.00162080815061927
"6558",274,"Clostridium.clostridioforme.CAG.511",-0.000644569314317778
"6559",274,"Clostridium.nexile.CAG.348",-0.00164059340022504
"6560",274,"Clostridium.paraputrificum",-0.00962470006197691
"6561",274,"Clostridium.sp..MP113D9",-0.000818342436105013
"6562",274,"Clostridium.sp..MP49A11",-0.00137649627868086
"6563",274,"Clostridium.sp..MP551E06",-0.000544442591490224
"6564",274,"Eggerthella.lenta",0.246599763631821
"6565",274,"Eggerthella.sp..MP163B1",0.0310006523504853
"6566",274,"Lactobacillus.animalis",-0.000807138654636219
"6567",274,"Megasphaera.sp..MP182G6",-0.00146386318374425
"6568",274,"Paenibacillus.macerans",-0.00142179359681904
"6569",274,"Romboutsia.sp..MP35A8",-0.001109360717237
"6570",274,"Sellimonas.intestinalis",-0.00105106126284227
"6571",274,"Turicibacter.sp..MP236E3",-0.0018879056442529
"6572",274,"Veillonella.atypica",-0.00551407667808235
"6573",274,"Veillonella.dispar",-0.00330257369205356
"6574",274,"X.Clostridium..citroniae",-0.0344504527747631
"6575",274,"X.Clostridium..cocleatum",-0.00160967506235465
"6576",274,"X.Clostridium..sp..MP626E2_ig1",-0.00219053716864437
"6577",275,"Anaerotruncus.colihominis",-0.00966039719060063
"6578",275,"Bacteroides.sp..MP64F12",-0.000600373983616009
"6579",275,"Blautia.coccoides",-0.00647130468860269
"6580",275,"Burkholderiales.bacterium",-0.00382784870453179
"6581",275,"Citrobacter.werkmanii",-0.00260892044752836
"6582",275,"Clostridium.clostridioforme.CAG.511",-0.00101721292594448
"6583",275,"Clostridium.nexile.CAG.348",-0.00457034050486982
"6584",275,"Clostridium.paraputrificum",-0.0155156515538692
"6585",275,"Clostridium.sp..MP113D9",-0.0012471986701712
"6586",275,"Clostridium.sp..MP49A11",-0.00204967870377004
"6587",275,"Clostridium.sp..MP551E06",-0.00137101794825867
"6588",275,"Eggerthella.lenta",-0.109577171504498
"6589",275,"Eggerthella.sp..MP163B1",-0.0135789457708597
"6590",275,"Lactobacillus.animalis",-0.00104171119164675
"6591",275,"Megasphaera.sp..MP182G6",-0.00180222635390237
"6592",275,"Paenibacillus.macerans",-0.00232994218822569
"6593",275,"Romboutsia.sp..MP35A8",-0.00132634391775355
"6594",275,"Sellimonas.intestinalis",-0.00285234092734754
"6595",275,"Turicibacter.sp..MP236E3",-0.00318102317396551
"6596",275,"Veillonella.atypica",-0.00729523319751024
"6597",275,"Veillonella.dispar",-0.00402180524542928
"6598",275,"X.Clostridium..citroniae",-0.0719415917992592
"6599",275,"X.Clostridium..cocleatum",-0.00188176787924021
"6600",275,"X.Clostridium..sp..MP626E2_ig1",-0.00408588873688132
"6601",276,"Anaerotruncus.colihominis",-0.00743981101550162
"6602",276,"Bacteroides.sp..MP64F12",-0.000726307276636362
"6603",276,"Blautia.coccoides",-0.0134076527319849
"6604",276,"Burkholderiales.bacterium",-0.0063950615003705
"6605",276,"Citrobacter.werkmanii",-0.00363625504542142
"6606",276,"Clostridium.clostridioforme.CAG.511",-0.00138042302569374
"6607",276,"Clostridium.nexile.CAG.348",-0.00454877177253366
"6608",276,"Clostridium.paraputrificum",-0.0198426814749837
"6609",276,"Clostridium.sp..MP113D9",-0.00165365176508203
"6610",276,"Clostridium.sp..MP49A11",-0.00245853152591735
"6611",276,"Clostridium.sp..MP551E06",-0.00152642326429486
"6612",276,"Eggerthella.lenta",-0.106489554047585
"6613",276,"Eggerthella.sp..MP163B1",-0.0144013753160834
"6614",276,"Lactobacillus.animalis",-0.000921051600016654
"6615",276,"Megasphaera.sp..MP182G6",-0.00295481935609132
"6616",276,"Paenibacillus.macerans",-0.00286845141090453
"6617",276,"Romboutsia.sp..MP35A8",-0.00219675875268877
"6618",276,"Sellimonas.intestinalis",-0.00275533611420542
"6619",276,"Turicibacter.sp..MP236E3",-0.0051482270937413
"6620",276,"Veillonella.atypica",-0.0124421915970743
"6621",276,"Veillonella.dispar",-0.00742848473601043
"6622",276,"X.Clostridium..citroniae",-0.0949028059840202
"6623",276,"X.Clostridium..cocleatum",-0.00355475349351764
"6624",276,"X.Clostridium..sp..MP626E2_ig1",-0.00340726820286363
"6625",277,"Anaerotruncus.colihominis",-0.00566645222716033
"6626",277,"Bacteroides.sp..MP64F12",-0.00089483053307049
"6627",277,"Blautia.coccoides",-0.0129274870269001
"6628",277,"Burkholderiales.bacterium",-0.00593856000341475
"6629",277,"Citrobacter.werkmanii",-0.00292413041461259
"6630",277,"Clostridium.clostridioforme.CAG.511",-0.00201470981119201
"6631",277,"Clostridium.nexile.CAG.348",-0.00395323429256678
"6632",277,"Clostridium.paraputrificum",-0.0257686572149396
"6633",277,"Clostridium.sp..MP113D9",-0.000603783468250185
"6634",277,"Clostridium.sp..MP49A11",-0.00249325844924897
"6635",277,"Clostridium.sp..MP551E06",-0.00139511009911075
"6636",277,"Eggerthella.lenta",-0.0923086144030094
"6637",277,"Eggerthella.sp..MP163B1",-0.011013978626579
"6638",277,"Lactobacillus.animalis",-0.00129081029444933
"6639",277,"Megasphaera.sp..MP182G6",-0.0028221212560311
"6640",277,"Paenibacillus.macerans",-0.00376731529831886
"6641",277,"Romboutsia.sp..MP35A8",-0.00234683929011226
"6642",277,"Sellimonas.intestinalis",-0.00205088232178241
"6643",277,"Turicibacter.sp..MP236E3",-0.00501601281575859
"6644",277,"Veillonella.atypica",-0.00060028865118511
"6645",277,"Veillonella.dispar",-0.00447639194317162
"6646",277,"X.Clostridium..citroniae",-0.0808586403727531
"6647",277,"X.Clostridium..cocleatum",-0.00234188395552337
"6648",277,"X.Clostridium..sp..MP626E2_ig1",-0.0029504100093618
"6649",278,"Anaerotruncus.colihominis",0.0278190188109875
"6650",278,"Bacteroides.sp..MP64F12",-0.000576096324948594
"6651",278,"Blautia.coccoides",-0.00193118007155135
"6652",278,"Burkholderiales.bacterium",-0.00245232437737286
"6653",278,"Citrobacter.werkmanii",-0.00178236537612975
"6654",278,"Clostridium.clostridioforme.CAG.511",-0.000525619747349992
"6655",278,"Clostridium.nexile.CAG.348",-0.00231024099048227
"6656",278,"Clostridium.paraputrificum",-0.0078024878166616
"6657",278,"Clostridium.sp..MP113D9",-0.000931390153709799
"6658",278,"Clostridium.sp..MP49A11",-0.00117021636106074
"6659",278,"Clostridium.sp..MP551E06",-0.000580991327296942
"6660",278,"Eggerthella.lenta",-0.0415898617357016
"6661",278,"Eggerthella.sp..MP163B1",-0.00603190832771361
"6662",278,"Lactobacillus.animalis",-0.000731036299839616
"6663",278,"Megasphaera.sp..MP182G6",-0.0012408712063916
"6664",278,"Paenibacillus.macerans",-0.00135775271337479
"6665",278,"Romboutsia.sp..MP35A8",-0.00134898774558678
"6666",278,"Sellimonas.intestinalis",-0.00135379674611613
"6667",278,"Turicibacter.sp..MP236E3",-0.00168879644479603
"6668",278,"Veillonella.atypica",-0.00607350305654109
"6669",278,"Veillonella.dispar",-0.00318107136990875
"6670",278,"X.Clostridium..citroniae",0.17376683652401
"6671",278,"X.Clostridium..cocleatum",-0.00172961951466277
"6672",278,"X.Clostridium..sp..MP626E2_ig1",-0.00183698232285678
"6673",279,"Anaerotruncus.colihominis",-0.00316204281989485
"6674",279,"Bacteroides.sp..MP64F12",-0.000605245673796162
"6675",279,"Blautia.coccoides",-0.00554444640874863
"6676",279,"Burkholderiales.bacterium",-0.00457335519604385
"6677",279,"Citrobacter.werkmanii",-0.00215438660234213
"6678",279,"Clostridium.clostridioforme.CAG.511",-0.000940709200222045
"6679",279,"Clostridium.nexile.CAG.348",-0.00445811590179801
"6680",279,"Clostridium.paraputrificum",-0.0154612781479955
"6681",279,"Clostridium.sp..MP113D9",-0.00107590493280441
"6682",279,"Clostridium.sp..MP49A11",-0.00190130708506331
"6683",279,"Clostridium.sp..MP551E06",-0.00132342096185312
"6684",279,"Eggerthella.lenta",-0.114194951951504
"6685",279,"Eggerthella.sp..MP163B1",-0.014344921335578
"6686",279,"Lactobacillus.animalis",-0.000865702837472782
"6687",279,"Megasphaera.sp..MP182G6",-0.00158531835768372
"6688",279,"Paenibacillus.macerans",-0.00225147313904017
"6689",279,"Romboutsia.sp..MP35A8",-0.00140612979885191
"6690",279,"Sellimonas.intestinalis",-0.000583876069867983
"6691",279,"Turicibacter.sp..MP236E3",-0.00279519869945943
"6692",279,"Veillonella.atypica",-0.00970121519640088
"6693",279,"Veillonella.dispar",-0.00435796007514
"6694",279,"X.Clostridium..citroniae",-0.0866087041795254
"6695",279,"X.Clostridium..cocleatum",-0.00278721109498292
"6696",279,"X.Clostridium..sp..MP626E2_ig1",-0.00432263780385256
"6697",280,"Anaerotruncus.colihominis",0.0211199950426817
"6698",280,"Bacteroides.sp..MP64F12",-0.000605827372055501
"6699",280,"Blautia.coccoides",0.0143195982091129
"6700",280,"Burkholderiales.bacterium",-0.00243844883516431
"6701",280,"Citrobacter.werkmanii",-0.00142071314621717
"6702",280,"Clostridium.clostridioforme.CAG.511",-0.000645938911475241
"6703",280,"Clostridium.nexile.CAG.348",0.0190889714285731
"6704",280,"Clostridium.paraputrificum",-0.00694192759692669
"6705",280,"Clostridium.sp..MP113D9",-0.000746017409255728
"6706",280,"Clostridium.sp..MP49A11",-0.00109603354940191
"6707",280,"Clostridium.sp..MP551E06",-0.000378340861061588
"6708",280,"Eggerthella.lenta",0.163821138441563
"6709",280,"Eggerthella.sp..MP163B1",0.0201793583109975
"6710",280,"Lactobacillus.animalis",-0.000802328053396195
"6711",280,"Megasphaera.sp..MP182G6",-0.00106725899968296
"6712",280,"Paenibacillus.macerans",-0.00104990898398682
"6713",280,"Romboutsia.sp..MP35A8",-0.000863599096192047
"6714",280,"Sellimonas.intestinalis",0.0103593906387687
"6715",280,"Turicibacter.sp..MP236E3",-0.00127159029943869
"6716",280,"Veillonella.atypica",-0.00522123649716377
"6717",280,"Veillonella.dispar",-0.00289396254811436
"6718",280,"X.Clostridium..citroniae",0.0786021314561367
"6719",280,"X.Clostridium..cocleatum",-0.00174608925590292
"6720",280,"X.Clostridium..sp..MP626E2_ig1",-0.00143890152685344
"6721",281,"Anaerotruncus.colihominis",-0.00365152815356851
"6722",281,"Bacteroides.sp..MP64F12",-0.000749604107113555
"6723",281,"Blautia.coccoides",0.0280949538573623
"6724",281,"Burkholderiales.bacterium",-0.00243873172439635
"6725",281,"Citrobacter.werkmanii",-0.00161284120986238
"6726",281,"Clostridium.clostridioforme.CAG.511",-0.000529960263520479
"6727",281,"Clostridium.nexile.CAG.348",-0.00130640371935442
"6728",281,"Clostridium.paraputrificum",-0.007786322850734
"6729",281,"Clostridium.sp..MP113D9",-0.000696236558724195
"6730",281,"Clostridium.sp..MP49A11",-0.000994328438537195
"6731",281,"Clostridium.sp..MP551E06",-0.000439924275269732
"6732",281,"Eggerthella.lenta",0.152061343193054
"6733",281,"Eggerthella.sp..MP163B1",0.0259867189452052
"6734",281,"Lactobacillus.animalis",-0.000633670191746205
"6735",281,"Megasphaera.sp..MP182G6",-0.00133755523711443
"6736",281,"Paenibacillus.macerans",-0.00112887687282637
"6737",281,"Romboutsia.sp..MP35A8",-0.00124362332280725
"6738",281,"Sellimonas.intestinalis",-0.00112329528201371
"6739",281,"Turicibacter.sp..MP236E3",-0.00157830864191055
"6740",281,"Veillonella.atypica",0.00564792100340128
"6741",281,"Veillonella.dispar",-0.00305218028370291
"6742",281,"X.Clostridium..citroniae",0.102355822920799
"6743",281,"X.Clostridium..cocleatum",-0.00162575201829895
"6744",281,"X.Clostridium..sp..MP626E2_ig1",-0.00159642787184566
"6745",282,"Anaerotruncus.colihominis",-0.0104225594550371
"6746",282,"Bacteroides.sp..MP64F12",-0.000728142040316015
"6747",282,"Blautia.coccoides",-0.00513043534010649
"6748",282,"Burkholderiales.bacterium",-0.0039999324362725
"6749",282,"Citrobacter.werkmanii",-0.00236657005734742
"6750",282,"Clostridium.clostridioforme.CAG.511",-0.00068680610274896
"6751",282,"Clostridium.nexile.CAG.348",-0.00404587644152343
"6752",282,"Clostridium.paraputrificum",0.0501113925129175
"6753",282,"Clostridium.sp..MP113D9",-0.00111997069325298
"6754",282,"Clostridium.sp..MP49A11",-0.00175990891875699
"6755",282,"Clostridium.sp..MP551E06",-0.00129988457774743
"6756",282,"Eggerthella.lenta",-0.104093059897423
"6757",282,"Eggerthella.sp..MP163B1",-0.013590831309557
"6758",282,"Lactobacillus.animalis",-0.00130754843121395
"6759",282,"Megasphaera.sp..MP182G6",-0.0015577808371745
"6760",282,"Paenibacillus.macerans",-0.0026665338082239
"6761",282,"Romboutsia.sp..MP35A8",-0.0016889973776415
"6762",282,"Sellimonas.intestinalis",-0.00222669553477317
"6763",282,"Turicibacter.sp..MP236E3",-0.00274579739198089
"6764",282,"Veillonella.atypica",-0.0129381376318634
"6765",282,"Veillonella.dispar",-0.00585228996351361
"6766",282,"X.Clostridium..citroniae",-0.0662541501224041
"6767",282,"X.Clostridium..cocleatum",-0.00304424995556474
"6768",282,"X.Clostridium..sp..MP626E2_ig1",-0.00337369437329471
"6769",283,"Anaerotruncus.colihominis",-0.00352736376225948
"6770",283,"Bacteroides.sp..MP64F12",-0.000630263879429549
"6771",283,"Blautia.coccoides",-0.00780977075919509
"6772",283,"Burkholderiales.bacterium",-0.00420860177837312
"6773",283,"Citrobacter.werkmanii",-0.00229554786346853
"6774",283,"Clostridium.clostridioforme.CAG.511",-0.00121033098548651
"6775",283,"Clostridium.nexile.CAG.348",-0.00167416740441695
"6776",283,"Clostridium.paraputrificum",-0.0125703103840351
"6777",283,"Clostridium.sp..MP113D9",-0.000664166669594124
"6778",283,"Clostridium.sp..MP49A11",-0.00161969452165067
"6779",283,"Clostridium.sp..MP551E06",-0.000713662273483351
"6780",283,"Eggerthella.lenta",0.315003678202629
"6781",283,"Eggerthella.sp..MP163B1",0.0585903022438288
"6782",283,"Lactobacillus.animalis",-0.0010137096978724
"6783",283,"Megasphaera.sp..MP182G6",-0.00220269779674709
"6784",283,"Paenibacillus.macerans",-0.00210131180938333
"6785",283,"Romboutsia.sp..MP35A8",-0.00174360617529601
"6786",283,"Sellimonas.intestinalis",-0.00118331867270172
"6787",283,"Turicibacter.sp..MP236E3",-0.00310688011813909
"6788",283,"Veillonella.atypica",-0.00323861639481038
"6789",283,"Veillonella.dispar",-0.00430679740384221
"6790",283,"X.Clostridium..citroniae",-0.0386411491781473
"6791",283,"X.Clostridium..cocleatum",-0.00184327090391889
"6792",283,"X.Clostridium..sp..MP626E2_ig1",-0.00133866252144799
"6793",284,"Anaerotruncus.colihominis",-0.00347985059488565
"6794",284,"Bacteroides.sp..MP64F12",-0.000598316371906549
"6795",284,"Blautia.coccoides",-0.0154019379988313
"6796",284,"Burkholderiales.bacterium",-0.00506938481703401
"6797",284,"Citrobacter.werkmanii",-7.07786239217967e-05
"6798",284,"Clostridium.clostridioforme.CAG.511",-0.000362171093001962
"6799",284,"Clostridium.nexile.CAG.348",-0.00320723082404584
"6800",284,"Clostridium.paraputrificum",-0.0312520386651158
"6801",284,"Clostridium.sp..MP113D9",-1.39904814204783e-05
"6802",284,"Clostridium.sp..MP49A11",-0.00138240464730188
"6803",284,"Clostridium.sp..MP551E06",-0.00130247487686574
"6804",284,"Eggerthella.lenta",-0.0773455686867237
"6805",284,"Eggerthella.sp..MP163B1",-0.00754547747783363
"6806",284,"Lactobacillus.animalis",-0.00424251519143581
"6807",284,"Megasphaera.sp..MP182G6",0.00154409982496873
"6808",284,"Paenibacillus.macerans",-0.00417670793831348
"6809",284,"Romboutsia.sp..MP35A8",-0.000657131837215275
"6810",284,"Sellimonas.intestinalis",-0.00184202136006206
"6811",284,"Turicibacter.sp..MP236E3",-0.00426639663055539
"6812",284,"Veillonella.atypica",0.00649790302850306
"6813",284,"Veillonella.dispar",0.0205173688009381
"6814",284,"X.Clostridium..citroniae",-0.05346336401999
"6815",284,"X.Clostridium..cocleatum",-0.00255051511339843
"6816",284,"X.Clostridium..sp..MP626E2_ig1",-0.00197740562725812
"6817",285,"Anaerotruncus.colihominis",-0.00655148061923683
"6818",285,"Bacteroides.sp..MP64F12",-0.000698340532835573
"6819",285,"Blautia.coccoides",-0.0107239135541022
"6820",285,"Burkholderiales.bacterium",-0.00644587562419474
"6821",285,"Citrobacter.werkmanii",-0.00371138192713261
"6822",285,"Clostridium.clostridioforme.CAG.511",-0.00132493651472032
"6823",285,"Clostridium.nexile.CAG.348",-0.00417575682513416
"6824",285,"Clostridium.paraputrificum",-0.0262353532016277
"6825",285,"Clostridium.sp..MP113D9",-0.00136846816167235
"6826",285,"Clostridium.sp..MP49A11",-0.00266154820565134
"6827",285,"Clostridium.sp..MP551E06",-0.00152642326429486
"6828",285,"Eggerthella.lenta",-0.0977696031332016
"6829",285,"Eggerthella.sp..MP163B1",-0.0126982978545129
"6830",285,"Lactobacillus.animalis",-0.000998297764454037
"6831",285,"Megasphaera.sp..MP182G6",-0.00263450248166919
"6832",285,"Paenibacillus.macerans",-0.00312325230333954
"6833",285,"Romboutsia.sp..MP35A8",-0.00238229532260448
"6834",285,"Sellimonas.intestinalis",-0.0026389448903501
"6835",285,"Turicibacter.sp..MP236E3",-0.00526848156005144
"6836",285,"Veillonella.atypica",-0.0106955650262535
"6837",285,"Veillonella.dispar",-0.00862599164247513
"6838",285,"X.Clostridium..citroniae",-0.0877531692385674
"6839",285,"X.Clostridium..cocleatum",-0.00315515650436282
"6840",285,"X.Clostridium..sp..MP626E2_ig1",-0.00294405966997147
"6841",286,"Anaerotruncus.colihominis",-0.00839389720931649
"6842",286,"Bacteroides.sp..MP64F12",-0.000772224680986255
"6843",286,"Blautia.coccoides",-0.0121011547744274
"6844",286,"Burkholderiales.bacterium",-0.00590957677923143
"6845",286,"Citrobacter.werkmanii",-0.00449127843603492
"6846",286,"Clostridium.clostridioforme.CAG.511",-0.00168033188674599
"6847",286,"Clostridium.nexile.CAG.348",-0.0041260754223913
"6848",286,"Clostridium.paraputrificum",-0.0265475613996387
"6849",286,"Clostridium.sp..MP113D9",-0.000717425777111202
"6850",286,"Clostridium.sp..MP49A11",-0.0030786267016083
"6851",286,"Clostridium.sp..MP551E06",-0.00145246338797733
"6852",286,"Eggerthella.lenta",-0.0952305234968662
"6853",286,"Eggerthella.sp..MP163B1",-0.012699332088232
"6854",286,"Lactobacillus.animalis",-0.00111473182914779
"6855",286,"Megasphaera.sp..MP182G6",-0.00234327744692564
"6856",286,"Paenibacillus.macerans",-0.00362857198342681
"6857",286,"Romboutsia.sp..MP35A8",-0.00212955113966018
"6858",286,"Sellimonas.intestinalis",-0.00294403114821762
"6859",286,"Turicibacter.sp..MP236E3",-0.00472189276479185
"6860",286,"Veillonella.atypica",-0.00192566157784313
"6861",286,"Veillonella.dispar",-0.00655211764387786
"6862",286,"X.Clostridium..citroniae",-0.0995061956346035
"6863",286,"X.Clostridium..cocleatum",-0.00154056469909847
"6864",286,"X.Clostridium..sp..MP626E2_ig1",-0.00319661432877183
"6865",287,"Anaerotruncus.colihominis",-0.0122224926017225
"6866",287,"Bacteroides.sp..MP64F12",-0.000627688772510737
"6867",287,"Blautia.coccoides",0.0194214377552271
"6868",287,"Burkholderiales.bacterium",0.0402253083884716
"6869",287,"Citrobacter.werkmanii",-0.00300768192391843
"6870",287,"Clostridium.clostridioforme.CAG.511",-0.00121623364975676
"6871",287,"Clostridium.nexile.CAG.348",-0.00419974280521274
"6872",287,"Clostridium.paraputrificum",-0.021590887568891
"6873",287,"Clostridium.sp..MP113D9",-0.00106187793426216
"6874",287,"Clostridium.sp..MP49A11",-0.0025798415299505
"6875",287,"Clostridium.sp..MP551E06",-0.00138334918301553
"6876",287,"Eggerthella.lenta",-0.096113096922636
"6877",287,"Eggerthella.sp..MP163B1",-0.0144934295676649
"6878",287,"Lactobacillus.animalis",-0.000917540019145235
"6879",287,"Megasphaera.sp..MP182G6",-0.0021704810205847
"6880",287,"Paenibacillus.macerans",-0.0024919604184106
"6881",287,"Romboutsia.sp..MP35A8",-0.00200732471421361
"6882",287,"Sellimonas.intestinalis",-0.00272479956038296
"6883",287,"Turicibacter.sp..MP236E3",-0.00440785498358309
"6884",287,"Veillonella.atypica",-0.0164861371740699
"6885",287,"Veillonella.dispar",-0.00630960497073829
"6886",287,"X.Clostridium..citroniae",-0.0775431655347347
"6887",287,"X.Clostridium..cocleatum",-0.000141858894494362
"6888",287,"X.Clostridium..sp..MP626E2_ig1",-0.00349526235368103
"6889",288,"Anaerotruncus.colihominis",-0.00378774502314627
"6890",288,"Bacteroides.sp..MP64F12",-0.000643454288365319
"6891",288,"Blautia.coccoides",-0.00272673147264868
"6892",288,"Burkholderiales.bacterium",-0.00239228690043092
"6893",288,"Citrobacter.werkmanii",-0.00199570250697434
"6894",288,"Clostridium.clostridioforme.CAG.511",-0.000765248143579811
"6895",288,"Clostridium.nexile.CAG.348",-0.0016580552328378
"6896",288,"Clostridium.paraputrificum",0.0408777669072151
"6897",288,"Clostridium.sp..MP113D9",-0.0009715017513372
"6898",288,"Clostridium.sp..MP49A11",-0.00129289465257898
"6899",288,"Clostridium.sp..MP551E06",-0.000653059687465429
"6900",288,"Eggerthella.lenta",0.233569912612438
"6901",288,"Eggerthella.sp..MP163B1",0.0384996235370636
"6902",288,"Lactobacillus.animalis",0.00581276463344693
"6903",288,"Megasphaera.sp..MP182G6",-0.0015855475794524
"6904",288,"Paenibacillus.macerans",0.0325742959976196
"6905",288,"Romboutsia.sp..MP35A8",-0.00127100880490616
"6906",288,"Sellimonas.intestinalis",-0.00119572324911132
"6907",288,"Turicibacter.sp..MP236E3",-0.00164707115618512
"6908",288,"Veillonella.atypica",-0.00658931490033865
"6909",288,"Veillonella.dispar",-0.0050777739379555
"6910",288,"X.Clostridium..citroniae",-0.0335452519357204
"6911",288,"X.Clostridium..cocleatum",-0.00180678942706436
"6912",288,"X.Clostridium..sp..MP626E2_ig1",-0.00218353979289532
"6913",289,"Anaerotruncus.colihominis",-0.00260439177509397
"6914",289,"Bacteroides.sp..MP64F12",6.84004080540035e-05
"6915",289,"Blautia.coccoides",-0.0171823212876916
"6916",289,"Burkholderiales.bacterium",-0.00377333350479603
"6917",289,"Citrobacter.werkmanii",0.00499230157583952
"6918",289,"Clostridium.clostridioforme.CAG.511",0.000461694842670113
"6919",289,"Clostridium.nexile.CAG.348",-0.0032214600360021
"6920",289,"Clostridium.paraputrificum",-0.0228033512830734
"6921",289,"Clostridium.sp..MP113D9",0.0012371827615425
"6922",289,"Clostridium.sp..MP49A11",-0.00104225461836904
"6923",289,"Clostridium.sp..MP551E06",-0.00119388895109296
"6924",289,"Eggerthella.lenta",-0.0817747712135315
"6925",289,"Eggerthella.sp..MP163B1",-0.000916524673812091
"6926",289,"Lactobacillus.animalis",0.00131745351245627
"6927",289,"Megasphaera.sp..MP182G6",0.00335157127119601
"6928",289,"Paenibacillus.macerans",-0.00417363340966403
"6929",289,"Romboutsia.sp..MP35A8",0.000303223539958708
"6930",289,"Sellimonas.intestinalis",-0.00160575041081756
"6931",289,"Turicibacter.sp..MP236E3",-0.0040557396132499
"6932",289,"Veillonella.atypica",0.00423867953941226
"6933",289,"Veillonella.dispar",-0.00592054822482169
"6934",289,"X.Clostridium..citroniae",-0.070926807820797
"6935",289,"X.Clostridium..cocleatum",-0.00293284899089485
"6936",289,"X.Clostridium..sp..MP626E2_ig1",-0.000599012972088531
"6937",290,"Anaerotruncus.colihominis",-0.00695463200099766
"6938",290,"Bacteroides.sp..MP64F12",-0.000651943555567414
"6939",290,"Blautia.coccoides",-0.012114170473069
"6940",290,"Burkholderiales.bacterium",-0.00584344333037734
"6941",290,"Citrobacter.werkmanii",-0.00399926491081715
"6942",290,"Clostridium.clostridioforme.CAG.511",-0.00133561744587496
"6943",290,"Clostridium.nexile.CAG.348",-0.00450338539667428
"6944",290,"Clostridium.paraputrificum",-0.0275106364861131
"6945",290,"Clostridium.sp..MP113D9",-0.00143015413777903
"6946",290,"Clostridium.sp..MP49A11",-0.00212941947393119
"6947",290,"Clostridium.sp..MP551E06",-0.00109222054015845
"6948",290,"Eggerthella.lenta",-0.100097998976707
"6949",290,"Eggerthella.sp..MP163B1",-0.0157861360348761
"6950",290,"Lactobacillus.animalis",-0.00110183068318292
"6951",290,"Megasphaera.sp..MP182G6",-0.00273327936884016
"6952",290,"Paenibacillus.macerans",-0.00278065865859389
"6953",290,"Romboutsia.sp..MP35A8",-0.00223840516991913
"6954",290,"Sellimonas.intestinalis",-0.00206709024496377
"6955",290,"Turicibacter.sp..MP236E3",-0.00507924426347017
"6956",290,"Veillonella.atypica",-0.0148249263875186
"6957",290,"Veillonella.dispar",-0.00715667335316539
"6958",290,"X.Clostridium..citroniae",-0.087120495736599
"6959",290,"X.Clostridium..cocleatum",-0.00313338683918118
"6960",290,"X.Clostridium..sp..MP626E2_ig1",-0.00322234467603266
"6961",291,"Anaerotruncus.colihominis",0.0167985996231437
"6962",291,"Bacteroides.sp..MP64F12",-0.000498489214805886
"6963",291,"Blautia.coccoides",0.0241956077516079
"6964",291,"Burkholderiales.bacterium",0.00100307376123965
"6965",291,"Citrobacter.werkmanii",-0.00151916337199509
"6966",291,"Clostridium.clostridioforme.CAG.511",0.00450298562645912
"6967",291,"Clostridium.nexile.CAG.348",-0.00107501575257629
"6968",291,"Clostridium.paraputrificum",0.0275034494698048
"6969",291,"Clostridium.sp..MP113D9",-0.000630207126960158
"6970",291,"Clostridium.sp..MP49A11",-0.000961346202529967
"6971",291,"Clostridium.sp..MP551E06",-0.000405225800932385
"6972",291,"Eggerthella.lenta",0.142414249479771
"6973",291,"Eggerthella.sp..MP163B1",0.0159877985715866
"6974",291,"Lactobacillus.animalis",-0.000610532588325441
"6975",291,"Megasphaera.sp..MP182G6",-0.000897004792932421
"6976",291,"Paenibacillus.macerans",-0.000931180606130511
"6977",291,"Romboutsia.sp..MP35A8",0.0262382179498672
"6978",291,"Sellimonas.intestinalis",-0.000914043688680977
"6979",291,"Turicibacter.sp..MP236E3",-0.0012207796680741
"6980",291,"Veillonella.atypica",0.00431475881487131
"6981",291,"Veillonella.dispar",-0.00292788585647941
"6982",291,"X.Clostridium..citroniae",0.0662750229239464
"6983",291,"X.Clostridium..cocleatum",-0.00156894628889859
"6984",291,"X.Clostridium..sp..MP626E2_ig1",-0.00155909644672647
"6985",292,"Anaerotruncus.colihominis",-0.00492282235063612
"6986",292,"Bacteroides.sp..MP64F12",-0.000674185925163329
"6987",292,"Blautia.coccoides",0.00217182328924537
"6988",292,"Burkholderiales.bacterium",-0.00298305356409401
"6989",292,"Citrobacter.werkmanii",-0.00189542700536549
"6990",292,"Clostridium.clostridioforme.CAG.511",-0.000685587583575398
"6991",292,"Clostridium.nexile.CAG.348",0.0285511426627636
"6992",292,"Clostridium.paraputrificum",-0.00966960890218616
"6993",292,"Clostridium.sp..MP113D9",-0.000827773154014722
"6994",292,"Clostridium.sp..MP49A11",-0.00138412805972621
"6995",292,"Clostridium.sp..MP551E06",-0.000608226720942184
"6996",292,"Eggerthella.lenta",0.226015292108059
"6997",292,"Eggerthella.sp..MP163B1",0.0363154504448175
"6998",292,"Lactobacillus.animalis",-0.000739465118385851
"6999",292,"Megasphaera.sp..MP182G6",-0.0014218989526853
"7000",292,"Paenibacillus.macerans",-0.00132325699087232
"7001",292,"Romboutsia.sp..MP35A8",-0.00132477801525965
"7002",292,"Sellimonas.intestinalis",-0.00118033104809001
"7003",292,"Turicibacter.sp..MP236E3",-0.00178283004788682
"7004",292,"Veillonella.atypica",-0.00433556060306728
"7005",292,"Veillonella.dispar",-0.00326280936133116
"7006",292,"X.Clostridium..citroniae",-0.0338234435766935
"7007",292,"X.Clostridium..cocleatum",0.00155569246271625
"7008",292,"X.Clostridium..sp..MP626E2_ig1",-0.00174198037711903
"7009",293,"Anaerotruncus.colihominis",-0.00644386233761907
"7010",293,"Bacteroides.sp..MP64F12",-0.00058173222350888
"7011",293,"Blautia.coccoides",-0.0328809823840857
"7012",293,"Burkholderiales.bacterium",-0.00304468476679176
"7013",293,"Citrobacter.werkmanii",0.0264381775632501
"7014",293,"Clostridium.clostridioforme.CAG.511",-0.000987457693554461
"7015",293,"Clostridium.nexile.CAG.348",-0.00237133260816336
"7016",293,"Clostridium.paraputrificum",-0.0115855988115072
"7017",293,"Clostridium.sp..MP113D9",-0.00103274534922093
"7018",293,"Clostridium.sp..MP49A11",-0.00147292576730251
"7019",293,"Clostridium.sp..MP551E06",-0.000579828978516161
"7020",293,"Eggerthella.lenta",-0.0797273442149162
"7021",293,"Eggerthella.sp..MP163B1",-0.00975106796249747
"7022",293,"Lactobacillus.animalis",-0.000912367802811787
"7023",293,"Megasphaera.sp..MP182G6",-0.00150932685937732
"7024",293,"Paenibacillus.macerans",-0.00210455467458814
"7025",293,"Romboutsia.sp..MP35A8",-0.00140631577232853
"7026",293,"Sellimonas.intestinalis",-0.00141304871067405
"7027",293,"Turicibacter.sp..MP236E3",-0.00263274263124913
"7028",293,"Veillonella.atypica",-0.0116774938069284
"7029",293,"Veillonella.dispar",-0.00457774172537029
"7030",293,"X.Clostridium..citroniae",0.0871107839047909
"7031",293,"X.Clostridium..cocleatum",-0.00226681819185615
"7032",293,"X.Clostridium..sp..MP626E2_ig1",-0.00237200211267918
"7033",294,"Anaerotruncus.colihominis",-0.0100690713152289
"7034",294,"Bacteroides.sp..MP64F12",-0.000687238934915513
"7035",294,"Blautia.coccoides",-0.0045640803873539
"7036",294,"Burkholderiales.bacterium",0.0314231449738145
"7037",294,"Citrobacter.werkmanii",-0.00277074309997261
"7038",294,"Clostridium.clostridioforme.CAG.511",-0.000875298865139484
"7039",294,"Clostridium.nexile.CAG.348",-0.00419045076705515
"7040",294,"Clostridium.paraputrificum",-0.0125745097175241
"7041",294,"Clostridium.sp..MP113D9",-0.00112512771738693
"7042",294,"Clostridium.sp..MP49A11",-0.00186637073056772
"7043",294,"Clostridium.sp..MP551E06",-0.00120599003275856
"7044",294,"Eggerthella.lenta",-0.0988675728440285
"7045",294,"Eggerthella.sp..MP163B1",-0.011614297516644
"7046",294,"Lactobacillus.animalis",-0.000967020489042625
"7047",294,"Megasphaera.sp..MP182G6",-0.00149086018791422
"7048",294,"Paenibacillus.macerans",-0.00189267005771399
"7049",294,"Romboutsia.sp..MP35A8",-0.00137805542908609
"7050",294,"Sellimonas.intestinalis",-0.000552888319361955
"7051",294,"Turicibacter.sp..MP236E3",-0.00273726973682642
"7052",294,"Veillonella.atypica",-0.014037914108485
"7053",294,"Veillonella.dispar",-0.0050563623663038
"7054",294,"X.Clostridium..citroniae",-0.0723431333899498
"7055",294,"X.Clostridium..cocleatum",-0.00191712653031573
"7056",294,"X.Clostridium..sp..MP626E2_ig1",-0.00440989108756185
"7057",295,"Anaerotruncus.colihominis",0.0127291725948453
"7058",295,"Bacteroides.sp..MP64F12",-0.000661882222630084
"7059",295,"Blautia.coccoides",0.0174467135220766
"7060",295,"Burkholderiales.bacterium",-0.00232673005666584
"7061",295,"Citrobacter.werkmanii",-0.00169417046708986
"7062",295,"Clostridium.clostridioforme.CAG.511",-0.000665413244860247
"7063",295,"Clostridium.nexile.CAG.348",-0.00122943462338299
"7064",295,"Clostridium.paraputrificum",-0.00767947477288544
"7065",295,"Clostridium.sp..MP113D9",-0.000833882775623351
"7066",295,"Clostridium.sp..MP49A11",-0.00112577388063073
"7067",295,"Clostridium.sp..MP551E06",-0.000452077962108888
"7068",295,"Eggerthella.lenta",0.110258314758539
"7069",295,"Eggerthella.sp..MP163B1",0.0211612181738019
"7070",295,"Lactobacillus.animalis",-0.000789115263614804
"7071",295,"Megasphaera.sp..MP182G6",-0.00116468436317518
"7072",295,"Paenibacillus.macerans",-0.00113964168122038
"7073",295,"Romboutsia.sp..MP35A8",0.0237931795418262
"7074",295,"Sellimonas.intestinalis",-0.00121843925444409
"7075",295,"Turicibacter.sp..MP236E3",-0.00154944520909339
"7076",295,"Veillonella.atypica",-0.00551062379963696
"7077",295,"Veillonella.dispar",-0.00285465177148581
"7078",295,"X.Clostridium..citroniae",0.118458535522223
"7079",295,"X.Clostridium..cocleatum",-0.00170431204605848
"7080",295,"X.Clostridium..sp..MP626E2_ig1",-0.0017600596183911
"7081",296,"Anaerotruncus.colihominis",-0.00404776027426124
"7082",296,"Bacteroides.sp..MP64F12",0.00722801242955029
"7083",296,"Blautia.coccoides",-0.00278106541372836
"7084",296,"Burkholderiales.bacterium",0.00403528125025332
"7085",296,"Citrobacter.werkmanii",-0.00184265320422128
"7086",296,"Clostridium.clostridioforme.CAG.511",-0.000854733574669808
"7087",296,"Clostridium.nexile.CAG.348",-0.00179956702049822
"7088",296,"Clostridium.paraputrificum",-0.008891009259969
"7089",296,"Clostridium.sp..MP113D9",-0.000970431370660663
"7090",296,"Clostridium.sp..MP49A11",-0.00126683048438281
"7091",296,"Clostridium.sp..MP551E06",-0.000710656837327406
"7092",296,"Eggerthella.lenta",0.251789972186089
"7093",296,"Eggerthella.sp..MP163B1",0.0415024198591709
"7094",296,"Lactobacillus.animalis",-0.00074699116521515
"7095",296,"Megasphaera.sp..MP182G6",-0.00136207556352019
"7096",296,"Paenibacillus.macerans",-0.00138077058363706
"7097",296,"Romboutsia.sp..MP35A8",-0.00144733244087547
"7098",296,"Sellimonas.intestinalis",-0.00119669927516952
"7099",296,"Turicibacter.sp..MP236E3",-0.00178918638266623
"7100",296,"Veillonella.atypica",-0.00428817584179342
"7101",296,"Veillonella.dispar",-0.00315333320759237
"7102",296,"X.Clostridium..citroniae",-0.0374758094549179
"7103",296,"X.Clostridium..cocleatum",-0.0018100468441844
"7104",296,"X.Clostridium..sp..MP626E2_ig1",-0.00218053499702364
"7105",297,"Anaerotruncus.colihominis",-0.00925162574276328
"7106",297,"Bacteroides.sp..MP64F12",-0.000629616581136361
"7107",297,"Blautia.coccoides",-0.000940027501201257
"7108",297,"Burkholderiales.bacterium",-0.00613062386400998
"7109",297,"Citrobacter.werkmanii",-0.00292249920312315
"7110",297,"Clostridium.clostridioforme.CAG.511",-0.00119739508954808
"7111",297,"Clostridium.nexile.CAG.348",-0.00383182882796973
"7112",297,"Clostridium.paraputrificum",-0.0244485335424542
"7113",297,"Clostridium.sp..MP113D9",-0.00123440060997382
"7114",297,"Clostridium.sp..MP49A11",-0.00227428646758199
"7115",297,"Clostridium.sp..MP551E06",-0.000927700835745782
"7116",297,"Eggerthella.lenta",-0.100663986057043
"7117",297,"Eggerthella.sp..MP163B1",-0.0133235547691584
"7118",297,"Lactobacillus.animalis",-0.00080701889237389
"7119",297,"Megasphaera.sp..MP182G6",-0.00268056674394757
"7120",297,"Paenibacillus.macerans",-0.00254019803833216
"7121",297,"Romboutsia.sp..MP35A8",-0.00219033542089164
"7122",297,"Sellimonas.intestinalis",-0.0024661507923156
"7123",297,"Turicibacter.sp..MP236E3",-0.00445820996537805
"7124",297,"Veillonella.atypica",-0.0187612157315016
"7125",297,"Veillonella.dispar",-0.00462637678720057
"7126",297,"X.Clostridium..citroniae",-0.0878719314932823
"7127",297,"X.Clostridium..cocleatum",-0.00274901755619794
"7128",297,"X.Clostridium..sp..MP626E2_ig1",-0.00310254795476794
"7129",298,"Anaerotruncus.colihominis",0.0347752701491117
"7130",298,"Bacteroides.sp..MP64F12",-0.000646476517431438
"7131",298,"Blautia.coccoides",0.0405252575874329
"7132",298,"Burkholderiales.bacterium",-0.00340391346253455
"7133",298,"Citrobacter.werkmanii",-0.00200833159033209
"7134",298,"Clostridium.clostridioforme.CAG.511",-0.000584320368943736
"7135",298,"Clostridium.nexile.CAG.348",-0.00198343070223927
"7136",298,"Clostridium.paraputrificum",-0.0100147691555321
"7137",298,"Clostridium.sp..MP113D9",-0.000844377325847745
"7138",298,"Clostridium.sp..MP49A11",-0.0011995027307421
"7139",298,"Clostridium.sp..MP551E06",-0.000631692644674331
"7140",298,"Eggerthella.lenta",-0.040647279471159
"7141",298,"Eggerthella.sp..MP163B1",-0.00665379082784057
"7142",298,"Lactobacillus.animalis",-0.000762728275731206
"7143",298,"Megasphaera.sp..MP182G6",-0.00126415595877916
"7144",298,"Paenibacillus.macerans",-0.00144738418748602
"7145",298,"Romboutsia.sp..MP35A8",-0.00147286808351055
"7146",298,"Sellimonas.intestinalis",-0.00149764306843281
"7147",298,"Turicibacter.sp..MP236E3",-0.00188076286576688
"7148",298,"Veillonella.atypica",-0.00620841514319181
"7149",298,"Veillonella.dispar",-0.00304810958914459
"7150",298,"X.Clostridium..citroniae",0.203704833984375
"7151",298,"X.Clostridium..cocleatum",-0.00201046711299568
"7152",298,"X.Clostridium..sp..MP626E2_ig1",-0.00207357609178871
"7153",299,"Anaerotruncus.colihominis",-0.00465837051160634
"7154",299,"Bacteroides.sp..MP64F12",-0.00079259168705903
"7155",299,"Blautia.coccoides",-0.01350292051211
"7156",299,"Burkholderiales.bacterium",-0.00503277475945652
"7157",299,"Citrobacter.werkmanii",-0.00303309026639909
"7158",299,"Clostridium.clostridioforme.CAG.511",-0.000990689179161564
"7159",299,"Clostridium.nexile.CAG.348",-0.00373585743363947
"7160",299,"Clostridium.paraputrificum",-0.0282062031328678
"7161",299,"Clostridium.sp..MP113D9",-0.000243150541791692
"7162",299,"Clostridium.sp..MP49A11",-0.00183860410470515
"7163",299,"Clostridium.sp..MP551E06",-0.00145246338797733
"7164",299,"Eggerthella.lenta",-0.0933840870857239
"7165",299,"Eggerthella.sp..MP163B1",-0.00971159525215626
"7166",299,"Lactobacillus.animalis",-0.00121498538646847
"7167",299,"Megasphaera.sp..MP182G6",-0.00137805147096515
"7168",299,"Paenibacillus.macerans",-0.00434971763752401
"7169",299,"Romboutsia.sp..MP35A8",-0.000989165098872036
"7170",299,"Sellimonas.intestinalis",-0.00211936014238745
"7171",299,"Turicibacter.sp..MP236E3",-0.00427921628579497
"7172",299,"Veillonella.atypica",0.00115537893725559
"7173",299,"Veillonella.dispar",-0.00311840954236686
"7174",299,"X.Clostridium..citroniae",-0.0687271803617477
"7175",299,"X.Clostridium..cocleatum",-0.00229204806964844
"7176",299,"X.Clostridium..sp..MP626E2_ig1",-0.00207771791610867
"7177",300,"Anaerotruncus.colihominis",-0.00403041089884937
"7178",300,"Bacteroides.sp..MP64F12",-0.000598434620769694
"7179",300,"Blautia.coccoides",0.0440803039819002
"7180",300,"Burkholderiales.bacterium",-0.00302807800471783
"7181",300,"Citrobacter.werkmanii",-0.00200871436391026
"7182",300,"Clostridium.clostridioforme.CAG.511",0.00765718775801361
"7183",300,"Clostridium.nexile.CAG.348",-0.00202756468206644
"7184",300,"Clostridium.paraputrificum",-0.0138813289813697
"7185",300,"Clostridium.sp..MP113D9",-0.000794944382505491
"7186",300,"Clostridium.sp..MP49A11",-0.00141788355540484
"7187",300,"Clostridium.sp..MP551E06",-0.000576903170440346
"7188",300,"Eggerthella.lenta",-0.0488989073783159
"7189",300,"Eggerthella.sp..MP163B1",-0.00616818433627486
"7190",300,"Lactobacillus.animalis",-0.000838349893456325
"7191",300,"Megasphaera.sp..MP182G6",-0.00184576201718301
"7192",300,"Paenibacillus.macerans",-0.00197060912614688
"7193",300,"Romboutsia.sp..MP35A8",-0.0015396109665744
"7194",300,"Sellimonas.intestinalis",-0.00121351034613326
"7195",300,"Turicibacter.sp..MP236E3",-0.00254211795981973
"7196",300,"Veillonella.atypica",0.0109228910878301
"7197",300,"Veillonella.dispar",-0.00485410029068589
"7198",300,"X.Clostridium..citroniae",0.239042319357395
"7199",300,"X.Clostridium..cocleatum",0.022310484200716
"7200",300,"X.Clostridium..sp..MP626E2_ig1",-0.00143614778062329
"7201",301,"Anaerotruncus.colihominis",-0.00528465583920479
"7202",301,"Bacteroides.sp..MP64F12",-0.000474972257507034
"7203",301,"Blautia.coccoides",-0.00747682666406035
"7204",301,"Burkholderiales.bacterium",-0.002632757415995
"7205",301,"Citrobacter.werkmanii",-0.00172301370184869
"7206",301,"Clostridium.clostridioforme.CAG.511",-0.000625657849013805
"7207",301,"Clostridium.nexile.CAG.348",-0.00305978138931096
"7208",301,"Clostridium.paraputrificum",-0.00854818988591433
"7209",301,"Clostridium.sp..MP113D9",-0.000879551196703687
"7210",301,"Clostridium.sp..MP49A11",-0.00143022334668785
"7211",301,"Clostridium.sp..MP551E06",-0.000779847439844161
"7212",301,"Eggerthella.lenta",-0.0604391116648912
"7213",301,"Eggerthella.sp..MP163B1",-0.00721205538138747
"7214",301,"Lactobacillus.animalis",-0.000762633455451578
"7215",301,"Megasphaera.sp..MP182G6",-0.00162424746667966
"7216",301,"Paenibacillus.macerans",-0.00189528660848737
"7217",301,"Romboutsia.sp..MP35A8",-0.00137499411357567
"7218",301,"Sellimonas.intestinalis",-0.00201274291612208
"7219",301,"Turicibacter.sp..MP236E3",-0.00251245312392712
"7220",301,"Veillonella.atypica",-0.00714158522896469
"7221",301,"Veillonella.dispar",-0.00350488012190908
"7222",301,"X.Clostridium..citroniae",-0.017423840239644
"7223",301,"X.Clostridium..cocleatum",-0.00183560478035361
"7224",301,"X.Clostridium..sp..MP626E2_ig1",0.0511692985892296
"7225",302,"Anaerotruncus.colihominis",0.0270803831517696
"7226",302,"Bacteroides.sp..MP64F12",-0.000593383680097759
"7227",302,"Blautia.coccoides",-0.0118174869567156
"7228",302,"Burkholderiales.bacterium",-0.00245384895242751
"7229",302,"Citrobacter.werkmanii",-0.0021980096353218
"7230",302,"Clostridium.clostridioforme.CAG.511",-0.000721975404303521
"7231",302,"Clostridium.nexile.CAG.348",-0.002015235950239
"7232",302,"Clostridium.paraputrificum",0.0723319798707962
"7233",302,"Clostridium.sp..MP113D9",-0.000823605834739283
"7234",302,"Clostridium.sp..MP49A11",-0.00149964430602267
"7235",302,"Clostridium.sp..MP551E06",-0.000648124289000407
"7236",302,"Eggerthella.lenta",-0.0429826155304909
"7237",302,"Eggerthella.sp..MP163B1",-0.00572791253216565
"7238",302,"Lactobacillus.animalis",-0.00149000930832699
"7239",302,"Megasphaera.sp..MP182G6",-0.00152842228999361
"7240",302,"Paenibacillus.macerans",-0.00171894178492948
"7241",302,"Romboutsia.sp..MP35A8",-0.00141611107392237
"7242",302,"Sellimonas.intestinalis",-0.00136856833705679
"7243",302,"Turicibacter.sp..MP236E3",-0.00204960722476244
"7244",302,"Veillonella.atypica",-0.00723014865070581
"7245",302,"Veillonella.dispar",0.030049161054194
"7246",302,"X.Clostridium..citroniae",0.172693066298962
"7247",302,"X.Clostridium..cocleatum",-0.00278085842728615
"7248",302,"X.Clostridium..sp..MP626E2_ig1",-0.00128341390518472
"7249",303,"Anaerotruncus.colihominis",-0.00133789493702352
"7250",303,"Bacteroides.sp..MP64F12",-0.000839584739878774
"7251",303,"Blautia.coccoides",-0.00484669860452414
"7252",303,"Burkholderiales.bacterium",-0.00260950659867376
"7253",303,"Citrobacter.werkmanii",-0.00152351811993867
"7254",303,"Clostridium.clostridioforme.CAG.511",-0.000427932332968339
"7255",303,"Clostridium.nexile.CAG.348",-0.000962511345278472
"7256",303,"Clostridium.paraputrificum",-0.0120119270868599
"7257",303,"Clostridium.sp..MP113D9",-9.59650933509693e-05
"7258",303,"Clostridium.sp..MP49A11",-0.00103146175388247
"7259",303,"Clostridium.sp..MP551E06",-0.000434992762166075
"7260",303,"Eggerthella.lenta",0.171232372522354
"7261",303,"Eggerthella.sp..MP163B1",0.0346974898129702
"7262",303,"Lactobacillus.animalis",-0.000784124800702557
"7263",303,"Megasphaera.sp..MP182G6",0.0213475441560149
"7264",303,"Paenibacillus.macerans",-0.0019727231701836
"7265",303,"Romboutsia.sp..MP35A8",-0.000793677609181032
"7266",303,"Sellimonas.intestinalis",-0.000678769196383655
"7267",303,"Turicibacter.sp..MP236E3",-0.00179165101144463
"7268",303,"Veillonella.atypica",0.000970144115854055
"7269",303,"Veillonella.dispar",-0.00221042754128575
"7270",303,"X.Clostridium..citroniae",0.146573901176453
"7271",303,"X.Clostridium..cocleatum",-0.000909025460714474
"7272",303,"X.Clostridium..sp..MP626E2_ig1",-0.000308185175526887
"7273",304,"Anaerotruncus.colihominis",0.0170404268428683
"7274",304,"Bacteroides.sp..MP64F12",-0.000568015995668247
"7275",304,"Blautia.coccoides",-0.00322715507354587
"7276",304,"Burkholderiales.bacterium",-0.00246371468529105
"7277",304,"Citrobacter.werkmanii",-0.00140616821590811
"7278",304,"Clostridium.clostridioforme.CAG.511",-0.000524657283676788
"7279",304,"Clostridium.nexile.CAG.348",-0.00116139504825696
"7280",304,"Clostridium.paraputrificum",-0.00715954694896936
"7281",304,"Clostridium.sp..MP113D9",-0.000691156135872006
"7282",304,"Clostridium.sp..MP49A11",-0.00127509579760954
"7283",304,"Clostridium.sp..MP551E06",-0.000456631722045131
"7284",304,"Eggerthella.lenta",0.166585341095924
"7285",304,"Eggerthella.sp..MP163B1",0.022661130875349
"7286",304,"Lactobacillus.animalis",-0.000701251265127212
"7287",304,"Megasphaera.sp..MP182G6",-0.00117805349873379
"7288",304,"Paenibacillus.macerans",-0.00109478429658338
"7289",304,"Romboutsia.sp..MP35A8",-0.000974588008830324
"7290",304,"Sellimonas.intestinalis",0.00978256249800324
"7291",304,"Turicibacter.sp..MP236E3",-0.00137408956652507
"7292",304,"Veillonella.atypica",-0.00488955271430314
"7293",304,"Veillonella.dispar",-0.00280281365849078
"7294",304,"X.Clostridium..citroniae",0.091557651758194
"7295",304,"X.Clostridium..cocleatum",-0.00161355640739202
"7296",304,"X.Clostridium..sp..MP626E2_ig1",-0.00183111988008022
"7297",305,"Anaerotruncus.colihominis",-0.00297013984527439
"7298",305,"Bacteroides.sp..MP64F12",-0.000319146376568824
"7299",305,"Blautia.coccoides",-0.0140827712602913
"7300",305,"Burkholderiales.bacterium",0.00776125304400921
"7301",305,"Citrobacter.werkmanii",0.00152761040953919
"7302",305,"Clostridium.clostridioforme.CAG.511",0
"7303",305,"Clostridium.nexile.CAG.348",-0.00319635320920497
"7304",305,"Clostridium.paraputrificum",-0.0245039230212569
"7305",305,"Clostridium.sp..MP113D9",0.000313960030325688
"7306",305,"Clostridium.sp..MP49A11",-0.00130778102902696
"7307",305,"Clostridium.sp..MP551E06",-0.00130935321794823
"7308",305,"Eggerthella.lenta",-0.0681308694183826
"7309",305,"Eggerthella.sp..MP163B1",-0.00276254862546921
"7310",305,"Lactobacillus.animalis",-0.000670423381961882
"7311",305,"Megasphaera.sp..MP182G6",0.00197212799685076
"7312",305,"Paenibacillus.macerans",-0.00419325428083539
"7313",305,"Romboutsia.sp..MP35A8",-0.000110586079244968
"7314",305,"Sellimonas.intestinalis",-0.00162019586423412
"7315",305,"Turicibacter.sp..MP236E3",-0.00400562072172761
"7316",305,"Veillonella.atypica",0.00599349034018815
"7317",305,"Veillonella.dispar",-0.00298114819452167
"7318",305,"X.Clostridium..citroniae",-0.0810097344219685
"7319",305,"X.Clostridium..cocleatum",-0.00327599071897566
"7320",305,"X.Clostridium..sp..MP626E2_ig1",-0.00102861091727391
"7321",306,"Anaerotruncus.colihominis",-0.00363851222209632
"7322",306,"Bacteroides.sp..MP64F12",-0.00060402273084037
"7323",306,"Blautia.coccoides",-0.00666902144439518
"7324",306,"Burkholderiales.bacterium",0.00388976139947772
"7325",306,"Citrobacter.werkmanii",-0.00168874836526811
"7326",306,"Clostridium.clostridioforme.CAG.511",-0.00074590218719095
"7327",306,"Clostridium.nexile.CAG.348",-0.00173108623130247
"7328",306,"Clostridium.paraputrificum",-0.010361751075834
"7329",306,"Clostridium.sp..MP113D9",-0.000930466369027272
"7330",306,"Clostridium.sp..MP49A11",-0.0013504495145753
"7331",306,"Clostridium.sp..MP551E06",-0.00070633867289871
"7332",306,"Eggerthella.lenta",0.255832001566887
"7333",306,"Eggerthella.sp..MP163B1",0.0373399779200554
"7334",306,"Lactobacillus.animalis",-0.000864481698954478
"7335",306,"Megasphaera.sp..MP182G6",-0.00149864476406947
"7336",306,"Paenibacillus.macerans",-0.00144728261511773
"7337",306,"Romboutsia.sp..MP35A8",-0.0013881511404179
"7338",306,"Sellimonas.intestinalis",-0.00113903050078079
"7339",306,"Turicibacter.sp..MP236E3",-0.00201780966017395
"7340",306,"Veillonella.atypica",0.00409391440916806
"7341",306,"Veillonella.dispar",-0.00277658645063639
"7342",306,"X.Clostridium..citroniae",-0.0362488683313131
"7343",306,"X.Clostridium..cocleatum",-0.00253513001371175
"7344",306,"X.Clostridium..sp..MP626E2_ig1",-0.00230694992933422
"7345",307,"Anaerotruncus.colihominis",-0.00638447189703584
"7346",307,"Bacteroides.sp..MP64F12",-0.000594848359469324
"7347",307,"Blautia.coccoides",-0.0049052822869271
"7348",307,"Burkholderiales.bacterium",0.0864820629358292
"7349",307,"Citrobacter.werkmanii",-0.00204633409157395
"7350",307,"Clostridium.clostridioforme.CAG.511",-0.00108962884405628
"7351",307,"Clostridium.nexile.CAG.348",-0.00303187081590295
"7352",307,"Clostridium.paraputrificum",-0.0115034487098455
"7353",307,"Clostridium.sp..MP113D9",-0.00092322111595422
"7354",307,"Clostridium.sp..MP49A11",-0.00160173582844436
"7355",307,"Clostridium.sp..MP551E06",-0.000832554505905136
"7356",307,"Eggerthella.lenta",-0.0654843896627426
"7357",307,"Eggerthella.sp..MP163B1",-0.00887556793168187
"7358",307,"Lactobacillus.animalis",-0.000746159028494731
"7359",307,"Megasphaera.sp..MP182G6",-0.00186217925511301
"7360",307,"Paenibacillus.macerans",-0.00263660028576851
"7361",307,"Romboutsia.sp..MP35A8",-0.00160808867076412
"7362",307,"Sellimonas.intestinalis",-0.00158217659918591
"7363",307,"Turicibacter.sp..MP236E3",-0.00325781828723848
"7364",307,"Veillonella.atypica",-0.00908965524286032
"7365",307,"Veillonella.dispar",-0.00498190172947943
"7366",307,"X.Clostridium..citroniae",-0.0392064601182938
"7367",307,"X.Clostridium..cocleatum",-0.00164170999778435
"7368",307,"X.Clostridium..sp..MP626E2_ig1",-0.00223571481183171
"7369",308,"Anaerotruncus.colihominis",0.0284855617210269
"7370",308,"Bacteroides.sp..MP64F12",-0.000723252596799284
"7371",308,"Blautia.coccoides",0.000498295470606536
"7372",308,"Burkholderiales.bacterium",-0.00174297828925774
"7373",308,"Citrobacter.werkmanii",-0.00173353933496401
"7374",308,"Clostridium.clostridioforme.CAG.511",-0.00064072769600898
"7375",308,"Clostridium.nexile.CAG.348",0.0276143932715058
"7376",308,"Clostridium.paraputrificum",0.0394185911864042
"7377",308,"Clostridium.sp..MP113D9",-0.000790298043284565
"7378",308,"Clostridium.sp..MP49A11",-0.00118551042396575
"7379",308,"Clostridium.sp..MP551E06",-0.00049619773926679
"7380",308,"Eggerthella.lenta",-0.0364668220281601
"7381",308,"Eggerthella.sp..MP163B1",-0.0058554969727993
"7382",308,"Lactobacillus.animalis",-0.000789207319030538
"7383",308,"Megasphaera.sp..MP182G6",-0.0012200364144519
"7384",308,"Paenibacillus.macerans",-0.0012432825169526
"7385",308,"Romboutsia.sp..MP35A8",-0.00126000086311251
"7386",308,"Sellimonas.intestinalis",-0.00143012451007962
"7387",308,"Turicibacter.sp..MP236E3",-0.00166701688431203
"7388",308,"Veillonella.atypica",0.00766911939717829
"7389",308,"Veillonella.dispar",-0.00377696298528463
"7390",308,"X.Clostridium..citroniae",0.147713430225849
"7391",308,"X.Clostridium..cocleatum",-0.00196349050384015
"7392",308,"X.Clostridium..sp..MP626E2_ig1",0.0140278600156307
"7393",309,"Anaerotruncus.colihominis",-0.0111843543127179
"7394",309,"Bacteroides.sp..MP64F12",-0.000610212358878925
"7395",309,"Blautia.coccoides",-0.0165758328512311
"7396",309,"Burkholderiales.bacterium",-0.00563716934993863
"7397",309,"Citrobacter.werkmanii",-0.00380222639068961
"7398",309,"Clostridium.clostridioforme.CAG.511",-0.0017529318574816
"7399",309,"Clostridium.nexile.CAG.348",-0.00350668746978045
"7400",309,"Clostridium.paraputrificum",-0.0249861367046833
"7401",309,"Clostridium.sp..MP113D9",-0.000772681058151647
"7402",309,"Clostridium.sp..MP49A11",-0.00256317225284874
"7403",309,"Clostridium.sp..MP551E06",-0.00106829317519441
"7404",309,"Eggerthella.lenta",-0.0988721251487732
"7405",309,"Eggerthella.sp..MP163B1",-0.0136689539067447
"7406",309,"Lactobacillus.animalis",-0.00155323045328259
"7407",309,"Megasphaera.sp..MP182G6",-0.00237369525711983
"7408",309,"Paenibacillus.macerans",-0.00333286169916391
"7409",309,"Romboutsia.sp..MP35A8",-0.00195361382793635
"7410",309,"Sellimonas.intestinalis",-0.00251792510971427
"7411",309,"Turicibacter.sp..MP236E3",-0.00502507947385311
"7412",309,"Veillonella.atypica",-0.00854775542393327
"7413",309,"Veillonella.dispar",-0.00756893493235111
"7414",309,"X.Clostridium..citroniae",-0.0734877958893776
"7415",309,"X.Clostridium..cocleatum",-0.00173270178493112
"7416",309,"X.Clostridium..sp..MP626E2_ig1",-0.00290734658483416
"7417",310,"Anaerotruncus.colihominis",-0.00823352998122573
"7418",310,"Bacteroides.sp..MP64F12",-0.000626277207629755
"7419",310,"Blautia.coccoides",-0.0117703452706337
"7420",310,"Burkholderiales.bacterium",-0.00600915239192545
"7421",310,"Citrobacter.werkmanii",-0.00256194022949785
"7422",310,"Clostridium.clostridioforme.CAG.511",-0.00114804587792605
"7423",310,"Clostridium.nexile.CAG.348",-0.00470348843373358
"7424",310,"Clostridium.paraputrificum",-0.0260251751169562
"7425",310,"Clostridium.sp..MP113D9",-0.00150628387928009
"7426",310,"Clostridium.sp..MP49A11",-0.00210732128471136
"7427",310,"Clostridium.sp..MP551E06",-0.00143378635402769
"7428",310,"Eggerthella.lenta",-0.105589188635349
"7429",310,"Eggerthella.sp..MP163B1",-0.0158280776813626
"7430",310,"Lactobacillus.animalis",-0.000975918606854975
"7431",310,"Megasphaera.sp..MP182G6",-0.00319300871342421
"7432",310,"Paenibacillus.macerans",-0.00285869371145964
"7433",310,"Romboutsia.sp..MP35A8",-0.00253133603837341
"7434",310,"Sellimonas.intestinalis",-0.00253674434497952
"7435",310,"Turicibacter.sp..MP236E3",-0.00538148800842464
"7436",310,"Veillonella.atypica",-0.0115868342109025
"7437",310,"Veillonella.dispar",-0.00671578850597143
"7438",310,"X.Clostridium..citroniae",-0.0641859956085682
"7439",310,"X.Clostridium..cocleatum",-0.0033722777152434
"7440",310,"X.Clostridium..sp..MP626E2_ig1",-0.00411460665054619
"7441",311,"Anaerotruncus.colihominis",-0.00300887576304376
"7442",311,"Bacteroides.sp..MP64F12",-0.000620281090959907
"7443",311,"Blautia.coccoides",-0.00633026426658034
"7444",311,"Burkholderiales.bacterium",-0.00406993250362575
"7445",311,"Citrobacter.werkmanii",-0.00233253568876535
"7446",311,"Clostridium.clostridioforme.CAG.511",-0.00076442927820608
"7447",311,"Clostridium.nexile.CAG.348",-0.00164906575810164
"7448",311,"Clostridium.paraputrificum",-0.0154200382530689
"7449",311,"Clostridium.sp..MP113D9",-0.000851288408739492
"7450",311,"Clostridium.sp..MP49A11",-0.00172532757278532
"7451",311,"Clostridium.sp..MP551E06",-0.000745474739233032
"7452",311,"Eggerthella.lenta",0.289924308657646
"7453",311,"Eggerthella.sp..MP163B1",0.0574531406164169
"7454",311,"Lactobacillus.animalis",-0.00066480360692367
"7455",311,"Megasphaera.sp..MP182G6",-0.00217223435174674
"7456",311,"Paenibacillus.macerans",-0.00180557934800163
"7457",311,"Romboutsia.sp..MP35A8",-0.00166291720233858
"7458",311,"Sellimonas.intestinalis",-0.00120164430700243
"7459",311,"Turicibacter.sp..MP236E3",-0.00295714498497546
"7460",311,"Veillonella.atypica",-0.00260578282177448
"7461",311,"Veillonella.dispar",-0.0054910893086344
"7462",311,"X.Clostridium..citroniae",-0.0442347303032875
"7463",311,"X.Clostridium..cocleatum",0.0223772414028645
"7464",311,"X.Clostridium..sp..MP626E2_ig1",-0.00130039092618972
"7465",312,"Anaerotruncus.colihominis",-0.00287394400220364
"7466",312,"Bacteroides.sp..MP64F12",-0.000305211564409547
"7467",312,"Blautia.coccoides",-0.0148443230427802
"7468",312,"Burkholderiales.bacterium",-0.00370718410704285
"7469",312,"Citrobacter.werkmanii",0.0012877406552434
"7470",312,"Clostridium.clostridioforme.CAG.511",0
"7471",312,"Clostridium.nexile.CAG.348",-0.00319635320920497
"7472",312,"Clostridium.paraputrificum",-0.0261820983141661
"7473",312,"Clostridium.sp..MP113D9",0.000495047133881599
"7474",312,"Clostridium.sp..MP49A11",-0.00126942549832165
"7475",312,"Clostridium.sp..MP551E06",-0.00123729690676555
"7476",312,"Eggerthella.lenta",-0.0821328237652779
"7477",312,"Eggerthella.sp..MP163B1",-0.00502760475501418
"7478",312,"Lactobacillus.animalis",-0.000673315196763724
"7479",312,"Megasphaera.sp..MP182G6",0.00225764082279056
"7480",312,"Paenibacillus.macerans",-0.00427372590638697
"7481",312,"Romboutsia.sp..MP35A8",-0.000257334140769672
"7482",312,"Sellimonas.intestinalis",-0.0015600963961333
"7483",312,"Turicibacter.sp..MP236E3",-0.0040970565751195
"7484",312,"Veillonella.atypica",0.00380020681768656
"7485",312,"Veillonella.dispar",-0.00298059335909784
"7486",312,"X.Clostridium..citroniae",-0.0771578066051006
"7487",312,"X.Clostridium..cocleatum",-0.00324999284930527
"7488",312,"X.Clostridium..sp..MP626E2_ig1",-0.00080255264765583
"7489",313,"Anaerotruncus.colihominis",0.00293032452464104
"7490",313,"Bacteroides.sp..MP64F12",-0.000609290524153039
"7491",313,"Blautia.coccoides",-0.00462745246477425
"7492",313,"Burkholderiales.bacterium",-0.00344958109781146
"7493",313,"Citrobacter.werkmanii",-0.00238504726439714
"7494",313,"Clostridium.clostridioforme.CAG.511",-0.000825448165414855
"7495",313,"Clostridium.nexile.CAG.348",-0.00168084912002087
"7496",313,"Clostridium.paraputrificum",-0.0111492918804288
"7497",313,"Clostridium.sp..MP113D9",-0.00090152194024995
"7498",313,"Clostridium.sp..MP49A11",-0.00139793520793319
"7499",313,"Clostridium.sp..MP551E06",-0.00066407595295459
"7500",313,"Eggerthella.lenta",0.266312137246132
"7501",313,"Eggerthella.sp..MP163B1",0.0428691245615482
"7502",313,"Lactobacillus.animalis",-0.00088276420137845
"7503",313,"Megasphaera.sp..MP182G6",-0.00184532365528867
"7504",313,"Paenibacillus.macerans",-0.00137874309439212
"7505",313,"Romboutsia.sp..MP35A8",-0.00130646041361615
"7506",313,"Sellimonas.intestinalis",0.000149073573993519
"7507",313,"Turicibacter.sp..MP236E3",-0.00215335376560688
"7508",313,"Veillonella.atypica",-0.00519885076209903
"7509",313,"Veillonella.dispar",-0.0034612724557519
"7510",313,"X.Clostridium..citroniae",-0.0395277608186007
"7511",313,"X.Clostridium..cocleatum",-0.00211936037521809
"7512",313,"X.Clostridium..sp..MP626E2_ig1",0.0204826993867755
"7513",314,"Anaerotruncus.colihominis",-0.00750797940418124
"7514",314,"Bacteroides.sp..MP64F12",-0.000572485645534471
"7515",314,"Blautia.coccoides",-0.0118338414467871
"7516",314,"Burkholderiales.bacterium",-0.00480139837600291
"7517",314,"Citrobacter.werkmanii",-0.00224280287511647
"7518",314,"Clostridium.clostridioforme.CAG.511",-0.000830542237963527
"7519",314,"Clostridium.nexile.CAG.348",-0.00433128792792559
"7520",314,"Clostridium.paraputrificum",-0.0172137329354882
"7521",314,"Clostridium.sp..MP113D9",-0.00140583625761792
"7522",314,"Clostridium.sp..MP49A11",-0.0017611343646422
"7523",314,"Clostridium.sp..MP551E06",-0.00148484954843298
"7524",314,"Eggerthella.lenta",-0.101663507521152
"7525",314,"Eggerthella.sp..MP163B1",-0.0123538710176945
"7526",314,"Lactobacillus.animalis",-0.000841197150293738
"7527",314,"Megasphaera.sp..MP182G6",-0.00211997737642378
"7528",314,"Paenibacillus.macerans",-0.00250954553484917
"7529",314,"Romboutsia.sp..MP35A8",-0.00237550924066454
"7530",314,"Sellimonas.intestinalis",-0.00259084324352443
"7531",314,"Turicibacter.sp..MP236E3",-0.00387603556737304
"7532",314,"Veillonella.atypica",-0.0134764495305717
"7533",314,"Veillonella.dispar",-0.00558034121058881
"7534",314,"X.Clostridium..citroniae",-0.0677696838974953
"7535",314,"X.Clostridium..cocleatum",-0.00424751662649214
"7536",314,"X.Clostridium..sp..MP626E2_ig1",-0.00383307761512697
"7537",315,"Anaerotruncus.colihominis",-0.005749327596277
"7538",315,"Bacteroides.sp..MP64F12",-0.000521659647347406
"7539",315,"Blautia.coccoides",-0.00429086526855826
"7540",315,"Burkholderiales.bacterium",-0.0032784502254799
"7541",315,"Citrobacter.werkmanii",-0.00191027362598106
"7542",315,"Clostridium.clostridioforme.CAG.511",-0.000646284781396389
"7543",315,"Clostridium.nexile.CAG.348",-0.00322745030280203
"7544",315,"Clostridium.paraputrificum",-0.0114589468576014
"7545",315,"Clostridium.sp..MP113D9",0.0330685954540968
"7546",315,"Clostridium.sp..MP49A11",-0.00147441291483119
"7547",315,"Clostridium.sp..MP551E06",-0.00103381433291361
"7548",315,"Eggerthella.lenta",-0.0566427800804377
"7549",315,"Eggerthella.sp..MP163B1",-0.00954049034044147
"7550",315,"Lactobacillus.animalis",-0.000782269547926262
"7551",315,"Megasphaera.sp..MP182G6",-0.00145390577381477
"7552",315,"Paenibacillus.macerans",-0.00171203166246414
"7553",315,"Romboutsia.sp..MP35A8",-0.00168065523030236
"7554",315,"Sellimonas.intestinalis",-0.00205780076794326
"7555",315,"Turicibacter.sp..MP236E3",-0.0022162968525663
"7556",315,"Veillonella.atypica",-0.00748963933438063
"7557",315,"Veillonella.dispar",-0.00448045390658081
"7558",315,"X.Clostridium..citroniae",-0.0539074186235666
"7559",315,"X.Clostridium..cocleatum",-0.00185933447210118
"7560",315,"X.Clostridium..sp..MP626E2_ig1",0.0644810944795609
"7561",316,"Anaerotruncus.colihominis",-0.00821884302422404
"7562",316,"Bacteroides.sp..MP64F12",-0.000645437481580302
"7563",316,"Blautia.coccoides",-0.0176705913618207
"7564",316,"Burkholderiales.bacterium",-0.00499190133996308
"7565",316,"Citrobacter.werkmanii",-0.00466633727774024
"7566",316,"Clostridium.clostridioforme.CAG.511",0.00897338101640344
"7567",316,"Clostridium.nexile.CAG.348",-0.00401378097012639
"7568",316,"Clostridium.paraputrificum",-0.0237667951732874
"7569",316,"Clostridium.sp..MP113D9",-0.000697420065989718
"7570",316,"Clostridium.sp..MP49A11",-0.00288745935540646
"7571",316,"Clostridium.sp..MP551E06",-0.00145246338797733
"7572",316,"Eggerthella.lenta",-0.0962921269237995
"7573",316,"Eggerthella.sp..MP163B1",-0.0114296856336296
"7574",316,"Lactobacillus.animalis",-0.00152279558824375
"7575",316,"Megasphaera.sp..MP182G6",-0.00267037027515471
"7576",316,"Paenibacillus.macerans",-0.00341915746685117
"7577",316,"Romboutsia.sp..MP35A8",-0.00220458151306957
"7578",316,"Sellimonas.intestinalis",-0.00269888306502253
"7579",316,"Turicibacter.sp..MP236E3",-0.00519789638929069
"7580",316,"Veillonella.atypica",0.0051631648093462
"7581",316,"Veillonella.dispar",-0.00733810290694237
"7582",316,"X.Clostridium..citroniae",-0.0906563512980938
"7583",316,"X.Clostridium..cocleatum",-0.001939770008903
"7584",316,"X.Clostridium..sp..MP626E2_ig1",-0.00346884608734399
"7585",317,"Anaerotruncus.colihominis",0.0433811340481043
"7586",317,"Bacteroides.sp..MP64F12",-0.000736065529054031
"7587",317,"Blautia.coccoides",0.0620120391249657
"7588",317,"Burkholderiales.bacterium",-0.00335507362615317
"7589",317,"Citrobacter.werkmanii",-0.00219998776447028
"7590",317,"Clostridium.clostridioforme.CAG.511",-0.000446858713985421
"7591",317,"Clostridium.nexile.CAG.348",-0.00203516450710595
"7592",317,"Clostridium.paraputrificum",0.159094244241714
"7593",317,"Clostridium.sp..MP113D9",-0.000157312555529643
"7594",317,"Clostridium.sp..MP49A11",-0.00132740160916001
"7595",317,"Clostridium.sp..MP551E06",-0.000684103462845087
"7596",317,"Eggerthella.lenta",-0.0457256268709898
"7597",317,"Eggerthella.sp..MP163B1",-0.0057024322450161
"7598",317,"Lactobacillus.animalis",-0.00112359633203596
"7599",317,"Megasphaera.sp..MP182G6",-0.00078710145317018
"7600",317,"Paenibacillus.macerans",-0.00288072950206697
"7601",317,"Romboutsia.sp..MP35A8",-0.00103747844696045
"7602",317,"Sellimonas.intestinalis",-0.00116591912228614
"7603",317,"Turicibacter.sp..MP236E3",-0.00267722527496517
"7604",317,"Veillonella.atypica",0.00834714155644178
"7605",317,"Veillonella.dispar",-0.00274261960294098
"7606",317,"X.Clostridium..citroniae",-0.0471920892596245
"7607",317,"X.Clostridium..cocleatum",-0.00148186052683741
"7608",317,"X.Clostridium..sp..MP626E2_ig1",-0.00140375352930278
"7609",318,"Anaerotruncus.colihominis",-0.00390648422762752
"7610",318,"Bacteroides.sp..MP64F12",-0.000553170859348029
"7611",318,"Blautia.coccoides",-0.0158065157011151
"7612",318,"Burkholderiales.bacterium",-0.00469213235192001
"7613",318,"Citrobacter.werkmanii",0.000936100201215595
"7614",318,"Clostridium.clostridioforme.CAG.511",-0.000265499045781326
"7615",318,"Clostridium.nexile.CAG.348",-0.00319635320920497
"7616",318,"Clostridium.paraputrificum",-0.029752585105598
"7617",318,"Clostridium.sp..MP113D9",-0.000192530089407228
"7618",318,"Clostridium.sp..MP49A11",-0.00172020657919347
"7619",318,"Clostridium.sp..MP551E06",-0.00143378635402769
"7620",318,"Eggerthella.lenta",-0.0692173801362514
"7621",318,"Eggerthella.sp..MP163B1",-0.00595317757688463
"7622",318,"Lactobacillus.animalis",-0.0015051705413498
"7623",318,"Megasphaera.sp..MP182G6",0.00131384882843122
"7624",318,"Paenibacillus.macerans",-0.00404603034257889
"7625",318,"Romboutsia.sp..MP35A8",-0.000543827860383317
"7626",318,"Sellimonas.intestinalis",-0.00191183900460601
"7627",318,"Turicibacter.sp..MP236E3",-0.00413673650473356
"7628",318,"Veillonella.atypica",0.00650190422311425
"7629",318,"Veillonella.dispar",-0.00362241105176508
"7630",318,"X.Clostridium..citroniae",-0.076794371008873
"7631",318,"X.Clostridium..cocleatum",-0.00287856522481889
"7632",318,"X.Clostridium..sp..MP626E2_ig1",-0.00192125461762771
"7633",319,"Anaerotruncus.colihominis",-0.00742802233435214
"7634",319,"Bacteroides.sp..MP64F12",-0.00062297357362695
"7635",319,"Blautia.coccoides",0.000308508268062724
"7636",319,"Burkholderiales.bacterium",-0.00543433334678411
"7637",319,"Citrobacter.werkmanii",-0.00319520861376077
"7638",319,"Clostridium.clostridioforme.CAG.511",-0.00107449002098292
"7639",319,"Clostridium.nexile.CAG.348",-0.00410715211182833
"7640",319,"Clostridium.paraputrificum",-0.0258612269535661
"7641",319,"Clostridium.sp..MP113D9",-0.0013098354684189
"7642",319,"Clostridium.sp..MP49A11",-0.00240167370066047
"7643",319,"Clostridium.sp..MP551E06",-0.00129424955230206
"7644",319,"Eggerthella.lenta",-0.0954817943274975
"7645",319,"Eggerthella.sp..MP163B1",0.0260347696021199
"7646",319,"Lactobacillus.animalis",0.0038556489162147
"7647",319,"Megasphaera.sp..MP182G6",-0.00235534459352493
"7648",319,"Paenibacillus.macerans",0.0320488093420863
"7649",319,"Romboutsia.sp..MP35A8",-0.00185205932939425
"7650",319,"Sellimonas.intestinalis",-0.00274067837744951
"7651",319,"Turicibacter.sp..MP236E3",-0.00412791222333908
"7652",319,"Veillonella.atypica",0.00603624130599201
"7653",319,"Veillonella.dispar",-0.00772967305965722
"7654",319,"X.Clostridium..citroniae",-0.0819412469863892
"7655",319,"X.Clostridium..cocleatum",0.0148063199594617
"7656",319,"X.Clostridium..sp..MP626E2_ig1",-0.00370062468573451
"7657",320,"Anaerotruncus.colihominis",-0.00718256621621549
"7658",320,"Bacteroides.sp..MP64F12",-0.000895833887625486
"7659",320,"Blautia.coccoides",-0.0126273366622627
"7660",320,"Burkholderiales.bacterium",-0.00517117697745562
"7661",320,"Citrobacter.werkmanii",-0.00331367168109864
"7662",320,"Clostridium.clostridioforme.CAG.511",-0.00112452206667513
"7663",320,"Clostridium.nexile.CAG.348",-0.00362780108116567
"7664",320,"Clostridium.paraputrificum",-0.0301578911021352
"7665",320,"Clostridium.sp..MP113D9",-0.000199399233679287
"7666",320,"Clostridium.sp..MP49A11",-0.00193144223885611
"7667",320,"Clostridium.sp..MP551E06",-0.00135198351927102
"7668",320,"Eggerthella.lenta",-0.0911804586648941
"7669",320,"Eggerthella.sp..MP163B1",-0.00975092500448227
"7670",320,"Lactobacillus.animalis",-0.00134816777426749
"7671",320,"Megasphaera.sp..MP182G6",-0.00133233203087002
"7672",320,"Paenibacillus.macerans",-0.00389360217377543
"7673",320,"Romboutsia.sp..MP35A8",-0.0011387201375328
"7674",320,"Sellimonas.intestinalis",-0.00214267917908728
"7675",320,"Turicibacter.sp..MP236E3",-0.00405999110080302
"7676",320,"Veillonella.atypica",0.00150718371151015
"7677",320,"Veillonella.dispar",-0.0041675865650177
"7678",320,"X.Clostridium..citroniae",-0.0949922166764736
"7679",320,"X.Clostridium..cocleatum",-0.00168072205269709
"7680",320,"X.Clostridium..sp..MP626E2_ig1",-0.00263241387438029
"7681",321,"Anaerotruncus.colihominis",0.0129000339657068
"7682",321,"Bacteroides.sp..MP64F12",-0.000787238299380988
"7683",321,"Blautia.coccoides",-0.00172811362426728
"7684",321,"Burkholderiales.bacterium",-0.00260867492761463
"7685",321,"Citrobacter.werkmanii",-0.00154534174362198
"7686",321,"Clostridium.clostridioforme.CAG.511",0.00637302454560995
"7687",321,"Clostridium.nexile.CAG.348",-0.00111349340295419
"7688",321,"Clostridium.paraputrificum",-0.00786109664477408
"7689",321,"Clostridium.sp..MP113D9",-0.000762090523494408
"7690",321,"Clostridium.sp..MP49A11",-0.00129052507691085
"7691",321,"Clostridium.sp..MP551E06",-0.000439924275269732
"7692",321,"Eggerthella.lenta",0.153363384306431
"7693",321,"Eggerthella.sp..MP163B1",0.0242192018777132
"7694",321,"Lactobacillus.animalis",-0.000692838948452845
"7695",321,"Megasphaera.sp..MP182G6",-0.00122166925575584
"7696",321,"Paenibacillus.macerans",-0.00116982613690197
"7697",321,"Romboutsia.sp..MP35A8",-0.00122136255959049
"7698",321,"Sellimonas.intestinalis",0.0113473189994693
"7699",321,"Turicibacter.sp..MP236E3",-0.0014729238464497
"7700",321,"Veillonella.atypica",-0.00356801273301244
"7701",321,"Veillonella.dispar",-0.00240515067707747
"7702",321,"X.Clostridium..citroniae",0.0994772650301456
"7703",321,"X.Clostridium..cocleatum",-0.00164152274373919
"7704",321,"X.Clostridium..sp..MP626E2_ig1",-0.00184195715701208
"7705",322,"Anaerotruncus.colihominis",-0.00229538709390908
"7706",322,"Bacteroides.sp..MP64F12",-0.000320536157232709
"7707",322,"Blautia.coccoides",-0.0173094039782882
"7708",322,"Burkholderiales.bacterium",-0.00502061913721263
"7709",322,"Citrobacter.werkmanii",0.00144068006193265
"7710",322,"Clostridium.clostridioforme.CAG.511",0
"7711",322,"Clostridium.nexile.CAG.348",-0.00319635320920497
"7712",322,"Clostridium.paraputrificum",-0.0256470767781138
"7713",322,"Clostridium.sp..MP113D9",0.00040458794683218
"7714",322,"Clostridium.sp..MP49A11",-0.0013081535580568
"7715",322,"Clostridium.sp..MP551E06",-0.00130935321794823
"7716",322,"Eggerthella.lenta",-0.0811284966766834
"7717",322,"Eggerthella.sp..MP163B1",-0.00451402319595218
"7718",322,"Lactobacillus.animalis",-0.000588780763791874
"7719",322,"Megasphaera.sp..MP182G6",0.00211724021937698
"7720",322,"Paenibacillus.macerans",-0.00427319551818073
"7721",322,"Romboutsia.sp..MP35A8",-0.000125792043036199
"7722",322,"Sellimonas.intestinalis",-0.00168827624293044
"7723",322,"Turicibacter.sp..MP236E3",-0.0041695220861584
"7724",322,"Veillonella.atypica",0.00385435449425131
"7725",322,"Veillonella.dispar",-0.00303847866598517
"7726",322,"X.Clostridium..citroniae",-0.0827249959111214
"7727",322,"X.Clostridium..cocleatum",-0.00323631754145026
"7728",322,"X.Clostridium..sp..MP626E2_ig1",-0.000520782690728083
"7729",323,"Anaerotruncus.colihominis",-0.00525727029889822
"7730",323,"Bacteroides.sp..MP64F12",-0.000705018610460684
"7731",323,"Blautia.coccoides",0.0464763585478067
"7732",323,"Burkholderiales.bacterium",-0.00290883705019951
"7733",323,"Citrobacter.werkmanii",-0.00294005451723933
"7734",323,"Clostridium.clostridioforme.CAG.511",-0.000761743984185159
"7735",323,"Clostridium.nexile.CAG.348",-0.00338249560445547
"7736",323,"Clostridium.paraputrificum",-0.0271826153621078
"7737",323,"Clostridium.sp..MP113D9",-0.000221644404518884
"7738",323,"Clostridium.sp..MP49A11",-0.00184295768849552
"7739",323,"Clostridium.sp..MP551E06",-0.00128202332416549
"7740",323,"Eggerthella.lenta",-0.0866721980273724
"7741",323,"Eggerthella.sp..MP163B1",-0.0102486270479858
"7742",323,"Lactobacillus.animalis",-0.00104030047077686
"7743",323,"Megasphaera.sp..MP182G6",-0.00133204279700294
"7744",323,"Paenibacillus.macerans",-0.00357632152736187
"7745",323,"Romboutsia.sp..MP35A8",-0.00145595235517249
"7746",323,"Sellimonas.intestinalis",-0.00207495503127575
"7747",323,"Turicibacter.sp..MP236E3",-0.00461011659353971
"7748",323,"Veillonella.atypica",0.00201432913308963
"7749",323,"Veillonella.dispar",-0.00450762989930809
"7750",323,"X.Clostridium..citroniae",-0.088129572570324
"7751",323,"X.Clostridium..cocleatum",0.0183899430558085
"7752",323,"X.Clostridium..sp..MP626E2_ig1",-0.00207678182050586
"7753",324,"Anaerotruncus.colihominis",-0.00559800816699862
"7754",324,"Bacteroides.sp..MP64F12",-0.00065987792913802
"7755",324,"Blautia.coccoides",-0.0187263507395983
"7756",324,"Burkholderiales.bacterium",-0.00298538315109909
"7757",324,"Citrobacter.werkmanii",-0.00156232493463904
"7758",324,"Clostridium.clostridioforme.CAG.511",-0.000674057722790167
"7759",324,"Clostridium.nexile.CAG.348",-0.0022649826714769
"7760",324,"Clostridium.paraputrificum",-0.00815843604505062
"7761",324,"Clostridium.sp..MP113D9",-0.000859264982864261
"7762",324,"Clostridium.sp..MP49A11",-0.00119117356371135
"7763",324,"Clostridium.sp..MP551E06",-0.000744359043892473
"7764",324,"Eggerthella.lenta",-0.0929822027683258
"7765",324,"Eggerthella.sp..MP163B1",-0.00830364460125566
"7766",324,"Lactobacillus.animalis",-0.00165316334459931
"7767",324,"Megasphaera.sp..MP182G6",-0.00152982515282929
"7768",324,"Paenibacillus.macerans",-0.00166070292470977
"7769",324,"Romboutsia.sp..MP35A8",-0.00128997833235189
"7770",324,"Sellimonas.intestinalis",-0.00127324095228687
"7771",324,"Turicibacter.sp..MP236E3",0.039203342050314
"7772",324,"Veillonella.atypica",-0.00589019968174398
"7773",324,"Veillonella.dispar",0.0120481201447546
"7774",324,"X.Clostridium..citroniae",0.045154919847846
"7775",324,"X.Clostridium..cocleatum",-0.00308435526676476
"7776",324,"X.Clostridium..sp..MP626E2_ig1",-0.00233567983377725
"7777",325,"Anaerotruncus.colihominis",-0.00683561014011502
"7778",325,"Bacteroides.sp..MP64F12",-0.00084741716273129
"7779",325,"Blautia.coccoides",-0.0117675089277327
"7780",325,"Burkholderiales.bacterium",0.0234850719571114
"7781",325,"Citrobacter.werkmanii",-0.00372915901243687
"7782",325,"Clostridium.clostridioforme.CAG.511",-0.00163782661547884
"7783",325,"Clostridium.nexile.CAG.348",-0.00367416418157518
"7784",325,"Clostridium.paraputrificum",0.0358215142041445
"7785",325,"Clostridium.sp..MP113D9",-0.000457816699054092
"7786",325,"Clostridium.sp..MP49A11",-0.00259984110016376
"7787",325,"Clostridium.sp..MP551E06",-0.00142866850364953
"7788",325,"Eggerthella.lenta",-0.0907676964998245
"7789",325,"Eggerthella.sp..MP163B1",-0.0121852695010602
"7790",325,"Lactobacillus.animalis",-0.00141352729406208
"7791",325,"Megasphaera.sp..MP182G6",-0.00251654209569097
"7792",325,"Paenibacillus.macerans",-0.00341367057990283
"7793",325,"Romboutsia.sp..MP35A8",-0.00223542097955942
"7794",325,"Sellimonas.intestinalis",-0.00246892950963229
"7795",325,"Turicibacter.sp..MP236E3",-0.00339289114344865
"7796",325,"Veillonella.atypica",0.00665642810054123
"7797",325,"Veillonella.dispar",-0.00601808377541602
"7798",325,"X.Clostridium..citroniae",-0.0783249847590923
"7799",325,"X.Clostridium..cocleatum",-0.00183405651478097
"7800",325,"X.Clostridium..sp..MP626E2_ig1",-0.00294364604633301
"7801",326,"Anaerotruncus.colihominis",-0.00830341409891844
"7802",326,"Bacteroides.sp..MP64F12",-0.00077742146095261
"7803",326,"Blautia.coccoides",-0.0150239514186978
"7804",326,"Burkholderiales.bacterium",-0.00540937832556665
"7805",326,"Citrobacter.werkmanii",-0.0044235372915864
"7806",326,"Clostridium.clostridioforme.CAG.511",-0.0015291424933821
"7807",326,"Clostridium.nexile.CAG.348",-0.00383411580696702
"7808",326,"Clostridium.paraputrificum",-0.0214201956987381
"7809",326,"Clostridium.sp..MP113D9",-0.000726259895600379
"7810",326,"Clostridium.sp..MP49A11",-0.00234670587815344
"7811",326,"Clostridium.sp..MP551E06",-0.00127724115736783
"7812",326,"Eggerthella.lenta",-0.0955775529146194
"7813",326,"Eggerthella.sp..MP163B1",-0.0128926695324481
"7814",326,"Lactobacillus.animalis",0.00789705920033157
"7815",326,"Megasphaera.sp..MP182G6",-0.00261006923392415
"7816",326,"Paenibacillus.macerans",0.0657732933759689
"7817",326,"Romboutsia.sp..MP35A8",-0.00208559713792056
"7818",326,"Sellimonas.intestinalis",-0.0025605196133256
"7819",326,"Turicibacter.sp..MP236E3",-0.00525163859128952
"7820",326,"Veillonella.atypica",-0.000499944886541925
"7821",326,"Veillonella.dispar",-0.00775420689024031
"7822",326,"X.Clostridium..citroniae",-0.0821406953036785
"7823",326,"X.Clostridium..cocleatum",0.0201046643778682
"7824",326,"X.Clostridium..sp..MP626E2_ig1",-0.00287327624391764
"7825",327,"Anaerotruncus.colihominis",-0.00889700092375278
"7826",327,"Bacteroides.sp..MP64F12",-0.000634644326055422
"7827",327,"Blautia.coccoides",-0.011347543913871
"7828",327,"Burkholderiales.bacterium",-0.00443873321637511
"7829",327,"Citrobacter.werkmanii",-0.00307874416466802
"7830",327,"Clostridium.clostridioforme.CAG.511",-0.00102075136965141
"7831",327,"Clostridium.nexile.CAG.348",-0.0043434938415885
"7832",327,"Clostridium.paraputrificum",-0.0213359259068966
"7833",327,"Clostridium.sp..MP113D9",-0.00122617394663393
"7834",327,"Clostridium.sp..MP49A11",-0.00216765480581671
"7835",327,"Clostridium.sp..MP551E06",-0.00136322039179504
"7836",327,"Eggerthella.lenta",-0.108676828444004
"7837",327,"Eggerthella.sp..MP163B1",-0.0141397989355028
"7838",327,"Lactobacillus.animalis",-0.00103715236764401
"7839",327,"Megasphaera.sp..MP182G6",-0.00204859161749482
"7840",327,"Paenibacillus.macerans",-0.00236017804127187
"7841",327,"Romboutsia.sp..MP35A8",-0.00194553192704916
"7842",327,"Sellimonas.intestinalis",-0.00270791503135115
"7843",327,"Turicibacter.sp..MP236E3",-0.00386968511156738
"7844",327,"Veillonella.atypica",0.00601398851722479
"7845",327,"Veillonella.dispar",-0.00437326356768608
"7846",327,"X.Clostridium..citroniae",-0.0837457478046417
"7847",327,"X.Clostridium..cocleatum",-0.00454586977139115
"7848",327,"X.Clostridium..sp..MP626E2_ig1",-0.00404564361087978
"7849",328,"Anaerotruncus.colihominis",-0.00239907007198781
"7850",328,"Bacteroides.sp..MP64F12",-0.000405022947234102
"7851",328,"Blautia.coccoides",-0.0097406916320324
"7852",328,"Burkholderiales.bacterium",-0.0029507934814319
"7853",328,"Citrobacter.werkmanii",0.00281620537862182
"7854",328,"Clostridium.clostridioforme.CAG.511",0
"7855",328,"Clostridium.nexile.CAG.348",-0.00230083870701492
"7856",328,"Clostridium.paraputrificum",0.166016735136509
"7857",328,"Clostridium.sp..MP113D9",-6.40202424619929e-05
"7858",328,"Clostridium.sp..MP49A11",-0.00118192221270874
"7859",328,"Clostridium.sp..MP551E06",-0.0011577297700569
"7860",328,"Eggerthella.lenta",-0.0487014334648848
"7861",328,"Eggerthella.sp..MP163B1",-0.00136212736833841
"7862",328,"Lactobacillus.animalis",0.0288560464978218
"7863",328,"Megasphaera.sp..MP182G6",0.00423246808350086
"7864",328,"Paenibacillus.macerans",-0.00338846072554588
"7865",328,"Romboutsia.sp..MP35A8",-0.00061980338068679
"7866",328,"Sellimonas.intestinalis",-0.00146504963049665
"7867",328,"Turicibacter.sp..MP236E3",-0.0029122899286449
"7868",328,"Veillonella.atypica",0.00922631518915296
"7869",328,"Veillonella.dispar",0.0508085507899523
"7870",328,"X.Clostridium..citroniae",-0.0424474105238914
"7871",328,"X.Clostridium..cocleatum",-0.00190052157267928
"7872",328,"X.Clostridium..sp..MP626E2_ig1",-0.000917229161132127
"7873",329,"Anaerotruncus.colihominis",0.0174685269594193
"7874",329,"Bacteroides.sp..MP64F12",-0.000606461748247966
"7875",329,"Blautia.coccoides",-0.00977717479690909
"7876",329,"Burkholderiales.bacterium",-0.0025132141308859
"7877",329,"Citrobacter.werkmanii",-0.00143349234713241
"7878",329,"Clostridium.clostridioforme.CAG.511",-0.000502135895658284
"7879",329,"Clostridium.nexile.CAG.348",-0.000979606440523639
"7880",329,"Clostridium.paraputrificum",-0.00674780551344156
"7881",329,"Clostridium.sp..MP113D9",-0.000787435623351485
"7882",329,"Clostridium.sp..MP49A11",-0.00116136349970475
"7883",329,"Clostridium.sp..MP551E06",-0.000377857926650904
"7884",329,"Eggerthella.lenta",0.141442805528641
"7885",329,"Eggerthella.sp..MP163B1",0.0207065306603909
"7886",329,"Lactobacillus.animalis",-0.000776498287450522
"7887",329,"Megasphaera.sp..MP182G6",-0.00113922433229163
"7888",329,"Paenibacillus.macerans",-0.00112230231752619
"7889",329,"Romboutsia.sp..MP35A8",-0.000874280725838616
"7890",329,"Sellimonas.intestinalis",0.00931888818740845
"7891",329,"Turicibacter.sp..MP236E3",-0.00138687342405319
"7892",329,"Veillonella.atypica",-0.00482392497360706
"7893",329,"Veillonella.dispar",-0.00305879965890199
"7894",329,"X.Clostridium..citroniae",0.0931851975619793
"7895",329,"X.Clostridium..cocleatum",-0.00174411473562941
"7896",329,"X.Clostridium..sp..MP626E2_ig1",0.0124143538996577
"7897",330,"Anaerotruncus.colihominis",0.00149419158697128
"7898",330,"Bacteroides.sp..MP64F12",0.00144452723907307
"7899",330,"Blautia.coccoides",-0.00803815806284547
"7900",330,"Burkholderiales.bacterium",-0.00231938692741096
"7901",330,"Citrobacter.werkmanii",0.00919891055673361
"7902",330,"Clostridium.clostridioforme.CAG.511",0.00137315999018028
"7903",330,"Clostridium.nexile.CAG.348",-0.0012780514662154
"7904",330,"Clostridium.paraputrificum",-0.00562411057762802
"7905",330,"Clostridium.sp..MP113D9",0.00499259796924889
"7906",330,"Clostridium.sp..MP49A11",-0.000534103077370673
"7907",330,"Clostridium.sp..MP551E06",-0.000467072706669569
"7908",330,"Eggerthella.lenta",0.268615961074829
"7909",330,"Eggerthella.sp..MP163B1",0.00445342948660254
"7910",330,"Lactobacillus.animalis",0.0033246090169996
"7911",330,"Megasphaera.sp..MP182G6",0.00526588759385049
"7912",330,"Paenibacillus.macerans",-0.00114829989615828
"7913",330,"Romboutsia.sp..MP35A8",0.000738555187126622
"7914",330,"Sellimonas.intestinalis",-0.000570119213080034
"7915",330,"Turicibacter.sp..MP236E3",-0.00202941347379237
"7916",330,"Veillonella.atypica",0.00444241473451257
"7917",330,"Veillonella.dispar",-0.00279764563310891
"7918",330,"X.Clostridium..citroniae",-0.0126728853210807
"7919",330,"X.Clostridium..cocleatum",-0.00208087638020515
"7920",330,"X.Clostridium..sp..MP626E2_ig1",0.00192347512347624
"7921",331,"Anaerotruncus.colihominis",-0.0036950430367142
"7922",331,"Bacteroides.sp..MP64F12",-0.000622842402663082
"7923",331,"Blautia.coccoides",-0.00600057537667453
"7924",331,"Burkholderiales.bacterium",-0.00371109647676349
"7925",331,"Citrobacter.werkmanii",-0.00185223814332858
"7926",331,"Clostridium.clostridioforme.CAG.511",-0.000961351819569245
"7927",331,"Clostridium.nexile.CAG.348",-0.00182330014649779
"7928",331,"Clostridium.paraputrificum",-0.0165520906448364
"7929",331,"Clostridium.sp..MP113D9",0.0304880971089005
"7930",331,"Clostridium.sp..MP49A11",-0.00167106895241886
"7931",331,"Clostridium.sp..MP551E06",-0.000749380415072665
"7932",331,"Eggerthella.lenta",0.298897847533226
"7933",331,"Eggerthella.sp..MP163B1",0.0532691143453121
"7934",331,"Lactobacillus.animalis",-0.000742364092729986
"7935",331,"Megasphaera.sp..MP182G6",-0.00243600097019225
"7936",331,"Paenibacillus.macerans",-0.00187099777394906
"7937",331,"Romboutsia.sp..MP35A8",-0.00195555057143793
"7938",331,"Sellimonas.intestinalis",-0.00112228922080249
"7939",331,"Turicibacter.sp..MP236E3",-0.00281523377634585
"7940",331,"Veillonella.atypica",-0.0042896328959614
"7941",331,"Veillonella.dispar",-0.00538126798346639
"7942",331,"X.Clostridium..citroniae",-0.0445378459990025
"7943",331,"X.Clostridium..cocleatum",-0.00218043429777026
"7944",331,"X.Clostridium..sp..MP626E2_ig1",-0.0013817300205119
"7945",332,"Anaerotruncus.colihominis",0.0164647046476603
"7946",332,"Bacteroides.sp..MP64F12",-0.000832866120617837
"7947",332,"Blautia.coccoides",0.011137577239424
"7948",332,"Burkholderiales.bacterium",-0.00217002665158361
"7949",332,"Citrobacter.werkmanii",-0.00145217590034008
"7950",332,"Clostridium.clostridioforme.CAG.511",0.00552500900812447
"7951",332,"Clostridium.nexile.CAG.348",-0.00128090940415859
"7952",332,"Clostridium.paraputrificum",-0.00745247537270188
"7953",332,"Clostridium.sp..MP113D9",-0.000689976994181052
"7954",332,"Clostridium.sp..MP49A11",-0.000951375550357625
"7955",332,"Clostridium.sp..MP551E06",-0.000432853557867929
"7956",332,"Eggerthella.lenta",0.149785339832306
"7957",332,"Eggerthella.sp..MP163B1",0.0210355380550027
"7958",332,"Lactobacillus.animalis",-0.000629398855380714
"7959",332,"Megasphaera.sp..MP182G6",-0.00109081889968365
"7960",332,"Paenibacillus.macerans",-0.00116333045298234
"7961",332,"Romboutsia.sp..MP35A8",-0.00113781972322613
"7962",332,"Sellimonas.intestinalis",-0.00104030163493007
"7963",332,"Turicibacter.sp..MP236E3",-0.00159691623412073
"7964",332,"Veillonella.atypica",0.00493203895166516
"7965",332,"Veillonella.dispar",-0.00315682590007782
"7966",332,"X.Clostridium..citroniae",0.0990157052874565
"7967",332,"X.Clostridium..cocleatum",-0.00158142374129966
"7968",332,"X.Clostridium..sp..MP626E2_ig1",-0.00172901363112032
"7969",333,"Anaerotruncus.colihominis",-0.0049784725997597
"7970",333,"Bacteroides.sp..MP64F12",-0.000619078695308417
"7971",333,"Blautia.coccoides",0.00739118363708258
"7972",333,"Burkholderiales.bacterium",0.0572877582162619
"7973",333,"Citrobacter.werkmanii",0.0510661602020264
"7974",333,"Clostridium.clostridioforme.CAG.511",-0.00076449746848084
"7975",333,"Clostridium.nexile.CAG.348",-0.00310923834331334
"7976",333,"Clostridium.paraputrificum",-0.00978275714442134
"7977",333,"Clostridium.sp..MP113D9",-0.000822547648567706
"7978",333,"Clostridium.sp..MP49A11",-0.00140528078190982
"7979",333,"Clostridium.sp..MP551E06",-0.000796486274339259
"7980",333,"Eggerthella.lenta",-0.0600166711956263
"7981",333,"Eggerthella.sp..MP163B1",-0.00802061031572521
"7982",333,"Lactobacillus.animalis",-0.000803841860033572
"7983",333,"Megasphaera.sp..MP182G6",-0.00130509230075404
"7984",333,"Paenibacillus.macerans",-0.00161127635510638
"7985",333,"Romboutsia.sp..MP35A8",-0.00109430495649576
"7986",333,"Sellimonas.intestinalis",-0.00160804373444989
"7987",333,"Turicibacter.sp..MP236E3",-0.00248073530383408
"7988",333,"Veillonella.atypica",-0.00702901324257255
"7989",333,"Veillonella.dispar",-0.00368821935262531
"7990",333,"X.Clostridium..citroniae",-0.0493554156273603
"7991",333,"X.Clostridium..cocleatum",0.0247544785961509
"7992",333,"X.Clostridium..sp..MP626E2_ig1",-0.00294922071043402
"7993",334,"Anaerotruncus.colihominis",-0.00546677340753376
"7994",334,"Bacteroides.sp..MP64F12",-0.000707743573002517
"7995",334,"Blautia.coccoides",0.0339417289942503
"7996",334,"Burkholderiales.bacterium",-0.00311140867415816
"7997",334,"Citrobacter.werkmanii",-0.00216509925667197
"7998",334,"Clostridium.clostridioforme.CAG.511",-0.00058196354075335
"7999",334,"Clostridium.nexile.CAG.348",-0.00206828792579472
"8000",334,"Clostridium.paraputrificum",-0.00906495796516538
"8001",334,"Clostridium.sp..MP113D9",-0.000791868660598993
"8002",334,"Clostridium.sp..MP49A11",-0.00106688012601808
"8003",334,"Clostridium.sp..MP551E06",-0.000659962504869327
"8004",334,"Eggerthella.lenta",-0.0449850708246231
"8005",334,"Eggerthella.sp..MP163B1",-0.00809500645846128
"8006",334,"Lactobacillus.animalis",-0.00130312045803294
"8007",334,"Megasphaera.sp..MP182G6",-0.00130636576795951
"8008",334,"Paenibacillus.macerans",-0.00147459900472313
"8009",334,"Romboutsia.sp..MP35A8",-0.00154328375356272
"8010",334,"Sellimonas.intestinalis",-0.00131313153542578
"8011",334,"Turicibacter.sp..MP236E3",-0.00204976776149124
"8012",334,"Veillonella.atypica",0.00605010660365224
"8013",334,"Veillonella.dispar",0.0220822375267744
"8014",334,"X.Clostridium..citroniae",0.182680040597916
"8015",334,"X.Clostridium..cocleatum",0.000859337946167216
"8016",334,"X.Clostridium..sp..MP626E2_ig1",-0.00182080408558249
"8017",335,"Anaerotruncus.colihominis",-0.00322002777829766
"8018",335,"Bacteroides.sp..MP64F12",-0.000594027544138953
"8019",335,"Blautia.coccoides",-0.00957878585904837
"8020",335,"Burkholderiales.bacterium",-0.00240737700369209
"8021",335,"Citrobacter.werkmanii",-0.00151152670150623
"8022",335,"Clostridium.clostridioforme.CAG.511",-0.000543566391570494
"8023",335,"Clostridium.nexile.CAG.348",-0.00152762304060161
"8024",335,"Clostridium.paraputrificum",0.0330067649483681
"8025",335,"Clostridium.sp..MP113D9",-0.000811045931186527
"8026",335,"Clostridium.sp..MP49A11",-0.00116285029798746
"8027",335,"Clostridium.sp..MP551E06",-0.000492563907755539
"8028",335,"Eggerthella.lenta",0.147704936563969
"8029",335,"Eggerthella.sp..MP163B1",-0.00679349224083126
"8030",335,"Lactobacillus.animalis",-0.000761477276682854
"8031",335,"Megasphaera.sp..MP182G6",-0.0013004204374738
"8032",335,"Paenibacillus.macerans",-0.00119399029063061
"8033",335,"Romboutsia.sp..MP35A8",-0.00135947240050882
"8034",335,"Sellimonas.intestinalis",0.0108735947869718
"8035",335,"Turicibacter.sp..MP236E3",-0.00134390749735758
"8036",335,"Veillonella.atypica",-0.00502367690205574
"8037",335,"Veillonella.dispar",-0.00329503638204187
"8038",335,"X.Clostridium..citroniae",0.100609786808491
"8039",335,"X.Clostridium..cocleatum",-0.00174225569935516
"8040",335,"X.Clostridium..sp..MP626E2_ig1",-0.00193158868933097
"8041",336,"Anaerotruncus.colihominis",-0.00461620651185513
"8042",336,"Bacteroides.sp..MP64F12",-0.0006856189284008
"8043",336,"Blautia.coccoides",-0.00133029784774408
"8044",336,"Burkholderiales.bacterium",-0.00260854221414775
"8045",336,"Citrobacter.werkmanii",-0.00158266257494688
"8046",336,"Clostridium.clostridioforme.CAG.511",-0.000926361564779654
"8047",336,"Clostridium.nexile.CAG.348",-0.00146150548243895
"8048",336,"Clostridium.paraputrificum",-0.0072121808771044
"8049",336,"Clostridium.sp..MP113D9",-0.000810601050034165
"8050",336,"Clostridium.sp..MP49A11",-0.00110870174830779
"8051",336,"Clostridium.sp..MP551E06",-0.000470215134555474
"8052",336,"Eggerthella.lenta",0.165952078998089
"8053",336,"Eggerthella.sp..MP163B1",-0.00686797266826034
"8054",336,"Lactobacillus.animalis",-0.00067461674916558
"8055",336,"Megasphaera.sp..MP182G6",-0.0011829532450065
"8056",336,"Paenibacillus.macerans",-0.00130658061243594
"8057",336,"Romboutsia.sp..MP35A8",-0.000859518942888826
"8058",336,"Sellimonas.intestinalis",0.0117741120047867
"8059",336,"Turicibacter.sp..MP236E3",-0.00147713127080351
"8060",336,"Veillonella.atypica",-0.00397238857112825
"8061",336,"Veillonella.dispar",-0.00280546781141311
"8062",336,"X.Clostridium..citroniae",0.114262159913778
"8063",336,"X.Clostridium..cocleatum",-0.00258652551565319
"8064",336,"X.Clostridium..sp..MP626E2_ig1",-0.00194971315795556
"8065",337,"Anaerotruncus.colihominis",-0.00338892673607916
"8066",337,"Bacteroides.sp..MP64F12",-0.000650394649710506
"8067",337,"Blautia.coccoides",-0.00787347694858909
"8068",337,"Burkholderiales.bacterium",0.0405153296887875
"8069",337,"Citrobacter.werkmanii",-0.00161111139459535
"8070",337,"Clostridium.clostridioforme.CAG.511",-0.000738465430913493
"8071",337,"Clostridium.nexile.CAG.348",0.0201915549114347
"8072",337,"Clostridium.paraputrificum",-0.00985433906316757
"8073",337,"Clostridium.sp..MP113D9",-0.000863598950672895
"8074",337,"Clostridium.sp..MP49A11",-0.00139229011256248
"8075",337,"Clostridium.sp..MP551E06",-0.000436237431131303
"8076",337,"Eggerthella.lenta",0.155632354319096
"8077",337,"Eggerthella.sp..MP163B1",0.0268881637603045
"8078",337,"Lactobacillus.animalis",-0.000730308151105419
"8079",337,"Megasphaera.sp..MP182G6",-0.00155448069563136
"8080",337,"Paenibacillus.macerans",-0.00135911616962403
"8081",337,"Romboutsia.sp..MP35A8",-0.00127145880833268
"8082",337,"Sellimonas.intestinalis",-0.000945031031733379
"8083",337,"Turicibacter.sp..MP236E3",-0.00192135630641133
"8084",337,"Veillonella.atypica",0.00650284951552749
"8085",337,"Veillonella.dispar",-0.0037522311322391
"8086",337,"X.Clostridium..citroniae",0.10877338051796
"8087",337,"X.Clostridium..cocleatum",-0.00196991441771388
"8088",337,"X.Clostridium..sp..MP626E2_ig1",-0.000910721952095628
"8089",338,"Anaerotruncus.colihominis",-0.0123701258562505
"8090",338,"Bacteroides.sp..MP64F12",-0.000591603951761499
"8091",338,"Blautia.coccoides",-0.0115463500842452
"8092",338,"Burkholderiales.bacterium",-0.00424252497032285
"8093",338,"Citrobacter.werkmanii",-0.00258502934593707
"8094",338,"Clostridium.clostridioforme.CAG.511",-0.00107382232090458
"8095",338,"Clostridium.nexile.CAG.348",-0.00466895569115877
"8096",338,"Clostridium.paraputrificum",-0.0140901440754533
"8097",338,"Clostridium.sp..MP113D9",-0.00126758380793035
"8098",338,"Clostridium.sp..MP49A11",-0.00216927973087877
"8099",338,"Clostridium.sp..MP551E06",-0.00125145260244608
"8100",338,"Eggerthella.lenta",-0.103384025394917
"8101",338,"Eggerthella.sp..MP163B1",-0.0124110043980181
"8102",338,"Lactobacillus.animalis",-0.000898208294529468
"8103",338,"Megasphaera.sp..MP182G6",-0.00181287905434147
"8104",338,"Paenibacillus.macerans",-0.00221342616714537
"8105",338,"Romboutsia.sp..MP35A8",-0.00181317544775084
"8106",338,"Sellimonas.intestinalis",-0.0027459628181532
"8107",338,"Turicibacter.sp..MP236E3",-0.00322738953400403
"8108",338,"Veillonella.atypica",-0.00886486517265439
"8109",338,"Veillonella.dispar",-0.00508392439223826
"8110",338,"X.Clostridium..citroniae",-0.0634147301316261
"8111",338,"X.Clostridium..cocleatum",0.002886769361794
"8112",338,"X.Clostridium..sp..MP626E2_ig1",-0.00340993935242295
"8113",339,"Anaerotruncus.colihominis",-0.00914038391783834
"8114",339,"Bacteroides.sp..MP64F12",-0.000644711253698915
"8115",339,"Blautia.coccoides",-0.00909871747717261
"8116",339,"Burkholderiales.bacterium",-0.0059898691251874
"8117",339,"Citrobacter.werkmanii",-0.00331954308785498
"8118",339,"Clostridium.clostridioforme.CAG.511",-0.00131932582007721
"8119",339,"Clostridium.nexile.CAG.348",-0.00435885624028742
"8120",339,"Clostridium.paraputrificum",-0.02587472461164
"8121",339,"Clostridium.sp..MP113D9",-0.00136608083266765
"8122",339,"Clostridium.sp..MP49A11",-0.00242058839648962
"8123",339,"Clostridium.sp..MP551E06",-0.0014316972810775
"8124",339,"Eggerthella.lenta",-0.0754689276218414
"8125",339,"Eggerthella.sp..MP163B1",-0.0155908763408661
"8126",339,"Lactobacillus.animalis",-0.00103884836426005
"8127",339,"Megasphaera.sp..MP182G6",-0.00273713073693216
"8128",339,"Paenibacillus.macerans",-0.00244357471819967
"8129",339,"Romboutsia.sp..MP35A8",-0.0018355967476964
"8130",339,"Sellimonas.intestinalis",-0.00274641218129545
"8131",339,"Turicibacter.sp..MP236E3",-0.00465159444138408
"8132",339,"Veillonella.atypica",-0.00845258822664618
"8133",339,"Veillonella.dispar",-0.00573916011489928
"8134",339,"X.Clostridium..citroniae",-0.0943880714476109
"8135",339,"X.Clostridium..cocleatum",-0.00329782941844314
"8136",339,"X.Clostridium..sp..MP626E2_ig1",-0.00451822229661047
"8137",340,"Anaerotruncus.colihominis",-0.00422952836379409
"8138",340,"Bacteroides.sp..MP64F12",0.0485485531389713
"8139",340,"Blautia.coccoides",-0.0122537035495043
"8140",340,"Burkholderiales.bacterium",0.0454322993755341
"8141",340,"Citrobacter.werkmanii",-0.00228351354598999
"8142",340,"Clostridium.clostridioforme.CAG.511",-0.0011228445218876
"8143",340,"Clostridium.nexile.CAG.348",-0.00173876446206123
"8144",340,"Clostridium.paraputrificum",-0.0122533142566681
"8145",340,"Clostridium.sp..MP113D9",-0.000713710411218926
"8146",340,"Clostridium.sp..MP49A11",-0.00148112117312849
"8147",340,"Clostridium.sp..MP551E06",-0.000774754298618063
"8148",340,"Eggerthella.lenta",-0.0505871586501598
"8149",340,"Eggerthella.sp..MP163B1",-0.00781191256828606
"8150",340,"Lactobacillus.animalis",-0.000778464076574892
"8151",340,"Megasphaera.sp..MP182G6",-0.00146255042636767
"8152",340,"Paenibacillus.macerans",-0.00194834091234952
"8153",340,"Romboutsia.sp..MP35A8",-0.00144683930557221
"8154",340,"Sellimonas.intestinalis",-0.0011733683058992
"8155",340,"Turicibacter.sp..MP236E3",-0.00261220708489418
"8156",340,"Veillonella.atypica",-0.0042933220975101
"8157",340,"Veillonella.dispar",-0.00487777800299227
"8158",340,"X.Clostridium..citroniae",0.215934082865715
"8159",340,"X.Clostridium..cocleatum",-0.00156150595284998
"8160",340,"X.Clostridium..sp..MP626E2_ig1",-0.00130981300026178
"8161",341,"Anaerotruncus.colihominis",-0.00362755579408258
"8162",341,"Bacteroides.sp..MP64F12",-0.000779049441916868
"8163",341,"Blautia.coccoides",-0.0109659270383418
"8164",341,"Burkholderiales.bacterium",-0.00420747022144496
"8165",341,"Citrobacter.werkmanii",-0.00200452783610672
"8166",341,"Clostridium.clostridioforme.CAG.511",-0.00104978657327592
"8167",341,"Clostridium.nexile.CAG.348",-0.00185664661694318
"8168",341,"Clostridium.paraputrificum",-0.0126823796890676
"8169",341,"Clostridium.sp..MP113D9",-0.00031875645800028
"8170",341,"Clostridium.sp..MP49A11",-0.00146297924220562
"8171",341,"Clostridium.sp..MP551E06",-0.000743859389331192
"8172",341,"Eggerthella.lenta",-0.0771791860461235
"8173",341,"Eggerthella.sp..MP163B1",-0.00891490047797561
"8174",341,"Lactobacillus.animalis",-0.00130909559084103
"8175",341,"Megasphaera.sp..MP182G6",-0.00189819751540199
"8176",341,"Paenibacillus.macerans",-0.00279715051874518
"8177",341,"Romboutsia.sp..MP35A8",-0.00146499212132767
"8178",341,"Sellimonas.intestinalis",-0.00134293414885178
"8179",341,"Turicibacter.sp..MP236E3",-0.00309357419610023
"8180",341,"Veillonella.atypica",0.003938490874134
"8181",341,"Veillonella.dispar",-0.00321133062243462
"8182",341,"X.Clostridium..citroniae",0.110926583409309
"8183",341,"X.Clostridium..cocleatum",-0.00172538729384542
"8184",341,"X.Clostridium..sp..MP626E2_ig1",-0.00150294421473518
"8185",342,"Anaerotruncus.colihominis",-0.00304150895681232
"8186",342,"Bacteroides.sp..MP64F12",0.0707438699901104
"8187",342,"Blautia.coccoides",-0.00972292385995388
"8188",342,"Burkholderiales.bacterium",-0.00508462730795145
"8189",342,"Citrobacter.werkmanii",0.0763445906341076
"8190",342,"Clostridium.clostridioforme.CAG.511",-0.00104114034911618
"8191",342,"Clostridium.nexile.CAG.348",-0.00280625384766608
"8192",342,"Clostridium.paraputrificum",-0.0182242346927524
"8193",342,"Clostridium.sp..MP113D9",-0.000173833926965017
"8194",342,"Clostridium.sp..MP49A11",-0.00138012366369367
"8195",342,"Clostridium.sp..MP551E06",-0.000770420185290277
"8196",342,"Eggerthella.lenta",-0.0629973895847797
"8197",342,"Eggerthella.sp..MP163B1",-0.00619821576401591
"8198",342,"Lactobacillus.animalis",-0.00105327344499528
"8199",342,"Megasphaera.sp..MP182G6",-0.00118429376743734
"8200",342,"Paenibacillus.macerans",0.0671864338219166
"8201",342,"Romboutsia.sp..MP35A8",-0.00112398364581168
"8202",342,"Sellimonas.intestinalis",-0.00125935464166105
"8203",342,"Turicibacter.sp..MP236E3",-0.00419141678139567
"8204",342,"Veillonella.atypica",0.00764141650870442
"8205",342,"Veillonella.dispar",-0.00232577975839376
"8206",342,"X.Clostridium..citroniae",-0.0613305754959583
"8207",342,"X.Clostridium..cocleatum",-0.00123295950470492
"8208",342,"X.Clostridium..sp..MP626E2_ig1",-0.00136159820249304
"8209",343,"Anaerotruncus.colihominis",-0.00442365230992436
"8210",343,"Bacteroides.sp..MP64F12",-0.000534559017978609
"8211",343,"Blautia.coccoides",-0.0149247036315501
"8212",343,"Burkholderiales.bacterium",-0.00460624205879867
"8213",343,"Citrobacter.werkmanii",0.000927318673348054
"8214",343,"Clostridium.clostridioforme.CAG.511",-0.000390248576877639
"8215",343,"Clostridium.nexile.CAG.348",-0.00295000907499343
"8216",343,"Clostridium.paraputrificum",-0.0304049672558904
"8217",343,"Clostridium.sp..MP113D9",-0.000142530305311084
"8218",343,"Clostridium.sp..MP49A11",-0.00151751621160656
"8219",343,"Clostridium.sp..MP551E06",-0.00124014378525317
"8220",343,"Eggerthella.lenta",-0.0758417956531048
"8221",343,"Eggerthella.sp..MP163B1",-0.0065577607601881
"8222",343,"Lactobacillus.animalis",-0.00334502884652466
"8223",343,"Megasphaera.sp..MP182G6",0.0229175221174955
"8224",343,"Paenibacillus.macerans",-0.00422042305581272
"8225",343,"Romboutsia.sp..MP35A8",-0.00068004138302058
"8226",343,"Sellimonas.intestinalis",-0.00168216531164944
"8227",343,"Turicibacter.sp..MP236E3",-0.00414232653565705
"8228",343,"Veillonella.atypica",0.000580695690587163
"8229",343,"Veillonella.dispar",0.016937599517405
"8230",343,"X.Clostridium..citroniae",-0.0843034088611603
"8231",343,"X.Clostridium..cocleatum",-0.00289072748273611
"8232",343,"X.Clostridium..sp..MP626E2_ig1",-0.00182557478547096
"8233",344,"Anaerotruncus.colihominis",-0.00336539873387665
"8234",344,"Bacteroides.sp..MP64F12",-0.00076167267980054
"8235",344,"Blautia.coccoides",0.0246606394648552
"8236",344,"Burkholderiales.bacterium",-0.00253093079663813
"8237",344,"Citrobacter.werkmanii",-0.00189246126683429
"8238",344,"Clostridium.clostridioforme.CAG.511",-0.000408219202654436
"8239",344,"Clostridium.nexile.CAG.348",-0.00160184653941542
"8240",344,"Clostridium.paraputrificum",0.0815196298062801
"8241",344,"Clostridium.sp..MP113D9",-7.92106366134249e-05
"8242",344,"Clostridium.sp..MP49A11",-0.00109296373557299
"8243",344,"Clostridium.sp..MP551E06",-0.000555267906747758
"8244",344,"Eggerthella.lenta",-0.0414640046656132
"8245",344,"Eggerthella.sp..MP163B1",-0.00622360571287572
"8246",344,"Lactobacillus.animalis",-0.00111517042387277
"8247",344,"Megasphaera.sp..MP182G6",0.0228108270093799
"8248",344,"Paenibacillus.macerans",-0.0023818698246032
"8249",344,"Romboutsia.sp..MP35A8",-0.000698992895195261
"8250",344,"Sellimonas.intestinalis",-0.00101425062166527
"8251",344,"Turicibacter.sp..MP236E3",-0.00181588710984215
"8252",344,"Veillonella.atypica",0.00255360454320908
"8253",344,"Veillonella.dispar",-0.00301747629418969
"8254",344,"X.Clostridium..citroniae",0.227392442524433
"8255",344,"X.Clostridium..cocleatum",-0.0010761913144961
"8256",344,"X.Clostridium..sp..MP626E2_ig1",-0.00105887558311224
"8257",345,"Anaerotruncus.colihominis",0.0131147797219455
"8258",345,"Bacteroides.sp..MP64F12",-0.00058610865380615
"8259",345,"Blautia.coccoides",-0.00306158477906138
"8260",345,"Burkholderiales.bacterium",0.0020342378411442
"8261",345,"Citrobacter.werkmanii",-0.00137248187093064
"8262",345,"Clostridium.clostridioforme.CAG.511",0.00685608061030507
"8263",345,"Clostridium.nexile.CAG.348",-0.00117368064820766
"8264",345,"Clostridium.paraputrificum",-0.00949651328846812
"8265",345,"Clostridium.sp..MP113D9",-0.000626960681984201
"8266",345,"Clostridium.sp..MP49A11",-0.00130030169384554
"8267",345,"Clostridium.sp..MP551E06",-0.000438172210124321
"8268",345,"Eggerthella.lenta",0.113331444561481
"8269",345,"Eggerthella.sp..MP163B1",0.0268010543659329
"8270",345,"Lactobacillus.animalis",-0.000826360395876691
"8271",345,"Megasphaera.sp..MP182G6",-0.00117522029904649
"8272",345,"Paenibacillus.macerans",-0.00114159350050613
"8273",345,"Romboutsia.sp..MP35A8",-0.000858358864206821
"8274",345,"Sellimonas.intestinalis",-0.000784198491601273
"8275",345,"Turicibacter.sp..MP236E3",-0.00135338207473978
"8276",345,"Veillonella.atypica",0.00351672421675175
"8277",345,"Veillonella.dispar",-0.00221445353236049
"8278",345,"X.Clostridium..citroniae",0.123461436480284
"8279",345,"X.Clostridium..cocleatum",-0.00172378809656948
"8280",345,"X.Clostridium..sp..MP626E2_ig1",0.0128844357095659
"8281",346,"Anaerotruncus.colihominis",-0.00673271855339408
"8282",346,"Bacteroides.sp..MP64F12",-0.000857890001498163
"8283",346,"Blautia.coccoides",-0.0158546464517713
"8284",346,"Burkholderiales.bacterium",-0.00467082788236439
"8285",346,"Citrobacter.werkmanii",-0.00283408397808671
"8286",346,"Clostridium.clostridioforme.CAG.511",-0.00124079157831147
"8287",346,"Clostridium.nexile.CAG.348",-0.00365468265954405
"8288",346,"Clostridium.paraputrificum",0.0645542927086353
"8289",346,"Clostridium.sp..MP113D9",-0.000329120841342956
"8290",346,"Clostridium.sp..MP49A11",-0.00215220369864255
"8291",346,"Clostridium.sp..MP551E06",-0.00137664080830291
"8292",346,"Eggerthella.lenta",-0.0857021138072014
"8293",346,"Eggerthella.sp..MP163B1",-0.0115737318992615
"8294",346,"Lactobacillus.animalis",-0.001477210666053
"8295",346,"Megasphaera.sp..MP182G6",-0.00150999752804637
"8296",346,"Paenibacillus.macerans",-0.00347359501756728
"8297",346,"Romboutsia.sp..MP35A8",-0.00162760849343613
"8298",346,"Sellimonas.intestinalis",-0.00227720255497843
"8299",346,"Turicibacter.sp..MP236E3",-0.00333646056242287
"8300",346,"Veillonella.atypica",0.00170890730805695
"8301",346,"Veillonella.dispar",-0.00590379606001079
"8302",346,"X.Clostridium..citroniae",-0.0856248028576374
"8303",346,"X.Clostridium..cocleatum",-0.000656564254313707
"8304",346,"X.Clostridium..sp..MP626E2_ig1",-0.00272020848933607
"8305",347,"Anaerotruncus.colihominis",0.0209432654082775
"8306",347,"Bacteroides.sp..MP64F12",-0.000798713270341977
"8307",347,"Blautia.coccoides",0.01785534247756
"8308",347,"Burkholderiales.bacterium",-0.00245319469831884
"8309",347,"Citrobacter.werkmanii",-0.00172026222571731
"8310",347,"Clostridium.clostridioforme.CAG.511",-0.000704320205841213
"8311",347,"Clostridium.nexile.CAG.348",0.0307478467002511
"8312",347,"Clostridium.paraputrificum",-0.0067676508333534
"8313",347,"Clostridium.sp..MP113D9",-0.00081152020720765
"8314",347,"Clostridium.sp..MP49A11",-0.00108827440999448
"8315",347,"Clostridium.sp..MP551E06",-0.000503434217534959
"8316",347,"Eggerthella.lenta",-0.0435040220618248
"8317",347,"Eggerthella.sp..MP163B1",-0.00460668909363449
"8318",347,"Lactobacillus.animalis",-0.000715124333510175
"8319",347,"Megasphaera.sp..MP182G6",-0.00109306001104414
"8320",347,"Paenibacillus.macerans",-0.00132826057961211
"8321",347,"Romboutsia.sp..MP35A8",-0.00129227724391967
"8322",347,"Sellimonas.intestinalis",0.0151582811959088
"8323",347,"Turicibacter.sp..MP236E3",-0.00172111083520576
"8324",347,"Veillonella.atypica",-0.00566498865373433
"8325",347,"Veillonella.dispar",-0.00293925264850259
"8326",347,"X.Clostridium..citroniae",0.155246436595917
"8327",347,"X.Clostridium..cocleatum",0.0149716110900044
"8328",347,"X.Clostridium..sp..MP626E2_ig1",-0.00204946415033191
"8329",348,"Anaerotruncus.colihominis",-0.00371994695160538
"8330",348,"Bacteroides.sp..MP64F12",-0.000805663352366537
"8331",348,"Blautia.coccoides",-0.00237830588594079
"8332",348,"Burkholderiales.bacterium",-0.00214750482700765
"8333",348,"Citrobacter.werkmanii",-0.00179817492607981
"8334",348,"Clostridium.clostridioforme.CAG.511",0.00552726304158568
"8335",348,"Clostridium.nexile.CAG.348",-0.00121690146625042
"8336",348,"Clostridium.paraputrificum",-0.00755820912308991
"8337",348,"Clostridium.sp..MP113D9",-0.000828644522698596
"8338",348,"Clostridium.sp..MP49A11",-0.00118687143549323
"8339",348,"Clostridium.sp..MP551E06",-0.000472038344014436
"8340",348,"Eggerthella.lenta",0.144321769475937
"8341",348,"Eggerthella.sp..MP163B1",0.0262028845027089
"8342",348,"Lactobacillus.animalis",-0.000726891652448103
"8343",348,"Megasphaera.sp..MP182G6",-0.00112290313700214
"8344",348,"Paenibacillus.macerans",-0.00119678291957825
"8345",348,"Romboutsia.sp..MP35A8",-0.00122121151071042
"8346",348,"Sellimonas.intestinalis",-0.00118571874918416
"8347",348,"Turicibacter.sp..MP236E3",-0.00139119871892035
"8348",348,"Veillonella.atypica",-0.00435932935215533
"8349",348,"Veillonella.dispar",-0.00284465623553842
"8350",348,"X.Clostridium..citroniae",0.0946355201303959
"8351",348,"X.Clostridium..cocleatum",-0.0015040289144963
"8352",348,"X.Clostridium..sp..MP626E2_ig1",-0.00140183232724667
"8353",349,"Anaerotruncus.colihominis",-0.0028219036757946
"8354",349,"Bacteroides.sp..MP64F12",-0.000810411846032366
"8355",349,"Blautia.coccoides",0.00146195123670623
"8356",349,"Burkholderiales.bacterium",-0.00341397861484438
"8357",349,"Citrobacter.werkmanii",-0.00231290201190859
"8358",349,"Clostridium.clostridioforme.CAG.511",0.00779803330078721
"8359",349,"Clostridium.nexile.CAG.348",-0.00189637450966984
"8360",349,"Clostridium.paraputrificum",-0.00995923485606909
"8361",349,"Clostridium.sp..MP113D9",-0.000272695688181557
"8362",349,"Clostridium.sp..MP49A11",-0.00161509111057967
"8363",349,"Clostridium.sp..MP551E06",-0.000779130408773199
"8364",349,"Eggerthella.lenta",-0.0439194440841675
"8365",349,"Eggerthella.sp..MP163B1",-0.00612380681559443
"8366",349,"Lactobacillus.animalis",-0.0012994339922443
"8367",349,"Megasphaera.sp..MP182G6",-0.00182500423397869
"8368",349,"Paenibacillus.macerans",-0.0023099499521777
"8369",349,"Romboutsia.sp..MP35A8",-0.001550029264763
"8370",349,"Sellimonas.intestinalis",-0.0013189860037528
"8371",349,"Turicibacter.sp..MP236E3",-0.00318589038215578
"8372",349,"Veillonella.atypica",0.0063360056374222
"8373",349,"Veillonella.dispar",-0.0021853728685528
"8374",349,"X.Clostridium..citroniae",0.295891955494881
"8375",349,"X.Clostridium..cocleatum",-0.0018922098679468
"8376",349,"X.Clostridium..sp..MP626E2_ig1",-0.00133191730128601
"8377",350,"Anaerotruncus.colihominis",-0.00707150553353131
"8378",350,"Bacteroides.sp..MP64F12",-0.000597197096794844
"8379",350,"Blautia.coccoides",-0.00728799169883132
"8380",350,"Burkholderiales.bacterium",-0.0063907119911164
"8381",350,"Citrobacter.werkmanii",-0.00307259464170784
"8382",350,"Clostridium.clostridioforme.CAG.511",-0.00149922643322498
"8383",350,"Clostridium.nexile.CAG.348",-0.00473079364746809
"8384",350,"Clostridium.paraputrificum",-0.0264776134863496
"8385",350,"Clostridium.sp..MP113D9",-0.00167950935428962
"8386",350,"Clostridium.sp..MP49A11",-0.00254042621236295
"8387",350,"Clostridium.sp..MP551E06",-0.00145669735502452
"8388",350,"Eggerthella.lenta",-0.101485840976238
"8389",350,"Eggerthella.sp..MP163B1",-0.0153925190679729
"8390",350,"Lactobacillus.animalis",-0.0010709676425904
"8391",350,"Megasphaera.sp..MP182G6",-0.00257461203727871
"8392",350,"Paenibacillus.macerans",-0.00270853540860116
"8393",350,"Romboutsia.sp..MP35A8",-0.00225297827273607
"8394",350,"Sellimonas.intestinalis",-0.00276423885952681
"8395",350,"Turicibacter.sp..MP236E3",-0.00490659009665251
"8396",350,"Veillonella.atypica",-0.00810811435803771
"8397",350,"Veillonella.dispar",-0.0067854926455766
"8398",350,"X.Clostridium..citroniae",-0.0955399014055729
"8399",350,"X.Clostridium..cocleatum",-0.00301297474652529
"8400",350,"X.Clostridium..sp..MP626E2_ig1",-0.00298370746895671
"8401",351,"Anaerotruncus.colihominis",-0.00476605002768338
"8402",351,"Bacteroides.sp..MP64F12",-0.000828200485557318
"8403",351,"Blautia.coccoides",-0.00894906464964151
"8404",351,"Burkholderiales.bacterium",0.0503678377717733
"8405",351,"Citrobacter.werkmanii",-0.00326119223609567
"8406",351,"Clostridium.clostridioforme.CAG.511",-0.00100141804432496
"8407",351,"Clostridium.nexile.CAG.348",-0.003519500605762
"8408",351,"Clostridium.paraputrificum",-0.0258168112486601
"8409",351,"Clostridium.sp..MP113D9",-0.000344164363923483
"8410",351,"Clostridium.sp..MP49A11",-0.00186391005991027
"8411",351,"Clostridium.sp..MP551E06",-0.00137656135484576
"8412",351,"Eggerthella.lenta",-0.0815083235502243
"8413",351,"Eggerthella.sp..MP163B1",-0.00772986002266407
"8414",351,"Lactobacillus.animalis",-0.00290759850759059
"8415",351,"Megasphaera.sp..MP182G6",-0.00127119600074366
"8416",351,"Paenibacillus.macerans",-0.00413017394021153
"8417",351,"Romboutsia.sp..MP35A8",-0.00117697648238391
"8418",351,"Sellimonas.intestinalis",-0.00183758034836501
"8419",351,"Turicibacter.sp..MP236E3",-0.00472583808004856
"8420",351,"Veillonella.atypica",0.000325839457218535
"8421",351,"Veillonella.dispar",0.0139750489033759
"8422",351,"X.Clostridium..citroniae",-0.0699303895235062
"8423",351,"X.Clostridium..cocleatum",-0.00208921474404633
"8424",351,"X.Clostridium..sp..MP626E2_ig1",-0.00183799990918487
"8425",352,"Anaerotruncus.colihominis",-0.00734792836010456
"8426",352,"Bacteroides.sp..MP64F12",-0.000618188641965389
"8427",352,"Blautia.coccoides",-0.0120566328987479
"8428",352,"Burkholderiales.bacterium",-0.00539038563147187
"8429",352,"Citrobacter.werkmanii",-0.0022535010939464
"8430",352,"Clostridium.clostridioforme.CAG.511",-0.00131285667885095
"8431",352,"Clostridium.nexile.CAG.348",-0.0044960854575038
"8432",352,"Clostridium.paraputrificum",-0.0208666538819671
"8433",352,"Clostridium.sp..MP113D9",-0.00133311364334077
"8434",352,"Clostridium.sp..MP49A11",-0.00244489754550159
"8435",352,"Clostridium.sp..MP551E06",-0.00107361358823255
"8436",352,"Eggerthella.lenta",-0.105794005095959
"8437",352,"Eggerthella.sp..MP163B1",-0.0127479168586433
"8438",352,"Lactobacillus.animalis",-0.00109008728759363
"8439",352,"Megasphaera.sp..MP182G6",-0.00231225148309022
"8440",352,"Paenibacillus.macerans",-0.00327969284262508
"8441",352,"Romboutsia.sp..MP35A8",-0.0017864583642222
"8442",352,"Sellimonas.intestinalis",-0.00246564240660518
"8443",352,"Turicibacter.sp..MP236E3",-0.00469129416160285
"8444",352,"Veillonella.atypica",-0.0150020681321621
"8445",352,"Veillonella.dispar",-0.00552316452376544
"8446",352,"X.Clostridium..citroniae",-0.0533222835510969
"8447",352,"X.Clostridium..cocleatum",-0.00165230338461697
"8448",352,"X.Clostridium..sp..MP626E2_ig1",-0.00356549140997231
"8449",353,"Anaerotruncus.colihominis",-0.00969481701031327
"8450",353,"Bacteroides.sp..MP64F12",-0.000640106678474694
"8451",353,"Blautia.coccoides",-0.0134362354874611
"8452",353,"Burkholderiales.bacterium",-0.00574568449519575
"8453",353,"Citrobacter.werkmanii",-0.00341931590810418
"8454",353,"Clostridium.clostridioforme.CAG.511",-0.00127286778297275
"8455",353,"Clostridium.nexile.CAG.348",-0.00452359905466437
"8456",353,"Clostridium.paraputrificum",-0.0245533129200339
"8457",353,"Clostridium.sp..MP113D9",-0.00131039274856448
"8458",353,"Clostridium.sp..MP49A11",-0.00230013986583799
"8459",353,"Clostridium.sp..MP551E06",-0.00143014278728515
"8460",353,"Eggerthella.lenta",-0.0710451118648052
"8461",353,"Eggerthella.sp..MP163B1",-0.0147780789993703
"8462",353,"Lactobacillus.animalis",-0.00103015551576391
"8463",353,"Megasphaera.sp..MP182G6",-0.00269006250891834
"8464",353,"Paenibacillus.macerans",-0.00241536321118474
"8465",353,"Romboutsia.sp..MP35A8",-0.00187162245856598
"8466",353,"Sellimonas.intestinalis",-0.00268930965103209
"8467",353,"Turicibacter.sp..MP236E3",-0.00486789597198367
"8468",353,"Veillonella.atypica",0.00302317563910037
"8469",353,"Veillonella.dispar",-0.0056550414301455
"8470",353,"X.Clostridium..citroniae",-0.0864086858928204
"8471",353,"X.Clostridium..cocleatum",-0.00296610023360699
"8472",353,"X.Clostridium..sp..MP626E2_ig1",-0.00448940647765994
"8473",354,"Anaerotruncus.colihominis",0.0125158000737429
"8474",354,"Bacteroides.sp..MP64F12",-0.000817198742879555
"8475",354,"Blautia.coccoides",-0.00260592461563647
"8476",354,"Burkholderiales.bacterium",-0.00267768383491784
"8477",354,"Citrobacter.werkmanii",-0.0016046462696977
"8478",354,"Clostridium.clostridioforme.CAG.511",0.00632303929887712
"8479",354,"Clostridium.nexile.CAG.348",-0.0011889521847479
"8480",354,"Clostridium.paraputrificum",-0.00754390121437609
"8481",354,"Clostridium.sp..MP113D9",-0.000751828716602176
"8482",354,"Clostridium.sp..MP49A11",-0.0012213594163768
"8483",354,"Clostridium.sp..MP551E06",-0.000473735766718164
"8484",354,"Eggerthella.lenta",0.159986197948456
"8485",354,"Eggerthella.sp..MP163B1",0.0259738927707076
"8486",354,"Lactobacillus.animalis",-0.000689065316691995
"8487",354,"Megasphaera.sp..MP182G6",-0.00131671590497717
"8488",354,"Paenibacillus.macerans",-0.00118854030733928
"8489",354,"Romboutsia.sp..MP35A8",-0.00117246201261878
"8490",354,"Sellimonas.intestinalis",-0.00101645058020949
"8491",354,"Turicibacter.sp..MP236E3",-0.00147244235267863
"8492",354,"Veillonella.atypica",-0.00411245715804398
"8493",354,"Veillonella.dispar",-0.00287825067061931
"8494",354,"X.Clostridium..citroniae",0.10665200650692
"8495",354,"X.Clostridium..cocleatum",-0.00160573294851929
"8496",354,"X.Clostridium..sp..MP626E2_ig1",-0.00172684469725937
"8497",355,"Anaerotruncus.colihominis",-0.00475618639029562
"8498",355,"Bacteroides.sp..MP64F12",-0.000825018680188805
"8499",355,"Blautia.coccoides",-0.0136844599619508
"8500",355,"Burkholderiales.bacterium",-0.00504017109051347
"8501",355,"Citrobacter.werkmanii",-0.00213902583345771
"8502",355,"Clostridium.clostridioforme.CAG.511",-0.000931717193452641
"8503",355,"Clostridium.nexile.CAG.348",-0.00361239933408797
"8504",355,"Clostridium.paraputrificum",-0.0270369574427605
"8505",355,"Clostridium.sp..MP113D9",-0.00020879993098788
"8506",355,"Clostridium.sp..MP49A11",-0.00191295531112701
"8507",355,"Clostridium.sp..MP551E06",-0.00145246338797733
"8508",355,"Eggerthella.lenta",-0.0788644142448902
"8509",355,"Eggerthella.sp..MP163B1",-0.010992409195751
"8510",355,"Lactobacillus.animalis",-0.00128053856315091
"8511",355,"Megasphaera.sp..MP182G6",-0.00131077930564061
"8512",355,"Paenibacillus.macerans",-0.00417348323389888
"8513",355,"Romboutsia.sp..MP35A8",-0.00151373114204034
"8514",355,"Sellimonas.intestinalis",-0.00194114132318646
"8515",355,"Turicibacter.sp..MP236E3",-0.00486847851425409
"8516",355,"Veillonella.atypica",0.00137693295255303
"8517",355,"Veillonella.dispar",-0.00418271194212139
"8518",355,"X.Clostridium..citroniae",-0.0707775019109249
"8519",355,"X.Clostridium..cocleatum",-0.00255387718789279
"8520",355,"X.Clostridium..sp..MP626E2_ig1",-0.00190265243873
"8521",356,"Anaerotruncus.colihominis",-0.00666021555662155
"8522",356,"Bacteroides.sp..MP64F12",-0.000670065433951095
"8523",356,"Blautia.coccoides",-0.01196114346385
"8524",356,"Burkholderiales.bacterium",-0.00592695781961083
"8525",356,"Citrobacter.werkmanii",-0.00410185009241104
"8526",356,"Clostridium.clostridioforme.CAG.511",-0.00132551422575489
"8527",356,"Clostridium.nexile.CAG.348",-0.00465087313205004
"8528",356,"Clostridium.paraputrificum",-0.0277850171551108
"8529",356,"Clostridium.sp..MP113D9",-0.00148154614726081
"8530",356,"Clostridium.sp..MP49A11",-0.00261301652062684
"8531",356,"Clostridium.sp..MP551E06",-0.00130995240760967
"8532",356,"Eggerthella.lenta",-0.095859706401825
"8533",356,"Eggerthella.sp..MP163B1",-0.0125374160706997
"8534",356,"Lactobacillus.animalis",-0.00103737326571718
"8535",356,"Megasphaera.sp..MP182G6",-0.00259613886009902
"8536",356,"Paenibacillus.macerans",-0.00303231156431139
"8537",356,"Romboutsia.sp..MP35A8",-0.00216847425326705
"8538",356,"Sellimonas.intestinalis",-0.0025094774318859
"8539",356,"Turicibacter.sp..MP236E3",-0.00529578444547951
"8540",356,"Veillonella.atypica",-0.0132399071007967
"8541",356,"Veillonella.dispar",-0.0086293718777597
"8542",356,"X.Clostridium..citroniae",-0.0896406024694443
"8543",356,"X.Clostridium..cocleatum",-0.00234371330589056
"8544",356,"X.Clostridium..sp..MP626E2_ig1",-0.00363499717786908
"8545",357,"Anaerotruncus.colihominis",-0.00454703625291586
"8546",357,"Bacteroides.sp..MP64F12",-0.000813936494523659
"8547",357,"Blautia.coccoides",0.0269924104213715
"8548",357,"Burkholderiales.bacterium",-0.00335699960123748
"8549",357,"Citrobacter.werkmanii",-0.00233758136164397
"8550",357,"Clostridium.clostridioforme.CAG.511",-0.000921183062018827
"8551",357,"Clostridium.nexile.CAG.348",-0.00174055813113227
"8552",357,"Clostridium.paraputrificum",-0.0101404543966055
"8553",357,"Clostridium.sp..MP113D9",-0.00078506171121262
"8554",357,"Clostridium.sp..MP49A11",-0.00133651978103444
"8555",357,"Clostridium.sp..MP551E06",-0.000672345981001854
"8556",357,"Eggerthella.lenta",0.258600652217865
"8557",357,"Eggerthella.sp..MP163B1",0.0387493781745434
"8558",357,"Lactobacillus.animalis",-0.000770000886404887
"8559",357,"Megasphaera.sp..MP182G6",-0.00156045542098582
"8560",357,"Paenibacillus.macerans",-0.00151785340858623
"8561",357,"Romboutsia.sp..MP35A8",-0.00161354331066832
"8562",357,"Sellimonas.intestinalis",-0.00139079958898947
"8563",357,"Turicibacter.sp..MP236E3",-0.00236209528520703
"8564",357,"Veillonella.atypica",0.00705083343200386
"8565",357,"Veillonella.dispar",-0.00339685578364879
"8566",357,"X.Clostridium..citroniae",-0.0366338230669498
"8567",357,"X.Clostridium..cocleatum",-0.00178491947008297
"8568",357,"X.Clostridium..sp..MP626E2_ig1",-0.00209612247999758
"8569",358,"Anaerotruncus.colihominis",-0.00655868067406118
"8570",358,"Bacteroides.sp..MP64F12",-0.000653189199510962
"8571",358,"Blautia.coccoides",-0.013128999620676
"8572",358,"Burkholderiales.bacterium",-0.00631506065838039
"8573",358,"Citrobacter.werkmanii",-0.00412337924353778
"8574",358,"Clostridium.clostridioforme.CAG.511",-0.00136772089172155
"8575",358,"Clostridium.nexile.CAG.348",-0.0041262861341238
"8576",358,"Clostridium.paraputrificum",-0.0247865654528141
"8577",358,"Clostridium.sp..MP113D9",-0.0015373476780951
"8578",358,"Clostridium.sp..MP49A11",-0.00211986538488418
"8579",358,"Clostridium.sp..MP551E06",-0.00159543607151136
"8580",358,"Eggerthella.lenta",-0.0979389399290085
"8581",358,"Eggerthella.sp..MP163B1",-0.0132725941948593
"8582",358,"Lactobacillus.animalis",0.00664871791377664
"8583",358,"Megasphaera.sp..MP182G6",-0.00306836981326342
"8584",358,"Paenibacillus.macerans",-0.00355351762846112
"8585",358,"Romboutsia.sp..MP35A8",-0.00241127610206604
"8586",358,"Sellimonas.intestinalis",-0.00259819242637604
"8587",358,"Turicibacter.sp..MP236E3",-0.00581419444642961
"8588",358,"Veillonella.atypica",0.00836054002866149
"8589",358,"Veillonella.dispar",-0.0100452164188027
"8590",358,"X.Clostridium..citroniae",-0.0904167927801609
"8591",358,"X.Clostridium..cocleatum",-0.00385002116672695
"8592",358,"X.Clostridium..sp..MP626E2_ig1",-0.00314975355286151
"8593",359,"Anaerotruncus.colihominis",-0.00778888957574964
"8594",359,"Bacteroides.sp..MP64F12",-0.000635125674307346
"8595",359,"Blautia.coccoides",-0.0116651584394276
"8596",359,"Burkholderiales.bacterium",-0.00536510162055492
"8597",359,"Citrobacter.werkmanii",-0.00339376379270107
"8598",359,"Clostridium.clostridioforme.CAG.511",-0.00121930462773889
"8599",359,"Clostridium.nexile.CAG.348",-0.00462670181877911
"8600",359,"Clostridium.paraputrificum",-0.026918962597847
"8601",359,"Clostridium.sp..MP113D9",-0.00165691919391975
"8602",359,"Clostridium.sp..MP49A11",-0.002461978350766
"8603",359,"Clostridium.sp..MP551E06",-0.00142035208409652
"8604",359,"Eggerthella.lenta",-0.102931253612041
"8605",359,"Eggerthella.sp..MP163B1",-0.0146104255691171
"8606",359,"Lactobacillus.animalis",-0.00250158121343702
"8607",359,"Megasphaera.sp..MP182G6",-0.00273135048337281
"8608",359,"Paenibacillus.macerans",-0.00265405559912324
"8609",359,"Romboutsia.sp..MP35A8",-0.00244337331969291
"8610",359,"Sellimonas.intestinalis",-0.00262312439735979
"8611",359,"Turicibacter.sp..MP236E3",-0.00473076920025051
"8612",359,"Veillonella.atypica",0.00853455066680908
"8613",359,"Veillonella.dispar",0.0228013712912798
"8614",359,"X.Clostridium..citroniae",-0.0794371254742146
"8615",359,"X.Clostridium..cocleatum",-0.00397476577199996
"8616",359,"X.Clostridium..sp..MP626E2_ig1",-0.00313295237720013
"8617",360,"Anaerotruncus.colihominis",-0.00364841264672577
"8618",360,"Bacteroides.sp..MP64F12",-0.00061452595400624
"8619",360,"Blautia.coccoides",0.0349247101694345
"8620",360,"Burkholderiales.bacterium",-0.00286088208667934
"8621",360,"Citrobacter.werkmanii",-0.00263514078687876
"8622",360,"Clostridium.clostridioforme.CAG.511",0.00683254259638488
"8623",360,"Clostridium.nexile.CAG.348",-0.00177307828562334
"8624",360,"Clostridium.paraputrificum",-0.0132750230841339
"8625",360,"Clostridium.sp..MP113D9",-0.00067868223413825
"8626",360,"Clostridium.sp..MP49A11",0.00764991296455264
"8627",360,"Clostridium.sp..MP551E06",-0.000621337327174842
"8628",360,"Eggerthella.lenta",-0.0438800193369389
"8629",360,"Eggerthella.sp..MP163B1",-0.00638046069070697
"8630",360,"Lactobacillus.animalis",-0.000774602696765214
"8631",360,"Megasphaera.sp..MP182G6",-0.00164321949705482
"8632",360,"Paenibacillus.macerans",-0.00170248921494931
"8633",360,"Romboutsia.sp..MP35A8",-0.00164415338076651
"8634",360,"Sellimonas.intestinalis",-0.00136209867196158
"8635",360,"Turicibacter.sp..MP236E3",-0.00283278420101851
"8636",360,"Veillonella.atypica",0.0116106909699738
"8637",360,"Veillonella.dispar",-0.00539121287874877
"8638",360,"X.Clostridium..citroniae",0.238293193280697
"8639",360,"X.Clostridium..cocleatum",0.00437318487092853
"8640",360,"X.Clostridium..sp..MP626E2_ig1",-0.00141437695128843
"8641",361,"Anaerotruncus.colihominis",0.00788002740591764
"8642",361,"Bacteroides.sp..MP64F12",-0.000678135955240577
"8643",361,"Blautia.coccoides",-0.00290681316982955
"8644",361,"Burkholderiales.bacterium",0.00279452162794769
"8645",361,"Citrobacter.werkmanii",-0.00195771781727672
"8646",361,"Clostridium.clostridioforme.CAG.511",-0.00088806269923225
"8647",361,"Clostridium.nexile.CAG.348",0.0240180110558867
"8648",361,"Clostridium.paraputrificum",-0.0088352533057332
"8649",361,"Clostridium.sp..MP113D9",-0.000883556436747313
"8650",361,"Clostridium.sp..MP49A11",-0.00119921681471169
"8651",361,"Clostridium.sp..MP551E06",-0.00051396805793047
"8652",361,"Eggerthella.lenta",0.195148937404156
"8653",361,"Eggerthella.sp..MP163B1",0.0289255417883396
"8654",361,"Lactobacillus.animalis",-0.000854696583701298
"8655",361,"Megasphaera.sp..MP182G6",-0.00119704840471968
"8656",361,"Paenibacillus.macerans",-0.00131393468473107
"8657",361,"Romboutsia.sp..MP35A8",-0.00103135069366544
"8658",361,"Sellimonas.intestinalis",0.0127489995211363
"8659",361,"Turicibacter.sp..MP236E3",-0.00153773493366316
"8660",361,"Veillonella.atypica",-0.00559140066616237
"8661",361,"Veillonella.dispar",-0.00389710569288582
"8662",361,"X.Clostridium..citroniae",-0.0315451174974442
"8663",361,"X.Clostridium..cocleatum",-0.00174034701194614
"8664",361,"X.Clostridium..sp..MP626E2_ig1",-0.00201714650029317
"8665",362,"Anaerotruncus.colihominis",-0.00719806482084095
"8666",362,"Bacteroides.sp..MP64F12",-0.000631716597126797
"8667",362,"Blautia.coccoides",-0.0101466574706137
"8668",362,"Burkholderiales.bacterium",0.00346323230769485
"8669",362,"Citrobacter.werkmanii",-0.00323679472785443
"8670",362,"Clostridium.clostridioforme.CAG.511",-0.00107432837830856
"8671",362,"Clostridium.nexile.CAG.348",-0.00464779045432806
"8672",362,"Clostridium.paraputrificum",-0.0153373214416206
"8673",362,"Clostridium.sp..MP113D9",-0.00146650825627148
"8674",362,"Clostridium.sp..MP49A11",-0.0021825892617926
"8675",362,"Clostridium.sp..MP551E06",-0.00137123378226534
"8676",362,"Eggerthella.lenta",-0.0762990713119507
"8677",362,"Eggerthella.sp..MP163B1",-0.011727046687156
"8678",362,"Lactobacillus.animalis",-0.00101763301063329
"8679",362,"Megasphaera.sp..MP182G6",-0.00224774063099176
"8680",362,"Paenibacillus.macerans",-0.00235463469289243
"8681",362,"Romboutsia.sp..MP35A8",-0.00153404322918504
"8682",362,"Sellimonas.intestinalis",-0.00263805373106152
"8683",362,"Turicibacter.sp..MP236E3",-0.00365368276834488
"8684",362,"Veillonella.atypica",0.00492443912662566
"8685",362,"Veillonella.dispar",-0.00553889316506684
"8686",362,"X.Clostridium..citroniae",-0.081587165594101
"8687",362,"X.Clostridium..cocleatum",-0.00303799530956894
"8688",362,"X.Clostridium..sp..MP626E2_ig1",-0.00388291315175593
"8689",363,"Anaerotruncus.colihominis",-0.00793806556612253
"8690",363,"Bacteroides.sp..MP64F12",-0.000710223626811057
"8691",363,"Blautia.coccoides",-0.00803883094340563
"8692",363,"Burkholderiales.bacterium",-0.005879893200472
"8693",363,"Citrobacter.werkmanii",-0.00312555173877627
"8694",363,"Clostridium.clostridioforme.CAG.511",-0.00136909954017028
"8695",363,"Clostridium.nexile.CAG.348",-0.00484320195391774
"8696",363,"Clostridium.paraputrificum",-0.026078125461936
"8697",363,"Clostridium.sp..MP113D9",-0.00146092241629958
"8698",363,"Clostridium.sp..MP49A11",-0.0026207696646452
"8699",363,"Clostridium.sp..MP551E06",-0.00136610248591751
"8700",363,"Eggerthella.lenta",-0.104051321744919
"8701",363,"Eggerthella.sp..MP163B1",-0.0157686667516828
"8702",363,"Lactobacillus.animalis",-0.000977152434643358
"8703",363,"Megasphaera.sp..MP182G6",-0.002570970216766
"8704",363,"Paenibacillus.macerans",-0.0026215041289106
"8705",363,"Romboutsia.sp..MP35A8",-0.0020000966032967
"8706",363,"Sellimonas.intestinalis",-0.00264433422125876
"8707",363,"Turicibacter.sp..MP236E3",-0.00437210430391133
"8708",363,"Veillonella.atypica",-0.00978303048759699
"8709",363,"Veillonella.dispar",-0.0063074603676796
"8710",363,"X.Clostridium..citroniae",-0.0939540341496468
"8711",363,"X.Clostridium..cocleatum",-0.00252618722151965
"8712",363,"X.Clostridium..sp..MP626E2_ig1",-0.00312688387930393
"8713",364,"Anaerotruncus.colihominis",-0.00406874634791166
"8714",364,"Bacteroides.sp..MP64F12",-0.000600511382799596
"8715",364,"Blautia.coccoides",-0.0147895677946508
"8716",364,"Burkholderiales.bacterium",-0.0054101231507957
"8717",364,"Citrobacter.werkmanii",0.00126844574697316
"8718",364,"Clostridium.clostridioforme.CAG.511",-0.000311545329168439
"8719",364,"Clostridium.nexile.CAG.348",-0.00311235222034156
"8720",364,"Clostridium.paraputrificum",-0.0303538991138339
"8721",364,"Clostridium.sp..MP113D9",0.000203603703994304
"8722",364,"Clostridium.sp..MP49A11",-0.0013499420019798
"8723",364,"Clostridium.sp..MP551E06",-0.00131459487602115
"8724",364,"Eggerthella.lenta",-0.0793997570872307
"8725",364,"Eggerthella.sp..MP163B1",-0.00760781904682517
"8726",364,"Lactobacillus.animalis",-0.00129404215840623
"8727",364,"Megasphaera.sp..MP182G6",0.000792801787611097
"8728",364,"Paenibacillus.macerans",-0.00406980328261852
"8729",364,"Romboutsia.sp..MP35A8",-0.000200260044948664
"8730",364,"Sellimonas.intestinalis",-0.00186481786658987
"8731",364,"Turicibacter.sp..MP236E3",-0.00440705358050764
"8732",364,"Veillonella.atypica",0.00411016936413944
"8733",364,"Veillonella.dispar",-0.00323092727921903
"8734",364,"X.Clostridium..citroniae",-0.0511442236602306
"8735",364,"X.Clostridium..cocleatum",-0.00312189536634833
"8736",364,"X.Clostridium..sp..MP626E2_ig1",-0.00178931641858071
"8737",365,"Anaerotruncus.colihominis",-0.00762745994143188
"8738",365,"Bacteroides.sp..MP64F12",-0.000670097884722054
"8739",365,"Blautia.coccoides",-0.00946473237127066
"8740",365,"Burkholderiales.bacterium",-0.0040441716555506
"8741",365,"Citrobacter.werkmanii",-0.00305990350898355
"8742",365,"Clostridium.clostridioforme.CAG.511",-0.000911379494937137
"8743",365,"Clostridium.nexile.CAG.348",-0.00474968482740223
"8744",365,"Clostridium.paraputrificum",-0.0189760057255626
"8745",365,"Clostridium.sp..MP113D9",-0.00131009169854224
"8746",365,"Clostridium.sp..MP49A11",-0.00178826483897865
"8747",365,"Clostridium.sp..MP551E06",-0.00135353941004723
"8748",365,"Eggerthella.lenta",-0.109095342457294
"8749",365,"Eggerthella.sp..MP163B1",-0.0151950502768159
"8750",365,"Lactobacillus.animalis",-0.000855566468089819
"8751",365,"Megasphaera.sp..MP182G6",-0.00204090075567365
"8752",365,"Paenibacillus.macerans",-0.00212996662594378
"8753",365,"Romboutsia.sp..MP35A8",-0.00204156315885484
"8754",365,"Sellimonas.intestinalis",-0.00266824197024107
"8755",365,"Turicibacter.sp..MP236E3",-0.00343270925804973
"8756",365,"Veillonella.atypica",-0.00837366050109267
"8757",365,"Veillonella.dispar",-0.00434062094427645
"8758",365,"X.Clostridium..citroniae",-0.0795476026833057
"8759",365,"X.Clostridium..cocleatum",-0.00357194268144667
"8760",365,"X.Clostridium..sp..MP626E2_ig1",-0.00395797903183848
"8761",366,"Anaerotruncus.colihominis",-0.00671023852191865
"8762",366,"Bacteroides.sp..MP64F12",-0.000592807598877698
"8763",366,"Blautia.coccoides",-0.00804009474813938
"8764",366,"Burkholderiales.bacterium",0.00721057318150997
"8765",366,"Citrobacter.werkmanii",-0.00249449617695063
"8766",366,"Clostridium.clostridioforme.CAG.511",-0.00101145420921966
"8767",366,"Clostridium.nexile.CAG.348",-0.0019144308171235
"8768",366,"Clostridium.paraputrificum",-0.0165853071957827
"8769",366,"Clostridium.sp..MP113D9",-0.00112552556674927
"8770",366,"Clostridium.sp..MP49A11",-0.00167767819948494
"8771",366,"Clostridium.sp..MP551E06",-0.000745474739233032
"8772",366,"Eggerthella.lenta",0.124118715524673
"8773",366,"Eggerthella.sp..MP163B1",0.0265123518183827
"8774",366,"Lactobacillus.animalis",-0.000958991586230695
"8775",366,"Megasphaera.sp..MP182G6",-0.00219185615424067
"8776",366,"Paenibacillus.macerans",-0.00187193806050345
"8777",366,"Romboutsia.sp..MP35A8",-0.00183067453326657
"8778",366,"Sellimonas.intestinalis",-0.00162165175424889
"8779",366,"Turicibacter.sp..MP236E3",-0.00254908751230687
"8780",366,"Veillonella.atypica",0.00189776916522533
"8781",366,"Veillonella.dispar",-0.00374202977400273
"8782",366,"X.Clostridium..citroniae",-0.049070505425334
"8783",366,"X.Clostridium..cocleatum",-0.00301133026368916
"8784",366,"X.Clostridium..sp..MP626E2_ig1",-0.00220319151412696
"8785",367,"Anaerotruncus.colihominis",0.0166347362101078
"8786",367,"Bacteroides.sp..MP64F12",-0.000593406119151041
"8787",367,"Blautia.coccoides",-0.00634392257779837
"8788",367,"Burkholderiales.bacterium",-0.00345401547383517
"8789",367,"Citrobacter.werkmanii",-0.00178142194636166
"8790",367,"Clostridium.clostridioforme.CAG.511",-0.000846643088152632
"8791",367,"Clostridium.nexile.CAG.348",-0.00208867224864662
"8792",367,"Clostridium.paraputrificum",-0.00924336165189743
"8793",367,"Clostridium.sp..MP113D9",-0.00108575983904302
"8794",367,"Clostridium.sp..MP49A11",-0.00137785909464583
"8795",367,"Clostridium.sp..MP551E06",-0.00072356837335974
"8796",367,"Eggerthella.lenta",0.273175284266472
"8797",367,"Eggerthella.sp..MP163B1",-0.00896475790068507
"8798",367,"Lactobacillus.animalis",-0.000741366122383624
"8799",367,"Megasphaera.sp..MP182G6",-0.00142545119160786
"8800",367,"Paenibacillus.macerans",-0.00144114828435704
"8801",367,"Romboutsia.sp..MP35A8",-0.00151058594929054
"8802",367,"Sellimonas.intestinalis",-0.00141261657699943
"8803",367,"Turicibacter.sp..MP236E3",-0.00218613666947931
"8804",367,"Veillonella.atypica",-0.00606737891212106
"8805",367,"Veillonella.dispar",-0.00413234089501202
"8806",367,"X.Clostridium..citroniae",-0.0401329826563597
"8807",367,"X.Clostridium..cocleatum",-0.0020994832739234
"8808",367,"X.Clostridium..sp..MP626E2_ig1",-0.00258194969501346
