"","sample","name","median(value)"
"1",1,"Actinomyces.sp..HMSC035G02",-0.44821880757959
"2",1,"Actinomyces.sp..ICM39",-0.44821880757959
"3",1,"Anaerostipes.sp..992a",-0.44821880757959
"4",1,"Bacteroides.ovatus",-0.44821880757959
"5",1,"Enterobacter.cloacae",4.34144351758073
"6",1,"Erysipelatoclostridium.sp..MP95D5",10.5234831789003
"7",1,"Intestinibacter.sp..MP113D11",-0.44821880757959
"8",1,"Klebsiella.oxytoca",-0.44821880757959
"9",1,"Lachnospiraceae.bacterium.CAG.364",10.0709216591102
"10",1,"Lactobacillus.paracasei",-0.44821880757959
"11",1,"Prevotella.buccae",5.07287345232751
"12",1,"Providencia.alcalifaciens",-0.44821880757959
"13",1,"Roseburia.intestinalis",-0.44821880757959
"14",1,"Streptococcus.infantis",-0.44821880757959
"15",1,"Streptococcus.sp..MP111F6_2",-0.44821880757959
"16",1,"X.Clostridium..aldenense",10.1760774500819
"17",1,"X.Ruminococcus..sp..MP14G5",-0.44821880757959
"18",2,"Actinomyces.sp..HMSC035G02",-0.29971189118919
"19",2,"Actinomyces.sp..ICM39",-0.29971189118919
"20",2,"Anaerostipes.sp..992a",-0.29971189118919
"21",2,"Bacteroides.ovatus",-0.29971189118919
"22",2,"Enterobacter.cloacae",-0.29971189118919
"23",2,"Erysipelatoclostridium.sp..MP95D5",-0.29971189118919
"24",2,"Intestinibacter.sp..MP113D11",9.75808360066227
"25",2,"Klebsiella.oxytoca",8.8777479105432
"26",2,"Lachnospiraceae.bacterium.CAG.364",-0.29971189118919
"27",2,"Lactobacillus.paracasei",-0.29971189118919
"28",2,"Prevotella.buccae",-0.29971189118919
"29",2,"Providencia.alcalifaciens",-0.29971189118919
"30",2,"Roseburia.intestinalis",-0.29971189118919
"31",2,"Streptococcus.infantis",-0.29971189118919
"32",2,"Streptococcus.sp..MP111F6_2",-0.29971189118919
"33",2,"X.Clostridium..aldenense",-0.29971189118919
"34",2,"X.Ruminococcus..sp..MP14G5",-0.29971189118919
"35",3,"Actinomyces.sp..HMSC035G02",5.14603576309492
"36",3,"Actinomyces.sp..ICM39",-0.0496982437476241
"37",3,"Anaerostipes.sp..992a",-0.0496982437476241
"38",3,"Bacteroides.ovatus",-0.0496982437476241
"39",3,"Enterobacter.cloacae",10.4544697207033
"40",3,"Erysipelatoclostridium.sp..MP95D5",-0.0496982437476241
"41",3,"Intestinibacter.sp..MP113D11",-0.0496982437476241
"42",3,"Klebsiella.oxytoca",-0.0496982437476241
"43",3,"Lachnospiraceae.bacterium.CAG.364",-0.0496982437476241
"44",3,"Lactobacillus.paracasei",-0.0496982437476241
"45",3,"Prevotella.buccae",-0.0496982437476241
"46",3,"Providencia.alcalifaciens",-0.0496982437476241
"47",3,"Roseburia.intestinalis",-0.0496982437476241
"48",3,"Streptococcus.infantis",-0.0496982437476241
"49",3,"Streptococcus.sp..MP111F6_2",-0.0496982437476241
"50",3,"X.Clostridium..aldenense",-0.0496982437476241
"51",3,"X.Ruminococcus..sp..MP14G5",-0.0496982437476241
"52",4,"Actinomyces.sp..HMSC035G02",-0.342330757983596
"53",4,"Actinomyces.sp..ICM39",-0.342330757983596
"54",4,"Anaerostipes.sp..992a",-0.342330757983596
"55",4,"Bacteroides.ovatus",-0.342330757983596
"56",4,"Enterobacter.cloacae",-0.342330757983596
"57",4,"Erysipelatoclostridium.sp..MP95D5",-0.342330757983596
"58",4,"Intestinibacter.sp..MP113D11",-0.342330757983596
"59",4,"Klebsiella.oxytoca",9.75041141661415
"60",4,"Lachnospiraceae.bacterium.CAG.364",-0.342330757983596
"61",4,"Lactobacillus.paracasei",-0.342330757983596
"62",4,"Prevotella.buccae",6.98745063200585
"63",4,"Providencia.alcalifaciens",-0.342330757983596
"64",4,"Roseburia.intestinalis",-0.342330757983596
"65",4,"Streptococcus.infantis",-0.342330757983596
"66",4,"Streptococcus.sp..MP111F6_2",-0.342330757983596
"67",4,"X.Clostridium..aldenense",9.87827702268623
"68",4,"X.Ruminococcus..sp..MP14G5",-0.342330757983596
"69",5,"Actinomyces.sp..HMSC035G02",-1.23353130148546
"70",5,"Actinomyces.sp..ICM39",-1.23353130148546
"71",5,"Anaerostipes.sp..992a",-1.23353130148546
"72",5,"Bacteroides.ovatus",5.91547645759457
"73",5,"Enterobacter.cloacae",-1.23353130148546
"74",5,"Erysipelatoclostridium.sp..MP95D5",-1.23353130148546
"75",5,"Intestinibacter.sp..MP113D11",-1.23353130148546
"76",5,"Klebsiella.oxytoca",-1.23353130148546
"77",5,"Lachnospiraceae.bacterium.CAG.364",-1.23353130148546
"78",5,"Lactobacillus.paracasei",-1.23353130148546
"79",5,"Prevotella.buccae",-1.23353130148546
"80",5,"Providencia.alcalifaciens",-1.23353130148546
"81",5,"Roseburia.intestinalis",7.97365877653222
"82",5,"Streptococcus.infantis",6.75200141534764
"83",5,"Streptococcus.sp..MP111F6_2",-1.23353130148546
"84",5,"X.Clostridium..aldenense",-1.23353130148546
"85",5,"X.Ruminococcus..sp..MP14G5",-1.23353130148546
"86",6,"Actinomyces.sp..HMSC035G02",-0.618047600308154
"87",6,"Actinomyces.sp..ICM39",-0.618047600308154
"88",6,"Anaerostipes.sp..992a",-0.618047600308154
"89",6,"Bacteroides.ovatus",-0.618047600308154
"90",6,"Enterobacter.cloacae",5.87054107764888
"91",6,"Erysipelatoclostridium.sp..MP95D5",-0.618047600308154
"92",6,"Intestinibacter.sp..MP113D11",-0.618047600308154
"93",6,"Klebsiella.oxytoca",-0.618047600308154
"94",6,"Lachnospiraceae.bacterium.CAG.364",-0.618047600308154
"95",6,"Lactobacillus.paracasei",-0.618047600308154
"96",6,"Prevotella.buccae",-0.618047600308154
"97",6,"Providencia.alcalifaciens",-0.618047600308154
"98",6,"Roseburia.intestinalis",10.6329830024176
"99",6,"Streptococcus.infantis",7.75088349063263
"100",6,"Streptococcus.sp..MP111F6_2",-0.618047600308154
"101",6,"X.Clostridium..aldenense",-0.618047600308154
"102",6,"X.Ruminococcus..sp..MP14G5",-0.618047600308154
"103",7,"Actinomyces.sp..HMSC035G02",5.3837265151429
"104",7,"Actinomyces.sp..ICM39",-0.30069242611146
"105",7,"Anaerostipes.sp..992a",-0.30069242611146
"106",7,"Bacteroides.ovatus",-0.30069242611146
"107",7,"Enterobacter.cloacae",-0.30069242611146
"108",7,"Erysipelatoclostridium.sp..MP95D5",-0.30069242611146
"109",7,"Intestinibacter.sp..MP113D11",-0.30069242611146
"110",7,"Klebsiella.oxytoca",8.78286747543484
"111",7,"Lachnospiraceae.bacterium.CAG.364",-0.30069242611146
"112",7,"Lactobacillus.paracasei",9.47209750412664
"113",7,"Prevotella.buccae",-0.30069242611146
"114",7,"Providencia.alcalifaciens",-0.30069242611146
"115",7,"Roseburia.intestinalis",-0.30069242611146
"116",7,"Streptococcus.infantis",-0.30069242611146
"117",7,"Streptococcus.sp..MP111F6_2",-0.30069242611146
"118",7,"X.Clostridium..aldenense",-0.30069242611146
"119",7,"X.Ruminococcus..sp..MP14G5",-0.30069242611146
"120",8,"Actinomyces.sp..HMSC035G02",-0.245892885395314
"121",8,"Actinomyces.sp..ICM39",-0.245892885395314
"122",8,"Anaerostipes.sp..992a",-0.245892885395314
"123",8,"Bacteroides.ovatus",-0.245892885395314
"124",8,"Enterobacter.cloacae",-0.245892885395314
"125",8,"Erysipelatoclostridium.sp..MP95D5",-0.245892885395314
"126",8,"Intestinibacter.sp..MP113D11",-0.245892885395314
"127",8,"Klebsiella.oxytoca",-0.245892885395314
"128",8,"Lachnospiraceae.bacterium.CAG.364",-0.245892885395314
"129",8,"Lactobacillus.paracasei",-0.245892885395314
"130",8,"Prevotella.buccae",-0.245892885395314
"131",8,"Providencia.alcalifaciens",-0.245892885395314
"132",8,"Roseburia.intestinalis",-0.245892885395314
"133",8,"Streptococcus.infantis",-0.245892885395314
"134",8,"Streptococcus.sp..MP111F6_2",8.86452308555495
"135",8,"X.Clostridium..aldenense",-0.245892885395314
"136",8,"X.Ruminococcus..sp..MP14G5",-0.245892885395314
"137",9,"Actinomyces.sp..HMSC035G02",-0.662962362972539
"138",9,"Actinomyces.sp..ICM39",-0.662962362972539
"139",9,"Anaerostipes.sp..992a",-0.662962362972539
"140",9,"Bacteroides.ovatus",8.06106059918279
"141",9,"Enterobacter.cloacae",-0.662962362972539
"142",9,"Erysipelatoclostridium.sp..MP95D5",-0.662962362972539
"143",9,"Intestinibacter.sp..MP113D11",-0.662962362972539
"144",9,"Klebsiella.oxytoca",6.92267059819593
"145",9,"Lachnospiraceae.bacterium.CAG.364",-0.662962362972539
"146",9,"Lactobacillus.paracasei",-0.662962362972539
"147",9,"Prevotella.buccae",-0.662962362972539
"148",9,"Providencia.alcalifaciens",-0.662962362972539
"149",9,"Roseburia.intestinalis",4.31773384022503
"150",9,"Streptococcus.infantis",-0.662962362972539
"151",9,"Streptococcus.sp..MP111F6_2",-0.662962362972539
"152",9,"X.Clostridium..aldenense",5.68754731659176
"153",9,"X.Ruminococcus..sp..MP14G5",-0.662962362972539
"154",10,"Actinomyces.sp..HMSC035G02",-0.842811511805918
"155",10,"Actinomyces.sp..ICM39",5.32393033211775
"156",10,"Anaerostipes.sp..992a",-0.842811511805918
"157",10,"Bacteroides.ovatus",-0.842811511805918
"158",10,"Enterobacter.cloacae",-0.842811511805918
"159",10,"Erysipelatoclostridium.sp..MP95D5",-0.842811511805918
"160",10,"Intestinibacter.sp..MP113D11",8.02090958661489
"161",10,"Klebsiella.oxytoca",-0.842811511805918
"162",10,"Lachnospiraceae.bacterium.CAG.364",-0.842811511805918
"163",10,"Lactobacillus.paracasei",-0.842811511805918
"164",10,"Prevotella.buccae",4.27068679237788
"165",10,"Providencia.alcalifaciens",-0.842811511805918
"166",10,"Roseburia.intestinalis",8.25823813997921
"167",10,"Streptococcus.infantis",4.54464361067938
"168",10,"Streptococcus.sp..MP111F6_2",-0.842811511805918
"169",10,"X.Clostridium..aldenense",-0.842811511805918
"170",10,"X.Ruminococcus..sp..MP14G5",-0.842811511805918
"171",11,"Actinomyces.sp..HMSC035G02",-0.604689025018732
"172",11,"Actinomyces.sp..ICM39",-0.604689025018732
"173",11,"Anaerostipes.sp..992a",-0.604689025018732
"174",11,"Bacteroides.ovatus",-0.604689025018732
"175",11,"Enterobacter.cloacae",6.38972270771506
"176",11,"Erysipelatoclostridium.sp..MP95D5",-0.604689025018732
"177",11,"Intestinibacter.sp..MP113D11",-0.604689025018732
"178",11,"Klebsiella.oxytoca",7.73163626631819
"179",11,"Lachnospiraceae.bacterium.CAG.364",-0.604689025018732
"180",11,"Lactobacillus.paracasei",-0.604689025018732
"181",11,"Prevotella.buccae",-0.604689025018732
"182",11,"Providencia.alcalifaciens",-0.604689025018732
"183",11,"Roseburia.intestinalis",10.6221603731489
"184",11,"Streptococcus.infantis",8.14752869718589
"185",11,"Streptococcus.sp..MP111F6_2",-0.604689025018732
"186",11,"X.Clostridium..aldenense",-0.604689025018732
"187",11,"X.Ruminococcus..sp..MP14G5",-0.604689025018732
"188",12,"Actinomyces.sp..HMSC035G02",-0.474653693444335
"189",12,"Actinomyces.sp..ICM39",-0.474653693444335
"190",12,"Anaerostipes.sp..992a",-0.474653693444335
"191",12,"Bacteroides.ovatus",-0.474653693444335
"192",12,"Enterobacter.cloacae",-0.474653693444335
"193",12,"Erysipelatoclostridium.sp..MP95D5",6.91863420842975
"194",12,"Intestinibacter.sp..MP113D11",-0.474653693444335
"195",12,"Klebsiella.oxytoca",-0.474653693444335
"196",12,"Lachnospiraceae.bacterium.CAG.364",-0.474653693444335
"197",12,"Lactobacillus.paracasei",-0.474653693444335
"198",12,"Prevotella.buccae",-0.474653693444335
"199",12,"Providencia.alcalifaciens",-0.474653693444335
"200",12,"Roseburia.intestinalis",-0.474653693444335
"201",12,"Streptococcus.infantis",-0.474653693444335
"202",12,"Streptococcus.sp..MP111F6_2",7.98542533509407
"203",12,"X.Clostridium..aldenense",-0.474653693444335
"204",12,"X.Ruminococcus..sp..MP14G5",-0.474653693444335
"205",13,"Actinomyces.sp..HMSC035G02",-0.302502783425869
"206",13,"Actinomyces.sp..ICM39",-0.302502783425869
"207",13,"Anaerostipes.sp..992a",-0.302502783425869
"208",13,"Bacteroides.ovatus",-0.302502783425869
"209",13,"Enterobacter.cloacae",4.22985117029118
"210",13,"Erysipelatoclostridium.sp..MP95D5",-0.302502783425869
"211",13,"Intestinibacter.sp..MP113D11",-0.302502783425869
"212",13,"Klebsiella.oxytoca",-0.302502783425869
"213",13,"Lachnospiraceae.bacterium.CAG.364",-0.302502783425869
"214",13,"Lactobacillus.paracasei",5.34974051654271
"215",13,"Prevotella.buccae",-0.302502783425869
"216",13,"Providencia.alcalifaciens",-0.302502783425869
"217",13,"Roseburia.intestinalis",-0.302502783425869
"218",13,"Streptococcus.infantis",-0.302502783425869
"219",13,"Streptococcus.sp..MP111F6_2",-0.302502783425869
"220",13,"X.Clostridium..aldenense",-0.302502783425869
"221",13,"X.Ruminococcus..sp..MP14G5",-0.302502783425869
"222",14,"Actinomyces.sp..HMSC035G02",-0.426008636473167
"223",14,"Actinomyces.sp..ICM39",5.51955468800421
"224",14,"Anaerostipes.sp..992a",-0.426008636473167
"225",14,"Bacteroides.ovatus",-0.426008636473167
"226",14,"Enterobacter.cloacae",-0.426008636473167
"227",14,"Erysipelatoclostridium.sp..MP95D5",-0.426008636473167
"228",14,"Intestinibacter.sp..MP113D11",-0.426008636473167
"229",14,"Klebsiella.oxytoca",7.0380907912572
"230",14,"Lachnospiraceae.bacterium.CAG.364",-0.426008636473167
"231",14,"Lactobacillus.paracasei",-0.426008636473167
"232",14,"Prevotella.buccae",-0.426008636473167
"233",14,"Providencia.alcalifaciens",-0.426008636473167
"234",14,"Roseburia.intestinalis",-0.426008636473167
"235",14,"Streptococcus.infantis",-0.426008636473167
"236",14,"Streptococcus.sp..MP111F6_2",-0.426008636473167
"237",14,"X.Clostridium..aldenense",-0.426008636473167
"238",14,"X.Ruminococcus..sp..MP14G5",-0.426008636473167
"239",15,"Actinomyces.sp..HMSC035G02",-0.300167153109866
"240",15,"Actinomyces.sp..ICM39",-0.300167153109866
"241",15,"Anaerostipes.sp..992a",-0.300167153109866
"242",15,"Bacteroides.ovatus",-0.300167153109866
"243",15,"Enterobacter.cloacae",-0.300167153109866
"244",15,"Erysipelatoclostridium.sp..MP95D5",8.2385615010455
"245",15,"Intestinibacter.sp..MP113D11",-0.300167153109866
"246",15,"Klebsiella.oxytoca",7.29493635599376
"247",15,"Lachnospiraceae.bacterium.CAG.364",-0.300167153109866
"248",15,"Lactobacillus.paracasei",4.44248958915457
"249",15,"Prevotella.buccae",-0.300167153109866
"250",15,"Providencia.alcalifaciens",-0.300167153109866
"251",15,"Roseburia.intestinalis",-0.300167153109866
"252",15,"Streptococcus.infantis",-0.300167153109866
"253",15,"Streptococcus.sp..MP111F6_2",7.6337009269376
"254",15,"X.Clostridium..aldenense",5.75514104229659
"255",15,"X.Ruminococcus..sp..MP14G5",-0.300167153109866
"256",16,"Actinomyces.sp..HMSC035G02",-0.653889904510075
"257",16,"Actinomyces.sp..ICM39",-0.653889904510075
"258",16,"Anaerostipes.sp..992a",-0.653889904510075
"259",16,"Bacteroides.ovatus",-0.653889904510075
"260",16,"Enterobacter.cloacae",-0.653889904510075
"261",16,"Erysipelatoclostridium.sp..MP95D5",-0.653889904510075
"262",16,"Intestinibacter.sp..MP113D11",10.4327520828709
"263",16,"Klebsiella.oxytoca",-0.653889904510075
"264",16,"Lachnospiraceae.bacterium.CAG.364",8.57469889727765
"265",16,"Lactobacillus.paracasei",-0.653889904510075
"266",16,"Prevotella.buccae",-0.653889904510075
"267",16,"Providencia.alcalifaciens",-0.653889904510075
"268",16,"Roseburia.intestinalis",9.12756143822649
"269",16,"Streptococcus.infantis",-0.653889904510075
"270",16,"Streptococcus.sp..MP111F6_2",-0.653889904510075
"271",16,"X.Clostridium..aldenense",7.00978234096804
"272",16,"X.Ruminococcus..sp..MP14G5",-0.653889904510075
"273",17,"Actinomyces.sp..HMSC035G02",-0.419235802357385
"274",17,"Actinomyces.sp..ICM39",-0.419235802357385
"275",17,"Anaerostipes.sp..992a",-0.419235802357385
"276",17,"Bacteroides.ovatus",-0.419235802357385
"277",17,"Enterobacter.cloacae",-0.419235802357385
"278",17,"Erysipelatoclostridium.sp..MP95D5",-0.419235802357385
"279",17,"Intestinibacter.sp..MP113D11",-0.419235802357385
"280",17,"Klebsiella.oxytoca",7.64687583175125
"281",17,"Lachnospiraceae.bacterium.CAG.364",-0.419235802357385
"282",17,"Lactobacillus.paracasei",-0.419235802357385
"283",17,"Prevotella.buccae",-0.419235802357385
"284",17,"Providencia.alcalifaciens",-0.419235802357385
"285",17,"Roseburia.intestinalis",-0.419235802357385
"286",17,"Streptococcus.infantis",-0.419235802357385
"287",17,"Streptococcus.sp..MP111F6_2",-0.419235802357385
"288",17,"X.Clostridium..aldenense",-0.419235802357385
"289",17,"X.Ruminococcus..sp..MP14G5",-0.419235802357385
"290",18,"Actinomyces.sp..HMSC035G02",-0.220839631732471
"291",18,"Actinomyces.sp..ICM39",-0.220839631732471
"292",18,"Anaerostipes.sp..992a",-0.220839631732471
"293",18,"Bacteroides.ovatus",-0.220839631732471
"294",18,"Enterobacter.cloacae",4.36367685385052
"295",18,"Erysipelatoclostridium.sp..MP95D5",-0.220839631732471
"296",18,"Intestinibacter.sp..MP113D11",-0.220839631732471
"297",18,"Klebsiella.oxytoca",12.6317192818442
"298",18,"Lachnospiraceae.bacterium.CAG.364",-0.220839631732471
"299",18,"Lactobacillus.paracasei",-0.220839631732471
"300",18,"Prevotella.buccae",-0.220839631732471
"301",18,"Providencia.alcalifaciens",-0.220839631732471
"302",18,"Roseburia.intestinalis",-0.220839631732471
"303",18,"Streptococcus.infantis",-0.220839631732471
"304",18,"Streptococcus.sp..MP111F6_2",-0.220839631732471
"305",18,"X.Clostridium..aldenense",-0.220839631732471
"306",18,"X.Ruminococcus..sp..MP14G5",-0.220839631732471
"307",19,"Actinomyces.sp..HMSC035G02",-0.412107372410649
"308",19,"Actinomyces.sp..ICM39",-0.412107372410649
"309",19,"Anaerostipes.sp..992a",-0.412107372410649
"310",19,"Bacteroides.ovatus",-0.412107372410649
"311",19,"Enterobacter.cloacae",8.43686606513196
"312",19,"Erysipelatoclostridium.sp..MP95D5",8.01758438587742
"313",19,"Intestinibacter.sp..MP113D11",-0.412107372410649
"314",19,"Klebsiella.oxytoca",7.73475813024455
"315",19,"Lachnospiraceae.bacterium.CAG.364",-0.412107372410649
"316",19,"Lactobacillus.paracasei",5.07628822885266
"317",19,"Prevotella.buccae",-0.412107372410649
"318",19,"Providencia.alcalifaciens",-0.412107372410649
"319",19,"Roseburia.intestinalis",-0.412107372410649
"320",19,"Streptococcus.infantis",-0.412107372410649
"321",19,"Streptococcus.sp..MP111F6_2",-0.412107372410649
"322",19,"X.Clostridium..aldenense",6.53201006316367
"323",19,"X.Ruminococcus..sp..MP14G5",-0.412107372410649
"324",20,"Actinomyces.sp..HMSC035G02",-0.375043970034222
"325",20,"Actinomyces.sp..ICM39",-0.375043970034222
"326",20,"Anaerostipes.sp..992a",-0.375043970034222
"327",20,"Bacteroides.ovatus",-0.375043970034222
"328",20,"Enterobacter.cloacae",-0.375043970034222
"329",20,"Erysipelatoclostridium.sp..MP95D5",9.58105609664273
"330",20,"Intestinibacter.sp..MP113D11",-0.375043970034222
"331",20,"Klebsiella.oxytoca",6.8436260849526
"332",20,"Lachnospiraceae.bacterium.CAG.364",-0.375043970034222
"333",20,"Lactobacillus.paracasei",-0.375043970034222
"334",20,"Prevotella.buccae",-0.375043970034222
"335",20,"Providencia.alcalifaciens",-0.375043970034222
"336",20,"Roseburia.intestinalis",-0.375043970034222
"337",20,"Streptococcus.infantis",-0.375043970034222
"338",20,"Streptococcus.sp..MP111F6_2",-0.375043970034222
"339",20,"X.Clostridium..aldenense",9.23180797673097
"340",20,"X.Ruminococcus..sp..MP14G5",-0.375043970034222
"341",21,"Actinomyces.sp..HMSC035G02",-0.189404824767999
"342",21,"Actinomyces.sp..ICM39",-0.189404824767999
"343",21,"Anaerostipes.sp..992a",-0.189404824767999
"344",21,"Bacteroides.ovatus",-0.189404824767999
"345",21,"Enterobacter.cloacae",-0.189404824767999
"346",21,"Erysipelatoclostridium.sp..MP95D5",-0.189404824767999
"347",21,"Intestinibacter.sp..MP113D11",-0.189404824767999
"348",21,"Klebsiella.oxytoca",-0.189404824767999
"349",21,"Lachnospiraceae.bacterium.CAG.364",-0.189404824767999
"350",21,"Lactobacillus.paracasei",-0.189404824767999
"351",21,"Prevotella.buccae",-0.189404824767999
"352",21,"Providencia.alcalifaciens",-0.189404824767999
"353",21,"Roseburia.intestinalis",-0.189404824767999
"354",21,"Streptococcus.infantis",-0.189404824767999
"355",21,"Streptococcus.sp..MP111F6_2",-0.189404824767999
"356",21,"X.Clostridium..aldenense",-0.189404824767999
"357",21,"X.Ruminococcus..sp..MP14G5",-0.189404824767999
"358",22,"Actinomyces.sp..HMSC035G02",-0.249130692149002
"359",22,"Actinomyces.sp..ICM39",-0.249130692149002
"360",22,"Anaerostipes.sp..992a",-0.249130692149002
"361",22,"Bacteroides.ovatus",-0.249130692149002
"362",22,"Enterobacter.cloacae",5.41220313405254
"363",22,"Erysipelatoclostridium.sp..MP95D5",-0.249130692149002
"364",22,"Intestinibacter.sp..MP113D11",-0.249130692149002
"365",22,"Klebsiella.oxytoca",7.58615440259189
"366",22,"Lachnospiraceae.bacterium.CAG.364",-0.249130692149002
"367",22,"Lactobacillus.paracasei",-0.249130692149002
"368",22,"Prevotella.buccae",-0.249130692149002
"369",22,"Providencia.alcalifaciens",-0.249130692149002
"370",22,"Roseburia.intestinalis",-0.249130692149002
"371",22,"Streptococcus.infantis",-0.249130692149002
"372",22,"Streptococcus.sp..MP111F6_2",-0.249130692149002
"373",22,"X.Clostridium..aldenense",-0.249130692149002
"374",22,"X.Ruminococcus..sp..MP14G5",-0.249130692149002
"375",23,"Actinomyces.sp..HMSC035G02",-0.634655947444278
"376",23,"Actinomyces.sp..ICM39",-0.634655947444278
"377",23,"Anaerostipes.sp..992a",-0.634655947444278
"378",23,"Bacteroides.ovatus",-0.634655947444278
"379",23,"Enterobacter.cloacae",2.07480830645102
"380",23,"Erysipelatoclostridium.sp..MP95D5",-0.634655947444278
"381",23,"Intestinibacter.sp..MP113D11",-0.634655947444278
"382",23,"Klebsiella.oxytoca",-0.634655947444278
"383",23,"Lachnospiraceae.bacterium.CAG.364",-0.634655947444278
"384",23,"Lactobacillus.paracasei",-0.634655947444278
"385",23,"Prevotella.buccae",11.0550310231832
"386",23,"Providencia.alcalifaciens",-0.634655947444278
"387",23,"Roseburia.intestinalis",9.49626950994335
"388",23,"Streptococcus.infantis",-0.634655947444278
"389",23,"Streptococcus.sp..MP111F6_2",-0.634655947444278
"390",23,"X.Clostridium..aldenense",5.85777001412187
"391",23,"X.Ruminococcus..sp..MP14G5",-0.634655947444278
"392",24,"Actinomyces.sp..HMSC035G02",-0.878263965487834
"393",24,"Actinomyces.sp..ICM39",-0.878263965487834
"394",24,"Anaerostipes.sp..992a",-0.878263965487834
"395",24,"Bacteroides.ovatus",-0.878263965487834
"396",24,"Enterobacter.cloacae",-0.878263965487834
"397",24,"Erysipelatoclostridium.sp..MP95D5",-0.878263965487834
"398",24,"Intestinibacter.sp..MP113D11",7.21601838610845
"399",24,"Klebsiella.oxytoca",-0.878263965487834
"400",24,"Lachnospiraceae.bacterium.CAG.364",-0.878263965487834
"401",24,"Lactobacillus.paracasei",-0.878263965487834
"402",24,"Prevotella.buccae",-0.878263965487834
"403",24,"Providencia.alcalifaciens",-0.878263965487834
"404",24,"Roseburia.intestinalis",7.39963187327688
"405",24,"Streptococcus.infantis",-0.878263965487834
"406",24,"Streptococcus.sp..MP111F6_2",-0.878263965487834
"407",24,"X.Clostridium..aldenense",6.47346733918304
"408",24,"X.Ruminococcus..sp..MP14G5",4.28848407249543
"409",25,"Actinomyces.sp..HMSC035G02",-0.301289312912626
"410",25,"Actinomyces.sp..ICM39",-0.301289312912626
"411",25,"Anaerostipes.sp..992a",-0.301289312912626
"412",25,"Bacteroides.ovatus",-0.301289312912626
"413",25,"Enterobacter.cloacae",-0.301289312912626
"414",25,"Erysipelatoclostridium.sp..MP95D5",-0.301289312912626
"415",25,"Intestinibacter.sp..MP113D11",-0.301289312912626
"416",25,"Klebsiella.oxytoca",9.9501970729198
"417",25,"Lachnospiraceae.bacterium.CAG.364",-0.301289312912626
"418",25,"Lactobacillus.paracasei",4.62311956434377
"419",25,"Prevotella.buccae",5.80022314790293
"420",25,"Providencia.alcalifaciens",-0.301289312912626
"421",25,"Roseburia.intestinalis",-0.301289312912626
"422",25,"Streptococcus.infantis",-0.301289312912626
"423",25,"Streptococcus.sp..MP111F6_2",-0.301289312912626
"424",25,"X.Clostridium..aldenense",5.83944656696796
"425",25,"X.Ruminococcus..sp..MP14G5",7.37446364051946
"426",26,"Actinomyces.sp..HMSC035G02",-0.640078538140026
"427",26,"Actinomyces.sp..ICM39",-0.640078538140026
"428",26,"Anaerostipes.sp..992a",-0.640078538140026
"429",26,"Bacteroides.ovatus",-0.640078538140026
"430",26,"Enterobacter.cloacae",-0.640078538140026
"431",26,"Erysipelatoclostridium.sp..MP95D5",-0.640078538140026
"432",26,"Intestinibacter.sp..MP113D11",-0.640078538140026
"433",26,"Klebsiella.oxytoca",-0.640078538140026
"434",26,"Lachnospiraceae.bacterium.CAG.364",-0.640078538140026
"435",26,"Lactobacillus.paracasei",-0.640078538140026
"436",26,"Prevotella.buccae",-0.640078538140026
"437",26,"Providencia.alcalifaciens",-0.640078538140026
"438",26,"Roseburia.intestinalis",7.74549938608747
"439",26,"Streptococcus.infantis",-0.640078538140026
"440",26,"Streptococcus.sp..MP111F6_2",-0.640078538140026
"441",26,"X.Clostridium..aldenense",7.04874381085515
"442",26,"X.Ruminococcus..sp..MP14G5",-0.640078538140026
"443",27,"Actinomyces.sp..HMSC035G02",-0.410919785112586
"444",27,"Actinomyces.sp..ICM39",4.8773091531665
"445",27,"Anaerostipes.sp..992a",-0.410919785112586
"446",27,"Bacteroides.ovatus",-0.410919785112586
"447",27,"Enterobacter.cloacae",-0.410919785112586
"448",27,"Erysipelatoclostridium.sp..MP95D5",-0.410919785112586
"449",27,"Intestinibacter.sp..MP113D11",-0.410919785112586
"450",27,"Klebsiella.oxytoca",-0.410919785112586
"451",27,"Lachnospiraceae.bacterium.CAG.364",-0.410919785112586
"452",27,"Lactobacillus.paracasei",3.49533674460242
"453",27,"Prevotella.buccae",6.63237085861486
"454",27,"Providencia.alcalifaciens",-0.410919785112586
"455",27,"Roseburia.intestinalis",-0.410919785112586
"456",27,"Streptococcus.infantis",5.88345521586357
"457",27,"Streptococcus.sp..MP111F6_2",-0.410919785112586
"458",27,"X.Clostridium..aldenense",-0.410919785112586
"459",27,"X.Ruminococcus..sp..MP14G5",-0.410919785112586
"460",28,"Actinomyces.sp..HMSC035G02",-0.551525826958363
"461",28,"Actinomyces.sp..ICM39",-0.551525826958363
"462",28,"Anaerostipes.sp..992a",-0.551525826958363
"463",28,"Bacteroides.ovatus",-0.551525826958363
"464",28,"Enterobacter.cloacae",-0.551525826958363
"465",28,"Erysipelatoclostridium.sp..MP95D5",-0.551525826958363
"466",28,"Intestinibacter.sp..MP113D11",-0.551525826958363
"467",28,"Klebsiella.oxytoca",-0.551525826958363
"468",28,"Lachnospiraceae.bacterium.CAG.364",-0.551525826958363
"469",28,"Lactobacillus.paracasei",-0.551525826958363
"470",28,"Prevotella.buccae",-0.551525826958363
"471",28,"Providencia.alcalifaciens",-0.551525826958363
"472",28,"Roseburia.intestinalis",-0.551525826958363
"473",28,"Streptococcus.infantis",-0.551525826958363
"474",28,"Streptococcus.sp..MP111F6_2",-0.551525826958363
"475",28,"X.Clostridium..aldenense",8.42300281241654
"476",28,"X.Ruminococcus..sp..MP14G5",-0.551525826958363
"477",29,"Actinomyces.sp..HMSC035G02",-0.252142792014874
"478",29,"Actinomyces.sp..ICM39",9.23688363868538
"479",29,"Anaerostipes.sp..992a",-0.252142792014874
"480",29,"Bacteroides.ovatus",-0.252142792014874
"481",29,"Enterobacter.cloacae",-0.252142792014874
"482",29,"Erysipelatoclostridium.sp..MP95D5",-0.252142792014874
"483",29,"Intestinibacter.sp..MP113D11",-0.252142792014874
"484",29,"Klebsiella.oxytoca",-0.252142792014874
"485",29,"Lachnospiraceae.bacterium.CAG.364",-0.252142792014874
"486",29,"Lactobacillus.paracasei",-0.252142792014874
"487",29,"Prevotella.buccae",-0.252142792014874
"488",29,"Providencia.alcalifaciens",-0.252142792014874
"489",29,"Roseburia.intestinalis",-0.252142792014874
"490",29,"Streptococcus.infantis",-0.252142792014874
"491",29,"Streptococcus.sp..MP111F6_2",-0.252142792014874
"492",29,"X.Clostridium..aldenense",5.38606571903555
"493",29,"X.Ruminococcus..sp..MP14G5",-0.252142792014874
"494",30,"Actinomyces.sp..HMSC035G02",-0.274242278264664
"495",30,"Actinomyces.sp..ICM39",-0.274242278264664
"496",30,"Anaerostipes.sp..992a",-0.274242278264664
"497",30,"Bacteroides.ovatus",5.2943113033759
"498",30,"Enterobacter.cloacae",-0.274242278264664
"499",30,"Erysipelatoclostridium.sp..MP95D5",-0.274242278264664
"500",30,"Intestinibacter.sp..MP113D11",-0.274242278264664
"501",30,"Klebsiella.oxytoca",-0.274242278264664
"502",30,"Lachnospiraceae.bacterium.CAG.364",-0.274242278264664
"503",30,"Lactobacillus.paracasei",-0.274242278264664
"504",30,"Prevotella.buccae",-0.274242278264664
"505",30,"Providencia.alcalifaciens",-0.274242278264664
"506",30,"Roseburia.intestinalis",-0.274242278264664
"507",30,"Streptococcus.infantis",-0.274242278264664
"508",30,"Streptococcus.sp..MP111F6_2",-0.274242278264664
"509",30,"X.Clostridium..aldenense",7.21824107949468
"510",30,"X.Ruminococcus..sp..MP14G5",6.68574361816301
"511",31,"Actinomyces.sp..HMSC035G02",-0.173329676555952
"512",31,"Actinomyces.sp..ICM39",-0.173329676555952
"513",31,"Anaerostipes.sp..992a",-0.173329676555952
"514",31,"Bacteroides.ovatus",-0.173329676555952
"515",31,"Enterobacter.cloacae",-0.173329676555952
"516",31,"Erysipelatoclostridium.sp..MP95D5",-0.173329676555952
"517",31,"Intestinibacter.sp..MP113D11",-0.173329676555952
"518",31,"Klebsiella.oxytoca",8.22089881763215
"519",31,"Lachnospiraceae.bacterium.CAG.364",-0.173329676555952
"520",31,"Lactobacillus.paracasei",-0.173329676555952
"521",31,"Prevotella.buccae",-0.173329676555952
"522",31,"Providencia.alcalifaciens",-0.173329676555952
"523",31,"Roseburia.intestinalis",-0.173329676555952
"524",31,"Streptococcus.infantis",-0.173329676555952
"525",31,"Streptococcus.sp..MP111F6_2",-0.173329676555952
"526",31,"X.Clostridium..aldenense",-0.173329676555952
"527",31,"X.Ruminococcus..sp..MP14G5",-0.173329676555952
"528",32,"Actinomyces.sp..HMSC035G02",-0.617148420461266
"529",32,"Actinomyces.sp..ICM39",-0.617148420461266
"530",32,"Anaerostipes.sp..992a",-0.617148420461266
"531",32,"Bacteroides.ovatus",7.801292718833
"532",32,"Enterobacter.cloacae",-0.617148420461266
"533",32,"Erysipelatoclostridium.sp..MP95D5",-0.617148420461266
"534",32,"Intestinibacter.sp..MP113D11",9.84187618564419
"535",32,"Klebsiella.oxytoca",-0.617148420461266
"536",32,"Lachnospiraceae.bacterium.CAG.364",9.22981933298687
"537",32,"Lactobacillus.paracasei",-0.617148420461266
"538",32,"Prevotella.buccae",-0.617148420461266
"539",32,"Providencia.alcalifaciens",-0.617148420461266
"540",32,"Roseburia.intestinalis",-0.617148420461266
"541",32,"Streptococcus.infantis",-0.617148420461266
"542",32,"Streptococcus.sp..MP111F6_2",-0.617148420461266
"543",32,"X.Clostridium..aldenense",5.84019593696934
"544",32,"X.Ruminococcus..sp..MP14G5",-0.617148420461266
"545",33,"Actinomyces.sp..HMSC035G02",3.67419180170727
"546",33,"Actinomyces.sp..ICM39",-0.464907754719837
"547",33,"Anaerostipes.sp..992a",-0.464907754719837
"548",33,"Bacteroides.ovatus",-0.464907754719837
"549",33,"Enterobacter.cloacae",-0.464907754719837
"550",33,"Erysipelatoclostridium.sp..MP95D5",9.64967037618109
"551",33,"Intestinibacter.sp..MP113D11",10.1033043705679
"552",33,"Klebsiella.oxytoca",8.92060265251466
"553",33,"Lachnospiraceae.bacterium.CAG.364",10.6785247557587
"554",33,"Lactobacillus.paracasei",-0.464907754719837
"555",33,"Prevotella.buccae",-0.464907754719837
"556",33,"Providencia.alcalifaciens",-0.464907754719837
"557",33,"Roseburia.intestinalis",-0.464907754719837
"558",33,"Streptococcus.infantis",-0.464907754719837
"559",33,"Streptococcus.sp..MP111F6_2",-0.464907754719837
"560",33,"X.Clostridium..aldenense",8.03569620136211
"561",33,"X.Ruminococcus..sp..MP14G5",-0.464907754719837
"562",34,"Actinomyces.sp..HMSC035G02",-0.39972054281575
"563",34,"Actinomyces.sp..ICM39",-0.39972054281575
"564",34,"Anaerostipes.sp..992a",-0.39972054281575
"565",34,"Bacteroides.ovatus",-0.39972054281575
"566",34,"Enterobacter.cloacae",4.15555526709988
"567",34,"Erysipelatoclostridium.sp..MP95D5",-0.39972054281575
"568",34,"Intestinibacter.sp..MP113D11",-0.39972054281575
"569",34,"Klebsiella.oxytoca",-0.39972054281575
"570",34,"Lachnospiraceae.bacterium.CAG.364",-0.39972054281575
"571",34,"Lactobacillus.paracasei",-0.39972054281575
"572",34,"Prevotella.buccae",-0.39972054281575
"573",34,"Providencia.alcalifaciens",4.09041505630803
"574",34,"Roseburia.intestinalis",10.5991553029572
"575",34,"Streptococcus.infantis",-0.39972054281575
"576",34,"Streptococcus.sp..MP111F6_2",-0.39972054281575
"577",34,"X.Clostridium..aldenense",8.93990485524514
"578",34,"X.Ruminococcus..sp..MP14G5",-0.39972054281575
"579",35,"Actinomyces.sp..HMSC035G02",-0.333215304511429
"580",35,"Actinomyces.sp..ICM39",-0.333215304511429
"581",35,"Anaerostipes.sp..992a",-0.333215304511429
"582",35,"Bacteroides.ovatus",-0.333215304511429
"583",35,"Enterobacter.cloacae",-0.333215304511429
"584",35,"Erysipelatoclostridium.sp..MP95D5",-0.333215304511429
"585",35,"Intestinibacter.sp..MP113D11",-0.333215304511429
"586",35,"Klebsiella.oxytoca",10.2197317582832
"587",35,"Lachnospiraceae.bacterium.CAG.364",10.8775526909985
"588",35,"Lactobacillus.paracasei",-0.333215304511429
"589",35,"Prevotella.buccae",-0.333215304511429
"590",35,"Providencia.alcalifaciens",-0.333215304511429
"591",35,"Roseburia.intestinalis",-0.333215304511429
"592",35,"Streptococcus.infantis",-0.333215304511429
"593",35,"Streptococcus.sp..MP111F6_2",8.30476814129894
"594",35,"X.Clostridium..aldenense",-0.333215304511429
"595",35,"X.Ruminococcus..sp..MP14G5",-0.333215304511429
"596",36,"Actinomyces.sp..HMSC035G02",-1.03014849737235
"597",36,"Actinomyces.sp..ICM39",-1.03014849737235
"598",36,"Anaerostipes.sp..992a",-1.03014849737235
"599",36,"Bacteroides.ovatus",6.32716473427487
"600",36,"Enterobacter.cloacae",-1.03014849737235
"601",36,"Erysipelatoclostridium.sp..MP95D5",-1.03014849737235
"602",36,"Intestinibacter.sp..MP113D11",-1.03014849737235
"603",36,"Klebsiella.oxytoca",-1.03014849737235
"604",36,"Lachnospiraceae.bacterium.CAG.364",-1.03014849737235
"605",36,"Lactobacillus.paracasei",-1.03014849737235
"606",36,"Prevotella.buccae",-1.03014849737235
"607",36,"Providencia.alcalifaciens",-1.03014849737235
"608",36,"Roseburia.intestinalis",5.78575954741238
"609",36,"Streptococcus.infantis",-1.03014849737235
"610",36,"Streptococcus.sp..MP111F6_2",-1.03014849737235
"611",36,"X.Clostridium..aldenense",5.98475846750846
"612",36,"X.Ruminococcus..sp..MP14G5",-1.03014849737235
"613",37,"Actinomyces.sp..HMSC035G02",-0.615462975856856
"614",37,"Actinomyces.sp..ICM39",-0.615462975856856
"615",37,"Anaerostipes.sp..992a",-0.615462975856856
"616",37,"Bacteroides.ovatus",-0.615462975856856
"617",37,"Enterobacter.cloacae",-0.615462975856856
"618",37,"Erysipelatoclostridium.sp..MP95D5",-0.615462975856856
"619",37,"Intestinibacter.sp..MP113D11",-0.615462975856856
"620",37,"Klebsiella.oxytoca",-0.615462975856856
"621",37,"Lachnospiraceae.bacterium.CAG.364",8.88853732135533
"622",37,"Lactobacillus.paracasei",-0.615462975856856
"623",37,"Prevotella.buccae",-0.615462975856856
"624",37,"Providencia.alcalifaciens",-0.615462975856856
"625",37,"Roseburia.intestinalis",-0.615462975856856
"626",37,"Streptococcus.infantis",-0.615462975856856
"627",37,"Streptococcus.sp..MP111F6_2",-0.615462975856856
"628",37,"X.Clostridium..aldenense",7.81257857552957
"629",37,"X.Ruminococcus..sp..MP14G5",-0.615462975856856
"630",38,"Actinomyces.sp..HMSC035G02",-0.622593885152062
"631",38,"Actinomyces.sp..ICM39",-0.622593885152062
"632",38,"Anaerostipes.sp..992a",-0.622593885152062
"633",38,"Bacteroides.ovatus",-0.622593885152062
"634",38,"Enterobacter.cloacae",-0.622593885152062
"635",38,"Erysipelatoclostridium.sp..MP95D5",-0.622593885152062
"636",38,"Intestinibacter.sp..MP113D11",-0.622593885152062
"637",38,"Klebsiella.oxytoca",5.82217746796601
"638",38,"Lachnospiraceae.bacterium.CAG.364",-0.622593885152062
"639",38,"Lactobacillus.paracasei",-0.622593885152062
"640",38,"Prevotella.buccae",8.64337484314548
"641",38,"Providencia.alcalifaciens",-0.622593885152062
"642",38,"Roseburia.intestinalis",-0.622593885152062
"643",38,"Streptococcus.infantis",-0.622593885152062
"644",38,"Streptococcus.sp..MP111F6_2",-0.622593885152062
"645",38,"X.Clostridium..aldenense",7.10394602929755
"646",38,"X.Ruminococcus..sp..MP14G5",-0.622593885152062
"647",39,"Actinomyces.sp..HMSC035G02",-0.526982006487078
"648",39,"Actinomyces.sp..ICM39",-0.526982006487078
"649",39,"Anaerostipes.sp..992a",-0.526982006487078
"650",39,"Bacteroides.ovatus",6.70434611136887
"651",39,"Enterobacter.cloacae",-0.526982006487078
"652",39,"Erysipelatoclostridium.sp..MP95D5",-0.526982006487078
"653",39,"Intestinibacter.sp..MP113D11",-0.526982006487078
"654",39,"Klebsiella.oxytoca",-0.526982006487078
"655",39,"Lachnospiraceae.bacterium.CAG.364",-0.526982006487078
"656",39,"Lactobacillus.paracasei",-0.526982006487078
"657",39,"Prevotella.buccae",-0.526982006487078
"658",39,"Providencia.alcalifaciens",-0.526982006487078
"659",39,"Roseburia.intestinalis",-0.526982006487078
"660",39,"Streptococcus.infantis",-0.526982006487078
"661",39,"Streptococcus.sp..MP111F6_2",-0.526982006487078
"662",39,"X.Clostridium..aldenense",7.23468676956558
"663",39,"X.Ruminococcus..sp..MP14G5",-0.526982006487078
"664",40,"Actinomyces.sp..HMSC035G02",-0.601852657698272
"665",40,"Actinomyces.sp..ICM39",-0.601852657698272
"666",40,"Anaerostipes.sp..992a",-0.601852657698272
"667",40,"Bacteroides.ovatus",-0.601852657698272
"668",40,"Enterobacter.cloacae",-0.601852657698272
"669",40,"Erysipelatoclostridium.sp..MP95D5",-0.601852657698272
"670",40,"Intestinibacter.sp..MP113D11",-0.601852657698272
"671",40,"Klebsiella.oxytoca",7.41484610545117
"672",40,"Lachnospiraceae.bacterium.CAG.364",-0.601852657698272
"673",40,"Lactobacillus.paracasei",-0.601852657698272
"674",40,"Prevotella.buccae",12.2105756208982
"675",40,"Providencia.alcalifaciens",-0.601852657698272
"676",40,"Roseburia.intestinalis",-0.601852657698272
"677",40,"Streptococcus.infantis",-0.601852657698272
"678",40,"Streptococcus.sp..MP111F6_2",-0.601852657698272
"679",40,"X.Clostridium..aldenense",6.3436842331459
"680",40,"X.Ruminococcus..sp..MP14G5",-0.601852657698272
"681",41,"Actinomyces.sp..HMSC035G02",-0.650115014168213
"682",41,"Actinomyces.sp..ICM39",-0.650115014168213
"683",41,"Anaerostipes.sp..992a",-0.650115014168213
"684",41,"Bacteroides.ovatus",-0.650115014168213
"685",41,"Enterobacter.cloacae",-0.650115014168213
"686",41,"Erysipelatoclostridium.sp..MP95D5",-0.650115014168213
"687",41,"Intestinibacter.sp..MP113D11",-0.650115014168213
"688",41,"Klebsiella.oxytoca",-0.650115014168213
"689",41,"Lachnospiraceae.bacterium.CAG.364",-0.650115014168213
"690",41,"Lactobacillus.paracasei",-0.650115014168213
"691",41,"Prevotella.buccae",-0.650115014168213
"692",41,"Providencia.alcalifaciens",-0.650115014168213
"693",41,"Roseburia.intestinalis",8.40289515031168
"694",41,"Streptococcus.infantis",-0.650115014168213
"695",41,"Streptococcus.sp..MP111F6_2",-0.650115014168213
"696",41,"X.Clostridium..aldenense",-0.650115014168213
"697",41,"X.Ruminococcus..sp..MP14G5",-0.650115014168213
"698",42,"Actinomyces.sp..HMSC035G02",-0.402833503916662
"699",42,"Actinomyces.sp..ICM39",-0.402833503916662
"700",42,"Anaerostipes.sp..992a",-0.402833503916662
"701",42,"Bacteroides.ovatus",-0.402833503916662
"702",42,"Enterobacter.cloacae",-0.402833503916662
"703",42,"Erysipelatoclostridium.sp..MP95D5",9.35735525836246
"704",42,"Intestinibacter.sp..MP113D11",-0.402833503916662
"705",42,"Klebsiella.oxytoca",7.59190319085103
"706",42,"Lachnospiraceae.bacterium.CAG.364",-0.402833503916662
"707",42,"Lactobacillus.paracasei",5.08976878806389
"708",42,"Prevotella.buccae",-0.402833503916662
"709",42,"Providencia.alcalifaciens",-0.402833503916662
"710",42,"Roseburia.intestinalis",-0.402833503916662
"711",42,"Streptococcus.infantis",-0.402833503916662
"712",42,"Streptococcus.sp..MP111F6_2",-0.402833503916662
"713",42,"X.Clostridium..aldenense",-0.402833503916662
"714",42,"X.Ruminococcus..sp..MP14G5",-0.402833503916662
"715",43,"Actinomyces.sp..HMSC035G02",-0.373488441156784
"716",43,"Actinomyces.sp..ICM39",-0.373488441156784
"717",43,"Anaerostipes.sp..992a",-0.373488441156784
"718",43,"Bacteroides.ovatus",-0.373488441156784
"719",43,"Enterobacter.cloacae",-0.373488441156784
"720",43,"Erysipelatoclostridium.sp..MP95D5",-0.373488441156784
"721",43,"Intestinibacter.sp..MP113D11",10.8412878986857
"722",43,"Klebsiella.oxytoca",-0.373488441156784
"723",43,"Lachnospiraceae.bacterium.CAG.364",-0.373488441156784
"724",43,"Lactobacillus.paracasei",-0.373488441156784
"725",43,"Prevotella.buccae",-0.373488441156784
"726",43,"Providencia.alcalifaciens",-0.373488441156784
"727",43,"Roseburia.intestinalis",8.39902104000632
"728",43,"Streptococcus.infantis",-0.373488441156784
"729",43,"Streptococcus.sp..MP111F6_2",-0.373488441156784
"730",43,"X.Clostridium..aldenense",6.08595452247161
"731",43,"X.Ruminococcus..sp..MP14G5",-0.373488441156784
"732",44,"Actinomyces.sp..HMSC035G02",-0.811217276611041
"733",44,"Actinomyces.sp..ICM39",-0.811217276611041
"734",44,"Anaerostipes.sp..992a",-0.811217276611041
"735",44,"Bacteroides.ovatus",-0.811217276611041
"736",44,"Enterobacter.cloacae",-0.811217276611041
"737",44,"Erysipelatoclostridium.sp..MP95D5",-0.811217276611041
"738",44,"Intestinibacter.sp..MP113D11",10.352350296498
"739",44,"Klebsiella.oxytoca",-0.811217276611041
"740",44,"Lachnospiraceae.bacterium.CAG.364",-0.811217276611041
"741",44,"Lactobacillus.paracasei",-0.811217276611041
"742",44,"Prevotella.buccae",-0.811217276611041
"743",44,"Providencia.alcalifaciens",-0.811217276611041
"744",44,"Roseburia.intestinalis",8.97676008872362
"745",44,"Streptococcus.infantis",-0.811217276611041
"746",44,"Streptococcus.sp..MP111F6_2",-0.811217276611041
"747",44,"X.Clostridium..aldenense",7.7082625707718
"748",44,"X.Ruminococcus..sp..MP14G5",8.03501298878084
"749",45,"Actinomyces.sp..HMSC035G02",-0.31181558992437
"750",45,"Actinomyces.sp..ICM39",-0.31181558992437
"751",45,"Anaerostipes.sp..992a",-0.31181558992437
"752",45,"Bacteroides.ovatus",-0.31181558992437
"753",45,"Enterobacter.cloacae",-0.31181558992437
"754",45,"Erysipelatoclostridium.sp..MP95D5",9.22622718963126
"755",45,"Intestinibacter.sp..MP113D11",-0.31181558992437
"756",45,"Klebsiella.oxytoca",-0.31181558992437
"757",45,"Lachnospiraceae.bacterium.CAG.364",-0.31181558992437
"758",45,"Lactobacillus.paracasei",-0.31181558992437
"759",45,"Prevotella.buccae",-0.31181558992437
"760",45,"Providencia.alcalifaciens",-0.31181558992437
"761",45,"Roseburia.intestinalis",-0.31181558992437
"762",45,"Streptococcus.infantis",-0.31181558992437
"763",45,"Streptococcus.sp..MP111F6_2",-0.31181558992437
"764",45,"X.Clostridium..aldenense",-0.31181558992437
"765",45,"X.Ruminococcus..sp..MP14G5",-0.31181558992437
"766",46,"Actinomyces.sp..HMSC035G02",-0.352699835986922
"767",46,"Actinomyces.sp..ICM39",-0.352699835986922
"768",46,"Anaerostipes.sp..992a",-0.352699835986922
"769",46,"Bacteroides.ovatus",-0.352699835986922
"770",46,"Enterobacter.cloacae",-0.352699835986922
"771",46,"Erysipelatoclostridium.sp..MP95D5",-0.352699835986922
"772",46,"Intestinibacter.sp..MP113D11",-0.352699835986922
"773",46,"Klebsiella.oxytoca",-0.352699835986922
"774",46,"Lachnospiraceae.bacterium.CAG.364",7.15867341223474
"775",46,"Lactobacillus.paracasei",-0.352699835986922
"776",46,"Prevotella.buccae",-0.352699835986922
"777",46,"Providencia.alcalifaciens",-0.352699835986922
"778",46,"Roseburia.intestinalis",-0.352699835986922
"779",46,"Streptococcus.infantis",-0.352699835986922
"780",46,"Streptococcus.sp..MP111F6_2",-0.352699835986922
"781",46,"X.Clostridium..aldenense",5.11725248965713
"782",46,"X.Ruminococcus..sp..MP14G5",-0.352699835986922
"783",47,"Actinomyces.sp..HMSC035G02",-0.474048153369456
"784",47,"Actinomyces.sp..ICM39",-0.474048153369456
"785",47,"Anaerostipes.sp..992a",-0.474048153369456
"786",47,"Bacteroides.ovatus",-0.474048153369456
"787",47,"Enterobacter.cloacae",-0.474048153369456
"788",47,"Erysipelatoclostridium.sp..MP95D5",-0.474048153369456
"789",47,"Intestinibacter.sp..MP113D11",-0.474048153369456
"790",47,"Klebsiella.oxytoca",-0.474048153369456
"791",47,"Lachnospiraceae.bacterium.CAG.364",6.31065914688886
"792",47,"Lactobacillus.paracasei",-0.474048153369456
"793",47,"Prevotella.buccae",-0.474048153369456
"794",47,"Providencia.alcalifaciens",-0.474048153369456
"795",47,"Roseburia.intestinalis",-0.474048153369456
"796",47,"Streptococcus.infantis",-0.474048153369456
"797",47,"Streptococcus.sp..MP111F6_2",-0.474048153369456
"798",47,"X.Clostridium..aldenense",8.03521651807766
"799",47,"X.Ruminococcus..sp..MP14G5",-0.474048153369456
"800",48,"Actinomyces.sp..HMSC035G02",-0.448008373308504
"801",48,"Actinomyces.sp..ICM39",-0.448008373308504
"802",48,"Anaerostipes.sp..992a",-0.448008373308504
"803",48,"Bacteroides.ovatus",-0.448008373308504
"804",48,"Enterobacter.cloacae",-0.448008373308504
"805",48,"Erysipelatoclostridium.sp..MP95D5",-0.448008373308504
"806",48,"Intestinibacter.sp..MP113D11",10.4911608806631
"807",48,"Klebsiella.oxytoca",-0.448008373308504
"808",48,"Lachnospiraceae.bacterium.CAG.364",-0.448008373308504
"809",48,"Lactobacillus.paracasei",-0.448008373308504
"810",48,"Prevotella.buccae",-0.448008373308504
"811",48,"Providencia.alcalifaciens",-0.448008373308504
"812",48,"Roseburia.intestinalis",-0.448008373308504
"813",48,"Streptococcus.infantis",-0.448008373308504
"814",48,"Streptococcus.sp..MP111F6_2",-0.448008373308504
"815",48,"X.Clostridium..aldenense",-0.448008373308504
"816",48,"X.Ruminococcus..sp..MP14G5",-0.448008373308504
"817",49,"Actinomyces.sp..HMSC035G02",-0.192150220781212
"818",49,"Actinomyces.sp..ICM39",-0.192150220781212
"819",49,"Anaerostipes.sp..992a",-0.192150220781212
"820",49,"Bacteroides.ovatus",-0.192150220781212
"821",49,"Enterobacter.cloacae",-0.192150220781212
"822",49,"Erysipelatoclostridium.sp..MP95D5",-0.192150220781212
"823",49,"Intestinibacter.sp..MP113D11",-0.192150220781212
"824",49,"Klebsiella.oxytoca",-0.192150220781212
"825",49,"Lachnospiraceae.bacterium.CAG.364",-0.192150220781212
"826",49,"Lactobacillus.paracasei",5.68034772096107
"827",49,"Prevotella.buccae",-0.192150220781212
"828",49,"Providencia.alcalifaciens",-0.192150220781212
"829",49,"Roseburia.intestinalis",-0.192150220781212
"830",49,"Streptococcus.infantis",-0.192150220781212
"831",49,"Streptococcus.sp..MP111F6_2",-0.192150220781212
"832",49,"X.Clostridium..aldenense",-0.192150220781212
"833",49,"X.Ruminococcus..sp..MP14G5",-0.192150220781212
"834",50,"Actinomyces.sp..HMSC035G02",-0.310434553071667
"835",50,"Actinomyces.sp..ICM39",-0.310434553071667
"836",50,"Anaerostipes.sp..992a",-0.310434553071667
"837",50,"Bacteroides.ovatus",-0.310434553071667
"838",50,"Enterobacter.cloacae",-0.310434553071667
"839",50,"Erysipelatoclostridium.sp..MP95D5",-0.310434553071667
"840",50,"Intestinibacter.sp..MP113D11",-0.310434553071667
"841",50,"Klebsiella.oxytoca",7.15226409368963
"842",50,"Lachnospiraceae.bacterium.CAG.364",-0.310434553071667
"843",50,"Lactobacillus.paracasei",-0.310434553071667
"844",50,"Prevotella.buccae",-0.310434553071667
"845",50,"Providencia.alcalifaciens",-0.310434553071667
"846",50,"Roseburia.intestinalis",-0.310434553071667
"847",50,"Streptococcus.infantis",-0.310434553071667
"848",50,"Streptococcus.sp..MP111F6_2",-0.310434553071667
"849",50,"X.Clostridium..aldenense",-0.310434553071667
"850",50,"X.Ruminococcus..sp..MP14G5",-0.310434553071667
"851",51,"Actinomyces.sp..HMSC035G02",-0.552130513260721
"852",51,"Actinomyces.sp..ICM39",-0.552130513260721
"853",51,"Anaerostipes.sp..992a",-0.552130513260721
"854",51,"Bacteroides.ovatus",11.2847745679156
"855",51,"Enterobacter.cloacae",-0.552130513260721
"856",51,"Erysipelatoclostridium.sp..MP95D5",-0.552130513260721
"857",51,"Intestinibacter.sp..MP113D11",-0.552130513260721
"858",51,"Klebsiella.oxytoca",-0.552130513260721
"859",51,"Lachnospiraceae.bacterium.CAG.364",8.07409993501737
"860",51,"Lactobacillus.paracasei",-0.552130513260721
"861",51,"Prevotella.buccae",-0.552130513260721
"862",51,"Providencia.alcalifaciens",-0.552130513260721
"863",51,"Roseburia.intestinalis",-0.552130513260721
"864",51,"Streptococcus.infantis",-0.552130513260721
"865",51,"Streptococcus.sp..MP111F6_2",-0.552130513260721
"866",51,"X.Clostridium..aldenense",6.6420146438175
"867",51,"X.Ruminococcus..sp..MP14G5",-0.552130513260721
"868",52,"Actinomyces.sp..HMSC035G02",-0.139443876328484
"869",52,"Actinomyces.sp..ICM39",-0.139443876328484
"870",52,"Anaerostipes.sp..992a",-0.139443876328484
"871",52,"Bacteroides.ovatus",-0.139443876328484
"872",52,"Enterobacter.cloacae",-0.139443876328484
"873",52,"Erysipelatoclostridium.sp..MP95D5",-0.139443876328484
"874",52,"Intestinibacter.sp..MP113D11",-0.139443876328484
"875",52,"Klebsiella.oxytoca",10.4823570037504
"876",52,"Lachnospiraceae.bacterium.CAG.364",-0.139443876328484
"877",52,"Lactobacillus.paracasei",3.74904783698176
"878",52,"Prevotella.buccae",-0.139443876328484
"879",52,"Providencia.alcalifaciens",7.29011357262838
"880",52,"Roseburia.intestinalis",-0.139443876328484
"881",52,"Streptococcus.infantis",-0.139443876328484
"882",52,"Streptococcus.sp..MP111F6_2",-0.139443876328484
"883",52,"X.Clostridium..aldenense",-0.139443876328484
"884",52,"X.Ruminococcus..sp..MP14G5",-0.139443876328484
"885",53,"Actinomyces.sp..HMSC035G02",-0.633742466995081
"886",53,"Actinomyces.sp..ICM39",-0.633742466995081
"887",53,"Anaerostipes.sp..992a",-0.633742466995081
"888",53,"Bacteroides.ovatus",-0.633742466995081
"889",53,"Enterobacter.cloacae",-0.633742466995081
"890",53,"Erysipelatoclostridium.sp..MP95D5",-0.633742466995081
"891",53,"Intestinibacter.sp..MP113D11",-0.633742466995081
"892",53,"Klebsiella.oxytoca",9.39841263365377
"893",53,"Lachnospiraceae.bacterium.CAG.364",-0.633742466995081
"894",53,"Lactobacillus.paracasei",5.14787044653439
"895",53,"Prevotella.buccae",-0.633742466995081
"896",53,"Providencia.alcalifaciens",-0.633742466995081
"897",53,"Roseburia.intestinalis",-0.633742466995081
"898",53,"Streptococcus.infantis",-0.633742466995081
"899",53,"Streptococcus.sp..MP111F6_2",8.33500100969546
"900",53,"X.Clostridium..aldenense",-0.633742466995081
"901",53,"X.Ruminococcus..sp..MP14G5",-0.633742466995081
"902",54,"Actinomyces.sp..HMSC035G02",-0.456519820993817
"903",54,"Actinomyces.sp..ICM39",-0.456519820993817
"904",54,"Anaerostipes.sp..992a",-0.456519820993817
"905",54,"Bacteroides.ovatus",-0.456519820993817
"906",54,"Enterobacter.cloacae",-0.456519820993817
"907",54,"Erysipelatoclostridium.sp..MP95D5",-0.456519820993817
"908",54,"Intestinibacter.sp..MP113D11",-0.456519820993817
"909",54,"Klebsiella.oxytoca",-0.456519820993817
"910",54,"Lachnospiraceae.bacterium.CAG.364",-0.456519820993817
"911",54,"Lactobacillus.paracasei",-0.456519820993817
"912",54,"Prevotella.buccae",-0.456519820993817
"913",54,"Providencia.alcalifaciens",-0.456519820993817
"914",54,"Roseburia.intestinalis",-0.456519820993817
"915",54,"Streptococcus.infantis",-0.456519820993817
"916",54,"Streptococcus.sp..MP111F6_2",-0.456519820993817
"917",54,"X.Clostridium..aldenense",6.6661313961929
"918",54,"X.Ruminococcus..sp..MP14G5",-0.456519820993817
"919",55,"Actinomyces.sp..HMSC035G02",-0.45993020504052
"920",55,"Actinomyces.sp..ICM39",-0.45993020504052
"921",55,"Anaerostipes.sp..992a",-0.45993020504052
"922",55,"Bacteroides.ovatus",-0.45993020504052
"923",55,"Enterobacter.cloacae",-0.45993020504052
"924",55,"Erysipelatoclostridium.sp..MP95D5",-0.45993020504052
"925",55,"Intestinibacter.sp..MP113D11",-0.45993020504052
"926",55,"Klebsiella.oxytoca",-0.45993020504052
"927",55,"Lachnospiraceae.bacterium.CAG.364",-0.45993020504052
"928",55,"Lactobacillus.paracasei",-0.45993020504052
"929",55,"Prevotella.buccae",-0.45993020504052
"930",55,"Providencia.alcalifaciens",-0.45993020504052
"931",55,"Roseburia.intestinalis",-0.45993020504052
"932",55,"Streptococcus.infantis",-0.45993020504052
"933",55,"Streptococcus.sp..MP111F6_2",-0.45993020504052
"934",55,"X.Clostridium..aldenense",8.08197513683358
"935",55,"X.Ruminococcus..sp..MP14G5",-0.45993020504052
"936",56,"Actinomyces.sp..HMSC035G02",-0.40622855878574
"937",56,"Actinomyces.sp..ICM39",-0.40622855878574
"938",56,"Anaerostipes.sp..992a",-0.40622855878574
"939",56,"Bacteroides.ovatus",7.21119002693779
"940",56,"Enterobacter.cloacae",-0.40622855878574
"941",56,"Erysipelatoclostridium.sp..MP95D5",-0.40622855878574
"942",56,"Intestinibacter.sp..MP113D11",-0.40622855878574
"943",56,"Klebsiella.oxytoca",-0.40622855878574
"944",56,"Lachnospiraceae.bacterium.CAG.364",-0.40622855878574
"945",56,"Lactobacillus.paracasei",-0.40622855878574
"946",56,"Prevotella.buccae",-0.40622855878574
"947",56,"Providencia.alcalifaciens",-0.40622855878574
"948",56,"Roseburia.intestinalis",-0.40622855878574
"949",56,"Streptococcus.infantis",-0.40622855878574
"950",56,"Streptococcus.sp..MP111F6_2",-0.40622855878574
"951",56,"X.Clostridium..aldenense",10.5761671587871
"952",56,"X.Ruminococcus..sp..MP14G5",-0.40622855878574
"953",57,"Actinomyces.sp..HMSC035G02",-0.733198286514289
"954",57,"Actinomyces.sp..ICM39",-0.733198286514289
"955",57,"Anaerostipes.sp..992a",-0.733198286514289
"956",57,"Bacteroides.ovatus",7.31603030292399
"957",57,"Enterobacter.cloacae",-0.733198286514289
"958",57,"Erysipelatoclostridium.sp..MP95D5",-0.733198286514289
"959",57,"Intestinibacter.sp..MP113D11",-0.733198286514289
"960",57,"Klebsiella.oxytoca",-0.733198286514289
"961",57,"Lachnospiraceae.bacterium.CAG.364",-0.733198286514289
"962",57,"Lactobacillus.paracasei",-0.733198286514289
"963",57,"Prevotella.buccae",-0.733198286514289
"964",57,"Providencia.alcalifaciens",-0.733198286514289
"965",57,"Roseburia.intestinalis",8.50960237734259
"966",57,"Streptococcus.infantis",-0.733198286514289
"967",57,"Streptococcus.sp..MP111F6_2",-0.733198286514289
"968",57,"X.Clostridium..aldenense",-0.733198286514289
"969",57,"X.Ruminococcus..sp..MP14G5",9.49087186937855
"970",58,"Actinomyces.sp..HMSC035G02",5.40187344765902
"971",58,"Actinomyces.sp..ICM39",-0.330620042587814
"972",58,"Anaerostipes.sp..992a",-0.330620042587814
"973",58,"Bacteroides.ovatus",-0.330620042587814
"974",58,"Enterobacter.cloacae",-0.330620042587814
"975",58,"Erysipelatoclostridium.sp..MP95D5",-0.330620042587814
"976",58,"Intestinibacter.sp..MP113D11",-0.330620042587814
"977",58,"Klebsiella.oxytoca",11.7360074740344
"978",58,"Lachnospiraceae.bacterium.CAG.364",-0.330620042587814
"979",58,"Lactobacillus.paracasei",10.1833429653598
"980",58,"Prevotella.buccae",-0.330620042587814
"981",58,"Providencia.alcalifaciens",-0.330620042587814
"982",58,"Roseburia.intestinalis",-0.330620042587814
"983",58,"Streptococcus.infantis",-0.330620042587814
"984",58,"Streptococcus.sp..MP111F6_2",8.11335419192712
"985",58,"X.Clostridium..aldenense",-0.330620042587814
"986",58,"X.Ruminococcus..sp..MP14G5",-0.330620042587814
"987",59,"Actinomyces.sp..HMSC035G02",-0.444886040813415
"988",59,"Actinomyces.sp..ICM39",-0.444886040813415
"989",59,"Anaerostipes.sp..992a",-0.444886040813415
"990",59,"Bacteroides.ovatus",-0.444886040813415
"991",59,"Enterobacter.cloacae",3.9938249790991
"992",59,"Erysipelatoclostridium.sp..MP95D5",-0.444886040813415
"993",59,"Intestinibacter.sp..MP113D11",10.6929672998178
"994",59,"Klebsiella.oxytoca",-0.444886040813415
"995",59,"Lachnospiraceae.bacterium.CAG.364",-0.444886040813415
"996",59,"Lactobacillus.paracasei",-0.444886040813415
"997",59,"Prevotella.buccae",-0.444886040813415
"998",59,"Providencia.alcalifaciens",-0.444886040813415
"999",59,"Roseburia.intestinalis",1.03289786701504
"1000",59,"Streptococcus.infantis",-0.444886040813415
"1001",59,"Streptococcus.sp..MP111F6_2",-0.444886040813415
"1002",59,"X.Clostridium..aldenense",-0.444886040813415
"1003",59,"X.Ruminococcus..sp..MP14G5",-0.444886040813415
"1004",60,"Actinomyces.sp..HMSC035G02",-0.676353916555049
"1005",60,"Actinomyces.sp..ICM39",-0.676353916555049
"1006",60,"Anaerostipes.sp..992a",-0.676353916555049
"1007",60,"Bacteroides.ovatus",-0.676353916555049
"1008",60,"Enterobacter.cloacae",-0.676353916555049
"1009",60,"Erysipelatoclostridium.sp..MP95D5",-0.676353916555049
"1010",60,"Intestinibacter.sp..MP113D11",-0.676353916555049
"1011",60,"Klebsiella.oxytoca",-0.676353916555049
"1012",60,"Lachnospiraceae.bacterium.CAG.364",8.97221762303749
"1013",60,"Lactobacillus.paracasei",-0.676353916555049
"1014",60,"Prevotella.buccae",-0.676353916555049
"1015",60,"Providencia.alcalifaciens",-0.676353916555049
"1016",60,"Roseburia.intestinalis",9.4099651602273
"1017",60,"Streptococcus.infantis",-0.676353916555049
"1018",60,"Streptococcus.sp..MP111F6_2",-0.676353916555049
"1019",60,"X.Clostridium..aldenense",8.24275820033004
"1020",60,"X.Ruminococcus..sp..MP14G5",-0.676353916555049
"1021",61,"Actinomyces.sp..HMSC035G02",-0.325319173930025
"1022",61,"Actinomyces.sp..ICM39",-0.325319173930025
"1023",61,"Anaerostipes.sp..992a",-0.325319173930025
"1024",61,"Bacteroides.ovatus",-0.325319173930025
"1025",61,"Enterobacter.cloacae",-0.325319173930025
"1026",61,"Erysipelatoclostridium.sp..MP95D5",-0.325319173930025
"1027",61,"Intestinibacter.sp..MP113D11",11.576088668814
"1028",61,"Klebsiella.oxytoca",8.64098345551448
"1029",61,"Lachnospiraceae.bacterium.CAG.364",-0.325319173930025
"1030",61,"Lactobacillus.paracasei",-0.325319173930025
"1031",61,"Prevotella.buccae",-0.325319173930025
"1032",61,"Providencia.alcalifaciens",-0.325319173930025
"1033",61,"Roseburia.intestinalis",-0.325319173930025
"1034",61,"Streptococcus.infantis",-0.325319173930025
"1035",61,"Streptococcus.sp..MP111F6_2",-0.325319173930025
"1036",61,"X.Clostridium..aldenense",8.06106441752586
"1037",61,"X.Ruminococcus..sp..MP14G5",-0.325319173930025
"1038",62,"Actinomyces.sp..HMSC035G02",-0.548443848537577
"1039",62,"Actinomyces.sp..ICM39",-0.548443848537577
"1040",62,"Anaerostipes.sp..992a",-0.548443848537577
"1041",62,"Bacteroides.ovatus",9.69624458360892
"1042",62,"Enterobacter.cloacae",-0.548443848537577
"1043",62,"Erysipelatoclostridium.sp..MP95D5",-0.548443848537577
"1044",62,"Intestinibacter.sp..MP113D11",-0.548443848537577
"1045",62,"Klebsiella.oxytoca",5.0500275392388
"1046",62,"Lachnospiraceae.bacterium.CAG.364",-0.548443848537577
"1047",62,"Lactobacillus.paracasei",-0.548443848537577
"1048",62,"Prevotella.buccae",-0.548443848537577
"1049",62,"Providencia.alcalifaciens",-0.548443848537577
"1050",62,"Roseburia.intestinalis",-0.548443848537577
"1051",62,"Streptococcus.infantis",-0.548443848537577
"1052",62,"Streptococcus.sp..MP111F6_2",-0.548443848537577
"1053",62,"X.Clostridium..aldenense",5.83567151854822
"1054",62,"X.Ruminococcus..sp..MP14G5",-0.548443848537577
"1055",63,"Actinomyces.sp..HMSC035G02",-0.450871376095101
"1056",63,"Actinomyces.sp..ICM39",-0.450871376095101
"1057",63,"Anaerostipes.sp..992a",-0.450871376095101
"1058",63,"Bacteroides.ovatus",-0.450871376095101
"1059",63,"Enterobacter.cloacae",-0.450871376095101
"1060",63,"Erysipelatoclostridium.sp..MP95D5",-0.450871376095101
"1061",63,"Intestinibacter.sp..MP113D11",-0.450871376095101
"1062",63,"Klebsiella.oxytoca",-0.450871376095101
"1063",63,"Lachnospiraceae.bacterium.CAG.364",6.71445301691601
"1064",63,"Lactobacillus.paracasei",-0.450871376095101
"1065",63,"Prevotella.buccae",-0.450871376095101
"1066",63,"Providencia.alcalifaciens",-0.450871376095101
"1067",63,"Roseburia.intestinalis",-0.450871376095101
"1068",63,"Streptococcus.infantis",-0.450871376095101
"1069",63,"Streptococcus.sp..MP111F6_2",-0.450871376095101
"1070",63,"X.Clostridium..aldenense",7.66743593282228
"1071",63,"X.Ruminococcus..sp..MP14G5",-0.450871376095101
"1072",64,"Actinomyces.sp..HMSC035G02",-0.39632168326702
"1073",64,"Actinomyces.sp..ICM39",-0.39632168326702
"1074",64,"Anaerostipes.sp..992a",-0.39632168326702
"1075",64,"Bacteroides.ovatus",-0.39632168326702
"1076",64,"Enterobacter.cloacae",2.35980673328156
"1077",64,"Erysipelatoclostridium.sp..MP95D5",-0.39632168326702
"1078",64,"Intestinibacter.sp..MP113D11",10.8821214868644
"1079",64,"Klebsiella.oxytoca",8.1921993014878
"1080",64,"Lachnospiraceae.bacterium.CAG.364",-0.39632168326702
"1081",64,"Lactobacillus.paracasei",-0.39632168326702
"1082",64,"Prevotella.buccae",-0.39632168326702
"1083",64,"Providencia.alcalifaciens",7.67360699628582
"1084",64,"Roseburia.intestinalis",10.5736563815829
"1085",64,"Streptococcus.infantis",-0.39632168326702
"1086",64,"Streptococcus.sp..MP111F6_2",-0.39632168326702
"1087",64,"X.Clostridium..aldenense",-0.39632168326702
"1088",64,"X.Ruminococcus..sp..MP14G5",-0.39632168326702
"1089",65,"Actinomyces.sp..HMSC035G02",-0.393836546655233
"1090",65,"Actinomyces.sp..ICM39",-0.393836546655233
"1091",65,"Anaerostipes.sp..992a",-0.393836546655233
"1092",65,"Bacteroides.ovatus",-0.393836546655233
"1093",65,"Enterobacter.cloacae",-0.393836546655233
"1094",65,"Erysipelatoclostridium.sp..MP95D5",-0.393836546655233
"1095",65,"Intestinibacter.sp..MP113D11",-0.393836546655233
"1096",65,"Klebsiella.oxytoca",10.0789391594732
"1097",65,"Lachnospiraceae.bacterium.CAG.364",-0.393836546655233
"1098",65,"Lactobacillus.paracasei",7.70322510883615
"1099",65,"Prevotella.buccae",-0.393836546655233
"1100",65,"Providencia.alcalifaciens",-0.393836546655233
"1101",65,"Roseburia.intestinalis",-0.393836546655233
"1102",65,"Streptococcus.infantis",-0.393836546655233
"1103",65,"Streptococcus.sp..MP111F6_2",7.86406609664016
"1104",65,"X.Clostridium..aldenense",-0.393836546655233
"1105",65,"X.Ruminococcus..sp..MP14G5",-0.393836546655233
"1106",66,"Actinomyces.sp..HMSC035G02",-0.181116606769201
"1107",66,"Actinomyces.sp..ICM39",-0.181116606769201
"1108",66,"Anaerostipes.sp..992a",-0.181116606769201
"1109",66,"Bacteroides.ovatus",-0.181116606769201
"1110",66,"Enterobacter.cloacae",-0.181116606769201
"1111",66,"Erysipelatoclostridium.sp..MP95D5",-0.181116606769201
"1112",66,"Intestinibacter.sp..MP113D11",-0.181116606769201
"1113",66,"Klebsiella.oxytoca",10.077165961348
"1114",66,"Lachnospiraceae.bacterium.CAG.364",-0.181116606769201
"1115",66,"Lactobacillus.paracasei",-0.181116606769201
"1116",66,"Prevotella.buccae",-0.181116606769201
"1117",66,"Providencia.alcalifaciens",-0.181116606769201
"1118",66,"Roseburia.intestinalis",-0.181116606769201
"1119",66,"Streptococcus.infantis",-0.181116606769201
"1120",66,"Streptococcus.sp..MP111F6_2",-0.181116606769201
"1121",66,"X.Clostridium..aldenense",-0.181116606769201
"1122",66,"X.Ruminococcus..sp..MP14G5",-0.181116606769201
"1123",67,"Actinomyces.sp..HMSC035G02",-0.143778409906835
"1124",67,"Actinomyces.sp..ICM39",-0.143778409906835
"1125",67,"Anaerostipes.sp..992a",-0.143778409906835
"1126",67,"Bacteroides.ovatus",-0.143778409906835
"1127",67,"Enterobacter.cloacae",7.17719996007639
"1128",67,"Erysipelatoclostridium.sp..MP95D5",-0.143778409906835
"1129",67,"Intestinibacter.sp..MP113D11",-0.143778409906835
"1130",67,"Klebsiella.oxytoca",10.9607635902471
"1131",67,"Lachnospiraceae.bacterium.CAG.364",-0.143778409906835
"1132",67,"Lactobacillus.paracasei",-0.143778409906835
"1133",67,"Prevotella.buccae",-0.143778409906835
"1134",67,"Providencia.alcalifaciens",-0.143778409906835
"1135",67,"Roseburia.intestinalis",-0.143778409906835
"1136",67,"Streptococcus.infantis",-0.143778409906835
"1137",67,"Streptococcus.sp..MP111F6_2",-0.143778409906835
"1138",67,"X.Clostridium..aldenense",-0.143778409906835
"1139",67,"X.Ruminococcus..sp..MP14G5",-0.143778409906835
"1140",68,"Actinomyces.sp..HMSC035G02",-0.113078772422108
"1141",68,"Actinomyces.sp..ICM39",-0.113078772422108
"1142",68,"Anaerostipes.sp..992a",-0.113078772422108
"1143",68,"Bacteroides.ovatus",-0.113078772422108
"1144",68,"Enterobacter.cloacae",-0.113078772422108
"1145",68,"Erysipelatoclostridium.sp..MP95D5",-0.113078772422108
"1146",68,"Intestinibacter.sp..MP113D11",-0.113078772422108
"1147",68,"Klebsiella.oxytoca",-0.113078772422108
"1148",68,"Lachnospiraceae.bacterium.CAG.364",-0.113078772422108
"1149",68,"Lactobacillus.paracasei",-0.113078772422108
"1150",68,"Prevotella.buccae",-0.113078772422108
"1151",68,"Providencia.alcalifaciens",-0.113078772422108
"1152",68,"Roseburia.intestinalis",-0.113078772422108
"1153",68,"Streptococcus.infantis",-0.113078772422108
"1154",68,"Streptococcus.sp..MP111F6_2",-0.113078772422108
"1155",68,"X.Clostridium..aldenense",-0.113078772422108
"1156",68,"X.Ruminococcus..sp..MP14G5",-0.113078772422108
"1157",69,"Actinomyces.sp..HMSC035G02",-0.263020486560968
"1158",69,"Actinomyces.sp..ICM39",-0.263020486560968
"1159",69,"Anaerostipes.sp..992a",-0.263020486560968
"1160",69,"Bacteroides.ovatus",-0.263020486560968
"1161",69,"Enterobacter.cloacae",-0.263020486560968
"1162",69,"Erysipelatoclostridium.sp..MP95D5",-0.263020486560968
"1163",69,"Intestinibacter.sp..MP113D11",-0.263020486560968
"1164",69,"Klebsiella.oxytoca",-0.263020486560968
"1165",69,"Lachnospiraceae.bacterium.CAG.364",-0.263020486560968
"1166",69,"Lactobacillus.paracasei",6.14569974423955
"1167",69,"Prevotella.buccae",-0.263020486560968
"1168",69,"Providencia.alcalifaciens",-0.263020486560968
"1169",69,"Roseburia.intestinalis",-0.263020486560968
"1170",69,"Streptococcus.infantis",-0.263020486560968
"1171",69,"Streptococcus.sp..MP111F6_2",-0.263020486560968
"1172",69,"X.Clostridium..aldenense",-0.263020486560968
"1173",69,"X.Ruminococcus..sp..MP14G5",-0.263020486560968
"1174",70,"Actinomyces.sp..HMSC035G02",-1.04910944637983
"1175",70,"Actinomyces.sp..ICM39",-1.04910944637983
"1176",70,"Anaerostipes.sp..992a",-1.04910944637983
"1177",70,"Bacteroides.ovatus",-1.04910944637983
"1178",70,"Enterobacter.cloacae",-1.04910944637983
"1179",70,"Erysipelatoclostridium.sp..MP95D5",-1.04910944637983
"1180",70,"Intestinibacter.sp..MP113D11",-1.04910944637983
"1181",70,"Klebsiella.oxytoca",-1.04910944637983
"1182",70,"Lachnospiraceae.bacterium.CAG.364",-1.04910944637983
"1183",70,"Lactobacillus.paracasei",-1.04910944637983
"1184",70,"Prevotella.buccae",-1.04910944637983
"1185",70,"Providencia.alcalifaciens",-1.04910944637983
"1186",70,"Roseburia.intestinalis",5.0220675474361
"1187",70,"Streptococcus.infantis",-1.04910944637983
"1188",70,"Streptococcus.sp..MP111F6_2",-1.04910944637983
"1189",70,"X.Clostridium..aldenense",4.1672237129606
"1190",70,"X.Ruminococcus..sp..MP14G5",5.47828387598387
"1191",71,"Actinomyces.sp..HMSC035G02",-0.448511956450679
"1192",71,"Actinomyces.sp..ICM39",-0.448511956450679
"1193",71,"Anaerostipes.sp..992a",-0.448511956450679
"1194",71,"Bacteroides.ovatus",-0.448511956450679
"1195",71,"Enterobacter.cloacae",-0.448511956450679
"1196",71,"Erysipelatoclostridium.sp..MP95D5",-0.448511956450679
"1197",71,"Intestinibacter.sp..MP113D11",9.7388445152956
"1198",71,"Klebsiella.oxytoca",-0.448511956450679
"1199",71,"Lachnospiraceae.bacterium.CAG.364",7.96751452771928
"1200",71,"Lactobacillus.paracasei",5.59483671632266
"1201",71,"Prevotella.buccae",-0.448511956450679
"1202",71,"Providencia.alcalifaciens",-0.448511956450679
"1203",71,"Roseburia.intestinalis",-0.448511956450679
"1204",71,"Streptococcus.infantis",-0.448511956450679
"1205",71,"Streptococcus.sp..MP111F6_2",-0.448511956450679
"1206",71,"X.Clostridium..aldenense",-0.448511956450679
"1207",71,"X.Ruminococcus..sp..MP14G5",-0.448511956450679
"1208",72,"Actinomyces.sp..HMSC035G02",-0.5721451994555
"1209",72,"Actinomyces.sp..ICM39",-0.5721451994555
"1210",72,"Anaerostipes.sp..992a",-0.5721451994555
"1211",72,"Bacteroides.ovatus",-0.5721451994555
"1212",72,"Enterobacter.cloacae",-0.5721451994555
"1213",72,"Erysipelatoclostridium.sp..MP95D5",-0.5721451994555
"1214",72,"Intestinibacter.sp..MP113D11",9.3892634190354
"1215",72,"Klebsiella.oxytoca",-0.5721451994555
"1216",72,"Lachnospiraceae.bacterium.CAG.364",-0.5721451994555
"1217",72,"Lactobacillus.paracasei",-0.5721451994555
"1218",72,"Prevotella.buccae",-0.5721451994555
"1219",72,"Providencia.alcalifaciens",-0.5721451994555
"1220",72,"Roseburia.intestinalis",-0.5721451994555
"1221",72,"Streptococcus.infantis",-0.5721451994555
"1222",72,"Streptococcus.sp..MP111F6_2",-0.5721451994555
"1223",72,"X.Clostridium..aldenense",7.24214794250933
"1224",72,"X.Ruminococcus..sp..MP14G5",-0.5721451994555
"1225",73,"Actinomyces.sp..HMSC035G02",-0.227833118580472
"1226",73,"Actinomyces.sp..ICM39",-0.227833118580472
"1227",73,"Anaerostipes.sp..992a",-0.227833118580472
"1228",73,"Bacteroides.ovatus",-0.227833118580472
"1229",73,"Enterobacter.cloacae",-0.227833118580472
"1230",73,"Erysipelatoclostridium.sp..MP95D5",-0.227833118580472
"1231",73,"Intestinibacter.sp..MP113D11",-0.227833118580472
"1232",73,"Klebsiella.oxytoca",12.0799244757807
"1233",73,"Lachnospiraceae.bacterium.CAG.364",-0.227833118580472
"1234",73,"Lactobacillus.paracasei",-0.227833118580472
"1235",73,"Prevotella.buccae",-0.227833118580472
"1236",73,"Providencia.alcalifaciens",5.46984471629731
"1237",73,"Roseburia.intestinalis",-0.227833118580472
"1238",73,"Streptococcus.infantis",-0.227833118580472
"1239",73,"Streptococcus.sp..MP111F6_2",-0.227833118580472
"1240",73,"X.Clostridium..aldenense",12.4856374124982
"1241",73,"X.Ruminococcus..sp..MP14G5",-0.227833118580472
"1242",74,"Actinomyces.sp..HMSC035G02",-0.156561649875936
"1243",74,"Actinomyces.sp..ICM39",6.27021203483279
"1244",74,"Anaerostipes.sp..992a",-0.156561649875936
"1245",74,"Bacteroides.ovatus",-0.156561649875936
"1246",74,"Enterobacter.cloacae",6.57468782822902
"1247",74,"Erysipelatoclostridium.sp..MP95D5",-0.156561649875936
"1248",74,"Intestinibacter.sp..MP113D11",-0.156561649875936
"1249",74,"Klebsiella.oxytoca",-0.156561649875936
"1250",74,"Lachnospiraceae.bacterium.CAG.364",-0.156561649875936
"1251",74,"Lactobacillus.paracasei",5.69088576180681
"1252",74,"Prevotella.buccae",-0.156561649875936
"1253",74,"Providencia.alcalifaciens",-0.156561649875936
"1254",74,"Roseburia.intestinalis",-0.156561649875936
"1255",74,"Streptococcus.infantis",-0.156561649875936
"1256",74,"Streptococcus.sp..MP111F6_2",-0.156561649875936
"1257",74,"X.Clostridium..aldenense",-0.156561649875936
"1258",74,"X.Ruminococcus..sp..MP14G5",-0.156561649875936
"1259",75,"Actinomyces.sp..HMSC035G02",-0.299809065319756
"1260",75,"Actinomyces.sp..ICM39",-0.299809065319756
"1261",75,"Anaerostipes.sp..992a",-0.299809065319756
"1262",75,"Bacteroides.ovatus",-0.299809065319756
"1263",75,"Enterobacter.cloacae",-0.299809065319756
"1264",75,"Erysipelatoclostridium.sp..MP95D5",-0.299809065319756
"1265",75,"Intestinibacter.sp..MP113D11",8.98541049411422
"1266",75,"Klebsiella.oxytoca",-0.299809065319756
"1267",75,"Lachnospiraceae.bacterium.CAG.364",-0.299809065319756
"1268",75,"Lactobacillus.paracasei",-0.299809065319756
"1269",75,"Prevotella.buccae",-0.299809065319756
"1270",75,"Providencia.alcalifaciens",-0.299809065319756
"1271",75,"Roseburia.intestinalis",-0.299809065319756
"1272",75,"Streptococcus.infantis",-0.299809065319756
"1273",75,"Streptococcus.sp..MP111F6_2",-0.299809065319756
"1274",75,"X.Clostridium..aldenense",-0.299809065319756
"1275",75,"X.Ruminococcus..sp..MP14G5",-0.299809065319756
"1276",76,"Actinomyces.sp..HMSC035G02",-0.239582735045115
"1277",76,"Actinomyces.sp..ICM39",-0.239582735045115
"1278",76,"Anaerostipes.sp..992a",-0.239582735045115
"1279",76,"Bacteroides.ovatus",-0.239582735045115
"1280",76,"Enterobacter.cloacae",-0.239582735045115
"1281",76,"Erysipelatoclostridium.sp..MP95D5",10.0784762801136
"1282",76,"Intestinibacter.sp..MP113D11",-0.239582735045115
"1283",76,"Klebsiella.oxytoca",8.8218489227825
"1284",76,"Lachnospiraceae.bacterium.CAG.364",-0.239582735045115
"1285",76,"Lactobacillus.paracasei",-0.239582735045115
"1286",76,"Prevotella.buccae",-0.239582735045115
"1287",76,"Providencia.alcalifaciens",6.03672469211734
"1288",76,"Roseburia.intestinalis",-0.239582735045115
"1289",76,"Streptococcus.infantis",-0.239582735045115
"1290",76,"Streptococcus.sp..MP111F6_2",-0.239582735045115
"1291",76,"X.Clostridium..aldenense",10.0020127416087
"1292",76,"X.Ruminococcus..sp..MP14G5",-0.239582735045115
"1293",77,"Actinomyces.sp..HMSC035G02",-0.204229419617683
"1294",77,"Actinomyces.sp..ICM39",-0.204229419617683
"1295",77,"Anaerostipes.sp..992a",-0.204229419617683
"1296",77,"Bacteroides.ovatus",-0.204229419617683
"1297",77,"Enterobacter.cloacae",-0.204229419617683
"1298",77,"Erysipelatoclostridium.sp..MP95D5",-0.204229419617683
"1299",77,"Intestinibacter.sp..MP113D11",-0.204229419617683
"1300",77,"Klebsiella.oxytoca",-0.204229419617683
"1301",77,"Lachnospiraceae.bacterium.CAG.364",-0.204229419617683
"1302",77,"Lactobacillus.paracasei",-0.204229419617683
"1303",77,"Prevotella.buccae",-0.204229419617683
"1304",77,"Providencia.alcalifaciens",-0.204229419617683
"1305",77,"Roseburia.intestinalis",-0.204229419617683
"1306",77,"Streptococcus.infantis",-0.204229419617683
"1307",77,"Streptococcus.sp..MP111F6_2",-0.204229419617683
"1308",77,"X.Clostridium..aldenense",-0.204229419617683
"1309",77,"X.Ruminococcus..sp..MP14G5",-0.204229419617683
"1310",78,"Actinomyces.sp..HMSC035G02",-0.424482541775678
"1311",78,"Actinomyces.sp..ICM39",-0.424482541775678
"1312",78,"Anaerostipes.sp..992a",-0.424482541775678
"1313",78,"Bacteroides.ovatus",-0.424482541775678
"1314",78,"Enterobacter.cloacae",-0.424482541775678
"1315",78,"Erysipelatoclostridium.sp..MP95D5",-0.424482541775678
"1316",78,"Intestinibacter.sp..MP113D11",-0.424482541775678
"1317",78,"Klebsiella.oxytoca",8.28058645719386
"1318",78,"Lachnospiraceae.bacterium.CAG.364",-0.424482541775678
"1319",78,"Lactobacillus.paracasei",-0.424482541775678
"1320",78,"Prevotella.buccae",9.75028332846209
"1321",78,"Providencia.alcalifaciens",-0.424482541775678
"1322",78,"Roseburia.intestinalis",-0.424482541775678
"1323",78,"Streptococcus.infantis",-0.424482541775678
"1324",78,"Streptococcus.sp..MP111F6_2",-0.424482541775678
"1325",78,"X.Clostridium..aldenense",9.99379683795055
"1326",78,"X.Ruminococcus..sp..MP14G5",-0.424482541775678
"1327",79,"Actinomyces.sp..HMSC035G02",-0.506696288475096
"1328",79,"Actinomyces.sp..ICM39",-0.506696288475096
"1329",79,"Anaerostipes.sp..992a",6.26714027027323
"1330",79,"Bacteroides.ovatus",8.94636699589125
"1331",79,"Enterobacter.cloacae",-0.506696288475096
"1332",79,"Erysipelatoclostridium.sp..MP95D5",-0.506696288475096
"1333",79,"Intestinibacter.sp..MP113D11",-0.506696288475096
"1334",79,"Klebsiella.oxytoca",2.60904805590279
"1335",79,"Lachnospiraceae.bacterium.CAG.364",-0.506696288475096
"1336",79,"Lactobacillus.paracasei",-0.506696288475096
"1337",79,"Prevotella.buccae",8.59570889471751
"1338",79,"Providencia.alcalifaciens",-0.506696288475096
"1339",79,"Roseburia.intestinalis",8.28612372202651
"1340",79,"Streptococcus.infantis",-0.506696288475096
"1341",79,"Streptococcus.sp..MP111F6_2",-0.506696288475096
"1342",79,"X.Clostridium..aldenense",6.55260727299759
"1343",79,"X.Ruminococcus..sp..MP14G5",-0.506696288475096
"1344",80,"Actinomyces.sp..HMSC035G02",-0.429672681746416
"1345",80,"Actinomyces.sp..ICM39",-0.429672681746416
"1346",80,"Anaerostipes.sp..992a",-0.429672681746416
"1347",80,"Bacteroides.ovatus",-0.429672681746416
"1348",80,"Enterobacter.cloacae",-0.429672681746416
"1349",80,"Erysipelatoclostridium.sp..MP95D5",-0.429672681746416
"1350",80,"Intestinibacter.sp..MP113D11",-0.429672681746416
"1351",80,"Klebsiella.oxytoca",-0.429672681746416
"1352",80,"Lachnospiraceae.bacterium.CAG.364",-0.429672681746416
"1353",80,"Lactobacillus.paracasei",-0.429672681746416
"1354",80,"Prevotella.buccae",-0.429672681746416
"1355",80,"Providencia.alcalifaciens",-0.429672681746416
"1356",80,"Roseburia.intestinalis",-0.429672681746416
"1357",80,"Streptococcus.infantis",-0.429672681746416
"1358",80,"Streptococcus.sp..MP111F6_2",-0.429672681746416
"1359",80,"X.Clostridium..aldenense",7.42682469773377
"1360",80,"X.Ruminococcus..sp..MP14G5",-0.429672681746416
"1361",81,"Actinomyces.sp..HMSC035G02",-0.507074569649648
"1362",81,"Actinomyces.sp..ICM39",-0.507074569649648
"1363",81,"Anaerostipes.sp..992a",-0.507074569649648
"1364",81,"Bacteroides.ovatus",-0.507074569649648
"1365",81,"Enterobacter.cloacae",5.19245118373387
"1366",81,"Erysipelatoclostridium.sp..MP95D5",-0.507074569649648
"1367",81,"Intestinibacter.sp..MP113D11",-0.507074569649648
"1368",81,"Klebsiella.oxytoca",9.7160670447794
"1369",81,"Lachnospiraceae.bacterium.CAG.364",-0.507074569649648
"1370",81,"Lactobacillus.paracasei",-0.507074569649648
"1371",81,"Prevotella.buccae",2.33175679554839
"1372",81,"Providencia.alcalifaciens",-0.507074569649648
"1373",81,"Roseburia.intestinalis",-0.507074569649648
"1374",81,"Streptococcus.infantis",-0.507074569649648
"1375",81,"Streptococcus.sp..MP111F6_2",-0.507074569649648
"1376",81,"X.Clostridium..aldenense",9.13899608148732
"1377",81,"X.Ruminococcus..sp..MP14G5",-0.507074569649648
"1378",82,"Actinomyces.sp..HMSC035G02",-0.510234580529103
"1379",82,"Actinomyces.sp..ICM39",-0.510234580529103
"1380",82,"Anaerostipes.sp..992a",-0.510234580529103
"1381",82,"Bacteroides.ovatus",-0.510234580529103
"1382",82,"Enterobacter.cloacae",-0.510234580529103
"1383",82,"Erysipelatoclostridium.sp..MP95D5",-0.510234580529103
"1384",82,"Intestinibacter.sp..MP113D11",-0.510234580529103
"1385",82,"Klebsiella.oxytoca",-0.510234580529103
"1386",82,"Lachnospiraceae.bacterium.CAG.364",7.05554550923429
"1387",82,"Lactobacillus.paracasei",-0.510234580529103
"1388",82,"Prevotella.buccae",-0.510234580529103
"1389",82,"Providencia.alcalifaciens",-0.510234580529103
"1390",82,"Roseburia.intestinalis",-0.510234580529103
"1391",82,"Streptococcus.infantis",-0.510234580529103
"1392",82,"Streptococcus.sp..MP111F6_2",-0.510234580529103
"1393",82,"X.Clostridium..aldenense",5.44431005753577
"1394",82,"X.Ruminococcus..sp..MP14G5",7.08146394552093
"1395",83,"Actinomyces.sp..HMSC035G02",-0.681136661956852
"1396",83,"Actinomyces.sp..ICM39",-0.681136661956852
"1397",83,"Anaerostipes.sp..992a",-0.681136661956852
"1398",83,"Bacteroides.ovatus",-0.681136661956852
"1399",83,"Enterobacter.cloacae",-0.681136661956852
"1400",83,"Erysipelatoclostridium.sp..MP95D5",6.0331807973038
"1401",83,"Intestinibacter.sp..MP113D11",-0.681136661956852
"1402",83,"Klebsiella.oxytoca",7.65600877761989
"1403",83,"Lachnospiraceae.bacterium.CAG.364",-0.681136661956852
"1404",83,"Lactobacillus.paracasei",-0.681136661956852
"1405",83,"Prevotella.buccae",-0.681136661956852
"1406",83,"Providencia.alcalifaciens",-0.681136661956852
"1407",83,"Roseburia.intestinalis",-0.681136661956852
"1408",83,"Streptococcus.infantis",-0.681136661956852
"1409",83,"Streptococcus.sp..MP111F6_2",3.962765532121
"1410",83,"X.Clostridium..aldenense",7.94596111490155
"1411",83,"X.Ruminococcus..sp..MP14G5",-0.681136661956852
"1412",84,"Actinomyces.sp..HMSC035G02",-0.931777683284519
"1413",84,"Actinomyces.sp..ICM39",-0.931777683284519
"1414",84,"Anaerostipes.sp..992a",-0.931777683284519
"1415",84,"Bacteroides.ovatus",8.12493691664599
"1416",84,"Enterobacter.cloacae",-0.931777683284519
"1417",84,"Erysipelatoclostridium.sp..MP95D5",-0.931777683284519
"1418",84,"Intestinibacter.sp..MP113D11",-0.931777683284519
"1419",84,"Klebsiella.oxytoca",-0.931777683284519
"1420",84,"Lachnospiraceae.bacterium.CAG.364",-0.931777683284519
"1421",84,"Lactobacillus.paracasei",-0.931777683284519
"1422",84,"Prevotella.buccae",-0.931777683284519
"1423",84,"Providencia.alcalifaciens",-0.931777683284519
"1424",84,"Roseburia.intestinalis",7.83373072436166
"1425",84,"Streptococcus.infantis",-0.931777683284519
"1426",84,"Streptococcus.sp..MP111F6_2",-0.931777683284519
"1427",84,"X.Clostridium..aldenense",4.29983538911493
"1428",84,"X.Ruminococcus..sp..MP14G5",-0.931777683284519
"1429",85,"Actinomyces.sp..HMSC035G02",-0.217406383284361
"1430",85,"Actinomyces.sp..ICM39",-0.217406383284361
"1431",85,"Anaerostipes.sp..992a",-0.217406383284361
"1432",85,"Bacteroides.ovatus",-0.217406383284361
"1433",85,"Enterobacter.cloacae",3.75815691655584
"1434",85,"Erysipelatoclostridium.sp..MP95D5",-0.217406383284361
"1435",85,"Intestinibacter.sp..MP113D11",-0.217406383284361
"1436",85,"Klebsiella.oxytoca",6.73767826474957
"1437",85,"Lachnospiraceae.bacterium.CAG.364",-0.217406383284361
"1438",85,"Lactobacillus.paracasei",8.27885694572935
"1439",85,"Prevotella.buccae",-0.217406383284361
"1440",85,"Providencia.alcalifaciens",-0.217406383284361
"1441",85,"Roseburia.intestinalis",-0.217406383284361
"1442",85,"Streptococcus.infantis",-0.217406383284361
"1443",85,"Streptococcus.sp..MP111F6_2",-0.217406383284361
"1444",85,"X.Clostridium..aldenense",-0.217406383284361
"1445",85,"X.Ruminococcus..sp..MP14G5",-0.217406383284361
"1446",86,"Actinomyces.sp..HMSC035G02",-0.552561562711174
"1447",86,"Actinomyces.sp..ICM39",-0.552561562711174
"1448",86,"Anaerostipes.sp..992a",-0.552561562711174
"1449",86,"Bacteroides.ovatus",12.5405627793201
"1450",86,"Enterobacter.cloacae",-0.552561562711174
"1451",86,"Erysipelatoclostridium.sp..MP95D5",-0.552561562711174
"1452",86,"Intestinibacter.sp..MP113D11",7.88856218618851
"1453",86,"Klebsiella.oxytoca",-0.552561562711174
"1454",86,"Lachnospiraceae.bacterium.CAG.364",-0.552561562711174
"1455",86,"Lactobacillus.paracasei",-0.552561562711174
"1456",86,"Prevotella.buccae",-0.552561562711174
"1457",86,"Providencia.alcalifaciens",-0.552561562711174
"1458",86,"Roseburia.intestinalis",-0.552561562711174
"1459",86,"Streptococcus.infantis",-0.552561562711174
"1460",86,"Streptococcus.sp..MP111F6_2",8.35828621842363
"1461",86,"X.Clostridium..aldenense",7.63483410817079
"1462",86,"X.Ruminococcus..sp..MP14G5",-0.552561562711174
"1463",87,"Actinomyces.sp..HMSC035G02",-0.399021258928681
"1464",87,"Actinomyces.sp..ICM39",-0.399021258928681
"1465",87,"Anaerostipes.sp..992a",5.56282180336955
"1466",87,"Bacteroides.ovatus",-0.399021258928681
"1467",87,"Enterobacter.cloacae",-0.399021258928681
"1468",87,"Erysipelatoclostridium.sp..MP95D5",-0.399021258928681
"1469",87,"Intestinibacter.sp..MP113D11",8.09653959491544
"1470",87,"Klebsiella.oxytoca",5.00109571730574
"1471",87,"Lachnospiraceae.bacterium.CAG.364",-0.399021258928681
"1472",87,"Lactobacillus.paracasei",-0.399021258928681
"1473",87,"Prevotella.buccae",11.8365391853082
"1474",87,"Providencia.alcalifaciens",-0.399021258928681
"1475",87,"Roseburia.intestinalis",9.99798446071422
"1476",87,"Streptococcus.infantis",6.76867358384602
"1477",87,"Streptococcus.sp..MP111F6_2",-0.399021258928681
"1478",87,"X.Clostridium..aldenense",4.28740977751713
"1479",87,"X.Ruminococcus..sp..MP14G5",-0.399021258928681
"1480",88,"Actinomyces.sp..HMSC035G02",-0.737407805779041
"1481",88,"Actinomyces.sp..ICM39",-0.737407805779041
"1482",88,"Anaerostipes.sp..992a",-0.737407805779041
"1483",88,"Bacteroides.ovatus",-0.737407805779041
"1484",88,"Enterobacter.cloacae",-0.737407805779041
"1485",88,"Erysipelatoclostridium.sp..MP95D5",7.5417931232781
"1486",88,"Intestinibacter.sp..MP113D11",-0.737407805779041
"1487",88,"Klebsiella.oxytoca",-0.737407805779041
"1488",88,"Lachnospiraceae.bacterium.CAG.364",-0.737407805779041
"1489",88,"Lactobacillus.paracasei",-0.737407805779041
"1490",88,"Prevotella.buccae",4.10868321662489
"1491",88,"Providencia.alcalifaciens",-0.737407805779041
"1492",88,"Roseburia.intestinalis",7.13974193736408
"1493",88,"Streptococcus.infantis",-0.737407805779041
"1494",88,"Streptococcus.sp..MP111F6_2",-0.737407805779041
"1495",88,"X.Clostridium..aldenense",-0.737407805779041
"1496",88,"X.Ruminococcus..sp..MP14G5",-0.737407805779041
"1497",89,"Actinomyces.sp..HMSC035G02",-0.48464325828887
"1498",89,"Actinomyces.sp..ICM39",-0.48464325828887
"1499",89,"Anaerostipes.sp..992a",-0.48464325828887
"1500",89,"Bacteroides.ovatus",12.506306527203
"1501",89,"Enterobacter.cloacae",-0.48464325828887
"1502",89,"Erysipelatoclostridium.sp..MP95D5",-0.48464325828887
"1503",89,"Intestinibacter.sp..MP113D11",-0.48464325828887
"1504",89,"Klebsiella.oxytoca",-0.48464325828887
"1505",89,"Lachnospiraceae.bacterium.CAG.364",-0.48464325828887
"1506",89,"Lactobacillus.paracasei",-0.48464325828887
"1507",89,"Prevotella.buccae",-0.48464325828887
"1508",89,"Providencia.alcalifaciens",-0.48464325828887
"1509",89,"Roseburia.intestinalis",-0.48464325828887
"1510",89,"Streptococcus.infantis",-0.48464325828887
"1511",89,"Streptococcus.sp..MP111F6_2",-0.48464325828887
"1512",89,"X.Clostridium..aldenense",8.31171661775244
"1513",89,"X.Ruminococcus..sp..MP14G5",-0.48464325828887
"1514",90,"Actinomyces.sp..HMSC035G02",-0.457493662378017
"1515",90,"Actinomyces.sp..ICM39",-0.457493662378017
"1516",90,"Anaerostipes.sp..992a",-0.457493662378017
"1517",90,"Bacteroides.ovatus",-0.457493662378017
"1518",90,"Enterobacter.cloacae",-0.457493662378017
"1519",90,"Erysipelatoclostridium.sp..MP95D5",3.84699797693439
"1520",90,"Intestinibacter.sp..MP113D11",10.741442255711
"1521",90,"Klebsiella.oxytoca",-0.457493662378017
"1522",90,"Lachnospiraceae.bacterium.CAG.364",6.36070144259659
"1523",90,"Lactobacillus.paracasei",-0.457493662378017
"1524",90,"Prevotella.buccae",-0.457493662378017
"1525",90,"Providencia.alcalifaciens",-0.457493662378017
"1526",90,"Roseburia.intestinalis",-0.457493662378017
"1527",90,"Streptococcus.infantis",-0.457493662378017
"1528",90,"Streptococcus.sp..MP111F6_2",-0.457493662378017
"1529",90,"X.Clostridium..aldenense",-0.457493662378017
"1530",90,"X.Ruminococcus..sp..MP14G5",-0.457493662378017
"1531",91,"Actinomyces.sp..HMSC035G02",-0.269218581202107
"1532",91,"Actinomyces.sp..ICM39",-0.269218581202107
"1533",91,"Anaerostipes.sp..992a",-0.269218581202107
"1534",91,"Bacteroides.ovatus",-0.269218581202107
"1535",91,"Enterobacter.cloacae",-0.269218581202107
"1536",91,"Erysipelatoclostridium.sp..MP95D5",-0.269218581202107
"1537",91,"Intestinibacter.sp..MP113D11",-0.269218581202107
"1538",91,"Klebsiella.oxytoca",12.4284628664354
"1539",91,"Lachnospiraceae.bacterium.CAG.364",-0.269218581202107
"1540",91,"Lactobacillus.paracasei",5.46916343931905
"1541",91,"Prevotella.buccae",-0.269218581202107
"1542",91,"Providencia.alcalifaciens",-0.269218581202107
"1543",91,"Roseburia.intestinalis",-0.269218581202107
"1544",91,"Streptococcus.infantis",-0.269218581202107
"1545",91,"Streptococcus.sp..MP111F6_2",-0.269218581202107
"1546",91,"X.Clostridium..aldenense",-0.269218581202107
"1547",91,"X.Ruminococcus..sp..MP14G5",-0.269218581202107
"1548",92,"Actinomyces.sp..HMSC035G02",-0.311182692468257
"1549",92,"Actinomyces.sp..ICM39",-0.311182692468257
"1550",92,"Anaerostipes.sp..992a",-0.311182692468257
"1551",92,"Bacteroides.ovatus",-0.311182692468257
"1552",92,"Enterobacter.cloacae",5.91996733483768
"1553",92,"Erysipelatoclostridium.sp..MP95D5",-0.311182692468257
"1554",92,"Intestinibacter.sp..MP113D11",-0.311182692468257
"1555",92,"Klebsiella.oxytoca",10.394615872087
"1556",92,"Lachnospiraceae.bacterium.CAG.364",-0.311182692468257
"1557",92,"Lactobacillus.paracasei",-0.311182692468257
"1558",92,"Prevotella.buccae",-0.311182692468257
"1559",92,"Providencia.alcalifaciens",-0.311182692468257
"1560",92,"Roseburia.intestinalis",-0.311182692468257
"1561",92,"Streptococcus.infantis",-0.311182692468257
"1562",92,"Streptococcus.sp..MP111F6_2",-0.311182692468257
"1563",92,"X.Clostridium..aldenense",7.18089629822305
"1564",92,"X.Ruminococcus..sp..MP14G5",-0.311182692468257
"1565",93,"Actinomyces.sp..HMSC035G02",-0.368586796292886
"1566",93,"Actinomyces.sp..ICM39",-0.368586796292886
"1567",93,"Anaerostipes.sp..992a",-0.368586796292886
"1568",93,"Bacteroides.ovatus",-0.368586796292886
"1569",93,"Enterobacter.cloacae",-0.368586796292886
"1570",93,"Erysipelatoclostridium.sp..MP95D5",-0.368586796292886
"1571",93,"Intestinibacter.sp..MP113D11",10.6318003689338
"1572",93,"Klebsiella.oxytoca",7.4908083719398
"1573",93,"Lachnospiraceae.bacterium.CAG.364",-0.368586796292886
"1574",93,"Lactobacillus.paracasei",-0.368586796292886
"1575",93,"Prevotella.buccae",-0.368586796292886
"1576",93,"Providencia.alcalifaciens",-0.368586796292886
"1577",93,"Roseburia.intestinalis",-0.368586796292886
"1578",93,"Streptococcus.infantis",-0.368586796292886
"1579",93,"Streptococcus.sp..MP111F6_2",-0.368586796292886
"1580",93,"X.Clostridium..aldenense",8.06327700238959
"1581",93,"X.Ruminococcus..sp..MP14G5",-0.368586796292886
"1582",94,"Actinomyces.sp..HMSC035G02",4.72522183329557
"1583",94,"Actinomyces.sp..ICM39",-0.499387256566772
"1584",94,"Anaerostipes.sp..992a",-0.499387256566772
"1585",94,"Bacteroides.ovatus",10.2998299029573
"1586",94,"Enterobacter.cloacae",-0.499387256566772
"1587",94,"Erysipelatoclostridium.sp..MP95D5",5.21739750519072
"1588",94,"Intestinibacter.sp..MP113D11",-0.499387256566772
"1589",94,"Klebsiella.oxytoca",7.37130706974518
"1590",94,"Lachnospiraceae.bacterium.CAG.364",8.43797225599704
"1591",94,"Lactobacillus.paracasei",2.02407129765301
"1592",94,"Prevotella.buccae",-0.499387256566772
"1593",94,"Providencia.alcalifaciens",-0.499387256566772
"1594",94,"Roseburia.intestinalis",-0.499387256566772
"1595",94,"Streptococcus.infantis",-0.499387256566772
"1596",94,"Streptococcus.sp..MP111F6_2",-0.499387256566772
"1597",94,"X.Clostridium..aldenense",8.58036155202482
"1598",94,"X.Ruminococcus..sp..MP14G5",-0.499387256566772
"1599",95,"Actinomyces.sp..HMSC035G02",-0.332285397176735
"1600",95,"Actinomyces.sp..ICM39",-0.332285397176735
"1601",95,"Anaerostipes.sp..992a",-0.332285397176735
"1602",95,"Bacteroides.ovatus",-0.332285397176735
"1603",95,"Enterobacter.cloacae",-0.332285397176735
"1604",95,"Erysipelatoclostridium.sp..MP95D5",-0.332285397176735
"1605",95,"Intestinibacter.sp..MP113D11",-0.332285397176735
"1606",95,"Klebsiella.oxytoca",7.46136951121199
"1607",95,"Lachnospiraceae.bacterium.CAG.364",-0.332285397176735
"1608",95,"Lactobacillus.paracasei",-0.332285397176735
"1609",95,"Prevotella.buccae",-0.332285397176735
"1610",95,"Providencia.alcalifaciens",-0.332285397176735
"1611",95,"Roseburia.intestinalis",-0.332285397176735
"1612",95,"Streptococcus.infantis",-0.332285397176735
"1613",95,"Streptococcus.sp..MP111F6_2",-0.332285397176735
"1614",95,"X.Clostridium..aldenense",8.71343015882972
"1615",95,"X.Ruminococcus..sp..MP14G5",-0.332285397176735
"1616",96,"Actinomyces.sp..HMSC035G02",-0.440010219472793
"1617",96,"Actinomyces.sp..ICM39",-0.440010219472793
"1618",96,"Anaerostipes.sp..992a",-0.440010219472793
"1619",96,"Bacteroides.ovatus",-0.440010219472793
"1620",96,"Enterobacter.cloacae",-0.440010219472793
"1621",96,"Erysipelatoclostridium.sp..MP95D5",-0.440010219472793
"1622",96,"Intestinibacter.sp..MP113D11",10.3765445394716
"1623",96,"Klebsiella.oxytoca",6.82111021870883
"1624",96,"Lachnospiraceae.bacterium.CAG.364",-0.440010219472793
"1625",96,"Lactobacillus.paracasei",-0.440010219472793
"1626",96,"Prevotella.buccae",-0.440010219472793
"1627",96,"Providencia.alcalifaciens",-0.440010219472793
"1628",96,"Roseburia.intestinalis",-0.440010219472793
"1629",96,"Streptococcus.infantis",-0.440010219472793
"1630",96,"Streptococcus.sp..MP111F6_2",-0.440010219472793
"1631",96,"X.Clostridium..aldenense",8.45134210441717
"1632",96,"X.Ruminococcus..sp..MP14G5",-0.440010219472793
"1633",97,"Actinomyces.sp..HMSC035G02",-0.185117381723632
"1634",97,"Actinomyces.sp..ICM39",-0.185117381723632
"1635",97,"Anaerostipes.sp..992a",-0.185117381723632
"1636",97,"Bacteroides.ovatus",-0.185117381723632
"1637",97,"Enterobacter.cloacae",4.03420405801109
"1638",97,"Erysipelatoclostridium.sp..MP95D5",-0.185117381723632
"1639",97,"Intestinibacter.sp..MP113D11",-0.185117381723632
"1640",97,"Klebsiella.oxytoca",12.6939336103004
"1641",97,"Lachnospiraceae.bacterium.CAG.364",-0.185117381723632
"1642",97,"Lactobacillus.paracasei",-0.185117381723632
"1643",97,"Prevotella.buccae",-0.185117381723632
"1644",97,"Providencia.alcalifaciens",-0.185117381723632
"1645",97,"Roseburia.intestinalis",-0.185117381723632
"1646",97,"Streptococcus.infantis",9.26389129892639
"1647",97,"Streptococcus.sp..MP111F6_2",-0.185117381723632
"1648",97,"X.Clostridium..aldenense",-0.185117381723632
"1649",97,"X.Ruminococcus..sp..MP14G5",-0.185117381723632
"1650",98,"Actinomyces.sp..HMSC035G02",-0.431960523817361
"1651",98,"Actinomyces.sp..ICM39",-0.431960523817361
"1652",98,"Anaerostipes.sp..992a",-0.431960523817361
"1653",98,"Bacteroides.ovatus",7.67073461018259
"1654",98,"Enterobacter.cloacae",8.32985620150849
"1655",98,"Erysipelatoclostridium.sp..MP95D5",-0.431960523817361
"1656",98,"Intestinibacter.sp..MP113D11",-0.431960523817361
"1657",98,"Klebsiella.oxytoca",-0.431960523817361
"1658",98,"Lachnospiraceae.bacterium.CAG.364",-0.431960523817361
"1659",98,"Lactobacillus.paracasei",-0.431960523817361
"1660",98,"Prevotella.buccae",-0.431960523817361
"1661",98,"Providencia.alcalifaciens",-0.431960523817361
"1662",98,"Roseburia.intestinalis",-0.431960523817361
"1663",98,"Streptococcus.infantis",-0.431960523817361
"1664",98,"Streptococcus.sp..MP111F6_2",-0.431960523817361
"1665",98,"X.Clostridium..aldenense",4.44631157717442
"1666",98,"X.Ruminococcus..sp..MP14G5",5.43759875198734
"1667",99,"Actinomyces.sp..HMSC035G02",-0.329186664635957
"1668",99,"Actinomyces.sp..ICM39",-0.329186664635957
"1669",99,"Anaerostipes.sp..992a",-0.329186664635957
"1670",99,"Bacteroides.ovatus",-0.329186664635957
"1671",99,"Enterobacter.cloacae",-0.329186664635957
"1672",99,"Erysipelatoclostridium.sp..MP95D5",8.14299299550009
"1673",99,"Intestinibacter.sp..MP113D11",-0.329186664635957
"1674",99,"Klebsiella.oxytoca",9.18023557703686
"1675",99,"Lachnospiraceae.bacterium.CAG.364",-0.329186664635957
"1676",99,"Lactobacillus.paracasei",-0.329186664635957
"1677",99,"Prevotella.buccae",-0.329186664635957
"1678",99,"Providencia.alcalifaciens",4.44568535111143
"1679",99,"Roseburia.intestinalis",-0.329186664635957
"1680",99,"Streptococcus.infantis",-0.329186664635957
"1681",99,"Streptococcus.sp..MP111F6_2",-0.329186664635957
"1682",99,"X.Clostridium..aldenense",8.946171769068
"1683",99,"X.Ruminococcus..sp..MP14G5",-0.329186664635957
"1684",100,"Actinomyces.sp..HMSC035G02",-0.297910484726385
"1685",100,"Actinomyces.sp..ICM39",-0.297910484726385
"1686",100,"Anaerostipes.sp..992a",-0.297910484726385
"1687",100,"Bacteroides.ovatus",-0.297910484726385
"1688",100,"Enterobacter.cloacae",-0.297910484726385
"1689",100,"Erysipelatoclostridium.sp..MP95D5",7.59911664693156
"1690",100,"Intestinibacter.sp..MP113D11",-0.297910484726385
"1691",100,"Klebsiella.oxytoca",9.50416891450329
"1692",100,"Lachnospiraceae.bacterium.CAG.364",-0.297910484726385
"1693",100,"Lactobacillus.paracasei",-0.297910484726385
"1694",100,"Prevotella.buccae",-0.297910484726385
"1695",100,"Providencia.alcalifaciens",5.51821586636221
"1696",100,"Roseburia.intestinalis",-0.297910484726385
"1697",100,"Streptococcus.infantis",-0.297910484726385
"1698",100,"Streptococcus.sp..MP111F6_2",-0.297910484726385
"1699",100,"X.Clostridium..aldenense",10.8654553705527
"1700",100,"X.Ruminococcus..sp..MP14G5",-0.297910484726385
"1701",101,"Actinomyces.sp..HMSC035G02",-0.766311582916618
"1702",101,"Actinomyces.sp..ICM39",-0.766311582916618
"1703",101,"Anaerostipes.sp..992a",-0.766311582916618
"1704",101,"Bacteroides.ovatus",-0.766311582916618
"1705",101,"Enterobacter.cloacae",-0.766311582916618
"1706",101,"Erysipelatoclostridium.sp..MP95D5",-0.766311582916618
"1707",101,"Intestinibacter.sp..MP113D11",-0.766311582916618
"1708",101,"Klebsiella.oxytoca",-0.766311582916618
"1709",101,"Lachnospiraceae.bacterium.CAG.364",9.97124605423891
"1710",101,"Lactobacillus.paracasei",-0.766311582916618
"1711",101,"Prevotella.buccae",-0.766311582916618
"1712",101,"Providencia.alcalifaciens",-0.766311582916618
"1713",101,"Roseburia.intestinalis",-0.766311582916618
"1714",101,"Streptococcus.infantis",-0.766311582916618
"1715",101,"Streptococcus.sp..MP111F6_2",-0.766311582916618
"1716",101,"X.Clostridium..aldenense",9.26381136862134
"1717",101,"X.Ruminococcus..sp..MP14G5",-0.766311582916618
"1718",102,"Actinomyces.sp..HMSC035G02",-0.542707161547535
"1719",102,"Actinomyces.sp..ICM39",-0.542707161547535
"1720",102,"Anaerostipes.sp..992a",-0.542707161547535
"1721",102,"Bacteroides.ovatus",-0.542707161547535
"1722",102,"Enterobacter.cloacae",-0.542707161547535
"1723",102,"Erysipelatoclostridium.sp..MP95D5",-0.542707161547535
"1724",102,"Intestinibacter.sp..MP113D11",8.30716700974255
"1725",102,"Klebsiella.oxytoca",-0.542707161547535
"1726",102,"Lachnospiraceae.bacterium.CAG.364",-0.542707161547535
"1727",102,"Lactobacillus.paracasei",-0.542707161547535
"1728",102,"Prevotella.buccae",-0.542707161547535
"1729",102,"Providencia.alcalifaciens",-0.542707161547535
"1730",102,"Roseburia.intestinalis",9.03254548866271
"1731",102,"Streptococcus.infantis",-0.542707161547535
"1732",102,"Streptococcus.sp..MP111F6_2",-0.542707161547535
"1733",102,"X.Clostridium..aldenense",8.26327062087401
"1734",102,"X.Ruminococcus..sp..MP14G5",6.21339425419937
"1735",103,"Actinomyces.sp..HMSC035G02",-0.454201661435548
"1736",103,"Actinomyces.sp..ICM39",-0.454201661435548
"1737",103,"Anaerostipes.sp..992a",-0.454201661435548
"1738",103,"Bacteroides.ovatus",-0.454201661435548
"1739",103,"Enterobacter.cloacae",-0.454201661435548
"1740",103,"Erysipelatoclostridium.sp..MP95D5",-0.454201661435548
"1741",103,"Intestinibacter.sp..MP113D11",-0.454201661435548
"1742",103,"Klebsiella.oxytoca",11.0697164275911
"1743",103,"Lachnospiraceae.bacterium.CAG.364",-0.454201661435548
"1744",103,"Lactobacillus.paracasei",7.54445434240748
"1745",103,"Prevotella.buccae",-0.454201661435548
"1746",103,"Providencia.alcalifaciens",-0.454201661435548
"1747",103,"Roseburia.intestinalis",-0.454201661435548
"1748",103,"Streptococcus.infantis",-0.454201661435548
"1749",103,"Streptococcus.sp..MP111F6_2",-0.454201661435548
"1750",103,"X.Clostridium..aldenense",-0.454201661435548
"1751",103,"X.Ruminococcus..sp..MP14G5",-0.454201661435548
"1752",104,"Actinomyces.sp..HMSC035G02",-0.877290528520872
"1753",104,"Actinomyces.sp..ICM39",-0.877290528520872
"1754",104,"Anaerostipes.sp..992a",-0.877290528520872
"1755",104,"Bacteroides.ovatus",-0.877290528520872
"1756",104,"Enterobacter.cloacae",-0.877290528520872
"1757",104,"Erysipelatoclostridium.sp..MP95D5",6.85824069607297
"1758",104,"Intestinibacter.sp..MP113D11",10.5280075119997
"1759",104,"Klebsiella.oxytoca",7.47941201827316
"1760",104,"Lachnospiraceae.bacterium.CAG.364",7.01605523570186
"1761",104,"Lactobacillus.paracasei",7.8311324351519
"1762",104,"Prevotella.buccae",-0.877290528520872
"1763",104,"Providencia.alcalifaciens",-0.877290528520872
"1764",104,"Roseburia.intestinalis",6.10227639657205
"1765",104,"Streptococcus.infantis",-0.877290528520872
"1766",104,"Streptococcus.sp..MP111F6_2",8.05269865958596
"1767",104,"X.Clostridium..aldenense",7.94386505263949
"1768",104,"X.Ruminococcus..sp..MP14G5",-0.877290528520872
"1769",105,"Actinomyces.sp..HMSC035G02",-0.554407067116371
"1770",105,"Actinomyces.sp..ICM39",-0.554407067116371
"1771",105,"Anaerostipes.sp..992a",-0.554407067116371
"1772",105,"Bacteroides.ovatus",-0.554407067116371
"1773",105,"Enterobacter.cloacae",-0.554407067116371
"1774",105,"Erysipelatoclostridium.sp..MP95D5",-0.554407067116371
"1775",105,"Intestinibacter.sp..MP113D11",-0.554407067116371
"1776",105,"Klebsiella.oxytoca",-0.554407067116371
"1777",105,"Lachnospiraceae.bacterium.CAG.364",-0.554407067116371
"1778",105,"Lactobacillus.paracasei",-0.554407067116371
"1779",105,"Prevotella.buccae",7.83125562085859
"1780",105,"Providencia.alcalifaciens",-0.554407067116371
"1781",105,"Roseburia.intestinalis",-0.554407067116371
"1782",105,"Streptococcus.infantis",-0.554407067116371
"1783",105,"Streptococcus.sp..MP111F6_2",-0.554407067116371
"1784",105,"X.Clostridium..aldenense",9.2140094040347
"1785",105,"X.Ruminococcus..sp..MP14G5",-0.554407067116371
"1786",106,"Actinomyces.sp..HMSC035G02",-0.219495906025108
"1787",106,"Actinomyces.sp..ICM39",-0.219495906025108
"1788",106,"Anaerostipes.sp..992a",-0.219495906025108
"1789",106,"Bacteroides.ovatus",-0.219495906025108
"1790",106,"Enterobacter.cloacae",1.74992660052766
"1791",106,"Erysipelatoclostridium.sp..MP95D5",-0.219495906025108
"1792",106,"Intestinibacter.sp..MP113D11",-0.219495906025108
"1793",106,"Klebsiella.oxytoca",7.31842826169495
"1794",106,"Lachnospiraceae.bacterium.CAG.364",-0.219495906025108
"1795",106,"Lactobacillus.paracasei",-0.219495906025108
"1796",106,"Prevotella.buccae",-0.219495906025108
"1797",106,"Providencia.alcalifaciens",-0.219495906025108
"1798",106,"Roseburia.intestinalis",-0.219495906025108
"1799",106,"Streptococcus.infantis",-0.219495906025108
"1800",106,"Streptococcus.sp..MP111F6_2",-0.219495906025108
"1801",106,"X.Clostridium..aldenense",-0.219495906025108
"1802",106,"X.Ruminococcus..sp..MP14G5",-0.219495906025108
"1803",107,"Actinomyces.sp..HMSC035G02",-0.450726574414109
"1804",107,"Actinomyces.sp..ICM39",-0.450726574414109
"1805",107,"Anaerostipes.sp..992a",-0.450726574414109
"1806",107,"Bacteroides.ovatus",-0.450726574414109
"1807",107,"Enterobacter.cloacae",-0.450726574414109
"1808",107,"Erysipelatoclostridium.sp..MP95D5",-0.450726574414109
"1809",107,"Intestinibacter.sp..MP113D11",-0.450726574414109
"1810",107,"Klebsiella.oxytoca",-0.450726574414109
"1811",107,"Lachnospiraceae.bacterium.CAG.364",-0.450726574414109
"1812",107,"Lactobacillus.paracasei",-0.450726574414109
"1813",107,"Prevotella.buccae",-0.450726574414109
"1814",107,"Providencia.alcalifaciens",-0.450726574414109
"1815",107,"Roseburia.intestinalis",-0.450726574414109
"1816",107,"Streptococcus.infantis",-0.450726574414109
"1817",107,"Streptococcus.sp..MP111F6_2",-0.450726574414109
"1818",107,"X.Clostridium..aldenense",7.37264454874019
"1819",107,"X.Ruminococcus..sp..MP14G5",-0.450726574414109
"1820",108,"Actinomyces.sp..HMSC035G02",-0.364513102325061
"1821",108,"Actinomyces.sp..ICM39",-0.364513102325061
"1822",108,"Anaerostipes.sp..992a",-0.364513102325061
"1823",108,"Bacteroides.ovatus",-0.364513102325061
"1824",108,"Enterobacter.cloacae",-0.364513102325061
"1825",108,"Erysipelatoclostridium.sp..MP95D5",-0.364513102325061
"1826",108,"Intestinibacter.sp..MP113D11",-0.364513102325061
"1827",108,"Klebsiella.oxytoca",6.81150925123702
"1828",108,"Lachnospiraceae.bacterium.CAG.364",11.6322046694663
"1829",108,"Lactobacillus.paracasei",5.27067159589378
"1830",108,"Prevotella.buccae",-0.364513102325061
"1831",108,"Providencia.alcalifaciens",-0.364513102325061
"1832",108,"Roseburia.intestinalis",-0.364513102325061
"1833",108,"Streptococcus.infantis",-0.364513102325061
"1834",108,"Streptococcus.sp..MP111F6_2",-0.364513102325061
"1835",108,"X.Clostridium..aldenense",10.1773978232576
"1836",108,"X.Ruminococcus..sp..MP14G5",-0.364513102325061
"1837",109,"Actinomyces.sp..HMSC035G02",-0.218303936542577
"1838",109,"Actinomyces.sp..ICM39",-0.218303936542577
"1839",109,"Anaerostipes.sp..992a",-0.218303936542577
"1840",109,"Bacteroides.ovatus",12.7286064986985
"1841",109,"Enterobacter.cloacae",-0.218303936542577
"1842",109,"Erysipelatoclostridium.sp..MP95D5",-0.218303936542577
"1843",109,"Intestinibacter.sp..MP113D11",-0.218303936542577
"1844",109,"Klebsiella.oxytoca",-0.218303936542577
"1845",109,"Lachnospiraceae.bacterium.CAG.364",-0.218303936542577
"1846",109,"Lactobacillus.paracasei",-0.218303936542577
"1847",109,"Prevotella.buccae",-0.218303936542577
"1848",109,"Providencia.alcalifaciens",-0.218303936542577
"1849",109,"Roseburia.intestinalis",-0.218303936542577
"1850",109,"Streptococcus.infantis",-0.218303936542577
"1851",109,"Streptococcus.sp..MP111F6_2",-0.218303936542577
"1852",109,"X.Clostridium..aldenense",8.82893822541739
"1853",109,"X.Ruminococcus..sp..MP14G5",-0.218303936542577
"1854",110,"Actinomyces.sp..HMSC035G02",-0.210715442206654
"1855",110,"Actinomyces.sp..ICM39",-0.210715442206654
"1856",110,"Anaerostipes.sp..992a",-0.210715442206654
"1857",110,"Bacteroides.ovatus",-0.210715442206654
"1858",110,"Enterobacter.cloacae",-0.210715442206654
"1859",110,"Erysipelatoclostridium.sp..MP95D5",10.6927518377114
"1860",110,"Intestinibacter.sp..MP113D11",-0.210715442206654
"1861",110,"Klebsiella.oxytoca",7.15280190092025
"1862",110,"Lachnospiraceae.bacterium.CAG.364",-0.210715442206654
"1863",110,"Lactobacillus.paracasei",-0.210715442206654
"1864",110,"Prevotella.buccae",-0.210715442206654
"1865",110,"Providencia.alcalifaciens",-0.210715442206654
"1866",110,"Roseburia.intestinalis",-0.210715442206654
"1867",110,"Streptococcus.infantis",-0.210715442206654
"1868",110,"Streptococcus.sp..MP111F6_2",-0.210715442206654
"1869",110,"X.Clostridium..aldenense",-0.210715442206654
"1870",110,"X.Ruminococcus..sp..MP14G5",-0.210715442206654
"1871",111,"Actinomyces.sp..HMSC035G02",-0.311498952373849
"1872",111,"Actinomyces.sp..ICM39",-0.311498952373849
"1873",111,"Anaerostipes.sp..992a",-0.311498952373849
"1874",111,"Bacteroides.ovatus",-0.311498952373849
"1875",111,"Enterobacter.cloacae",6.48766772697376
"1876",111,"Erysipelatoclostridium.sp..MP95D5",-0.311498952373849
"1877",111,"Intestinibacter.sp..MP113D11",-0.311498952373849
"1878",111,"Klebsiella.oxytoca",-0.311498952373849
"1879",111,"Lachnospiraceae.bacterium.CAG.364",-0.311498952373849
"1880",111,"Lactobacillus.paracasei",-0.311498952373849
"1881",111,"Prevotella.buccae",-0.311498952373849
"1882",111,"Providencia.alcalifaciens",-0.311498952373849
"1883",111,"Roseburia.intestinalis",5.66571627405462
"1884",111,"Streptococcus.infantis",-0.311498952373849
"1885",111,"Streptococcus.sp..MP111F6_2",-0.311498952373849
"1886",111,"X.Clostridium..aldenense",7.86570160600172
"1887",111,"X.Ruminococcus..sp..MP14G5",-0.311498952373849
"1888",112,"Actinomyces.sp..HMSC035G02",-0.377330376608018
"1889",112,"Actinomyces.sp..ICM39",-0.377330376608018
"1890",112,"Anaerostipes.sp..992a",-0.377330376608018
"1891",112,"Bacteroides.ovatus",-0.377330376608018
"1892",112,"Enterobacter.cloacae",-0.377330376608018
"1893",112,"Erysipelatoclostridium.sp..MP95D5",-0.377330376608018
"1894",112,"Intestinibacter.sp..MP113D11",-0.377330376608018
"1895",112,"Klebsiella.oxytoca",-0.377330376608018
"1896",112,"Lachnospiraceae.bacterium.CAG.364",6.12491175405499
"1897",112,"Lactobacillus.paracasei",-0.377330376608018
"1898",112,"Prevotella.buccae",-0.377330376608018
"1899",112,"Providencia.alcalifaciens",-0.377330376608018
"1900",112,"Roseburia.intestinalis",-0.377330376608018
"1901",112,"Streptococcus.infantis",-0.377330376608018
"1902",112,"Streptococcus.sp..MP111F6_2",-0.377330376608018
"1903",112,"X.Clostridium..aldenense",6.15904557773091
"1904",112,"X.Ruminococcus..sp..MP14G5",-0.377330376608018
"1905",113,"Actinomyces.sp..HMSC035G02",-0.686846900677804
"1906",113,"Actinomyces.sp..ICM39",-0.686846900677804
"1907",113,"Anaerostipes.sp..992a",-0.686846900677804
"1908",113,"Bacteroides.ovatus",-0.686846900677804
"1909",113,"Enterobacter.cloacae",-0.686846900677804
"1910",113,"Erysipelatoclostridium.sp..MP95D5",-0.686846900677804
"1911",113,"Intestinibacter.sp..MP113D11",9.19161226295841
"1912",113,"Klebsiella.oxytoca",6.75972837019588
"1913",113,"Lachnospiraceae.bacterium.CAG.364",-0.686846900677804
"1914",113,"Lactobacillus.paracasei",-0.686846900677804
"1915",113,"Prevotella.buccae",-0.686846900677804
"1916",113,"Providencia.alcalifaciens",-0.686846900677804
"1917",113,"Roseburia.intestinalis",-0.686846900677804
"1918",113,"Streptococcus.infantis",-0.686846900677804
"1919",113,"Streptococcus.sp..MP111F6_2",-0.686846900677804
"1920",113,"X.Clostridium..aldenense",7.2887028606823
"1921",113,"X.Ruminococcus..sp..MP14G5",-0.686846900677804
"1922",114,"Actinomyces.sp..HMSC035G02",-0.664660532366078
"1923",114,"Actinomyces.sp..ICM39",-0.664660532366078
"1924",114,"Anaerostipes.sp..992a",-0.664660532366078
"1925",114,"Bacteroides.ovatus",-0.664660532366078
"1926",114,"Enterobacter.cloacae",-0.664660532366078
"1927",114,"Erysipelatoclostridium.sp..MP95D5",-0.664660532366078
"1928",114,"Intestinibacter.sp..MP113D11",-0.664660532366078
"1929",114,"Klebsiella.oxytoca",-0.664660532366078
"1930",114,"Lachnospiraceae.bacterium.CAG.364",3.71341060250561
"1931",114,"Lactobacillus.paracasei",-0.664660532366078
"1932",114,"Prevotella.buccae",-0.664660532366078
"1933",114,"Providencia.alcalifaciens",-0.664660532366078
"1934",114,"Roseburia.intestinalis",-0.664660532366078
"1935",114,"Streptococcus.infantis",-0.664660532366078
"1936",114,"Streptococcus.sp..MP111F6_2",-0.664660532366078
"1937",114,"X.Clostridium..aldenense",7.88559684526628
"1938",114,"X.Ruminococcus..sp..MP14G5",-0.664660532366078
"1939",115,"Actinomyces.sp..HMSC035G02",-0.371076372155576
"1940",115,"Actinomyces.sp..ICM39",-0.371076372155576
"1941",115,"Anaerostipes.sp..992a",-0.371076372155576
"1942",115,"Bacteroides.ovatus",-0.371076372155576
"1943",115,"Enterobacter.cloacae",-0.371076372155576
"1944",115,"Erysipelatoclostridium.sp..MP95D5",-0.371076372155576
"1945",115,"Intestinibacter.sp..MP113D11",-0.371076372155576
"1946",115,"Klebsiella.oxytoca",-0.371076372155576
"1947",115,"Lachnospiraceae.bacterium.CAG.364",-0.371076372155576
"1948",115,"Lactobacillus.paracasei",-0.371076372155576
"1949",115,"Prevotella.buccae",-0.371076372155576
"1950",115,"Providencia.alcalifaciens",-0.371076372155576
"1951",115,"Roseburia.intestinalis",-0.371076372155576
"1952",115,"Streptococcus.infantis",-0.371076372155576
"1953",115,"Streptococcus.sp..MP111F6_2",-0.371076372155576
"1954",115,"X.Clostridium..aldenense",5.16965856675696
"1955",115,"X.Ruminococcus..sp..MP14G5",-0.371076372155576
"1956",116,"Actinomyces.sp..HMSC035G02",-0.317940225339893
"1957",116,"Actinomyces.sp..ICM39",-0.317940225339893
"1958",116,"Anaerostipes.sp..992a",-0.317940225339893
"1959",116,"Bacteroides.ovatus",-0.317940225339893
"1960",116,"Enterobacter.cloacae",-0.317940225339893
"1961",116,"Erysipelatoclostridium.sp..MP95D5",-0.317940225339893
"1962",116,"Intestinibacter.sp..MP113D11",-0.317940225339893
"1963",116,"Klebsiella.oxytoca",9.82381516738511
"1964",116,"Lachnospiraceae.bacterium.CAG.364",-0.317940225339893
"1965",116,"Lactobacillus.paracasei",-0.317940225339893
"1966",116,"Prevotella.buccae",-0.317940225339893
"1967",116,"Providencia.alcalifaciens",-0.317940225339893
"1968",116,"Roseburia.intestinalis",-0.317940225339893
"1969",116,"Streptococcus.infantis",-0.317940225339893
"1970",116,"Streptococcus.sp..MP111F6_2",-0.317940225339893
"1971",116,"X.Clostridium..aldenense",-0.317940225339893
"1972",116,"X.Ruminococcus..sp..MP14G5",-0.317940225339893
"1973",117,"Actinomyces.sp..HMSC035G02",-0.337631044819007
"1974",117,"Actinomyces.sp..ICM39",-0.337631044819007
"1975",117,"Anaerostipes.sp..992a",-0.337631044819007
"1976",117,"Bacteroides.ovatus",-0.337631044819007
"1977",117,"Enterobacter.cloacae",-0.337631044819007
"1978",117,"Erysipelatoclostridium.sp..MP95D5",7.41129375888754
"1979",117,"Intestinibacter.sp..MP113D11",-0.337631044819007
"1980",117,"Klebsiella.oxytoca",-0.337631044819007
"1981",117,"Lachnospiraceae.bacterium.CAG.364",-0.337631044819007
"1982",117,"Lactobacillus.paracasei",-0.337631044819007
"1983",117,"Prevotella.buccae",-0.337631044819007
"1984",117,"Providencia.alcalifaciens",-0.337631044819007
"1985",117,"Roseburia.intestinalis",-0.337631044819007
"1986",117,"Streptococcus.infantis",-0.337631044819007
"1987",117,"Streptococcus.sp..MP111F6_2",9.0093378490879
"1988",117,"X.Clostridium..aldenense",-0.337631044819007
"1989",117,"X.Ruminococcus..sp..MP14G5",-0.337631044819007
"1990",118,"Actinomyces.sp..HMSC035G02",-0.804370036817692
"1991",118,"Actinomyces.sp..ICM39",-0.804370036817692
"1992",118,"Anaerostipes.sp..992a",-0.804370036817692
"1993",118,"Bacteroides.ovatus",6.63457135810661
"1994",118,"Enterobacter.cloacae",-0.804370036817692
"1995",118,"Erysipelatoclostridium.sp..MP95D5",-0.804370036817692
"1996",118,"Intestinibacter.sp..MP113D11",-0.804370036817692
"1997",118,"Klebsiella.oxytoca",-0.804370036817692
"1998",118,"Lachnospiraceae.bacterium.CAG.364",-0.804370036817692
"1999",118,"Lactobacillus.paracasei",-0.804370036817692
"2000",118,"Prevotella.buccae",-0.804370036817692
"2001",118,"Providencia.alcalifaciens",-0.804370036817692
"2002",118,"Roseburia.intestinalis",-0.804370036817692
"2003",118,"Streptococcus.infantis",-0.804370036817692
"2004",118,"Streptococcus.sp..MP111F6_2",-0.804370036817692
"2005",118,"X.Clostridium..aldenense",5.34395320390856
"2006",118,"X.Ruminococcus..sp..MP14G5",4.48699801892193
"2007",119,"Actinomyces.sp..HMSC035G02",-0.743370368183426
"2008",119,"Actinomyces.sp..ICM39",-0.743370368183426
"2009",119,"Anaerostipes.sp..992a",-0.743370368183426
"2010",119,"Bacteroides.ovatus",-0.743370368183426
"2011",119,"Enterobacter.cloacae",-0.743370368183426
"2012",119,"Erysipelatoclostridium.sp..MP95D5",5.91404504918113
"2013",119,"Intestinibacter.sp..MP113D11",-0.743370368183426
"2014",119,"Klebsiella.oxytoca",-0.743370368183426
"2015",119,"Lachnospiraceae.bacterium.CAG.364",-0.743370368183426
"2016",119,"Lactobacillus.paracasei",-0.743370368183426
"2017",119,"Prevotella.buccae",-0.743370368183426
"2018",119,"Providencia.alcalifaciens",-0.743370368183426
"2019",119,"Roseburia.intestinalis",9.71544246204715
"2020",119,"Streptococcus.infantis",-0.743370368183426
"2021",119,"Streptococcus.sp..MP111F6_2",-0.743370368183426
"2022",119,"X.Clostridium..aldenense",8.04153774797252
"2023",119,"X.Ruminococcus..sp..MP14G5",-0.743370368183426
"2024",120,"Actinomyces.sp..HMSC035G02",-0.296814612222628
"2025",120,"Actinomyces.sp..ICM39",-0.296814612222628
"2026",120,"Anaerostipes.sp..992a",-0.296814612222628
"2027",120,"Bacteroides.ovatus",-0.296814612222628
"2028",120,"Enterobacter.cloacae",-0.296814612222628
"2029",120,"Erysipelatoclostridium.sp..MP95D5",-0.296814612222628
"2030",120,"Intestinibacter.sp..MP113D11",9.6758840024863
"2031",120,"Klebsiella.oxytoca",8.73871805486771
"2032",120,"Lachnospiraceae.bacterium.CAG.364",-0.296814612222628
"2033",120,"Lactobacillus.paracasei",-0.296814612222628
"2034",120,"Prevotella.buccae",-0.296814612222628
"2035",120,"Providencia.alcalifaciens",-0.296814612222628
"2036",120,"Roseburia.intestinalis",-0.296814612222628
"2037",120,"Streptococcus.infantis",-0.296814612222628
"2038",120,"Streptococcus.sp..MP111F6_2",-0.296814612222628
"2039",120,"X.Clostridium..aldenense",9.43177316351114
"2040",120,"X.Ruminococcus..sp..MP14G5",-0.296814612222628
"2041",121,"Actinomyces.sp..HMSC035G02",-0.335889543611502
"2042",121,"Actinomyces.sp..ICM39",-0.335889543611502
"2043",121,"Anaerostipes.sp..992a",-0.335889543611502
"2044",121,"Bacteroides.ovatus",-0.335889543611502
"2045",121,"Enterobacter.cloacae",-0.335889543611502
"2046",121,"Erysipelatoclostridium.sp..MP95D5",-0.335889543611502
"2047",121,"Intestinibacter.sp..MP113D11",-0.335889543611502
"2048",121,"Klebsiella.oxytoca",8.8230411823527
"2049",121,"Lachnospiraceae.bacterium.CAG.364",-0.335889543611502
"2050",121,"Lactobacillus.paracasei",-0.335889543611502
"2051",121,"Prevotella.buccae",-0.335889543611502
"2052",121,"Providencia.alcalifaciens",-0.335889543611502
"2053",121,"Roseburia.intestinalis",-0.335889543611502
"2054",121,"Streptococcus.infantis",-0.335889543611502
"2055",121,"Streptococcus.sp..MP111F6_2",-0.335889543611502
"2056",121,"X.Clostridium..aldenense",9.12241780043372
"2057",121,"X.Ruminococcus..sp..MP14G5",-0.335889543611502
"2058",122,"Actinomyces.sp..HMSC035G02",-0.37527472550688
"2059",122,"Actinomyces.sp..ICM39",-0.37527472550688
"2060",122,"Anaerostipes.sp..992a",-0.37527472550688
"2061",122,"Bacteroides.ovatus",-0.37527472550688
"2062",122,"Enterobacter.cloacae",6.26432503710492
"2063",122,"Erysipelatoclostridium.sp..MP95D5",-0.37527472550688
"2064",122,"Intestinibacter.sp..MP113D11",-0.37527472550688
"2065",122,"Klebsiella.oxytoca",8.04343013192652
"2066",122,"Lachnospiraceae.bacterium.CAG.364",-0.37527472550688
"2067",122,"Lactobacillus.paracasei",4.95858112972149
"2068",122,"Prevotella.buccae",6.024330000643
"2069",122,"Providencia.alcalifaciens",-0.37527472550688
"2070",122,"Roseburia.intestinalis",-0.37527472550688
"2071",122,"Streptococcus.infantis",8.67704229817877
"2072",122,"Streptococcus.sp..MP111F6_2",8.25890209133746
"2073",122,"X.Clostridium..aldenense",-0.37527472550688
"2074",122,"X.Ruminococcus..sp..MP14G5",-0.37527472550688
"2075",123,"Actinomyces.sp..HMSC035G02",-0.360394934746967
"2076",123,"Actinomyces.sp..ICM39",-0.360394934746967
"2077",123,"Anaerostipes.sp..992a",-0.360394934746967
"2078",123,"Bacteroides.ovatus",-0.360394934746967
"2079",123,"Enterobacter.cloacae",-0.360394934746967
"2080",123,"Erysipelatoclostridium.sp..MP95D5",-0.360394934746967
"2081",123,"Intestinibacter.sp..MP113D11",-0.360394934746967
"2082",123,"Klebsiella.oxytoca",10.4310931763971
"2083",123,"Lachnospiraceae.bacterium.CAG.364",-0.360394934746967
"2084",123,"Lactobacillus.paracasei",-0.360394934746967
"2085",123,"Prevotella.buccae",-0.360394934746967
"2086",123,"Providencia.alcalifaciens",-0.360394934746967
"2087",123,"Roseburia.intestinalis",3.0161125343667
"2088",123,"Streptococcus.infantis",-0.360394934746967
"2089",123,"Streptococcus.sp..MP111F6_2",-0.360394934746967
"2090",123,"X.Clostridium..aldenense",8.85873850380363
"2091",123,"X.Ruminococcus..sp..MP14G5",-0.360394934746967
"2092",124,"Actinomyces.sp..HMSC035G02",-0.502980472091368
"2093",124,"Actinomyces.sp..ICM39",-0.502980472091368
"2094",124,"Anaerostipes.sp..992a",-0.502980472091368
"2095",124,"Bacteroides.ovatus",-0.502980472091368
"2096",124,"Enterobacter.cloacae",-0.502980472091368
"2097",124,"Erysipelatoclostridium.sp..MP95D5",6.20055986403706
"2098",124,"Intestinibacter.sp..MP113D11",9.98685666412402
"2099",124,"Klebsiella.oxytoca",8.05836029520782
"2100",124,"Lachnospiraceae.bacterium.CAG.364",-0.502980472091368
"2101",124,"Lactobacillus.paracasei",-0.502980472091368
"2102",124,"Prevotella.buccae",-0.502980472091368
"2103",124,"Providencia.alcalifaciens",-0.502980472091368
"2104",124,"Roseburia.intestinalis",-0.502980472091368
"2105",124,"Streptococcus.infantis",-0.502980472091368
"2106",124,"Streptococcus.sp..MP111F6_2",-0.502980472091368
"2107",124,"X.Clostridium..aldenense",7.41284633864894
"2108",124,"X.Ruminococcus..sp..MP14G5",11.0797471481532
"2109",125,"Actinomyces.sp..HMSC035G02",-0.565237286397078
"2110",125,"Actinomyces.sp..ICM39",-0.565237286397078
"2111",125,"Anaerostipes.sp..992a",-0.565237286397078
"2112",125,"Bacteroides.ovatus",-0.565237286397078
"2113",125,"Enterobacter.cloacae",-0.565237286397078
"2114",125,"Erysipelatoclostridium.sp..MP95D5",-0.565237286397078
"2115",125,"Intestinibacter.sp..MP113D11",-0.565237286397078
"2116",125,"Klebsiella.oxytoca",-0.565237286397078
"2117",125,"Lachnospiraceae.bacterium.CAG.364",-0.565237286397078
"2118",125,"Lactobacillus.paracasei",-0.565237286397078
"2119",125,"Prevotella.buccae",-0.565237286397078
"2120",125,"Providencia.alcalifaciens",-0.565237286397078
"2121",125,"Roseburia.intestinalis",6.98168361485846
"2122",125,"Streptococcus.infantis",-0.565237286397078
"2123",125,"Streptococcus.sp..MP111F6_2",-0.565237286397078
"2124",125,"X.Clostridium..aldenense",-0.565237286397078
"2125",125,"X.Ruminococcus..sp..MP14G5",-0.565237286397078
"2126",126,"Actinomyces.sp..HMSC035G02",-0.980703966333502
"2127",126,"Actinomyces.sp..ICM39",-0.980703966333502
"2128",126,"Anaerostipes.sp..992a",-0.980703966333502
"2129",126,"Bacteroides.ovatus",-0.980703966333502
"2130",126,"Enterobacter.cloacae",-0.980703966333502
"2131",126,"Erysipelatoclostridium.sp..MP95D5",-0.980703966333502
"2132",126,"Intestinibacter.sp..MP113D11",-0.980703966333502
"2133",126,"Klebsiella.oxytoca",-0.980703966333502
"2134",126,"Lachnospiraceae.bacterium.CAG.364",-0.980703966333502
"2135",126,"Lactobacillus.paracasei",5.68248052363986
"2136",126,"Prevotella.buccae",10.6717929165816
"2137",126,"Providencia.alcalifaciens",-0.980703966333502
"2138",126,"Roseburia.intestinalis",-0.980703966333502
"2139",126,"Streptococcus.infantis",6.23684511702045
"2140",126,"Streptococcus.sp..MP111F6_2",-0.980703966333502
"2141",126,"X.Clostridium..aldenense",7.40899622338186
"2142",126,"X.Ruminococcus..sp..MP14G5",-0.980703966333502
"2143",127,"Actinomyces.sp..HMSC035G02",-0.425964259787106
"2144",127,"Actinomyces.sp..ICM39",-0.425964259787106
"2145",127,"Anaerostipes.sp..992a",-0.425964259787106
"2146",127,"Bacteroides.ovatus",-0.425964259787106
"2147",127,"Enterobacter.cloacae",9.92265055189204
"2148",127,"Erysipelatoclostridium.sp..MP95D5",-0.425964259787106
"2149",127,"Intestinibacter.sp..MP113D11",-0.425964259787106
"2150",127,"Klebsiella.oxytoca",8.49172266133163
"2151",127,"Lachnospiraceae.bacterium.CAG.364",9.44616533438575
"2152",127,"Lactobacillus.paracasei",6.42684764996737
"2153",127,"Prevotella.buccae",-0.425964259787106
"2154",127,"Providencia.alcalifaciens",-0.425964259787106
"2155",127,"Roseburia.intestinalis",-0.425964259787106
"2156",127,"Streptococcus.infantis",-0.425964259787106
"2157",127,"Streptococcus.sp..MP111F6_2",-0.425964259787106
"2158",127,"X.Clostridium..aldenense",9.69328847821051
"2159",127,"X.Ruminococcus..sp..MP14G5",-0.425964259787106
"2160",128,"Actinomyces.sp..HMSC035G02",-0.515918486568196
"2161",128,"Actinomyces.sp..ICM39",-0.515918486568196
"2162",128,"Anaerostipes.sp..992a",-0.515918486568196
"2163",128,"Bacteroides.ovatus",11.1769892340813
"2164",128,"Enterobacter.cloacae",4.40440908066967
"2165",128,"Erysipelatoclostridium.sp..MP95D5",-0.515918486568196
"2166",128,"Intestinibacter.sp..MP113D11",-0.515918486568196
"2167",128,"Klebsiella.oxytoca",6.32376452580257
"2168",128,"Lachnospiraceae.bacterium.CAG.364",6.97574910268345
"2169",128,"Lactobacillus.paracasei",-0.515918486568196
"2170",128,"Prevotella.buccae",-0.515918486568196
"2171",128,"Providencia.alcalifaciens",-0.515918486568196
"2172",128,"Roseburia.intestinalis",-0.515918486568196
"2173",128,"Streptococcus.infantis",-0.515918486568196
"2174",128,"Streptococcus.sp..MP111F6_2",-0.515918486568196
"2175",128,"X.Clostridium..aldenense",9.43112697907285
"2176",128,"X.Ruminococcus..sp..MP14G5",-0.515918486568196
"2177",129,"Actinomyces.sp..HMSC035G02",-0.56995773665725
"2178",129,"Actinomyces.sp..ICM39",5.24099420557853
"2179",129,"Anaerostipes.sp..992a",-0.56995773665725
"2180",129,"Bacteroides.ovatus",6.07564755748598
"2181",129,"Enterobacter.cloacae",-0.56995773665725
"2182",129,"Erysipelatoclostridium.sp..MP95D5",-0.56995773665725
"2183",129,"Intestinibacter.sp..MP113D11",-0.56995773665725
"2184",129,"Klebsiella.oxytoca",7.75749749694193
"2185",129,"Lachnospiraceae.bacterium.CAG.364",-0.56995773665725
"2186",129,"Lactobacillus.paracasei",-0.56995773665725
"2187",129,"Prevotella.buccae",-0.56995773665725
"2188",129,"Providencia.alcalifaciens",-0.56995773665725
"2189",129,"Roseburia.intestinalis",-0.56995773665725
"2190",129,"Streptococcus.infantis",-0.56995773665725
"2191",129,"Streptococcus.sp..MP111F6_2",-0.56995773665725
"2192",129,"X.Clostridium..aldenense",8.20721009911446
"2193",129,"X.Ruminococcus..sp..MP14G5",-0.56995773665725
"2194",130,"Actinomyces.sp..HMSC035G02",-1.2348106377097
"2195",130,"Actinomyces.sp..ICM39",-1.2348106377097
"2196",130,"Anaerostipes.sp..992a",-1.2348106377097
"2197",130,"Bacteroides.ovatus",7.73691767222935
"2198",130,"Enterobacter.cloacae",5.69913920573493
"2199",130,"Erysipelatoclostridium.sp..MP95D5",-1.2348106377097
"2200",130,"Intestinibacter.sp..MP113D11",8.80325067107734
"2201",130,"Klebsiella.oxytoca",5.71358880732494
"2202",130,"Lachnospiraceae.bacterium.CAG.364",-1.2348106377097
"2203",130,"Lactobacillus.paracasei",-1.2348106377097
"2204",130,"Prevotella.buccae",5.0543170138884
"2205",130,"Providencia.alcalifaciens",-1.2348106377097
"2206",130,"Roseburia.intestinalis",8.04345552273456
"2207",130,"Streptococcus.infantis",3.22658180749414
"2208",130,"Streptococcus.sp..MP111F6_2",-1.2348106377097
"2209",130,"X.Clostridium..aldenense",3.92451255441673
"2210",130,"X.Ruminococcus..sp..MP14G5",-1.2348106377097
"2211",131,"Actinomyces.sp..HMSC035G02",-0.699333059825392
"2212",131,"Actinomyces.sp..ICM39",-0.699333059825392
"2213",131,"Anaerostipes.sp..992a",-0.699333059825392
"2214",131,"Bacteroides.ovatus",10.7985515731789
"2215",131,"Enterobacter.cloacae",-0.699333059825392
"2216",131,"Erysipelatoclostridium.sp..MP95D5",-0.699333059825392
"2217",131,"Intestinibacter.sp..MP113D11",-0.699333059825392
"2218",131,"Klebsiella.oxytoca",-0.699333059825392
"2219",131,"Lachnospiraceae.bacterium.CAG.364",7.57924402845839
"2220",131,"Lactobacillus.paracasei",-0.699333059825392
"2221",131,"Prevotella.buccae",-0.699333059825392
"2222",131,"Providencia.alcalifaciens",-0.699333059825392
"2223",131,"Roseburia.intestinalis",-0.699333059825392
"2224",131,"Streptococcus.infantis",-0.699333059825392
"2225",131,"Streptococcus.sp..MP111F6_2",-0.699333059825392
"2226",131,"X.Clostridium..aldenense",8.54738344971955
"2227",131,"X.Ruminococcus..sp..MP14G5",6.24618319409838
"2228",132,"Actinomyces.sp..HMSC035G02",-0.370079175159713
"2229",132,"Actinomyces.sp..ICM39",-0.370079175159713
"2230",132,"Anaerostipes.sp..992a",-0.370079175159713
"2231",132,"Bacteroides.ovatus",-0.370079175159713
"2232",132,"Enterobacter.cloacae",6.25283266455895
"2233",132,"Erysipelatoclostridium.sp..MP95D5",-0.370079175159713
"2234",132,"Intestinibacter.sp..MP113D11",-0.370079175159713
"2235",132,"Klebsiella.oxytoca",8.48743196431415
"2236",132,"Lachnospiraceae.bacterium.CAG.364",-0.370079175159713
"2237",132,"Lactobacillus.paracasei",-0.370079175159713
"2238",132,"Prevotella.buccae",-0.370079175159713
"2239",132,"Providencia.alcalifaciens",-0.370079175159713
"2240",132,"Roseburia.intestinalis",-0.370079175159713
"2241",132,"Streptococcus.infantis",-0.370079175159713
"2242",132,"Streptococcus.sp..MP111F6_2",10.098653243866
"2243",132,"X.Clostridium..aldenense",7.93338330399518
"2244",132,"X.Ruminococcus..sp..MP14G5",-0.370079175159713
"2245",133,"Actinomyces.sp..HMSC035G02",-0.395638057711746
"2246",133,"Actinomyces.sp..ICM39",5.90281622314311
"2247",133,"Anaerostipes.sp..992a",-0.395638057711746
"2248",133,"Bacteroides.ovatus",-0.395638057711746
"2249",133,"Enterobacter.cloacae",4.48761662180207
"2250",133,"Erysipelatoclostridium.sp..MP95D5",-0.395638057711746
"2251",133,"Intestinibacter.sp..MP113D11",-0.395638057711746
"2252",133,"Klebsiella.oxytoca",9.50040472960226
"2253",133,"Lachnospiraceae.bacterium.CAG.364",-0.395638057711746
"2254",133,"Lactobacillus.paracasei",-0.395638057711746
"2255",133,"Prevotella.buccae",-0.395638057711746
"2256",133,"Providencia.alcalifaciens",-0.395638057711746
"2257",133,"Roseburia.intestinalis",-0.395638057711746
"2258",133,"Streptococcus.infantis",8.19173788324813
"2259",133,"Streptococcus.sp..MP111F6_2",-0.395638057711746
"2260",133,"X.Clostridium..aldenense",8.32246734669491
"2261",133,"X.Ruminococcus..sp..MP14G5",-0.395638057711746
"2262",134,"Actinomyces.sp..HMSC035G02",-0.632993795847696
"2263",134,"Actinomyces.sp..ICM39",5.6541677298157
"2264",134,"Anaerostipes.sp..992a",-0.632993795847696
"2265",134,"Bacteroides.ovatus",10.3998498784319
"2266",134,"Enterobacter.cloacae",-0.632993795847696
"2267",134,"Erysipelatoclostridium.sp..MP95D5",-0.632993795847696
"2268",134,"Intestinibacter.sp..MP113D11",10.107272820716
"2269",134,"Klebsiella.oxytoca",-0.632993795847696
"2270",134,"Lachnospiraceae.bacterium.CAG.364",-0.632993795847696
"2271",134,"Lactobacillus.paracasei",-0.632993795847696
"2272",134,"Prevotella.buccae",4.14909358406494
"2273",134,"Providencia.alcalifaciens",-0.632993795847696
"2274",134,"Roseburia.intestinalis",-0.632993795847696
"2275",134,"Streptococcus.infantis",6.62465611349288
"2276",134,"Streptococcus.sp..MP111F6_2",6.76949848467259
"2277",134,"X.Clostridium..aldenense",8.73079311042902
"2278",134,"X.Ruminococcus..sp..MP14G5",8.69885074539826
"2279",135,"Actinomyces.sp..HMSC035G02",-0.412421015856628
"2280",135,"Actinomyces.sp..ICM39",5.83562923473608
"2281",135,"Anaerostipes.sp..992a",-0.412421015856628
"2282",135,"Bacteroides.ovatus",-0.412421015856628
"2283",135,"Enterobacter.cloacae",-0.412421015856628
"2284",135,"Erysipelatoclostridium.sp..MP95D5",-0.412421015856628
"2285",135,"Intestinibacter.sp..MP113D11",-0.412421015856628
"2286",135,"Klebsiella.oxytoca",10.9627909077496
"2287",135,"Lachnospiraceae.bacterium.CAG.364",-0.412421015856628
"2288",135,"Lactobacillus.paracasei",-0.412421015856628
"2289",135,"Prevotella.buccae",-0.412421015856628
"2290",135,"Providencia.alcalifaciens",-0.412421015856628
"2291",135,"Roseburia.intestinalis",-0.412421015856628
"2292",135,"Streptococcus.infantis",-0.412421015856628
"2293",135,"Streptococcus.sp..MP111F6_2",7.66862747280963
"2294",135,"X.Clostridium..aldenense",-0.412421015856628
"2295",135,"X.Ruminococcus..sp..MP14G5",-0.412421015856628
"2296",136,"Actinomyces.sp..HMSC035G02",-0.811355663936972
"2297",136,"Actinomyces.sp..ICM39",-0.811355663936972
"2298",136,"Anaerostipes.sp..992a",-0.811355663936972
"2299",136,"Bacteroides.ovatus",6.55828302877831
"2300",136,"Enterobacter.cloacae",-0.811355663936972
"2301",136,"Erysipelatoclostridium.sp..MP95D5",-0.811355663936972
"2302",136,"Intestinibacter.sp..MP113D11",-0.811355663936972
"2303",136,"Klebsiella.oxytoca",-0.811355663936972
"2304",136,"Lachnospiraceae.bacterium.CAG.364",-0.811355663936972
"2305",136,"Lactobacillus.paracasei",-0.811355663936972
"2306",136,"Prevotella.buccae",-0.811355663936972
"2307",136,"Providencia.alcalifaciens",-0.811355663936972
"2308",136,"Roseburia.intestinalis",6.4622668158421
"2309",136,"Streptococcus.infantis",-0.811355663936972
"2310",136,"Streptococcus.sp..MP111F6_2",-0.811355663936972
"2311",136,"X.Clostridium..aldenense",6.10794210481152
"2312",136,"X.Ruminococcus..sp..MP14G5",-0.811355663936972
"2313",137,"Actinomyces.sp..HMSC035G02",-1.16444548957732
"2314",137,"Actinomyces.sp..ICM39",-1.16444548957732
"2315",137,"Anaerostipes.sp..992a",-1.16444548957732
"2316",137,"Bacteroides.ovatus",-1.16444548957732
"2317",137,"Enterobacter.cloacae",-1.16444548957732
"2318",137,"Erysipelatoclostridium.sp..MP95D5",-1.16444548957732
"2319",137,"Intestinibacter.sp..MP113D11",-1.16444548957732
"2320",137,"Klebsiella.oxytoca",-1.16444548957732
"2321",137,"Lachnospiraceae.bacterium.CAG.364",-1.16444548957732
"2322",137,"Lactobacillus.paracasei",-1.16444548957732
"2323",137,"Prevotella.buccae",-1.16444548957732
"2324",137,"Providencia.alcalifaciens",-1.16444548957732
"2325",137,"Roseburia.intestinalis",5.6319776637578
"2326",137,"Streptococcus.infantis",-1.16444548957732
"2327",137,"Streptococcus.sp..MP111F6_2",4.24970925334067
"2328",137,"X.Clostridium..aldenense",3.97166397248202
"2329",137,"X.Ruminococcus..sp..MP14G5",-1.16444548957732
"2330",138,"Actinomyces.sp..HMSC035G02",6.17347895780748
"2331",138,"Actinomyces.sp..ICM39",-0.0981866444516566
"2332",138,"Anaerostipes.sp..992a",-0.0981866444516566
"2333",138,"Bacteroides.ovatus",-0.0981866444516566
"2334",138,"Enterobacter.cloacae",-0.0981866444516566
"2335",138,"Erysipelatoclostridium.sp..MP95D5",-0.0981866444516566
"2336",138,"Intestinibacter.sp..MP113D11",-0.0981866444516566
"2337",138,"Klebsiella.oxytoca",12.6885141450364
"2338",138,"Lachnospiraceae.bacterium.CAG.364",-0.0981866444516566
"2339",138,"Lactobacillus.paracasei",-0.0981866444516566
"2340",138,"Prevotella.buccae",-0.0981866444516566
"2341",138,"Providencia.alcalifaciens",-0.0981866444516566
"2342",138,"Roseburia.intestinalis",-0.0981866444516566
"2343",138,"Streptococcus.infantis",-0.0981866444516566
"2344",138,"Streptococcus.sp..MP111F6_2",7.83509765067216
"2345",138,"X.Clostridium..aldenense",-0.0981866444516566
"2346",138,"X.Ruminococcus..sp..MP14G5",-0.0981866444516566
"2347",139,"Actinomyces.sp..HMSC035G02",-1.22359988243023
"2348",139,"Actinomyces.sp..ICM39",-1.22359988243023
"2349",139,"Anaerostipes.sp..992a",-1.22359988243023
"2350",139,"Bacteroides.ovatus",-1.22359988243023
"2351",139,"Enterobacter.cloacae",-1.22359988243023
"2352",139,"Erysipelatoclostridium.sp..MP95D5",-1.22359988243023
"2353",139,"Intestinibacter.sp..MP113D11",-1.22359988243023
"2354",139,"Klebsiella.oxytoca",-1.22359988243023
"2355",139,"Lachnospiraceae.bacterium.CAG.364",4.53173526880389
"2356",139,"Lactobacillus.paracasei",-1.22359988243023
"2357",139,"Prevotella.buccae",-1.22359988243023
"2358",139,"Providencia.alcalifaciens",-1.22359988243023
"2359",139,"Roseburia.intestinalis",9.1095509920036
"2360",139,"Streptococcus.infantis",-1.22359988243023
"2361",139,"Streptococcus.sp..MP111F6_2",-1.22359988243023
"2362",139,"X.Clostridium..aldenense",6.0426436384429
"2363",139,"X.Ruminococcus..sp..MP14G5",6.12522344629096
"2364",140,"Actinomyces.sp..HMSC035G02",-0.317675503989813
"2365",140,"Actinomyces.sp..ICM39",-0.317675503989813
"2366",140,"Anaerostipes.sp..992a",-0.317675503989813
"2367",140,"Bacteroides.ovatus",11.1954695291796
"2368",140,"Enterobacter.cloacae",-0.317675503989813
"2369",140,"Erysipelatoclostridium.sp..MP95D5",-0.317675503989813
"2370",140,"Intestinibacter.sp..MP113D11",-0.317675503989813
"2371",140,"Klebsiella.oxytoca",7.98605080188363
"2372",140,"Lachnospiraceae.bacterium.CAG.364",-0.317675503989813
"2373",140,"Lactobacillus.paracasei",-0.317675503989813
"2374",140,"Prevotella.buccae",-0.317675503989813
"2375",140,"Providencia.alcalifaciens",-0.317675503989813
"2376",140,"Roseburia.intestinalis",-0.317675503989813
"2377",140,"Streptococcus.infantis",-0.317675503989813
"2378",140,"Streptococcus.sp..MP111F6_2",-0.317675503989813
"2379",140,"X.Clostridium..aldenense",8.63840341314917
"2380",140,"X.Ruminococcus..sp..MP14G5",-0.317675503989813
"2381",141,"Actinomyces.sp..HMSC035G02",5.64150586961588
"2382",141,"Actinomyces.sp..ICM39",-0.551787131241994
"2383",141,"Anaerostipes.sp..992a",-0.551787131241994
"2384",141,"Bacteroides.ovatus",-0.551787131241994
"2385",141,"Enterobacter.cloacae",-0.551787131241994
"2386",141,"Erysipelatoclostridium.sp..MP95D5",-0.551787131241994
"2387",141,"Intestinibacter.sp..MP113D11",-0.551787131241994
"2388",141,"Klebsiella.oxytoca",-0.551787131241994
"2389",141,"Lachnospiraceae.bacterium.CAG.364",-0.551787131241994
"2390",141,"Lactobacillus.paracasei",7.48777184508305
"2391",141,"Prevotella.buccae",9.95198751852284
"2392",141,"Providencia.alcalifaciens",-0.551787131241994
"2393",141,"Roseburia.intestinalis",-0.551787131241994
"2394",141,"Streptococcus.infantis",-0.551787131241994
"2395",141,"Streptococcus.sp..MP111F6_2",-0.551787131241994
"2396",141,"X.Clostridium..aldenense",-0.551787131241994
"2397",141,"X.Ruminococcus..sp..MP14G5",-0.551787131241994
"2398",142,"Actinomyces.sp..HMSC035G02",-0.143970090174118
"2399",142,"Actinomyces.sp..ICM39",-0.143970090174118
"2400",142,"Anaerostipes.sp..992a",-0.143970090174118
"2401",142,"Bacteroides.ovatus",-0.143970090174118
"2402",142,"Enterobacter.cloacae",9.16144536191641
"2403",142,"Erysipelatoclostridium.sp..MP95D5",-0.143970090174118
"2404",142,"Intestinibacter.sp..MP113D11",-0.143970090174118
"2405",142,"Klebsiella.oxytoca",10.1069782776989
"2406",142,"Lachnospiraceae.bacterium.CAG.364",-0.143970090174118
"2407",142,"Lactobacillus.paracasei",-0.143970090174118
"2408",142,"Prevotella.buccae",-0.143970090174118
"2409",142,"Providencia.alcalifaciens",-0.143970090174118
"2410",142,"Roseburia.intestinalis",-0.143970090174118
"2411",142,"Streptococcus.infantis",-0.143970090174118
"2412",142,"Streptococcus.sp..MP111F6_2",-0.143970090174118
"2413",142,"X.Clostridium..aldenense",-0.143970090174118
"2414",142,"X.Ruminococcus..sp..MP14G5",-0.143970090174118
"2415",143,"Actinomyces.sp..HMSC035G02",-0.457309669646815
"2416",143,"Actinomyces.sp..ICM39",-0.457309669646815
"2417",143,"Anaerostipes.sp..992a",-0.457309669646815
"2418",143,"Bacteroides.ovatus",-0.457309669646815
"2419",143,"Enterobacter.cloacae",-0.457309669646815
"2420",143,"Erysipelatoclostridium.sp..MP95D5",-0.457309669646815
"2421",143,"Intestinibacter.sp..MP113D11",-0.457309669646815
"2422",143,"Klebsiella.oxytoca",-0.457309669646815
"2423",143,"Lachnospiraceae.bacterium.CAG.364",-0.457309669646815
"2424",143,"Lactobacillus.paracasei",-0.457309669646815
"2425",143,"Prevotella.buccae",-0.457309669646815
"2426",143,"Providencia.alcalifaciens",-0.457309669646815
"2427",143,"Roseburia.intestinalis",10.0610029852733
"2428",143,"Streptococcus.infantis",-0.457309669646815
"2429",143,"Streptococcus.sp..MP111F6_2",-0.457309669646815
"2430",143,"X.Clostridium..aldenense",-0.457309669646815
"2431",143,"X.Ruminococcus..sp..MP14G5",-0.457309669646815
"2432",144,"Actinomyces.sp..HMSC035G02",5.84449864017927
"2433",144,"Actinomyces.sp..ICM39",-0.173989143389413
"2434",144,"Anaerostipes.sp..992a",-0.173989143389413
"2435",144,"Bacteroides.ovatus",-0.173989143389413
"2436",144,"Enterobacter.cloacae",10.2422475244395
"2437",144,"Erysipelatoclostridium.sp..MP95D5",-0.173989143389413
"2438",144,"Intestinibacter.sp..MP113D11",-0.173989143389413
"2439",144,"Klebsiella.oxytoca",13.0615178348126
"2440",144,"Lachnospiraceae.bacterium.CAG.364",-0.173989143389413
"2441",144,"Lactobacillus.paracasei",7.59073834329412
"2442",144,"Prevotella.buccae",-0.173989143389413
"2443",144,"Providencia.alcalifaciens",-0.173989143389413
"2444",144,"Roseburia.intestinalis",-0.173989143389413
"2445",144,"Streptococcus.infantis",-0.173989143389413
"2446",144,"Streptococcus.sp..MP111F6_2",7.74352993815151
"2447",144,"X.Clostridium..aldenense",-0.173989143389413
"2448",144,"X.Ruminococcus..sp..MP14G5",-0.173989143389413
"2449",145,"Actinomyces.sp..HMSC035G02",-0.696686111864617
"2450",145,"Actinomyces.sp..ICM39",-0.696686111864617
"2451",145,"Anaerostipes.sp..992a",-0.696686111864617
"2452",145,"Bacteroides.ovatus",-0.696686111864617
"2453",145,"Enterobacter.cloacae",-0.696686111864617
"2454",145,"Erysipelatoclostridium.sp..MP95D5",-0.696686111864617
"2455",145,"Intestinibacter.sp..MP113D11",9.30133538532383
"2456",145,"Klebsiella.oxytoca",-0.696686111864617
"2457",145,"Lachnospiraceae.bacterium.CAG.364",7.7318142520129
"2458",145,"Lactobacillus.paracasei",-0.696686111864617
"2459",145,"Prevotella.buccae",-0.696686111864617
"2460",145,"Providencia.alcalifaciens",-0.696686111864617
"2461",145,"Roseburia.intestinalis",7.15306984180046
"2462",145,"Streptococcus.infantis",4.10972450890068
"2463",145,"Streptococcus.sp..MP111F6_2",-0.696686111864617
"2464",145,"X.Clostridium..aldenense",6.82957726478031
"2465",145,"X.Ruminococcus..sp..MP14G5",-0.696686111864617
"2466",146,"Actinomyces.sp..HMSC035G02",5.88451075443068
"2467",146,"Actinomyces.sp..ICM39",-0.300514707136713
"2468",146,"Anaerostipes.sp..992a",-0.300514707136713
"2469",146,"Bacteroides.ovatus",-0.300514707136713
"2470",146,"Enterobacter.cloacae",10.0096029798122
"2471",146,"Erysipelatoclostridium.sp..MP95D5",-0.300514707136713
"2472",146,"Intestinibacter.sp..MP113D11",-0.300514707136713
"2473",146,"Klebsiella.oxytoca",-0.300514707136713
"2474",146,"Lachnospiraceae.bacterium.CAG.364",-0.300514707136713
"2475",146,"Lactobacillus.paracasei",5.47687825247391
"2476",146,"Prevotella.buccae",-0.300514707136713
"2477",146,"Providencia.alcalifaciens",-0.300514707136713
"2478",146,"Roseburia.intestinalis",-0.300514707136713
"2479",146,"Streptococcus.infantis",9.42566058431615
"2480",146,"Streptococcus.sp..MP111F6_2",-0.300514707136713
"2481",146,"X.Clostridium..aldenense",-0.300514707136713
"2482",146,"X.Ruminococcus..sp..MP14G5",-0.300514707136713
"2483",147,"Actinomyces.sp..HMSC035G02",-0.459431985507813
"2484",147,"Actinomyces.sp..ICM39",-0.459431985507813
"2485",147,"Anaerostipes.sp..992a",-0.459431985507813
"2486",147,"Bacteroides.ovatus",-0.459431985507813
"2487",147,"Enterobacter.cloacae",-0.459431985507813
"2488",147,"Erysipelatoclostridium.sp..MP95D5",-0.459431985507813
"2489",147,"Intestinibacter.sp..MP113D11",-0.459431985507813
"2490",147,"Klebsiella.oxytoca",-0.459431985507813
"2491",147,"Lachnospiraceae.bacterium.CAG.364",-0.459431985507813
"2492",147,"Lactobacillus.paracasei",-0.459431985507813
"2493",147,"Prevotella.buccae",-0.459431985507813
"2494",147,"Providencia.alcalifaciens",-0.459431985507813
"2495",147,"Roseburia.intestinalis",-0.459431985507813
"2496",147,"Streptococcus.infantis",-0.459431985507813
"2497",147,"Streptococcus.sp..MP111F6_2",8.97449131487106
"2498",147,"X.Clostridium..aldenense",-0.459431985507813
"2499",147,"X.Ruminococcus..sp..MP14G5",-0.459431985507813
"2500",148,"Actinomyces.sp..HMSC035G02",5.53931413104718
"2501",148,"Actinomyces.sp..ICM39",6.7751233129139
"2502",148,"Anaerostipes.sp..992a",-0.293138488302413
"2503",148,"Bacteroides.ovatus",-0.293138488302413
"2504",148,"Enterobacter.cloacae",6.65851762350564
"2505",148,"Erysipelatoclostridium.sp..MP95D5",-0.293138488302413
"2506",148,"Intestinibacter.sp..MP113D11",7.63080636086451
"2507",148,"Klebsiella.oxytoca",-0.293138488302413
"2508",148,"Lachnospiraceae.bacterium.CAG.364",-0.293138488302413
"2509",148,"Lactobacillus.paracasei",7.14513968545873
"2510",148,"Prevotella.buccae",-0.293138488302413
"2511",148,"Providencia.alcalifaciens",-0.293138488302413
"2512",148,"Roseburia.intestinalis",-0.293138488302413
"2513",148,"Streptococcus.infantis",-0.293138488302413
"2514",148,"Streptococcus.sp..MP111F6_2",-0.293138488302413
"2515",148,"X.Clostridium..aldenense",-0.293138488302413
"2516",148,"X.Ruminococcus..sp..MP14G5",-0.293138488302413
"2517",149,"Actinomyces.sp..HMSC035G02",-0.443482328778702
"2518",149,"Actinomyces.sp..ICM39",-0.443482328778702
"2519",149,"Anaerostipes.sp..992a",-0.443482328778702
"2520",149,"Bacteroides.ovatus",12.5016747376229
"2521",149,"Enterobacter.cloacae",-0.443482328778702
"2522",149,"Erysipelatoclostridium.sp..MP95D5",-0.443482328778702
"2523",149,"Intestinibacter.sp..MP113D11",-0.443482328778702
"2524",149,"Klebsiella.oxytoca",6.21595734211841
"2525",149,"Lachnospiraceae.bacterium.CAG.364",-0.443482328778702
"2526",149,"Lactobacillus.paracasei",-0.443482328778702
"2527",149,"Prevotella.buccae",-0.443482328778702
"2528",149,"Providencia.alcalifaciens",-0.443482328778702
"2529",149,"Roseburia.intestinalis",-0.443482328778702
"2530",149,"Streptococcus.infantis",-0.443482328778702
"2531",149,"Streptococcus.sp..MP111F6_2",8.76170340135159
"2532",149,"X.Clostridium..aldenense",8.69967988149991
"2533",149,"X.Ruminococcus..sp..MP14G5",-0.443482328778702
"2534",150,"Actinomyces.sp..HMSC035G02",-0.393314595479861
"2535",150,"Actinomyces.sp..ICM39",-0.393314595479861
"2536",150,"Anaerostipes.sp..992a",-0.393314595479861
"2537",150,"Bacteroides.ovatus",-0.393314595479861
"2538",150,"Enterobacter.cloacae",-0.393314595479861
"2539",150,"Erysipelatoclostridium.sp..MP95D5",-0.393314595479861
"2540",150,"Intestinibacter.sp..MP113D11",-0.393314595479861
"2541",150,"Klebsiella.oxytoca",-0.393314595479861
"2542",150,"Lachnospiraceae.bacterium.CAG.364",-0.393314595479861
"2543",150,"Lactobacillus.paracasei",-0.393314595479861
"2544",150,"Prevotella.buccae",12.731185054956
"2545",150,"Providencia.alcalifaciens",-0.393314595479861
"2546",150,"Roseburia.intestinalis",-0.393314595479861
"2547",150,"Streptococcus.infantis",-0.393314595479861
"2548",150,"Streptococcus.sp..MP111F6_2",-0.393314595479861
"2549",150,"X.Clostridium..aldenense",-0.393314595479861
"2550",150,"X.Ruminococcus..sp..MP14G5",-0.393314595479861
"2551",151,"Actinomyces.sp..HMSC035G02",-0.349774215841601
"2552",151,"Actinomyces.sp..ICM39",-0.349774215841601
"2553",151,"Anaerostipes.sp..992a",-0.349774215841601
"2554",151,"Bacteroides.ovatus",-0.349774215841601
"2555",151,"Enterobacter.cloacae",-0.349774215841601
"2556",151,"Erysipelatoclostridium.sp..MP95D5",-0.349774215841601
"2557",151,"Intestinibacter.sp..MP113D11",10.1620298833484
"2558",151,"Klebsiella.oxytoca",9.78750249803824
"2559",151,"Lachnospiraceae.bacterium.CAG.364",-0.349774215841601
"2560",151,"Lactobacillus.paracasei",-0.349774215841601
"2561",151,"Prevotella.buccae",11.7539862717
"2562",151,"Providencia.alcalifaciens",-0.349774215841601
"2563",151,"Roseburia.intestinalis",-0.349774215841601
"2564",151,"Streptococcus.infantis",-0.349774215841601
"2565",151,"Streptococcus.sp..MP111F6_2",-0.349774215841601
"2566",151,"X.Clostridium..aldenense",-0.349774215841601
"2567",151,"X.Ruminococcus..sp..MP14G5",-0.349774215841601
"2568",152,"Actinomyces.sp..HMSC035G02",-0.249384096755955
"2569",152,"Actinomyces.sp..ICM39",-0.249384096755955
"2570",152,"Anaerostipes.sp..992a",-0.249384096755955
"2571",152,"Bacteroides.ovatus",-0.249384096755955
"2572",152,"Enterobacter.cloacae",-0.249384096755955
"2573",152,"Erysipelatoclostridium.sp..MP95D5",10.3385516709862
"2574",152,"Intestinibacter.sp..MP113D11",-0.249384096755955
"2575",152,"Klebsiella.oxytoca",9.84151422087163
"2576",152,"Lachnospiraceae.bacterium.CAG.364",-0.249384096755955
"2577",152,"Lactobacillus.paracasei",4.54549999384758
"2578",152,"Prevotella.buccae",-0.249384096755955
"2579",152,"Providencia.alcalifaciens",-0.249384096755955
"2580",152,"Roseburia.intestinalis",-0.249384096755955
"2581",152,"Streptococcus.infantis",-0.249384096755955
"2582",152,"Streptococcus.sp..MP111F6_2",9.13875311032077
"2583",152,"X.Clostridium..aldenense",-0.249384096755955
"2584",152,"X.Ruminococcus..sp..MP14G5",-0.249384096755955
"2585",153,"Actinomyces.sp..HMSC035G02",-1.09467678127845
"2586",153,"Actinomyces.sp..ICM39",-1.09467678127845
"2587",153,"Anaerostipes.sp..992a",-1.09467678127845
"2588",153,"Bacteroides.ovatus",-1.09467678127845
"2589",153,"Enterobacter.cloacae",-1.09467678127845
"2590",153,"Erysipelatoclostridium.sp..MP95D5",-1.09467678127845
"2591",153,"Intestinibacter.sp..MP113D11",-1.09467678127845
"2592",153,"Klebsiella.oxytoca",-1.09467678127845
"2593",153,"Lachnospiraceae.bacterium.CAG.364",-1.09467678127845
"2594",153,"Lactobacillus.paracasei",-1.09467678127845
"2595",153,"Prevotella.buccae",-1.09467678127845
"2596",153,"Providencia.alcalifaciens",-1.09467678127845
"2597",153,"Roseburia.intestinalis",7.95036414292806
"2598",153,"Streptococcus.infantis",7.04389764697768
"2599",153,"Streptococcus.sp..MP111F6_2",3.70437317755474
"2600",153,"X.Clostridium..aldenense",4.86311720468089
"2601",153,"X.Ruminococcus..sp..MP14G5",-1.09467678127845
"2602",154,"Actinomyces.sp..HMSC035G02",-0.54011642263194
"2603",154,"Actinomyces.sp..ICM39",-0.54011642263194
"2604",154,"Anaerostipes.sp..992a",-0.54011642263194
"2605",154,"Bacteroides.ovatus",-0.54011642263194
"2606",154,"Enterobacter.cloacae",-0.54011642263194
"2607",154,"Erysipelatoclostridium.sp..MP95D5",7.41463605415184
"2608",154,"Intestinibacter.sp..MP113D11",10.4291638140119
"2609",154,"Klebsiella.oxytoca",6.3770777364057
"2610",154,"Lachnospiraceae.bacterium.CAG.364",8.7172360996536
"2611",154,"Lactobacillus.paracasei",-0.54011642263194
"2612",154,"Prevotella.buccae",-0.54011642263194
"2613",154,"Providencia.alcalifaciens",-0.54011642263194
"2614",154,"Roseburia.intestinalis",10.7890783015806
"2615",154,"Streptococcus.infantis",-0.54011642263194
"2616",154,"Streptococcus.sp..MP111F6_2",-0.54011642263194
"2617",154,"X.Clostridium..aldenense",9.96458920192743
"2618",154,"X.Ruminococcus..sp..MP14G5",-0.54011642263194
"2619",155,"Actinomyces.sp..HMSC035G02",-1.3153748462951
"2620",155,"Actinomyces.sp..ICM39",-1.3153748462951
"2621",155,"Anaerostipes.sp..992a",-1.3153748462951
"2622",155,"Bacteroides.ovatus",4.31455180403551
"2623",155,"Enterobacter.cloacae",-1.3153748462951
"2624",155,"Erysipelatoclostridium.sp..MP95D5",-1.3153748462951
"2625",155,"Intestinibacter.sp..MP113D11",-1.3153748462951
"2626",155,"Klebsiella.oxytoca",-1.3153748462951
"2627",155,"Lachnospiraceae.bacterium.CAG.364",-1.3153748462951
"2628",155,"Lactobacillus.paracasei",-1.3153748462951
"2629",155,"Prevotella.buccae",-1.3153748462951
"2630",155,"Providencia.alcalifaciens",-1.3153748462951
"2631",155,"Roseburia.intestinalis",4.97306751327103
"2632",155,"Streptococcus.infantis",-1.3153748462951
"2633",155,"Streptococcus.sp..MP111F6_2",-1.3153748462951
"2634",155,"X.Clostridium..aldenense",3.96651453088525
"2635",155,"X.Ruminococcus..sp..MP14G5",-1.3153748462951
"2636",156,"Actinomyces.sp..HMSC035G02",-0.3154869645328
"2637",156,"Actinomyces.sp..ICM39",6.62643079983922
"2638",156,"Anaerostipes.sp..992a",-0.3154869645328
"2639",156,"Bacteroides.ovatus",-0.3154869645328
"2640",156,"Enterobacter.cloacae",12.0259363342363
"2641",156,"Erysipelatoclostridium.sp..MP95D5",-0.3154869645328
"2642",156,"Intestinibacter.sp..MP113D11",-0.3154869645328
"2643",156,"Klebsiella.oxytoca",-0.3154869645328
"2644",156,"Lachnospiraceae.bacterium.CAG.364",7.46192558936158
"2645",156,"Lactobacillus.paracasei",10.0485409488307
"2646",156,"Prevotella.buccae",-0.3154869645328
"2647",156,"Providencia.alcalifaciens",1.74419283287225
"2648",156,"Roseburia.intestinalis",-0.3154869645328
"2649",156,"Streptococcus.infantis",-0.3154869645328
"2650",156,"Streptococcus.sp..MP111F6_2",-0.3154869645328
"2651",156,"X.Clostridium..aldenense",5.30678735203757
"2652",156,"X.Ruminococcus..sp..MP14G5",-0.3154869645328
"2653",157,"Actinomyces.sp..HMSC035G02",-0.775569610256598
"2654",157,"Actinomyces.sp..ICM39",-0.775569610256598
"2655",157,"Anaerostipes.sp..992a",-0.775569610256598
"2656",157,"Bacteroides.ovatus",10.9132177039743
"2657",157,"Enterobacter.cloacae",-0.775569610256598
"2658",157,"Erysipelatoclostridium.sp..MP95D5",-0.775569610256598
"2659",157,"Intestinibacter.sp..MP113D11",-0.775569610256598
"2660",157,"Klebsiella.oxytoca",4.2848056560609
"2661",157,"Lachnospiraceae.bacterium.CAG.364",7.08181224453231
"2662",157,"Lactobacillus.paracasei",-0.775569610256598
"2663",157,"Prevotella.buccae",-0.775569610256598
"2664",157,"Providencia.alcalifaciens",-0.775569610256598
"2665",157,"Roseburia.intestinalis",-0.775569610256598
"2666",157,"Streptococcus.infantis",-0.775569610256598
"2667",157,"Streptococcus.sp..MP111F6_2",6.47647569857824
"2668",157,"X.Clostridium..aldenense",9.07016405685255
"2669",157,"X.Ruminococcus..sp..MP14G5",5.27399951204287
"2670",158,"Actinomyces.sp..HMSC035G02",-1.11754186721251
"2671",158,"Actinomyces.sp..ICM39",-1.11754186721251
"2672",158,"Anaerostipes.sp..992a",-1.11754186721251
"2673",158,"Bacteroides.ovatus",-1.11754186721251
"2674",158,"Enterobacter.cloacae",-1.11754186721251
"2675",158,"Erysipelatoclostridium.sp..MP95D5",-1.11754186721251
"2676",158,"Intestinibacter.sp..MP113D11",-1.11754186721251
"2677",158,"Klebsiella.oxytoca",-1.11754186721251
"2678",158,"Lachnospiraceae.bacterium.CAG.364",-1.11754186721251
"2679",158,"Lactobacillus.paracasei",-1.11754186721251
"2680",158,"Prevotella.buccae",-1.11754186721251
"2681",158,"Providencia.alcalifaciens",-1.11754186721251
"2682",158,"Roseburia.intestinalis",-1.11754186721251
"2683",158,"Streptococcus.infantis",-1.11754186721251
"2684",158,"Streptococcus.sp..MP111F6_2",-1.11754186721251
"2685",158,"X.Clostridium..aldenense",4.81619151520372
"2686",158,"X.Ruminococcus..sp..MP14G5",-1.11754186721251
"2687",159,"Actinomyces.sp..HMSC035G02",-0.205067303443503
"2688",159,"Actinomyces.sp..ICM39",-0.205067303443503
"2689",159,"Anaerostipes.sp..992a",-0.205067303443503
"2690",159,"Bacteroides.ovatus",-0.205067303443503
"2691",159,"Enterobacter.cloacae",5.30363919318861
"2692",159,"Erysipelatoclostridium.sp..MP95D5",-0.205067303443503
"2693",159,"Intestinibacter.sp..MP113D11",-0.205067303443503
"2694",159,"Klebsiella.oxytoca",-0.205067303443503
"2695",159,"Lachnospiraceae.bacterium.CAG.364",-0.205067303443503
"2696",159,"Lactobacillus.paracasei",6.472694182394
"2697",159,"Prevotella.buccae",13.155048791497
"2698",159,"Providencia.alcalifaciens",-0.205067303443503
"2699",159,"Roseburia.intestinalis",-0.205067303443503
"2700",159,"Streptococcus.infantis",9.43756900990818
"2701",159,"Streptococcus.sp..MP111F6_2",-0.205067303443503
"2702",159,"X.Clostridium..aldenense",-0.205067303443503
"2703",159,"X.Ruminococcus..sp..MP14G5",-0.205067303443503
"2704",160,"Actinomyces.sp..HMSC035G02",-0.380092992354085
"2705",160,"Actinomyces.sp..ICM39",-0.380092992354085
"2706",160,"Anaerostipes.sp..992a",-0.380092992354085
"2707",160,"Bacteroides.ovatus",-0.380092992354085
"2708",160,"Enterobacter.cloacae",-0.380092992354085
"2709",160,"Erysipelatoclostridium.sp..MP95D5",8.36813057529841
"2710",160,"Intestinibacter.sp..MP113D11",-0.380092992354085
"2711",160,"Klebsiella.oxytoca",10.2414606222327
"2712",160,"Lachnospiraceae.bacterium.CAG.364",-0.380092992354085
"2713",160,"Lactobacillus.paracasei",4.99213995237038
"2714",160,"Prevotella.buccae",-0.380092992354085
"2715",160,"Providencia.alcalifaciens",-0.380092992354085
"2716",160,"Roseburia.intestinalis",-0.380092992354085
"2717",160,"Streptococcus.infantis",-0.380092992354085
"2718",160,"Streptococcus.sp..MP111F6_2",7.3487647506951
"2719",160,"X.Clostridium..aldenense",9.60752775947586
"2720",160,"X.Ruminococcus..sp..MP14G5",-0.380092992354085
"2721",161,"Actinomyces.sp..HMSC035G02",-0.187038973802265
"2722",161,"Actinomyces.sp..ICM39",-0.187038973802265
"2723",161,"Anaerostipes.sp..992a",-0.187038973802265
"2724",161,"Bacteroides.ovatus",-0.187038973802265
"2725",161,"Enterobacter.cloacae",-0.187038973802265
"2726",161,"Erysipelatoclostridium.sp..MP95D5",-0.187038973802265
"2727",161,"Intestinibacter.sp..MP113D11",-0.187038973802265
"2728",161,"Klebsiella.oxytoca",-0.187038973802265
"2729",161,"Lachnospiraceae.bacterium.CAG.364",-0.187038973802265
"2730",161,"Lactobacillus.paracasei",5.3336280138081
"2731",161,"Prevotella.buccae",-0.187038973802265
"2732",161,"Providencia.alcalifaciens",-0.187038973802265
"2733",161,"Roseburia.intestinalis",-0.187038973802265
"2734",161,"Streptococcus.infantis",10.9073036842547
"2735",161,"Streptococcus.sp..MP111F6_2",6.93408145995247
"2736",161,"X.Clostridium..aldenense",-0.187038973802265
"2737",161,"X.Ruminococcus..sp..MP14G5",-0.187038973802265
"2738",162,"Actinomyces.sp..HMSC035G02",-0.383904055834019
"2739",162,"Actinomyces.sp..ICM39",-0.383904055834019
"2740",162,"Anaerostipes.sp..992a",-0.383904055834019
"2741",162,"Bacteroides.ovatus",-0.383904055834019
"2742",162,"Enterobacter.cloacae",-0.383904055834019
"2743",162,"Erysipelatoclostridium.sp..MP95D5",-0.383904055834019
"2744",162,"Intestinibacter.sp..MP113D11",8.68076400510587
"2745",162,"Klebsiella.oxytoca",10.0066546574028
"2746",162,"Lachnospiraceae.bacterium.CAG.364",-0.383904055834019
"2747",162,"Lactobacillus.paracasei",-0.383904055834019
"2748",162,"Prevotella.buccae",-0.383904055834019
"2749",162,"Providencia.alcalifaciens",-0.383904055834019
"2750",162,"Roseburia.intestinalis",-0.383904055834019
"2751",162,"Streptococcus.infantis",-0.383904055834019
"2752",162,"Streptococcus.sp..MP111F6_2",-0.383904055834019
"2753",162,"X.Clostridium..aldenense",9.41361910068911
"2754",162,"X.Ruminococcus..sp..MP14G5",-0.383904055834019
"2755",163,"Actinomyces.sp..HMSC035G02",-0.470296752643181
"2756",163,"Actinomyces.sp..ICM39",-0.470296752643181
"2757",163,"Anaerostipes.sp..992a",-0.470296752643181
"2758",163,"Bacteroides.ovatus",12.5803969977907
"2759",163,"Enterobacter.cloacae",-0.470296752643181
"2760",163,"Erysipelatoclostridium.sp..MP95D5",-0.470296752643181
"2761",163,"Intestinibacter.sp..MP113D11",-0.470296752643181
"2762",163,"Klebsiella.oxytoca",5.6130628266288
"2763",163,"Lachnospiraceae.bacterium.CAG.364",-0.470296752643181
"2764",163,"Lactobacillus.paracasei",-0.470296752643181
"2765",163,"Prevotella.buccae",-0.470296752643181
"2766",163,"Providencia.alcalifaciens",-0.470296752643181
"2767",163,"Roseburia.intestinalis",-0.470296752643181
"2768",163,"Streptococcus.infantis",-0.470296752643181
"2769",163,"Streptococcus.sp..MP111F6_2",9.2086013964545
"2770",163,"X.Clostridium..aldenense",8.40516595225722
"2771",163,"X.Ruminococcus..sp..MP14G5",-0.470296752643181
"2772",164,"Actinomyces.sp..HMSC035G02",5.22223579080087
"2773",164,"Actinomyces.sp..ICM39",5.12635397752235
"2774",164,"Anaerostipes.sp..992a",-0.282055864067535
"2775",164,"Bacteroides.ovatus",-0.282055864067535
"2776",164,"Enterobacter.cloacae",11.7753251644942
"2777",164,"Erysipelatoclostridium.sp..MP95D5",-0.282055864067535
"2778",164,"Intestinibacter.sp..MP113D11",-0.282055864067535
"2779",164,"Klebsiella.oxytoca",-0.282055864067535
"2780",164,"Lachnospiraceae.bacterium.CAG.364",-0.282055864067535
"2781",164,"Lactobacillus.paracasei",10.4751318940218
"2782",164,"Prevotella.buccae",-0.282055864067535
"2783",164,"Providencia.alcalifaciens",-0.282055864067535
"2784",164,"Roseburia.intestinalis",-0.282055864067535
"2785",164,"Streptococcus.infantis",-0.282055864067535
"2786",164,"Streptococcus.sp..MP111F6_2",-0.282055864067535
"2787",164,"X.Clostridium..aldenense",-0.282055864067535
"2788",164,"X.Ruminococcus..sp..MP14G5",-0.282055864067535
"2789",165,"Actinomyces.sp..HMSC035G02",-0.41398034497433
"2790",165,"Actinomyces.sp..ICM39",-0.41398034497433
"2791",165,"Anaerostipes.sp..992a",-0.41398034497433
"2792",165,"Bacteroides.ovatus",-0.41398034497433
"2793",165,"Enterobacter.cloacae",-0.41398034497433
"2794",165,"Erysipelatoclostridium.sp..MP95D5",-0.41398034497433
"2795",165,"Intestinibacter.sp..MP113D11",-0.41398034497433
"2796",165,"Klebsiella.oxytoca",-0.41398034497433
"2797",165,"Lachnospiraceae.bacterium.CAG.364",-0.41398034497433
"2798",165,"Lactobacillus.paracasei",5.85282242297255
"2799",165,"Prevotella.buccae",-0.41398034497433
"2800",165,"Providencia.alcalifaciens",-0.41398034497433
"2801",165,"Roseburia.intestinalis",9.14488371428369
"2802",165,"Streptococcus.infantis",-0.41398034497433
"2803",165,"Streptococcus.sp..MP111F6_2",7.71790130889638
"2804",165,"X.Clostridium..aldenense",7.22466669501892
"2805",165,"X.Ruminococcus..sp..MP14G5",-0.41398034497433
"2806",166,"Actinomyces.sp..HMSC035G02",-0.93821462630101
"2807",166,"Actinomyces.sp..ICM39",-0.93821462630101
"2808",166,"Anaerostipes.sp..992a",-0.93821462630101
"2809",166,"Bacteroides.ovatus",-0.93821462630101
"2810",166,"Enterobacter.cloacae",-0.93821462630101
"2811",166,"Erysipelatoclostridium.sp..MP95D5",-0.93821462630101
"2812",166,"Intestinibacter.sp..MP113D11",9.61393967050248
"2813",166,"Klebsiella.oxytoca",-0.93821462630101
"2814",166,"Lachnospiraceae.bacterium.CAG.364",-0.93821462630101
"2815",166,"Lactobacillus.paracasei",3.71748301944655
"2816",166,"Prevotella.buccae",-0.93821462630101
"2817",166,"Providencia.alcalifaciens",-0.93821462630101
"2818",166,"Roseburia.intestinalis",9.5874121454796
"2819",166,"Streptococcus.infantis",-0.93821462630101
"2820",166,"Streptococcus.sp..MP111F6_2",-0.93821462630101
"2821",166,"X.Clostridium..aldenense",6.84186729453346
"2822",166,"X.Ruminococcus..sp..MP14G5",-0.93821462630101
"2823",167,"Actinomyces.sp..HMSC035G02",-1.03797128405714
"2824",167,"Actinomyces.sp..ICM39",-1.03797128405714
"2825",167,"Anaerostipes.sp..992a",-1.03797128405714
"2826",167,"Bacteroides.ovatus",-1.03797128405714
"2827",167,"Enterobacter.cloacae",-1.03797128405714
"2828",167,"Erysipelatoclostridium.sp..MP95D5",-1.03797128405714
"2829",167,"Intestinibacter.sp..MP113D11",-1.03797128405714
"2830",167,"Klebsiella.oxytoca",4.12057994134928
"2831",167,"Lachnospiraceae.bacterium.CAG.364",-1.03797128405714
"2832",167,"Lactobacillus.paracasei",-1.03797128405714
"2833",167,"Prevotella.buccae",8.99824548520278
"2834",167,"Providencia.alcalifaciens",-1.03797128405714
"2835",167,"Roseburia.intestinalis",6.19471084994533
"2836",167,"Streptococcus.infantis",-1.03797128405714
"2837",167,"Streptococcus.sp..MP111F6_2",-1.03797128405714
"2838",167,"X.Clostridium..aldenense",-1.03797128405714
"2839",167,"X.Ruminococcus..sp..MP14G5",-1.03797128405714
"2840",168,"Actinomyces.sp..HMSC035G02",-0.162208531394988
"2841",168,"Actinomyces.sp..ICM39",-0.162208531394988
"2842",168,"Anaerostipes.sp..992a",-0.162208531394988
"2843",168,"Bacteroides.ovatus",-0.162208531394988
"2844",168,"Enterobacter.cloacae",3.82646236437526
"2845",168,"Erysipelatoclostridium.sp..MP95D5",-0.162208531394988
"2846",168,"Intestinibacter.sp..MP113D11",-0.162208531394988
"2847",168,"Klebsiella.oxytoca",-0.162208531394988
"2848",168,"Lachnospiraceae.bacterium.CAG.364",-0.162208531394988
"2849",168,"Lactobacillus.paracasei",-0.162208531394988
"2850",168,"Prevotella.buccae",-0.162208531394988
"2851",168,"Providencia.alcalifaciens",-0.162208531394988
"2852",168,"Roseburia.intestinalis",-0.162208531394988
"2853",168,"Streptococcus.infantis",-0.162208531394988
"2854",168,"Streptococcus.sp..MP111F6_2",-0.162208531394988
"2855",168,"X.Clostridium..aldenense",-0.162208531394988
"2856",168,"X.Ruminococcus..sp..MP14G5",-0.162208531394988
"2857",169,"Actinomyces.sp..HMSC035G02",-0.440187245201649
"2858",169,"Actinomyces.sp..ICM39",-0.440187245201649
"2859",169,"Anaerostipes.sp..992a",-0.440187245201649
"2860",169,"Bacteroides.ovatus",-0.440187245201649
"2861",169,"Enterobacter.cloacae",5.55243348361432
"2862",169,"Erysipelatoclostridium.sp..MP95D5",7.75269036533817
"2863",169,"Intestinibacter.sp..MP113D11",-0.440187245201649
"2864",169,"Klebsiella.oxytoca",8.0228100916475
"2865",169,"Lachnospiraceae.bacterium.CAG.364",-0.440187245201649
"2866",169,"Lactobacillus.paracasei",6.60540750162277
"2867",169,"Prevotella.buccae",-0.440187245201649
"2868",169,"Providencia.alcalifaciens",-0.440187245201649
"2869",169,"Roseburia.intestinalis",3.45826042773154
"2870",169,"Streptococcus.infantis",-0.440187245201649
"2871",169,"Streptococcus.sp..MP111F6_2",9.2993615966831
"2872",169,"X.Clostridium..aldenense",-0.440187245201649
"2873",169,"X.Ruminococcus..sp..MP14G5",-0.440187245201649
"2874",170,"Actinomyces.sp..HMSC035G02",-0.153328697984868
"2875",170,"Actinomyces.sp..ICM39",5.44763962891317
"2876",170,"Anaerostipes.sp..992a",-0.153328697984868
"2877",170,"Bacteroides.ovatus",-0.153328697984868
"2878",170,"Enterobacter.cloacae",-0.153328697984868
"2879",170,"Erysipelatoclostridium.sp..MP95D5",-0.153328697984868
"2880",170,"Intestinibacter.sp..MP113D11",-0.153328697984868
"2881",170,"Klebsiella.oxytoca",-0.153328697984868
"2882",170,"Lachnospiraceae.bacterium.CAG.364",-0.153328697984868
"2883",170,"Lactobacillus.paracasei",-0.153328697984868
"2884",170,"Prevotella.buccae",-0.153328697984868
"2885",170,"Providencia.alcalifaciens",-0.153328697984868
"2886",170,"Roseburia.intestinalis",-0.153328697984868
"2887",170,"Streptococcus.infantis",-0.153328697984868
"2888",170,"Streptococcus.sp..MP111F6_2",-0.153328697984868
"2889",170,"X.Clostridium..aldenense",-0.153328697984868
"2890",170,"X.Ruminococcus..sp..MP14G5",-0.153328697984868
"2891",171,"Actinomyces.sp..HMSC035G02",-0.376601007879087
"2892",171,"Actinomyces.sp..ICM39",-0.376601007879087
"2893",171,"Anaerostipes.sp..992a",-0.376601007879087
"2894",171,"Bacteroides.ovatus",-0.376601007879087
"2895",171,"Enterobacter.cloacae",4.98443426595847
"2896",171,"Erysipelatoclostridium.sp..MP95D5",-0.376601007879087
"2897",171,"Intestinibacter.sp..MP113D11",-0.376601007879087
"2898",171,"Klebsiella.oxytoca",10.7697202974661
"2899",171,"Lachnospiraceae.bacterium.CAG.364",-0.376601007879087
"2900",171,"Lactobacillus.paracasei",-0.376601007879087
"2901",171,"Prevotella.buccae",-0.376601007879087
"2902",171,"Providencia.alcalifaciens",-0.376601007879087
"2903",171,"Roseburia.intestinalis",-0.376601007879087
"2904",171,"Streptococcus.infantis",7.67846919672052
"2905",171,"Streptococcus.sp..MP111F6_2",8.33986794212904
"2906",171,"X.Clostridium..aldenense",-0.376601007879087
"2907",171,"X.Ruminococcus..sp..MP14G5",-0.376601007879087
"2908",172,"Actinomyces.sp..HMSC035G02",-1.04236824890634
"2909",172,"Actinomyces.sp..ICM39",-1.04236824890634
"2910",172,"Anaerostipes.sp..992a",-1.04236824890634
"2911",172,"Bacteroides.ovatus",-1.04236824890634
"2912",172,"Enterobacter.cloacae",-1.04236824890634
"2913",172,"Erysipelatoclostridium.sp..MP95D5",-1.04236824890634
"2914",172,"Intestinibacter.sp..MP113D11",-1.04236824890634
"2915",172,"Klebsiella.oxytoca",-1.04236824890634
"2916",172,"Lachnospiraceae.bacterium.CAG.364",8.35199265784532
"2917",172,"Lactobacillus.paracasei",-1.04236824890634
"2918",172,"Prevotella.buccae",-1.04236824890634
"2919",172,"Providencia.alcalifaciens",-1.04236824890634
"2920",172,"Roseburia.intestinalis",-1.04236824890634
"2921",172,"Streptococcus.infantis",-1.04236824890634
"2922",172,"Streptococcus.sp..MP111F6_2",6.11144586104601
"2923",172,"X.Clostridium..aldenense",-1.04236824890634
"2924",172,"X.Ruminococcus..sp..MP14G5",-1.04236824890634
"2925",173,"Actinomyces.sp..HMSC035G02",5.87955912258917
"2926",173,"Actinomyces.sp..ICM39",-0.698321496391436
"2927",173,"Anaerostipes.sp..992a",-0.698321496391436
"2928",173,"Bacteroides.ovatus",-0.698321496391436
"2929",173,"Enterobacter.cloacae",-0.698321496391436
"2930",173,"Erysipelatoclostridium.sp..MP95D5",-0.698321496391436
"2931",173,"Intestinibacter.sp..MP113D11",-0.698321496391436
"2932",173,"Klebsiella.oxytoca",8.44707157999144
"2933",173,"Lachnospiraceae.bacterium.CAG.364",-0.698321496391436
"2934",173,"Lactobacillus.paracasei",-0.698321496391436
"2935",173,"Prevotella.buccae",-0.698321496391436
"2936",173,"Providencia.alcalifaciens",-0.698321496391436
"2937",173,"Roseburia.intestinalis",-0.698321496391436
"2938",173,"Streptococcus.infantis",6.90366348995117
"2939",173,"Streptococcus.sp..MP111F6_2",7.66010163117877
"2940",173,"X.Clostridium..aldenense",-0.698321496391436
"2941",173,"X.Ruminococcus..sp..MP14G5",-0.698321496391436
"2942",174,"Actinomyces.sp..HMSC035G02",-0.521822399873273
"2943",174,"Actinomyces.sp..ICM39",-0.521822399873273
"2944",174,"Anaerostipes.sp..992a",-0.521822399873273
"2945",174,"Bacteroides.ovatus",-0.521822399873273
"2946",174,"Enterobacter.cloacae",-0.521822399873273
"2947",174,"Erysipelatoclostridium.sp..MP95D5",-0.521822399873273
"2948",174,"Intestinibacter.sp..MP113D11",-0.521822399873273
"2949",174,"Klebsiella.oxytoca",6.4744604839935
"2950",174,"Lachnospiraceae.bacterium.CAG.364",-0.521822399873273
"2951",174,"Lactobacillus.paracasei",-0.521822399873273
"2952",174,"Prevotella.buccae",-0.521822399873273
"2953",174,"Providencia.alcalifaciens",-0.521822399873273
"2954",174,"Roseburia.intestinalis",4.84220167301051
"2955",174,"Streptococcus.infantis",-0.521822399873273
"2956",174,"Streptococcus.sp..MP111F6_2",-0.521822399873273
"2957",174,"X.Clostridium..aldenense",6.89648559456006
"2958",174,"X.Ruminococcus..sp..MP14G5",-0.521822399873273
"2959",175,"Actinomyces.sp..HMSC035G02",-0.674573902870081
"2960",175,"Actinomyces.sp..ICM39",-0.674573902870081
"2961",175,"Anaerostipes.sp..992a",-0.674573902870081
"2962",175,"Bacteroides.ovatus",-0.674573902870081
"2963",175,"Enterobacter.cloacae",-0.674573902870081
"2964",175,"Erysipelatoclostridium.sp..MP95D5",-0.674573902870081
"2965",175,"Intestinibacter.sp..MP113D11",10.743557372369
"2966",175,"Klebsiella.oxytoca",-0.674573902870081
"2967",175,"Lachnospiraceae.bacterium.CAG.364",-0.674573902870081
"2968",175,"Lactobacillus.paracasei",-0.674573902870081
"2969",175,"Prevotella.buccae",-0.674573902870081
"2970",175,"Providencia.alcalifaciens",-0.674573902870081
"2971",175,"Roseburia.intestinalis",10.8269659129851
"2972",175,"Streptococcus.infantis",-0.674573902870081
"2973",175,"Streptococcus.sp..MP111F6_2",-0.674573902870081
"2974",175,"X.Clostridium..aldenense",6.66901868382769
"2975",175,"X.Ruminococcus..sp..MP14G5",-0.674573902870081
"2976",176,"Actinomyces.sp..HMSC035G02",6.80554723261949
"2977",176,"Actinomyces.sp..ICM39",-0.791607455958038
"2978",176,"Anaerostipes.sp..992a",-0.791607455958038
"2979",176,"Bacteroides.ovatus",-0.791607455958038
"2980",176,"Enterobacter.cloacae",-0.791607455958038
"2981",176,"Erysipelatoclostridium.sp..MP95D5",-0.791607455958038
"2982",176,"Intestinibacter.sp..MP113D11",10.2376356276064
"2983",176,"Klebsiella.oxytoca",-0.791607455958038
"2984",176,"Lachnospiraceae.bacterium.CAG.364",-0.791607455958038
"2985",176,"Lactobacillus.paracasei",-0.791607455958038
"2986",176,"Prevotella.buccae",-0.791607455958038
"2987",176,"Providencia.alcalifaciens",-0.791607455958038
"2988",176,"Roseburia.intestinalis",9.21529151266146
"2989",176,"Streptococcus.infantis",-0.791607455958038
"2990",176,"Streptococcus.sp..MP111F6_2",7.40130696477312
"2991",176,"X.Clostridium..aldenense",7.56844162190677
"2992",176,"X.Ruminococcus..sp..MP14G5",-0.791607455958038
"2993",177,"Actinomyces.sp..HMSC035G02",-0.452411033075128
"2994",177,"Actinomyces.sp..ICM39",-0.452411033075128
"2995",177,"Anaerostipes.sp..992a",-0.452411033075128
"2996",177,"Bacteroides.ovatus",12.6924516088121
"2997",177,"Enterobacter.cloacae",-0.452411033075128
"2998",177,"Erysipelatoclostridium.sp..MP95D5",-0.452411033075128
"2999",177,"Intestinibacter.sp..MP113D11",-0.452411033075128
"3000",177,"Klebsiella.oxytoca",-0.452411033075128
"3001",177,"Lachnospiraceae.bacterium.CAG.364",8.4959589206966
"3002",177,"Lactobacillus.paracasei",3.28934414375397
"3003",177,"Prevotella.buccae",-0.452411033075128
"3004",177,"Providencia.alcalifaciens",-0.452411033075128
"3005",177,"Roseburia.intestinalis",-0.452411033075128
"3006",177,"Streptococcus.infantis",-0.452411033075128
"3007",177,"Streptococcus.sp..MP111F6_2",9.25598882306601
"3008",177,"X.Clostridium..aldenense",7.28867672319518
"3009",177,"X.Ruminococcus..sp..MP14G5",-0.452411033075128
"3010",178,"Actinomyces.sp..HMSC035G02",-0.568793609061933
"3011",178,"Actinomyces.sp..ICM39",-0.568793609061933
"3012",178,"Anaerostipes.sp..992a",-0.568793609061933
"3013",178,"Bacteroides.ovatus",-0.568793609061933
"3014",178,"Enterobacter.cloacae",-0.568793609061933
"3015",178,"Erysipelatoclostridium.sp..MP95D5",-0.568793609061933
"3016",178,"Intestinibacter.sp..MP113D11",10.560958378538
"3017",178,"Klebsiella.oxytoca",-0.568793609061933
"3018",178,"Lachnospiraceae.bacterium.CAG.364",7.19386892737227
"3019",178,"Lactobacillus.paracasei",-0.568793609061933
"3020",178,"Prevotella.buccae",-0.568793609061933
"3021",178,"Providencia.alcalifaciens",-0.568793609061933
"3022",178,"Roseburia.intestinalis",9.32462041571971
"3023",178,"Streptococcus.infantis",-0.568793609061933
"3024",178,"Streptococcus.sp..MP111F6_2",7.84167019157023
"3025",178,"X.Clostridium..aldenense",5.82341674678244
"3026",178,"X.Ruminococcus..sp..MP14G5",-0.568793609061933
"3027",179,"Actinomyces.sp..HMSC035G02",-0.423174532450746
"3028",179,"Actinomyces.sp..ICM39",-0.423174532450746
"3029",179,"Anaerostipes.sp..992a",8.40536473447039
"3030",179,"Bacteroides.ovatus",-0.423174532450746
"3031",179,"Enterobacter.cloacae",-0.423174532450746
"3032",179,"Erysipelatoclostridium.sp..MP95D5",-0.423174532450746
"3033",179,"Intestinibacter.sp..MP113D11",9.66827849228549
"3034",179,"Klebsiella.oxytoca",-0.423174532450746
"3035",179,"Lachnospiraceae.bacterium.CAG.364",10.4987895678037
"3036",179,"Lactobacillus.paracasei",-0.423174532450746
"3037",179,"Prevotella.buccae",-0.423174532450746
"3038",179,"Providencia.alcalifaciens",-0.423174532450746
"3039",179,"Roseburia.intestinalis",-0.423174532450746
"3040",179,"Streptococcus.infantis",-0.423174532450746
"3041",179,"Streptococcus.sp..MP111F6_2",-0.423174532450746
"3042",179,"X.Clostridium..aldenense",8.48501665455884
"3043",179,"X.Ruminococcus..sp..MP14G5",-0.423174532450746
"3044",180,"Actinomyces.sp..HMSC035G02",-0.515999084559434
"3045",180,"Actinomyces.sp..ICM39",-0.515999084559434
"3046",180,"Anaerostipes.sp..992a",7.43955006921511
"3047",180,"Bacteroides.ovatus",-0.515999084559434
"3048",180,"Enterobacter.cloacae",-0.515999084559434
"3049",180,"Erysipelatoclostridium.sp..MP95D5",-0.515999084559434
"3050",180,"Intestinibacter.sp..MP113D11",9.86078768741277
"3051",180,"Klebsiella.oxytoca",4.96861701491493
"3052",180,"Lachnospiraceae.bacterium.CAG.364",9.90866867820685
"3053",180,"Lactobacillus.paracasei",-0.515999084559434
"3054",180,"Prevotella.buccae",-0.515999084559434
"3055",180,"Providencia.alcalifaciens",-0.515999084559434
"3056",180,"Roseburia.intestinalis",4.88425225078366
"3057",180,"Streptococcus.infantis",-0.515999084559434
"3058",180,"Streptococcus.sp..MP111F6_2",-0.515999084559434
"3059",180,"X.Clostridium..aldenense",9.20750596922343
"3060",180,"X.Ruminococcus..sp..MP14G5",-0.515999084559434
"3061",181,"Actinomyces.sp..HMSC035G02",3.97524968299726
"3062",181,"Actinomyces.sp..ICM39",-0.334575615008497
"3063",181,"Anaerostipes.sp..992a",-0.334575615008497
"3064",181,"Bacteroides.ovatus",-0.334575615008497
"3065",181,"Enterobacter.cloacae",3.38502992973381
"3066",181,"Erysipelatoclostridium.sp..MP95D5",-0.334575615008497
"3067",181,"Intestinibacter.sp..MP113D11",-0.334575615008497
"3068",181,"Klebsiella.oxytoca",9.91835968395841
"3069",181,"Lachnospiraceae.bacterium.CAG.364",-0.334575615008497
"3070",181,"Lactobacillus.paracasei",4.34113586268466
"3071",181,"Prevotella.buccae",-0.334575615008497
"3072",181,"Providencia.alcalifaciens",-0.334575615008497
"3073",181,"Roseburia.intestinalis",-0.334575615008497
"3074",181,"Streptococcus.infantis",-0.334575615008497
"3075",181,"Streptococcus.sp..MP111F6_2",7.49084150697367
"3076",181,"X.Clostridium..aldenense",-0.334575615008497
"3077",181,"X.Ruminococcus..sp..MP14G5",-0.334575615008497
"3078",182,"Actinomyces.sp..HMSC035G02",-0.312704906947701
"3079",182,"Actinomyces.sp..ICM39",-0.312704906947701
"3080",182,"Anaerostipes.sp..992a",-0.312704906947701
"3081",182,"Bacteroides.ovatus",-0.312704906947701
"3082",182,"Enterobacter.cloacae",-0.312704906947701
"3083",182,"Erysipelatoclostridium.sp..MP95D5",-0.312704906947701
"3084",182,"Intestinibacter.sp..MP113D11",-0.312704906947701
"3085",182,"Klebsiella.oxytoca",-0.312704906947701
"3086",182,"Lachnospiraceae.bacterium.CAG.364",-0.312704906947701
"3087",182,"Lactobacillus.paracasei",3.79134949163176
"3088",182,"Prevotella.buccae",-0.312704906947701
"3089",182,"Providencia.alcalifaciens",-0.312704906947701
"3090",182,"Roseburia.intestinalis",-0.312704906947701
"3091",182,"Streptococcus.infantis",-0.312704906947701
"3092",182,"Streptococcus.sp..MP111F6_2",8.21195836430042
"3093",182,"X.Clostridium..aldenense",3.92059098597644
"3094",182,"X.Ruminococcus..sp..MP14G5",-0.312704906947701
"3095",183,"Actinomyces.sp..HMSC035G02",5.77908713465084
"3096",183,"Actinomyces.sp..ICM39",-0.498967353458537
"3097",183,"Anaerostipes.sp..992a",-0.498967353458537
"3098",183,"Bacteroides.ovatus",-0.498967353458537
"3099",183,"Enterobacter.cloacae",6.15190225622538
"3100",183,"Erysipelatoclostridium.sp..MP95D5",-0.498967353458537
"3101",183,"Intestinibacter.sp..MP113D11",-0.498967353458537
"3102",183,"Klebsiella.oxytoca",6.92555200288496
"3103",183,"Lachnospiraceae.bacterium.CAG.364",10.5808815783373
"3104",183,"Lactobacillus.paracasei",-0.498967353458537
"3105",183,"Prevotella.buccae",-0.498967353458537
"3106",183,"Providencia.alcalifaciens",-0.498967353458537
"3107",183,"Roseburia.intestinalis",-0.498967353458537
"3108",183,"Streptococcus.infantis",-0.498967353458537
"3109",183,"Streptococcus.sp..MP111F6_2",-0.498967353458537
"3110",183,"X.Clostridium..aldenense",4.62623333650453
"3111",183,"X.Ruminococcus..sp..MP14G5",-0.498967353458537
"3112",184,"Actinomyces.sp..HMSC035G02",-0.168932574128068
"3113",184,"Actinomyces.sp..ICM39",-0.168932574128068
"3114",184,"Anaerostipes.sp..992a",-0.168932574128068
"3115",184,"Bacteroides.ovatus",-0.168932574128068
"3116",184,"Enterobacter.cloacae",-0.168932574128068
"3117",184,"Erysipelatoclostridium.sp..MP95D5",-0.168932574128068
"3118",184,"Intestinibacter.sp..MP113D11",-0.168932574128068
"3119",184,"Klebsiella.oxytoca",-0.168932574128068
"3120",184,"Lachnospiraceae.bacterium.CAG.364",-0.168932574128068
"3121",184,"Lactobacillus.paracasei",4.48602128785354
"3122",184,"Prevotella.buccae",-0.168932574128068
"3123",184,"Providencia.alcalifaciens",-0.168932574128068
"3124",184,"Roseburia.intestinalis",-0.168932574128068
"3125",184,"Streptococcus.infantis",-0.168932574128068
"3126",184,"Streptococcus.sp..MP111F6_2",-0.168932574128068
"3127",184,"X.Clostridium..aldenense",-0.168932574128068
"3128",184,"X.Ruminococcus..sp..MP14G5",-0.168932574128068
"3129",185,"Actinomyces.sp..HMSC035G02",-0.434772056468766
"3130",185,"Actinomyces.sp..ICM39",-0.434772056468766
"3131",185,"Anaerostipes.sp..992a",-0.434772056468766
"3132",185,"Bacteroides.ovatus",-0.434772056468766
"3133",185,"Enterobacter.cloacae",-0.434772056468766
"3134",185,"Erysipelatoclostridium.sp..MP95D5",-0.434772056468766
"3135",185,"Intestinibacter.sp..MP113D11",-0.434772056468766
"3136",185,"Klebsiella.oxytoca",8.90080843829293
"3137",185,"Lachnospiraceae.bacterium.CAG.364",-0.434772056468766
"3138",185,"Lactobacillus.paracasei",-0.434772056468766
"3139",185,"Prevotella.buccae",-0.434772056468766
"3140",185,"Providencia.alcalifaciens",-0.434772056468766
"3141",185,"Roseburia.intestinalis",-0.434772056468766
"3142",185,"Streptococcus.infantis",-0.434772056468766
"3143",185,"Streptococcus.sp..MP111F6_2",8.71403297214578
"3144",185,"X.Clostridium..aldenense",-0.434772056468766
"3145",185,"X.Ruminococcus..sp..MP14G5",-0.434772056468766
"3146",186,"Actinomyces.sp..HMSC035G02",-0.488019249342624
"3147",186,"Actinomyces.sp..ICM39",-0.488019249342624
"3148",186,"Anaerostipes.sp..992a",-0.488019249342624
"3149",186,"Bacteroides.ovatus",-0.488019249342624
"3150",186,"Enterobacter.cloacae",-0.488019249342624
"3151",186,"Erysipelatoclostridium.sp..MP95D5",-0.488019249342624
"3152",186,"Intestinibacter.sp..MP113D11",-0.488019249342624
"3153",186,"Klebsiella.oxytoca",-0.488019249342624
"3154",186,"Lachnospiraceae.bacterium.CAG.364",-0.488019249342624
"3155",186,"Lactobacillus.paracasei",-0.488019249342624
"3156",186,"Prevotella.buccae",-0.488019249342624
"3157",186,"Providencia.alcalifaciens",-0.488019249342624
"3158",186,"Roseburia.intestinalis",6.83162866667901
"3159",186,"Streptococcus.infantis",-0.488019249342624
"3160",186,"Streptococcus.sp..MP111F6_2",-0.488019249342624
"3161",186,"X.Clostridium..aldenense",7.21996265475635
"3162",186,"X.Ruminococcus..sp..MP14G5",5.58578007525123
"3163",187,"Actinomyces.sp..HMSC035G02",-0.340562026549323
"3164",187,"Actinomyces.sp..ICM39",-0.340562026549323
"3165",187,"Anaerostipes.sp..992a",-0.340562026549323
"3166",187,"Bacteroides.ovatus",-0.340562026549323
"3167",187,"Enterobacter.cloacae",3.08805891221739
"3168",187,"Erysipelatoclostridium.sp..MP95D5",-0.340562026549323
"3169",187,"Intestinibacter.sp..MP113D11",-0.340562026549323
"3170",187,"Klebsiella.oxytoca",9.35154269169124
"3171",187,"Lachnospiraceae.bacterium.CAG.364",-0.340562026549323
"3172",187,"Lactobacillus.paracasei",-0.340562026549323
"3173",187,"Prevotella.buccae",-0.340562026549323
"3174",187,"Providencia.alcalifaciens",-0.340562026549323
"3175",187,"Roseburia.intestinalis",-0.340562026549323
"3176",187,"Streptococcus.infantis",-0.340562026549323
"3177",187,"Streptococcus.sp..MP111F6_2",-0.340562026549323
"3178",187,"X.Clostridium..aldenense",9.352107883954
"3179",187,"X.Ruminococcus..sp..MP14G5",-0.340562026549323
"3180",188,"Actinomyces.sp..HMSC035G02",-0.448933669026456
"3181",188,"Actinomyces.sp..ICM39",-0.448933669026456
"3182",188,"Anaerostipes.sp..992a",-0.448933669026456
"3183",188,"Bacteroides.ovatus",12.0191739601787
"3184",188,"Enterobacter.cloacae",6.09463313120253
"3185",188,"Erysipelatoclostridium.sp..MP95D5",-0.448933669026456
"3186",188,"Intestinibacter.sp..MP113D11",10.2455365828644
"3187",188,"Klebsiella.oxytoca",-0.448933669026456
"3188",188,"Lachnospiraceae.bacterium.CAG.364",-0.448933669026456
"3189",188,"Lactobacillus.paracasei",-0.448933669026456
"3190",188,"Prevotella.buccae",-0.448933669026456
"3191",188,"Providencia.alcalifaciens",-0.448933669026456
"3192",188,"Roseburia.intestinalis",-0.448933669026456
"3193",188,"Streptococcus.infantis",-0.448933669026456
"3194",188,"Streptococcus.sp..MP111F6_2",-0.448933669026456
"3195",188,"X.Clostridium..aldenense",-0.448933669026456
"3196",188,"X.Ruminococcus..sp..MP14G5",-0.448933669026456
"3197",189,"Actinomyces.sp..HMSC035G02",-0.255498907650209
"3198",189,"Actinomyces.sp..ICM39",-0.255498907650209
"3199",189,"Anaerostipes.sp..992a",-0.255498907650209
"3200",189,"Bacteroides.ovatus",-0.255498907650209
"3201",189,"Enterobacter.cloacae",-0.255498907650209
"3202",189,"Erysipelatoclostridium.sp..MP95D5",-0.255498907650209
"3203",189,"Intestinibacter.sp..MP113D11",-0.255498907650209
"3204",189,"Klebsiella.oxytoca",10.0221980114618
"3205",189,"Lachnospiraceae.bacterium.CAG.364",-0.255498907650209
"3206",189,"Lactobacillus.paracasei",-0.255498907650209
"3207",189,"Prevotella.buccae",-0.255498907650209
"3208",189,"Providencia.alcalifaciens",-0.255498907650209
"3209",189,"Roseburia.intestinalis",-0.255498907650209
"3210",189,"Streptococcus.infantis",-0.255498907650209
"3211",189,"Streptococcus.sp..MP111F6_2",-0.255498907650209
"3212",189,"X.Clostridium..aldenense",9.35629142842159
"3213",189,"X.Ruminococcus..sp..MP14G5",-0.255498907650209
"3214",190,"Actinomyces.sp..HMSC035G02",-0.236038620275242
"3215",190,"Actinomyces.sp..ICM39",-0.236038620275242
"3216",190,"Anaerostipes.sp..992a",-0.236038620275242
"3217",190,"Bacteroides.ovatus",-0.236038620275242
"3218",190,"Enterobacter.cloacae",-0.236038620275242
"3219",190,"Erysipelatoclostridium.sp..MP95D5",-0.236038620275242
"3220",190,"Intestinibacter.sp..MP113D11",-0.236038620275242
"3221",190,"Klebsiella.oxytoca",9.00796969902171
"3222",190,"Lachnospiraceae.bacterium.CAG.364",-0.236038620275242
"3223",190,"Lactobacillus.paracasei",-0.236038620275242
"3224",190,"Prevotella.buccae",-0.236038620275242
"3225",190,"Providencia.alcalifaciens",-0.236038620275242
"3226",190,"Roseburia.intestinalis",-0.236038620275242
"3227",190,"Streptococcus.infantis",-0.236038620275242
"3228",190,"Streptococcus.sp..MP111F6_2",-0.236038620275242
"3229",190,"X.Clostridium..aldenense",5.54199807637578
"3230",190,"X.Ruminococcus..sp..MP14G5",-0.236038620275242
"3231",191,"Actinomyces.sp..HMSC035G02",-0.228688046395558
"3232",191,"Actinomyces.sp..ICM39",-0.228688046395558
"3233",191,"Anaerostipes.sp..992a",-0.228688046395558
"3234",191,"Bacteroides.ovatus",-0.228688046395558
"3235",191,"Enterobacter.cloacae",-0.228688046395558
"3236",191,"Erysipelatoclostridium.sp..MP95D5",-0.228688046395558
"3237",191,"Intestinibacter.sp..MP113D11",-0.228688046395558
"3238",191,"Klebsiella.oxytoca",8.85003920487348
"3239",191,"Lachnospiraceae.bacterium.CAG.364",-0.228688046395558
"3240",191,"Lactobacillus.paracasei",-0.228688046395558
"3241",191,"Prevotella.buccae",-0.228688046395558
"3242",191,"Providencia.alcalifaciens",-0.228688046395558
"3243",191,"Roseburia.intestinalis",-0.228688046395558
"3244",191,"Streptococcus.infantis",-0.228688046395558
"3245",191,"Streptococcus.sp..MP111F6_2",-0.228688046395558
"3246",191,"X.Clostridium..aldenense",9.36620363186024
"3247",191,"X.Ruminococcus..sp..MP14G5",-0.228688046395558
"3248",192,"Actinomyces.sp..HMSC035G02",-0.0969567056585401
"3249",192,"Actinomyces.sp..ICM39",-0.0969567056585401
"3250",192,"Anaerostipes.sp..992a",-0.0969567056585401
"3251",192,"Bacteroides.ovatus",-0.0969567056585401
"3252",192,"Enterobacter.cloacae",-0.0969567056585401
"3253",192,"Erysipelatoclostridium.sp..MP95D5",-0.0969567056585401
"3254",192,"Intestinibacter.sp..MP113D11",-0.0969567056585401
"3255",192,"Klebsiella.oxytoca",10.3005946562606
"3256",192,"Lachnospiraceae.bacterium.CAG.364",-0.0969567056585401
"3257",192,"Lactobacillus.paracasei",-0.0969567056585401
"3258",192,"Prevotella.buccae",-0.0969567056585401
"3259",192,"Providencia.alcalifaciens",-0.0969567056585401
"3260",192,"Roseburia.intestinalis",-0.0969567056585401
"3261",192,"Streptococcus.infantis",-0.0969567056585401
"3262",192,"Streptococcus.sp..MP111F6_2",-0.0969567056585401
"3263",192,"X.Clostridium..aldenense",-0.0969567056585401
"3264",192,"X.Ruminococcus..sp..MP14G5",-0.0969567056585401
"3265",193,"Actinomyces.sp..HMSC035G02",-0.33372020039047
"3266",193,"Actinomyces.sp..ICM39",-0.33372020039047
"3267",193,"Anaerostipes.sp..992a",-0.33372020039047
"3268",193,"Bacteroides.ovatus",-0.33372020039047
"3269",193,"Enterobacter.cloacae",-0.33372020039047
"3270",193,"Erysipelatoclostridium.sp..MP95D5",-0.33372020039047
"3271",193,"Intestinibacter.sp..MP113D11",9.98805453066049
"3272",193,"Klebsiella.oxytoca",7.36296448342218
"3273",193,"Lachnospiraceae.bacterium.CAG.364",-0.33372020039047
"3274",193,"Lactobacillus.paracasei",-0.33372020039047
"3275",193,"Prevotella.buccae",-0.33372020039047
"3276",193,"Providencia.alcalifaciens",-0.33372020039047
"3277",193,"Roseburia.intestinalis",-0.33372020039047
"3278",193,"Streptococcus.infantis",-0.33372020039047
"3279",193,"Streptococcus.sp..MP111F6_2",-0.33372020039047
"3280",193,"X.Clostridium..aldenense",7.80963517918926
"3281",193,"X.Ruminococcus..sp..MP14G5",-0.33372020039047
"3282",194,"Actinomyces.sp..HMSC035G02",5.84862960482159
"3283",194,"Actinomyces.sp..ICM39",-0.24888813898662
"3284",194,"Anaerostipes.sp..992a",-0.24888813898662
"3285",194,"Bacteroides.ovatus",-0.24888813898662
"3286",194,"Enterobacter.cloacae",7.21473765532955
"3287",194,"Erysipelatoclostridium.sp..MP95D5",-0.24888813898662
"3288",194,"Intestinibacter.sp..MP113D11",-0.24888813898662
"3289",194,"Klebsiella.oxytoca",10.6255180930883
"3290",194,"Lachnospiraceae.bacterium.CAG.364",-0.24888813898662
"3291",194,"Lactobacillus.paracasei",5.17131653895817
"3292",194,"Prevotella.buccae",-0.24888813898662
"3293",194,"Providencia.alcalifaciens",-0.24888813898662
"3294",194,"Roseburia.intestinalis",-0.24888813898662
"3295",194,"Streptococcus.infantis",8.73512609430992
"3296",194,"Streptococcus.sp..MP111F6_2",-0.24888813898662
"3297",194,"X.Clostridium..aldenense",-0.24888813898662
"3298",194,"X.Ruminococcus..sp..MP14G5",-0.24888813898662
"3299",195,"Actinomyces.sp..HMSC035G02",6.12363185268237
"3300",195,"Actinomyces.sp..ICM39",-0.177091536337979
"3301",195,"Anaerostipes.sp..992a",-0.177091536337979
"3302",195,"Bacteroides.ovatus",-0.177091536337979
"3303",195,"Enterobacter.cloacae",7.71949646279705
"3304",195,"Erysipelatoclostridium.sp..MP95D5",-0.177091536337979
"3305",195,"Intestinibacter.sp..MP113D11",-0.177091536337979
"3306",195,"Klebsiella.oxytoca",12.7239365016604
"3307",195,"Lachnospiraceae.bacterium.CAG.364",-0.177091536337979
"3308",195,"Lactobacillus.paracasei",3.82886651334935
"3309",195,"Prevotella.buccae",-0.177091536337979
"3310",195,"Providencia.alcalifaciens",-0.177091536337979
"3311",195,"Roseburia.intestinalis",-0.177091536337979
"3312",195,"Streptococcus.infantis",-0.177091536337979
"3313",195,"Streptococcus.sp..MP111F6_2",-0.177091536337979
"3314",195,"X.Clostridium..aldenense",-0.177091536337979
"3315",195,"X.Ruminococcus..sp..MP14G5",-0.177091536337979
"3316",196,"Actinomyces.sp..HMSC035G02",-0.812764443478963
"3317",196,"Actinomyces.sp..ICM39",-0.812764443478963
"3318",196,"Anaerostipes.sp..992a",-0.812764443478963
"3319",196,"Bacteroides.ovatus",-0.812764443478963
"3320",196,"Enterobacter.cloacae",1.39254365391343
"3321",196,"Erysipelatoclostridium.sp..MP95D5",7.24788499404852
"3322",196,"Intestinibacter.sp..MP113D11",9.73825393602828
"3323",196,"Klebsiella.oxytoca",-0.812764443478963
"3324",196,"Lachnospiraceae.bacterium.CAG.364",5.59854965238289
"3325",196,"Lactobacillus.paracasei",-0.812764443478963
"3326",196,"Prevotella.buccae",3.34564744858181
"3327",196,"Providencia.alcalifaciens",-0.812764443478963
"3328",196,"Roseburia.intestinalis",1.55270394592442
"3329",196,"Streptococcus.infantis",-0.812764443478963
"3330",196,"Streptococcus.sp..MP111F6_2",-0.812764443478963
"3331",196,"X.Clostridium..aldenense",8.0038156977895
"3332",196,"X.Ruminococcus..sp..MP14G5",5.74303325729884
"3333",197,"Actinomyces.sp..HMSC035G02",-0.894283970001467
"3334",197,"Actinomyces.sp..ICM39",-0.894283970001467
"3335",197,"Anaerostipes.sp..992a",-0.894283970001467
"3336",197,"Bacteroides.ovatus",-0.894283970001467
"3337",197,"Enterobacter.cloacae",7.52813859997946
"3338",197,"Erysipelatoclostridium.sp..MP95D5",-0.894283970001467
"3339",197,"Intestinibacter.sp..MP113D11",9.36332870543626
"3340",197,"Klebsiella.oxytoca",-0.894283970001467
"3341",197,"Lachnospiraceae.bacterium.CAG.364",-0.894283970001467
"3342",197,"Lactobacillus.paracasei",-0.894283970001467
"3343",197,"Prevotella.buccae",-0.894283970001467
"3344",197,"Providencia.alcalifaciens",-0.894283970001467
"3345",197,"Roseburia.intestinalis",10.2988146540574
"3346",197,"Streptococcus.infantis",-0.894283970001467
"3347",197,"Streptococcus.sp..MP111F6_2",-0.894283970001467
"3348",197,"X.Clostridium..aldenense",8.21214029720792
"3349",197,"X.Ruminococcus..sp..MP14G5",-0.894283970001467
"3350",198,"Actinomyces.sp..HMSC035G02",-0.513072162879897
"3351",198,"Actinomyces.sp..ICM39",-0.513072162879897
"3352",198,"Anaerostipes.sp..992a",-0.513072162879897
"3353",198,"Bacteroides.ovatus",-0.513072162879897
"3354",198,"Enterobacter.cloacae",6.3248614464716
"3355",198,"Erysipelatoclostridium.sp..MP95D5",-0.513072162879897
"3356",198,"Intestinibacter.sp..MP113D11",-0.513072162879897
"3357",198,"Klebsiella.oxytoca",7.39457520447016
"3358",198,"Lachnospiraceae.bacterium.CAG.364",-0.513072162879897
"3359",198,"Lactobacillus.paracasei",-0.513072162879897
"3360",198,"Prevotella.buccae",10.4013771606636
"3361",198,"Providencia.alcalifaciens",-0.513072162879897
"3362",198,"Roseburia.intestinalis",-0.513072162879897
"3363",198,"Streptococcus.infantis",-0.513072162879897
"3364",198,"Streptococcus.sp..MP111F6_2",-0.513072162879897
"3365",198,"X.Clostridium..aldenense",-0.513072162879897
"3366",198,"X.Ruminococcus..sp..MP14G5",-0.513072162879897
"3367",199,"Actinomyces.sp..HMSC035G02",-0.832516926705809
"3368",199,"Actinomyces.sp..ICM39",-0.832516926705809
"3369",199,"Anaerostipes.sp..992a",-0.832516926705809
"3370",199,"Bacteroides.ovatus",-0.832516926705809
"3371",199,"Enterobacter.cloacae",-0.832516926705809
"3372",199,"Erysipelatoclostridium.sp..MP95D5",-0.832516926705809
"3373",199,"Intestinibacter.sp..MP113D11",-0.832516926705809
"3374",199,"Klebsiella.oxytoca",-0.832516926705809
"3375",199,"Lachnospiraceae.bacterium.CAG.364",-0.832516926705809
"3376",199,"Lactobacillus.paracasei",-0.832516926705809
"3377",199,"Prevotella.buccae",-0.832516926705809
"3378",199,"Providencia.alcalifaciens",-0.832516926705809
"3379",199,"Roseburia.intestinalis",-0.832516926705809
"3380",199,"Streptococcus.infantis",-0.832516926705809
"3381",199,"Streptococcus.sp..MP111F6_2",-0.832516926705809
"3382",199,"X.Clostridium..aldenense",8.3815647655289
"3383",199,"X.Ruminococcus..sp..MP14G5",-0.832516926705809
"3384",200,"Actinomyces.sp..HMSC035G02",-0.891368760783074
"3385",200,"Actinomyces.sp..ICM39",-0.891368760783074
"3386",200,"Anaerostipes.sp..992a",-0.891368760783074
"3387",200,"Bacteroides.ovatus",-0.891368760783074
"3388",200,"Enterobacter.cloacae",5.03831334115444
"3389",200,"Erysipelatoclostridium.sp..MP95D5",5.42788874737583
"3390",200,"Intestinibacter.sp..MP113D11",-0.891368760783074
"3391",200,"Klebsiella.oxytoca",-0.891368760783074
"3392",200,"Lachnospiraceae.bacterium.CAG.364",-0.891368760783074
"3393",200,"Lactobacillus.paracasei",-0.891368760783074
"3394",200,"Prevotella.buccae",-0.891368760783074
"3395",200,"Providencia.alcalifaciens",2.91590375269109
"3396",200,"Roseburia.intestinalis",-0.891368760783074
"3397",200,"Streptococcus.infantis",-0.891368760783074
"3398",200,"Streptococcus.sp..MP111F6_2",-0.891368760783074
"3399",200,"X.Clostridium..aldenense",7.28140361361185
"3400",200,"X.Ruminococcus..sp..MP14G5",5.60607670631525
"3401",201,"Actinomyces.sp..HMSC035G02",-0.72909555082054
"3402",201,"Actinomyces.sp..ICM39",-0.72909555082054
"3403",201,"Anaerostipes.sp..992a",-0.72909555082054
"3404",201,"Bacteroides.ovatus",-0.72909555082054
"3405",201,"Enterobacter.cloacae",-0.72909555082054
"3406",201,"Erysipelatoclostridium.sp..MP95D5",-0.72909555082054
"3407",201,"Intestinibacter.sp..MP113D11",-0.72909555082054
"3408",201,"Klebsiella.oxytoca",-0.72909555082054
"3409",201,"Lachnospiraceae.bacterium.CAG.364",-0.72909555082054
"3410",201,"Lactobacillus.paracasei",-0.72909555082054
"3411",201,"Prevotella.buccae",-0.72909555082054
"3412",201,"Providencia.alcalifaciens",-0.72909555082054
"3413",201,"Roseburia.intestinalis",-0.72909555082054
"3414",201,"Streptococcus.infantis",-0.72909555082054
"3415",201,"Streptococcus.sp..MP111F6_2",-0.72909555082054
"3416",201,"X.Clostridium..aldenense",7.62900957890963
"3417",201,"X.Ruminococcus..sp..MP14G5",-0.72909555082054
"3418",202,"Actinomyces.sp..HMSC035G02",-0.53783934051739
"3419",202,"Actinomyces.sp..ICM39",5.11427931849143
"3420",202,"Anaerostipes.sp..992a",-0.53783934051739
"3421",202,"Bacteroides.ovatus",-0.53783934051739
"3422",202,"Enterobacter.cloacae",5.06074968107686
"3423",202,"Erysipelatoclostridium.sp..MP95D5",-0.53783934051739
"3424",202,"Intestinibacter.sp..MP113D11",-0.53783934051739
"3425",202,"Klebsiella.oxytoca",10.4585897745689
"3426",202,"Lachnospiraceae.bacterium.CAG.364",-0.53783934051739
"3427",202,"Lactobacillus.paracasei",-0.53783934051739
"3428",202,"Prevotella.buccae",-0.53783934051739
"3429",202,"Providencia.alcalifaciens",-0.53783934051739
"3430",202,"Roseburia.intestinalis",-0.53783934051739
"3431",202,"Streptococcus.infantis",7.47482023016642
"3432",202,"Streptococcus.sp..MP111F6_2",9.66776834186176
"3433",202,"X.Clostridium..aldenense",-0.53783934051739
"3434",202,"X.Ruminococcus..sp..MP14G5",-0.53783934051739
"3435",203,"Actinomyces.sp..HMSC035G02",-0.393647360594295
"3436",203,"Actinomyces.sp..ICM39",-0.393647360594295
"3437",203,"Anaerostipes.sp..992a",-0.393647360594295
"3438",203,"Bacteroides.ovatus",-0.393647360594295
"3439",203,"Enterobacter.cloacae",-0.393647360594295
"3440",203,"Erysipelatoclostridium.sp..MP95D5",-0.393647360594295
"3441",203,"Intestinibacter.sp..MP113D11",-0.393647360594295
"3442",203,"Klebsiella.oxytoca",11.1282171563905
"3443",203,"Lachnospiraceae.bacterium.CAG.364",-0.393647360594295
"3444",203,"Lactobacillus.paracasei",-0.393647360594295
"3445",203,"Prevotella.buccae",-0.393647360594295
"3446",203,"Providencia.alcalifaciens",-0.393647360594295
"3447",203,"Roseburia.intestinalis",-0.393647360594295
"3448",203,"Streptococcus.infantis",8.50944367005807
"3449",203,"Streptococcus.sp..MP111F6_2",-0.393647360594295
"3450",203,"X.Clostridium..aldenense",-0.393647360594295
"3451",203,"X.Ruminococcus..sp..MP14G5",-0.393647360594295
"3452",204,"Actinomyces.sp..HMSC035G02",-0.341568930764563
"3453",204,"Actinomyces.sp..ICM39",-0.341568930764563
"3454",204,"Anaerostipes.sp..992a",-0.341568930764563
"3455",204,"Bacteroides.ovatus",-0.341568930764563
"3456",204,"Enterobacter.cloacae",-0.341568930764563
"3457",204,"Erysipelatoclostridium.sp..MP95D5",-0.341568930764563
"3458",204,"Intestinibacter.sp..MP113D11",-0.341568930764563
"3459",204,"Klebsiella.oxytoca",9.50011092471729
"3460",204,"Lachnospiraceae.bacterium.CAG.364",-0.341568930764563
"3461",204,"Lactobacillus.paracasei",3.3959244080628
"3462",204,"Prevotella.buccae",5.39048849074952
"3463",204,"Providencia.alcalifaciens",-0.341568930764563
"3464",204,"Roseburia.intestinalis",-0.341568930764563
"3465",204,"Streptococcus.infantis",-0.341568930764563
"3466",204,"Streptococcus.sp..MP111F6_2",-0.341568930764563
"3467",204,"X.Clostridium..aldenense",-0.341568930764563
"3468",204,"X.Ruminococcus..sp..MP14G5",-0.341568930764563
"3469",205,"Actinomyces.sp..HMSC035G02",-0.758551120088846
"3470",205,"Actinomyces.sp..ICM39",4.72659158554086
"3471",205,"Anaerostipes.sp..992a",-0.758551120088846
"3472",205,"Bacteroides.ovatus",-0.758551120088846
"3473",205,"Enterobacter.cloacae",6.11263711943663
"3474",205,"Erysipelatoclostridium.sp..MP95D5",-0.758551120088846
"3475",205,"Intestinibacter.sp..MP113D11",-0.758551120088846
"3476",205,"Klebsiella.oxytoca",7.63989351860757
"3477",205,"Lachnospiraceae.bacterium.CAG.364",-0.758551120088846
"3478",205,"Lactobacillus.paracasei",-0.758551120088846
"3479",205,"Prevotella.buccae",11.2389729929251
"3480",205,"Providencia.alcalifaciens",-0.758551120088846
"3481",205,"Roseburia.intestinalis",8.98829224846266
"3482",205,"Streptococcus.infantis",-0.758551120088846
"3483",205,"Streptococcus.sp..MP111F6_2",-0.758551120088846
"3484",205,"X.Clostridium..aldenense",6.06170076999394
"3485",205,"X.Ruminococcus..sp..MP14G5",-0.758551120088846
"3486",206,"Actinomyces.sp..HMSC035G02",-0.688167006942736
"3487",206,"Actinomyces.sp..ICM39",-0.688167006942736
"3488",206,"Anaerostipes.sp..992a",-0.688167006942736
"3489",206,"Bacteroides.ovatus",-0.688167006942736
"3490",206,"Enterobacter.cloacae",-0.688167006942736
"3491",206,"Erysipelatoclostridium.sp..MP95D5",-0.688167006942736
"3492",206,"Intestinibacter.sp..MP113D11",-0.688167006942736
"3493",206,"Klebsiella.oxytoca",-0.688167006942736
"3494",206,"Lachnospiraceae.bacterium.CAG.364",-0.688167006942736
"3495",206,"Lactobacillus.paracasei",-0.688167006942736
"3496",206,"Prevotella.buccae",9.17649135579107
"3497",206,"Providencia.alcalifaciens",1.88238379726882
"3498",206,"Roseburia.intestinalis",-0.688167006942736
"3499",206,"Streptococcus.infantis",-0.688167006942736
"3500",206,"Streptococcus.sp..MP111F6_2",8.49189187571933
"3501",206,"X.Clostridium..aldenense",5.86498540063359
"3502",206,"X.Ruminococcus..sp..MP14G5",-0.688167006942736
"3503",207,"Actinomyces.sp..HMSC035G02",-0.498114100501599
"3504",207,"Actinomyces.sp..ICM39",-0.498114100501599
"3505",207,"Anaerostipes.sp..992a",-0.498114100501599
"3506",207,"Bacteroides.ovatus",-0.498114100501599
"3507",207,"Enterobacter.cloacae",3.8662194541593
"3508",207,"Erysipelatoclostridium.sp..MP95D5",7.81792369086229
"3509",207,"Intestinibacter.sp..MP113D11",-0.498114100501599
"3510",207,"Klebsiella.oxytoca",-0.498114100501599
"3511",207,"Lachnospiraceae.bacterium.CAG.364",9.59858739516915
"3512",207,"Lactobacillus.paracasei",-0.498114100501599
"3513",207,"Prevotella.buccae",-0.498114100501599
"3514",207,"Providencia.alcalifaciens",-0.498114100501599
"3515",207,"Roseburia.intestinalis",-0.498114100501599
"3516",207,"Streptococcus.infantis",-0.498114100501599
"3517",207,"Streptococcus.sp..MP111F6_2",-0.498114100501599
"3518",207,"X.Clostridium..aldenense",8.18450046305691
"3519",207,"X.Ruminococcus..sp..MP14G5",8.33380567708808
"3520",208,"Actinomyces.sp..HMSC035G02",-0.880591963512648
"3521",208,"Actinomyces.sp..ICM39",-0.880591963512648
"3522",208,"Anaerostipes.sp..992a",3.80625922613424
"3523",208,"Bacteroides.ovatus",9.81211743286594
"3524",208,"Enterobacter.cloacae",-0.880591963512648
"3525",208,"Erysipelatoclostridium.sp..MP95D5",-0.880591963512648
"3526",208,"Intestinibacter.sp..MP113D11",9.09810392804819
"3527",208,"Klebsiella.oxytoca",6.20666253694297
"3528",208,"Lachnospiraceae.bacterium.CAG.364",8.40424143418034
"3529",208,"Lactobacillus.paracasei",-0.880591963512648
"3530",208,"Prevotella.buccae",8.15674446243894
"3531",208,"Providencia.alcalifaciens",-0.880591963512648
"3532",208,"Roseburia.intestinalis",9.404874463735
"3533",208,"Streptococcus.infantis",-0.880591963512648
"3534",208,"Streptococcus.sp..MP111F6_2",9.65952962877256
"3535",208,"X.Clostridium..aldenense",6.87477497524928
"3536",208,"X.Ruminococcus..sp..MP14G5",-0.880591963512648
"3537",209,"Actinomyces.sp..HMSC035G02",-1.22058488592501
"3538",209,"Actinomyces.sp..ICM39",-1.22058488592501
"3539",209,"Anaerostipes.sp..992a",2.2190060063846
"3540",209,"Bacteroides.ovatus",10.0961145305397
"3541",209,"Enterobacter.cloacae",3.04035455753153
"3542",209,"Erysipelatoclostridium.sp..MP95D5",-1.22058488592501
"3543",209,"Intestinibacter.sp..MP113D11",9.59018464556051
"3544",209,"Klebsiella.oxytoca",5.84434230541314
"3545",209,"Lachnospiraceae.bacterium.CAG.364",-1.22058488592501
"3546",209,"Lactobacillus.paracasei",-1.22058488592501
"3547",209,"Prevotella.buccae",-1.22058488592501
"3548",209,"Providencia.alcalifaciens",-1.22058488592501
"3549",209,"Roseburia.intestinalis",8.40822036417255
"3550",209,"Streptococcus.infantis",2.52079305204761
"3551",209,"Streptococcus.sp..MP111F6_2",7.54341250631536
"3552",209,"X.Clostridium..aldenense",6.0027498581858
"3553",209,"X.Ruminococcus..sp..MP14G5",-1.22058488592501
"3554",210,"Actinomyces.sp..HMSC035G02",-0.916226299611504
"3555",210,"Actinomyces.sp..ICM39",4.72272751586927
"3556",210,"Anaerostipes.sp..992a",-0.916226299611504
"3557",210,"Bacteroides.ovatus",-0.916226299611504
"3558",210,"Enterobacter.cloacae",-0.916226299611504
"3559",210,"Erysipelatoclostridium.sp..MP95D5",-0.916226299611504
"3560",210,"Intestinibacter.sp..MP113D11",-0.916226299611504
"3561",210,"Klebsiella.oxytoca",7.99576169184429
"3562",210,"Lachnospiraceae.bacterium.CAG.364",-0.916226299611504
"3563",210,"Lactobacillus.paracasei",-0.916226299611504
"3564",210,"Prevotella.buccae",8.5521729078289
"3565",210,"Providencia.alcalifaciens",6.24926990864084
"3566",210,"Roseburia.intestinalis",-0.916226299611504
"3567",210,"Streptococcus.infantis",6.09504906546831
"3568",210,"Streptococcus.sp..MP111F6_2",7.90690719474815
"3569",210,"X.Clostridium..aldenense",-0.916226299611504
"3570",210,"X.Ruminococcus..sp..MP14G5",-0.916226299611504
"3571",211,"Actinomyces.sp..HMSC035G02",-0.353482863750594
"3572",211,"Actinomyces.sp..ICM39",-0.353482863750594
"3573",211,"Anaerostipes.sp..992a",-0.353482863750594
"3574",211,"Bacteroides.ovatus",-0.353482863750594
"3575",211,"Enterobacter.cloacae",-0.353482863750594
"3576",211,"Erysipelatoclostridium.sp..MP95D5",8.72792539910377
"3577",211,"Intestinibacter.sp..MP113D11",-0.353482863750594
"3578",211,"Klebsiella.oxytoca",6.94935750055479
"3579",211,"Lachnospiraceae.bacterium.CAG.364",-0.353482863750594
"3580",211,"Lactobacillus.paracasei",7.93470381606678
"3581",211,"Prevotella.buccae",-0.353482863750594
"3582",211,"Providencia.alcalifaciens",-0.353482863750594
"3583",211,"Roseburia.intestinalis",-0.353482863750594
"3584",211,"Streptococcus.infantis",-0.353482863750594
"3585",211,"Streptococcus.sp..MP111F6_2",-0.353482863750594
"3586",211,"X.Clostridium..aldenense",8.35237088505813
"3587",211,"X.Ruminococcus..sp..MP14G5",-0.353482863750594
"3588",212,"Actinomyces.sp..HMSC035G02",-0.605521271915958
"3589",212,"Actinomyces.sp..ICM39",-0.605521271915958
"3590",212,"Anaerostipes.sp..992a",-0.605521271915958
"3591",212,"Bacteroides.ovatus",3.72933743544422
"3592",212,"Enterobacter.cloacae",-0.605521271915958
"3593",212,"Erysipelatoclostridium.sp..MP95D5",-0.605521271915958
"3594",212,"Intestinibacter.sp..MP113D11",10.5184583043902
"3595",212,"Klebsiella.oxytoca",-0.605521271915958
"3596",212,"Lachnospiraceae.bacterium.CAG.364",-0.605521271915958
"3597",212,"Lactobacillus.paracasei",-0.605521271915958
"3598",212,"Prevotella.buccae",10.2816224226674
"3599",212,"Providencia.alcalifaciens",-0.605521271915958
"3600",212,"Roseburia.intestinalis",-0.605521271915958
"3601",212,"Streptococcus.infantis",-0.605521271915958
"3602",212,"Streptococcus.sp..MP111F6_2",-0.605521271915958
"3603",212,"X.Clostridium..aldenense",8.58995587504867
"3604",212,"X.Ruminococcus..sp..MP14G5",-0.605521271915958
"3605",213,"Actinomyces.sp..HMSC035G02",-0.760076367015987
"3606",213,"Actinomyces.sp..ICM39",-0.760076367015987
"3607",213,"Anaerostipes.sp..992a",-0.760076367015987
"3608",213,"Bacteroides.ovatus",-0.760076367015987
"3609",213,"Enterobacter.cloacae",-0.760076367015987
"3610",213,"Erysipelatoclostridium.sp..MP95D5",-0.760076367015987
"3611",213,"Intestinibacter.sp..MP113D11",10.5712426059953
"3612",213,"Klebsiella.oxytoca",-0.760076367015987
"3613",213,"Lachnospiraceae.bacterium.CAG.364",-0.760076367015987
"3614",213,"Lactobacillus.paracasei",-0.760076367015987
"3615",213,"Prevotella.buccae",5.02375626413526
"3616",213,"Providencia.alcalifaciens",-0.760076367015987
"3617",213,"Roseburia.intestinalis",-0.760076367015987
"3618",213,"Streptococcus.infantis",-0.760076367015987
"3619",213,"Streptococcus.sp..MP111F6_2",-0.760076367015987
"3620",213,"X.Clostridium..aldenense",7.89965255968816
"3621",213,"X.Ruminococcus..sp..MP14G5",-0.760076367015987
"3622",214,"Actinomyces.sp..HMSC035G02",-0.532714563796789
"3623",214,"Actinomyces.sp..ICM39",-0.532714563796789
"3624",214,"Anaerostipes.sp..992a",-0.532714563796789
"3625",214,"Bacteroides.ovatus",-0.532714563796789
"3626",214,"Enterobacter.cloacae",-0.532714563796789
"3627",214,"Erysipelatoclostridium.sp..MP95D5",-0.532714563796789
"3628",214,"Intestinibacter.sp..MP113D11",-0.532714563796789
"3629",214,"Klebsiella.oxytoca",-0.532714563796789
"3630",214,"Lachnospiraceae.bacterium.CAG.364",-0.532714563796789
"3631",214,"Lactobacillus.paracasei",-0.532714563796789
"3632",214,"Prevotella.buccae",10.7671893590858
"3633",214,"Providencia.alcalifaciens",-0.532714563796789
"3634",214,"Roseburia.intestinalis",-0.532714563796789
"3635",214,"Streptococcus.infantis",-0.532714563796789
"3636",214,"Streptococcus.sp..MP111F6_2",-0.532714563796789
"3637",214,"X.Clostridium..aldenense",9.62770520781885
"3638",214,"X.Ruminococcus..sp..MP14G5",-0.532714563796789
"3639",215,"Actinomyces.sp..HMSC035G02",-0.464469769505964
"3640",215,"Actinomyces.sp..ICM39",-0.464469769505964
"3641",215,"Anaerostipes.sp..992a",-0.464469769505964
"3642",215,"Bacteroides.ovatus",-0.464469769505964
"3643",215,"Enterobacter.cloacae",-0.464469769505964
"3644",215,"Erysipelatoclostridium.sp..MP95D5",-0.464469769505964
"3645",215,"Intestinibacter.sp..MP113D11",-0.464469769505964
"3646",215,"Klebsiella.oxytoca",-0.464469769505964
"3647",215,"Lachnospiraceae.bacterium.CAG.364",-0.464469769505964
"3648",215,"Lactobacillus.paracasei",-0.464469769505964
"3649",215,"Prevotella.buccae",9.98753582411542
"3650",215,"Providencia.alcalifaciens",-0.464469769505964
"3651",215,"Roseburia.intestinalis",-0.464469769505964
"3652",215,"Streptococcus.infantis",-0.464469769505964
"3653",215,"Streptococcus.sp..MP111F6_2",-0.464469769505964
"3654",215,"X.Clostridium..aldenense",10.0711499941876
"3655",215,"X.Ruminococcus..sp..MP14G5",-0.464469769505964
"3656",216,"Actinomyces.sp..HMSC035G02",-0.425119262717745
"3657",216,"Actinomyces.sp..ICM39",-0.425119262717745
"3658",216,"Anaerostipes.sp..992a",-0.425119262717745
"3659",216,"Bacteroides.ovatus",-0.425119262717745
"3660",216,"Enterobacter.cloacae",-0.425119262717745
"3661",216,"Erysipelatoclostridium.sp..MP95D5",-0.425119262717745
"3662",216,"Intestinibacter.sp..MP113D11",-0.425119262717745
"3663",216,"Klebsiella.oxytoca",-0.425119262717745
"3664",216,"Lachnospiraceae.bacterium.CAG.364",-0.425119262717745
"3665",216,"Lactobacillus.paracasei",-0.425119262717745
"3666",216,"Prevotella.buccae",-0.425119262717745
"3667",216,"Providencia.alcalifaciens",-0.425119262717745
"3668",216,"Roseburia.intestinalis",10.3139030208442
"3669",216,"Streptococcus.infantis",-0.425119262717745
"3670",216,"Streptococcus.sp..MP111F6_2",-0.425119262717745
"3671",216,"X.Clostridium..aldenense",8.03420224575989
"3672",216,"X.Ruminococcus..sp..MP14G5",-0.425119262717745
"3673",217,"Actinomyces.sp..HMSC035G02",-0.341171936690579
"3674",217,"Actinomyces.sp..ICM39",-0.341171936690579
"3675",217,"Anaerostipes.sp..992a",-0.341171936690579
"3676",217,"Bacteroides.ovatus",-0.341171936690579
"3677",217,"Enterobacter.cloacae",-0.341171936690579
"3678",217,"Erysipelatoclostridium.sp..MP95D5",-0.341171936690579
"3679",217,"Intestinibacter.sp..MP113D11",-0.341171936690579
"3680",217,"Klebsiella.oxytoca",-0.341171936690579
"3681",217,"Lachnospiraceae.bacterium.CAG.364",-0.341171936690579
"3682",217,"Lactobacillus.paracasei",5.74606458853443
"3683",217,"Prevotella.buccae",-0.341171936690579
"3684",217,"Providencia.alcalifaciens",-0.341171936690579
"3685",217,"Roseburia.intestinalis",-0.341171936690579
"3686",217,"Streptococcus.infantis",-0.341171936690579
"3687",217,"Streptococcus.sp..MP111F6_2",-0.341171936690579
"3688",217,"X.Clostridium..aldenense",8.68396621255158
"3689",217,"X.Ruminococcus..sp..MP14G5",-0.341171936690579
"3690",218,"Actinomyces.sp..HMSC035G02",-0.174892096291099
"3691",218,"Actinomyces.sp..ICM39",-0.174892096291099
"3692",218,"Anaerostipes.sp..992a",-0.174892096291099
"3693",218,"Bacteroides.ovatus",-0.174892096291099
"3694",218,"Enterobacter.cloacae",7.22403775628336
"3695",218,"Erysipelatoclostridium.sp..MP95D5",-0.174892096291099
"3696",218,"Intestinibacter.sp..MP113D11",-0.174892096291099
"3697",218,"Klebsiella.oxytoca",11.7440077066255
"3698",218,"Lachnospiraceae.bacterium.CAG.364",-0.174892096291099
"3699",218,"Lactobacillus.paracasei",-0.174892096291099
"3700",218,"Prevotella.buccae",-0.174892096291099
"3701",218,"Providencia.alcalifaciens",-0.174892096291099
"3702",218,"Roseburia.intestinalis",-0.174892096291099
"3703",218,"Streptococcus.infantis",-0.174892096291099
"3704",218,"Streptococcus.sp..MP111F6_2",-0.174892096291099
"3705",218,"X.Clostridium..aldenense",-0.174892096291099
"3706",218,"X.Ruminococcus..sp..MP14G5",-0.174892096291099
"3707",219,"Actinomyces.sp..HMSC035G02",-0.219489767850938
"3708",219,"Actinomyces.sp..ICM39",-0.219489767850938
"3709",219,"Anaerostipes.sp..992a",-0.219489767850938
"3710",219,"Bacteroides.ovatus",-0.219489767850938
"3711",219,"Enterobacter.cloacae",-0.219489767850938
"3712",219,"Erysipelatoclostridium.sp..MP95D5",-0.219489767850938
"3713",219,"Intestinibacter.sp..MP113D11",-0.219489767850938
"3714",219,"Klebsiella.oxytoca",-0.219489767850938
"3715",219,"Lachnospiraceae.bacterium.CAG.364",-0.219489767850938
"3716",219,"Lactobacillus.paracasei",-0.219489767850938
"3717",219,"Prevotella.buccae",-0.219489767850938
"3718",219,"Providencia.alcalifaciens",-0.219489767850938
"3719",219,"Roseburia.intestinalis",-0.219489767850938
"3720",219,"Streptococcus.infantis",7.85769839009114
"3721",219,"Streptococcus.sp..MP111F6_2",8.99578638017267
"3722",219,"X.Clostridium..aldenense",-0.219489767850938
"3723",219,"X.Ruminococcus..sp..MP14G5",-0.219489767850938
"3724",220,"Actinomyces.sp..HMSC035G02",-0.310853092963582
"3725",220,"Actinomyces.sp..ICM39",-0.310853092963582
"3726",220,"Anaerostipes.sp..992a",-0.310853092963582
"3727",220,"Bacteroides.ovatus",11.7352491862156
"3728",220,"Enterobacter.cloacae",-0.310853092963582
"3729",220,"Erysipelatoclostridium.sp..MP95D5",-0.310853092963582
"3730",220,"Intestinibacter.sp..MP113D11",-0.310853092963582
"3731",220,"Klebsiella.oxytoca",6.40975539888721
"3732",220,"Lachnospiraceae.bacterium.CAG.364",-0.310853092963582
"3733",220,"Lactobacillus.paracasei",-0.310853092963582
"3734",220,"Prevotella.buccae",-0.310853092963582
"3735",220,"Providencia.alcalifaciens",-0.310853092963582
"3736",220,"Roseburia.intestinalis",-0.310853092963582
"3737",220,"Streptococcus.infantis",-0.310853092963582
"3738",220,"Streptococcus.sp..MP111F6_2",-0.310853092963582
"3739",220,"X.Clostridium..aldenense",-0.310853092963582
"3740",220,"X.Ruminococcus..sp..MP14G5",-0.310853092963582
"3741",221,"Actinomyces.sp..HMSC035G02",-0.442389243006616
"3742",221,"Actinomyces.sp..ICM39",-0.442389243006616
"3743",221,"Anaerostipes.sp..992a",-0.442389243006616
"3744",221,"Bacteroides.ovatus",-0.442389243006616
"3745",221,"Enterobacter.cloacae",4.55799994640111
"3746",221,"Erysipelatoclostridium.sp..MP95D5",-0.442389243006616
"3747",221,"Intestinibacter.sp..MP113D11",-0.442389243006616
"3748",221,"Klebsiella.oxytoca",10.0800837507859
"3749",221,"Lachnospiraceae.bacterium.CAG.364",-0.442389243006616
"3750",221,"Lactobacillus.paracasei",4.5383820281133
"3751",221,"Prevotella.buccae",-0.442389243006616
"3752",221,"Providencia.alcalifaciens",-0.442389243006616
"3753",221,"Roseburia.intestinalis",-0.442389243006616
"3754",221,"Streptococcus.infantis",-0.442389243006616
"3755",221,"Streptococcus.sp..MP111F6_2",-0.442389243006616
"3756",221,"X.Clostridium..aldenense",-0.442389243006616
"3757",221,"X.Ruminococcus..sp..MP14G5",-0.442389243006616
"3758",222,"Actinomyces.sp..HMSC035G02",-0.831570302833871
"3759",222,"Actinomyces.sp..ICM39",-0.831570302833871
"3760",222,"Anaerostipes.sp..992a",-0.831570302833871
"3761",222,"Bacteroides.ovatus",11.3211080182798
"3762",222,"Enterobacter.cloacae",3.96672172738518
"3763",222,"Erysipelatoclostridium.sp..MP95D5",-0.831570302833871
"3764",222,"Intestinibacter.sp..MP113D11",-0.831570302833871
"3765",222,"Klebsiella.oxytoca",7.03050701928288
"3766",222,"Lachnospiraceae.bacterium.CAG.364",-0.831570302833871
"3767",222,"Lactobacillus.paracasei",-0.831570302833871
"3768",222,"Prevotella.buccae",-0.831570302833871
"3769",222,"Providencia.alcalifaciens",-0.831570302833871
"3770",222,"Roseburia.intestinalis",-0.831570302833871
"3771",222,"Streptococcus.infantis",-0.831570302833871
"3772",222,"Streptococcus.sp..MP111F6_2",5.38976694203492
"3773",222,"X.Clostridium..aldenense",5.97709534937303
"3774",222,"X.Ruminococcus..sp..MP14G5",-0.831570302833871
"3775",223,"Actinomyces.sp..HMSC035G02",-0.282801840223792
"3776",223,"Actinomyces.sp..ICM39",-0.282801840223792
"3777",223,"Anaerostipes.sp..992a",-0.282801840223792
"3778",223,"Bacteroides.ovatus",-0.282801840223792
"3779",223,"Enterobacter.cloacae",-0.282801840223792
"3780",223,"Erysipelatoclostridium.sp..MP95D5",-0.282801840223792
"3781",223,"Intestinibacter.sp..MP113D11",-0.282801840223792
"3782",223,"Klebsiella.oxytoca",-0.282801840223792
"3783",223,"Lachnospiraceae.bacterium.CAG.364",8.74556779889129
"3784",223,"Lactobacillus.paracasei",-0.282801840223792
"3785",223,"Prevotella.buccae",-0.282801840223792
"3786",223,"Providencia.alcalifaciens",-0.282801840223792
"3787",223,"Roseburia.intestinalis",-0.282801840223792
"3788",223,"Streptococcus.infantis",-0.282801840223792
"3789",223,"Streptococcus.sp..MP111F6_2",-0.282801840223792
"3790",223,"X.Clostridium..aldenense",-0.282801840223792
"3791",223,"X.Ruminococcus..sp..MP14G5",-0.282801840223792
"3792",224,"Actinomyces.sp..HMSC035G02",-0.977917968635994
"3793",224,"Actinomyces.sp..ICM39",-0.977917968635994
"3794",224,"Anaerostipes.sp..992a",-0.977917968635994
"3795",224,"Bacteroides.ovatus",8.33522849203466
"3796",224,"Enterobacter.cloacae",-0.977917968635994
"3797",224,"Erysipelatoclostridium.sp..MP95D5",-0.977917968635994
"3798",224,"Intestinibacter.sp..MP113D11",-0.977917968635994
"3799",224,"Klebsiella.oxytoca",-0.977917968635994
"3800",224,"Lachnospiraceae.bacterium.CAG.364",-0.977917968635994
"3801",224,"Lactobacillus.paracasei",-0.977917968635994
"3802",224,"Prevotella.buccae",-0.977917968635994
"3803",224,"Providencia.alcalifaciens",-0.977917968635994
"3804",224,"Roseburia.intestinalis",9.27479400663758
"3805",224,"Streptococcus.infantis",-0.977917968635994
"3806",224,"Streptococcus.sp..MP111F6_2",-0.977917968635994
"3807",224,"X.Clostridium..aldenense",6.12769691790802
"3808",224,"X.Ruminococcus..sp..MP14G5",7.03937461777535
"3809",225,"Actinomyces.sp..HMSC035G02",-0.285423792414219
"3810",225,"Actinomyces.sp..ICM39",-0.285423792414219
"3811",225,"Anaerostipes.sp..992a",-0.285423792414219
"3812",225,"Bacteroides.ovatus",-0.285423792414219
"3813",225,"Enterobacter.cloacae",4.0762074432984
"3814",225,"Erysipelatoclostridium.sp..MP95D5",-0.285423792414219
"3815",225,"Intestinibacter.sp..MP113D11",-0.285423792414219
"3816",225,"Klebsiella.oxytoca",10.851968469033
"3817",225,"Lachnospiraceae.bacterium.CAG.364",-0.285423792414219
"3818",225,"Lactobacillus.paracasei",-0.285423792414219
"3819",225,"Prevotella.buccae",-0.285423792414219
"3820",225,"Providencia.alcalifaciens",-0.285423792414219
"3821",225,"Roseburia.intestinalis",7.58684426164066
"3822",225,"Streptococcus.infantis",-0.285423792414219
"3823",225,"Streptococcus.sp..MP111F6_2",-0.285423792414219
"3824",225,"X.Clostridium..aldenense",-0.285423792414219
"3825",225,"X.Ruminococcus..sp..MP14G5",-0.285423792414219
"3826",226,"Actinomyces.sp..HMSC035G02",-0.408766917388428
"3827",226,"Actinomyces.sp..ICM39",4.92486893752779
"3828",226,"Anaerostipes.sp..992a",-0.408766917388428
"3829",226,"Bacteroides.ovatus",-0.408766917388428
"3830",226,"Enterobacter.cloacae",-0.408766917388428
"3831",226,"Erysipelatoclostridium.sp..MP95D5",-0.408766917388428
"3832",226,"Intestinibacter.sp..MP113D11",-0.408766917388428
"3833",226,"Klebsiella.oxytoca",-0.408766917388428
"3834",226,"Lachnospiraceae.bacterium.CAG.364",9.40538561524567
"3835",226,"Lactobacillus.paracasei",-0.408766917388428
"3836",226,"Prevotella.buccae",-0.408766917388428
"3837",226,"Providencia.alcalifaciens",-0.408766917388428
"3838",226,"Roseburia.intestinalis",-0.408766917388428
"3839",226,"Streptococcus.infantis",-0.408766917388428
"3840",226,"Streptococcus.sp..MP111F6_2",9.43687312687713
"3841",226,"X.Clostridium..aldenense",5.79529917285987
"3842",226,"X.Ruminococcus..sp..MP14G5",8.8150357844859
"3843",227,"Actinomyces.sp..HMSC035G02",-0.335135585559073
"3844",227,"Actinomyces.sp..ICM39",-0.335135585559073
"3845",227,"Anaerostipes.sp..992a",-0.335135585559073
"3846",227,"Bacteroides.ovatus",-0.335135585559073
"3847",227,"Enterobacter.cloacae",-0.335135585559073
"3848",227,"Erysipelatoclostridium.sp..MP95D5",8.00890396863683
"3849",227,"Intestinibacter.sp..MP113D11",-0.335135585559073
"3850",227,"Klebsiella.oxytoca",-0.335135585559073
"3851",227,"Lachnospiraceae.bacterium.CAG.364",-0.335135585559073
"3852",227,"Lactobacillus.paracasei",-0.335135585559073
"3853",227,"Prevotella.buccae",-0.335135585559073
"3854",227,"Providencia.alcalifaciens",-0.335135585559073
"3855",227,"Roseburia.intestinalis",-0.335135585559073
"3856",227,"Streptococcus.infantis",-0.335135585559073
"3857",227,"Streptococcus.sp..MP111F6_2",-0.335135585559073
"3858",227,"X.Clostridium..aldenense",-0.335135585559073
"3859",227,"X.Ruminococcus..sp..MP14G5",-0.335135585559073
"3860",228,"Actinomyces.sp..HMSC035G02",-0.772205780661331
"3861",228,"Actinomyces.sp..ICM39",-0.772205780661331
"3862",228,"Anaerostipes.sp..992a",-0.772205780661331
"3863",228,"Bacteroides.ovatus",-0.772205780661331
"3864",228,"Enterobacter.cloacae",-0.772205780661331
"3865",228,"Erysipelatoclostridium.sp..MP95D5",-0.772205780661331
"3866",228,"Intestinibacter.sp..MP113D11",-0.772205780661331
"3867",228,"Klebsiella.oxytoca",-0.772205780661331
"3868",228,"Lachnospiraceae.bacterium.CAG.364",7.12233669203158
"3869",228,"Lactobacillus.paracasei",-0.772205780661331
"3870",228,"Prevotella.buccae",5.31243100274222
"3871",228,"Providencia.alcalifaciens",-0.772205780661331
"3872",228,"Roseburia.intestinalis",8.29477397922656
"3873",228,"Streptococcus.infantis",-0.772205780661331
"3874",228,"Streptococcus.sp..MP111F6_2",-0.772205780661331
"3875",228,"X.Clostridium..aldenense",7.70945326031024
"3876",228,"X.Ruminococcus..sp..MP14G5",-0.772205780661331
"3877",229,"Actinomyces.sp..HMSC035G02",-0.220338150896138
"3878",229,"Actinomyces.sp..ICM39",-0.220338150896138
"3879",229,"Anaerostipes.sp..992a",-0.220338150896138
"3880",229,"Bacteroides.ovatus",-0.220338150896138
"3881",229,"Enterobacter.cloacae",-0.220338150896138
"3882",229,"Erysipelatoclostridium.sp..MP95D5",-0.220338150896138
"3883",229,"Intestinibacter.sp..MP113D11",-0.220338150896138
"3884",229,"Klebsiella.oxytoca",12.8699221110452
"3885",229,"Lachnospiraceae.bacterium.CAG.364",-0.220338150896138
"3886",229,"Lactobacillus.paracasei",-0.220338150896138
"3887",229,"Prevotella.buccae",-0.220338150896138
"3888",229,"Providencia.alcalifaciens",-0.220338150896138
"3889",229,"Roseburia.intestinalis",-0.220338150896138
"3890",229,"Streptococcus.infantis",7.87687885567609
"3891",229,"Streptococcus.sp..MP111F6_2",-0.220338150896138
"3892",229,"X.Clostridium..aldenense",-0.220338150896138
"3893",229,"X.Ruminococcus..sp..MP14G5",-0.220338150896138
"3894",230,"Actinomyces.sp..HMSC035G02",-0.973050944394599
"3895",230,"Actinomyces.sp..ICM39",-0.973050944394599
"3896",230,"Anaerostipes.sp..992a",-0.973050944394599
"3897",230,"Bacteroides.ovatus",7.33323175444982
"3898",230,"Enterobacter.cloacae",-0.973050944394599
"3899",230,"Erysipelatoclostridium.sp..MP95D5",-0.973050944394599
"3900",230,"Intestinibacter.sp..MP113D11",-0.973050944394599
"3901",230,"Klebsiella.oxytoca",-0.973050944394599
"3902",230,"Lachnospiraceae.bacterium.CAG.364",-0.973050944394599
"3903",230,"Lactobacillus.paracasei",-0.973050944394599
"3904",230,"Prevotella.buccae",-0.973050944394599
"3905",230,"Providencia.alcalifaciens",-0.973050944394599
"3906",230,"Roseburia.intestinalis",8.27760928792817
"3907",230,"Streptococcus.infantis",-0.973050944394599
"3908",230,"Streptococcus.sp..MP111F6_2",-0.973050944394599
"3909",230,"X.Clostridium..aldenense",6.03146953200803
"3910",230,"X.Ruminococcus..sp..MP14G5",-0.973050944394599
"3911",231,"Actinomyces.sp..HMSC035G02",-0.722291415402074
"3912",231,"Actinomyces.sp..ICM39",-0.722291415402074
"3913",231,"Anaerostipes.sp..992a",-0.722291415402074
"3914",231,"Bacteroides.ovatus",-0.722291415402074
"3915",231,"Enterobacter.cloacae",2.83661082674021
"3916",231,"Erysipelatoclostridium.sp..MP95D5",-0.722291415402074
"3917",231,"Intestinibacter.sp..MP113D11",10.1669403180812
"3918",231,"Klebsiella.oxytoca",-0.722291415402074
"3919",231,"Lachnospiraceae.bacterium.CAG.364",5.94179269669857
"3920",231,"Lactobacillus.paracasei",-0.722291415402074
"3921",231,"Prevotella.buccae",-0.722291415402074
"3922",231,"Providencia.alcalifaciens",-0.722291415402074
"3923",231,"Roseburia.intestinalis",-0.722291415402074
"3924",231,"Streptococcus.infantis",-0.722291415402074
"3925",231,"Streptococcus.sp..MP111F6_2",8.50158369130717
"3926",231,"X.Clostridium..aldenense",7.30342354179266
"3927",231,"X.Ruminococcus..sp..MP14G5",-0.722291415402074
"3928",232,"Actinomyces.sp..HMSC035G02",-0.656110793664286
"3929",232,"Actinomyces.sp..ICM39",-0.656110793664286
"3930",232,"Anaerostipes.sp..992a",-0.656110793664286
"3931",232,"Bacteroides.ovatus",-0.656110793664286
"3932",232,"Enterobacter.cloacae",-0.656110793664286
"3933",232,"Erysipelatoclostridium.sp..MP95D5",-0.656110793664286
"3934",232,"Intestinibacter.sp..MP113D11",-0.656110793664286
"3935",232,"Klebsiella.oxytoca",-0.656110793664286
"3936",232,"Lachnospiraceae.bacterium.CAG.364",-0.656110793664286
"3937",232,"Lactobacillus.paracasei",-0.656110793664286
"3938",232,"Prevotella.buccae",9.76482617826555
"3939",232,"Providencia.alcalifaciens",-0.656110793664286
"3940",232,"Roseburia.intestinalis",-0.656110793664286
"3941",232,"Streptococcus.infantis",-0.656110793664286
"3942",232,"Streptococcus.sp..MP111F6_2",-0.656110793664286
"3943",232,"X.Clostridium..aldenense",-0.656110793664286
"3944",232,"X.Ruminococcus..sp..MP14G5",6.56792433225827
"3945",233,"Actinomyces.sp..HMSC035G02",-0.398050190475331
"3946",233,"Actinomyces.sp..ICM39",-0.398050190475331
"3947",233,"Anaerostipes.sp..992a",-0.398050190475331
"3948",233,"Bacteroides.ovatus",-0.398050190475331
"3949",233,"Enterobacter.cloacae",4.49957879810906
"3950",233,"Erysipelatoclostridium.sp..MP95D5",-0.398050190475331
"3951",233,"Intestinibacter.sp..MP113D11",-0.398050190475331
"3952",233,"Klebsiella.oxytoca",9.53903487731862
"3953",233,"Lachnospiraceae.bacterium.CAG.364",-0.398050190475331
"3954",233,"Lactobacillus.paracasei",4.70842327038124
"3955",233,"Prevotella.buccae",5.72879636089708
"3956",233,"Providencia.alcalifaciens",-0.398050190475331
"3957",233,"Roseburia.intestinalis",-0.398050190475331
"3958",233,"Streptococcus.infantis",-0.398050190475331
"3959",233,"Streptococcus.sp..MP111F6_2",-0.398050190475331
"3960",233,"X.Clostridium..aldenense",-0.398050190475331
"3961",233,"X.Ruminococcus..sp..MP14G5",-0.398050190475331
"3962",234,"Actinomyces.sp..HMSC035G02",-0.473011728829039
"3963",234,"Actinomyces.sp..ICM39",-0.473011728829039
"3964",234,"Anaerostipes.sp..992a",-0.473011728829039
"3965",234,"Bacteroides.ovatus",-0.473011728829039
"3966",234,"Enterobacter.cloacae",-0.473011728829039
"3967",234,"Erysipelatoclostridium.sp..MP95D5",-0.473011728829039
"3968",234,"Intestinibacter.sp..MP113D11",-0.473011728829039
"3969",234,"Klebsiella.oxytoca",-0.473011728829039
"3970",234,"Lachnospiraceae.bacterium.CAG.364",-0.473011728829039
"3971",234,"Lactobacillus.paracasei",-0.473011728829039
"3972",234,"Prevotella.buccae",-0.473011728829039
"3973",234,"Providencia.alcalifaciens",-0.473011728829039
"3974",234,"Roseburia.intestinalis",7.75564528279193
"3975",234,"Streptococcus.infantis",-0.473011728829039
"3976",234,"Streptococcus.sp..MP111F6_2",-0.473011728829039
"3977",234,"X.Clostridium..aldenense",5.83704128577223
"3978",234,"X.Ruminococcus..sp..MP14G5",-0.473011728829039
"3979",235,"Actinomyces.sp..HMSC035G02",-0.743542850189126
"3980",235,"Actinomyces.sp..ICM39",-0.743542850189126
"3981",235,"Anaerostipes.sp..992a",-0.743542850189126
"3982",235,"Bacteroides.ovatus",8.40682265847916
"3983",235,"Enterobacter.cloacae",-0.743542850189126
"3984",235,"Erysipelatoclostridium.sp..MP95D5",5.31346406516835
"3985",235,"Intestinibacter.sp..MP113D11",-0.743542850189126
"3986",235,"Klebsiella.oxytoca",-0.743542850189126
"3987",235,"Lachnospiraceae.bacterium.CAG.364",6.13741639743571
"3988",235,"Lactobacillus.paracasei",-0.743542850189126
"3989",235,"Prevotella.buccae",-0.743542850189126
"3990",235,"Providencia.alcalifaciens",-0.743542850189126
"3991",235,"Roseburia.intestinalis",8.79061210920308
"3992",235,"Streptococcus.infantis",-0.743542850189126
"3993",235,"Streptococcus.sp..MP111F6_2",-0.743542850189126
"3994",235,"X.Clostridium..aldenense",6.61403785340564
"3995",235,"X.Ruminococcus..sp..MP14G5",-0.743542850189126
"3996",236,"Actinomyces.sp..HMSC035G02",-0.246698345426575
"3997",236,"Actinomyces.sp..ICM39",-0.246698345426575
"3998",236,"Anaerostipes.sp..992a",-0.246698345426575
"3999",236,"Bacteroides.ovatus",-0.246698345426575
"4000",236,"Enterobacter.cloacae",-0.246698345426575
"4001",236,"Erysipelatoclostridium.sp..MP95D5",-0.246698345426575
"4002",236,"Intestinibacter.sp..MP113D11",-0.246698345426575
"4003",236,"Klebsiella.oxytoca",8.75526681685861
"4004",236,"Lachnospiraceae.bacterium.CAG.364",-0.246698345426575
"4005",236,"Lactobacillus.paracasei",-0.246698345426575
"4006",236,"Prevotella.buccae",-0.246698345426575
"4007",236,"Providencia.alcalifaciens",-0.246698345426575
"4008",236,"Roseburia.intestinalis",-0.246698345426575
"4009",236,"Streptococcus.infantis",-0.246698345426575
"4010",236,"Streptococcus.sp..MP111F6_2",-0.246698345426575
"4011",236,"X.Clostridium..aldenense",-0.246698345426575
"4012",236,"X.Ruminococcus..sp..MP14G5",-0.246698345426575
"4013",237,"Actinomyces.sp..HMSC035G02",-0.270931268653182
"4014",237,"Actinomyces.sp..ICM39",-0.270931268653182
"4015",237,"Anaerostipes.sp..992a",-0.270931268653182
"4016",237,"Bacteroides.ovatus",-0.270931268653182
"4017",237,"Enterobacter.cloacae",-0.270931268653182
"4018",237,"Erysipelatoclostridium.sp..MP95D5",9.40249523948391
"4019",237,"Intestinibacter.sp..MP113D11",-0.270931268653182
"4020",237,"Klebsiella.oxytoca",-0.270931268653182
"4021",237,"Lachnospiraceae.bacterium.CAG.364",-0.270931268653182
"4022",237,"Lactobacillus.paracasei",-0.270931268653182
"4023",237,"Prevotella.buccae",-0.270931268653182
"4024",237,"Providencia.alcalifaciens",-0.270931268653182
"4025",237,"Roseburia.intestinalis",-0.270931268653182
"4026",237,"Streptococcus.infantis",-0.270931268653182
"4027",237,"Streptococcus.sp..MP111F6_2",-0.270931268653182
"4028",237,"X.Clostridium..aldenense",-0.270931268653182
"4029",237,"X.Ruminococcus..sp..MP14G5",-0.270931268653182
"4030",238,"Actinomyces.sp..HMSC035G02",-0.371527906416578
"4031",238,"Actinomyces.sp..ICM39",-0.371527906416578
"4032",238,"Anaerostipes.sp..992a",-0.371527906416578
"4033",238,"Bacteroides.ovatus",-0.371527906416578
"4034",238,"Enterobacter.cloacae",-0.371527906416578
"4035",238,"Erysipelatoclostridium.sp..MP95D5",-0.371527906416578
"4036",238,"Intestinibacter.sp..MP113D11",-0.371527906416578
"4037",238,"Klebsiella.oxytoca",-0.371527906416578
"4038",238,"Lachnospiraceae.bacterium.CAG.364",-0.371527906416578
"4039",238,"Lactobacillus.paracasei",-0.371527906416578
"4040",238,"Prevotella.buccae",-0.371527906416578
"4041",238,"Providencia.alcalifaciens",-0.371527906416578
"4042",238,"Roseburia.intestinalis",-0.371527906416578
"4043",238,"Streptococcus.infantis",-0.371527906416578
"4044",238,"Streptococcus.sp..MP111F6_2",-0.371527906416578
"4045",238,"X.Clostridium..aldenense",-0.371527906416578
"4046",238,"X.Ruminococcus..sp..MP14G5",-0.371527906416578
"4047",239,"Actinomyces.sp..HMSC035G02",-1.01403163746798
"4048",239,"Actinomyces.sp..ICM39",-1.01403163746798
"4049",239,"Anaerostipes.sp..992a",-1.01403163746798
"4050",239,"Bacteroides.ovatus",6.50046016643304
"4051",239,"Enterobacter.cloacae",4.75693645466854
"4052",239,"Erysipelatoclostridium.sp..MP95D5",6.43638409515463
"4053",239,"Intestinibacter.sp..MP113D11",-1.01403163746798
"4054",239,"Klebsiella.oxytoca",-1.01403163746798
"4055",239,"Lachnospiraceae.bacterium.CAG.364",-1.01403163746798
"4056",239,"Lactobacillus.paracasei",-1.01403163746798
"4057",239,"Prevotella.buccae",-1.01403163746798
"4058",239,"Providencia.alcalifaciens",-1.01403163746798
"4059",239,"Roseburia.intestinalis",4.86235190866695
"4060",239,"Streptococcus.infantis",-1.01403163746798
"4061",239,"Streptococcus.sp..MP111F6_2",8.33780086424293
"4062",239,"X.Clostridium..aldenense",7.45182417551977
"4063",239,"X.Ruminococcus..sp..MP14G5",-1.01403163746798
"4064",240,"Actinomyces.sp..HMSC035G02",-0.44942104326886
"4065",240,"Actinomyces.sp..ICM39",-0.44942104326886
"4066",240,"Anaerostipes.sp..992a",-0.44942104326886
"4067",240,"Bacteroides.ovatus",-0.44942104326886
"4068",240,"Enterobacter.cloacae",-0.44942104326886
"4069",240,"Erysipelatoclostridium.sp..MP95D5",-0.44942104326886
"4070",240,"Intestinibacter.sp..MP113D11",-0.44942104326886
"4071",240,"Klebsiella.oxytoca",8.41538486804799
"4072",240,"Lachnospiraceae.bacterium.CAG.364",-0.44942104326886
"4073",240,"Lactobacillus.paracasei",-0.44942104326886
"4074",240,"Prevotella.buccae",-0.44942104326886
"4075",240,"Providencia.alcalifaciens",-0.44942104326886
"4076",240,"Roseburia.intestinalis",-0.44942104326886
"4077",240,"Streptococcus.infantis",-0.44942104326886
"4078",240,"Streptococcus.sp..MP111F6_2",9.5664228967517
"4079",240,"X.Clostridium..aldenense",-0.44942104326886
"4080",240,"X.Ruminococcus..sp..MP14G5",-0.44942104326886
"4081",241,"Actinomyces.sp..HMSC035G02",-0.296896298154367
"4082",241,"Actinomyces.sp..ICM39",-0.296896298154367
"4083",241,"Anaerostipes.sp..992a",-0.296896298154367
"4084",241,"Bacteroides.ovatus",-0.296896298154367
"4085",241,"Enterobacter.cloacae",-0.296896298154367
"4086",241,"Erysipelatoclostridium.sp..MP95D5",-0.296896298154367
"4087",241,"Intestinibacter.sp..MP113D11",-0.296896298154367
"4088",241,"Klebsiella.oxytoca",-0.296896298154367
"4089",241,"Lachnospiraceae.bacterium.CAG.364",-0.296896298154367
"4090",241,"Lactobacillus.paracasei",-0.296896298154367
"4091",241,"Prevotella.buccae",-0.296896298154367
"4092",241,"Providencia.alcalifaciens",-0.296896298154367
"4093",241,"Roseburia.intestinalis",-0.296896298154367
"4094",241,"Streptococcus.infantis",-0.296896298154367
"4095",241,"Streptococcus.sp..MP111F6_2",-0.296896298154367
"4096",241,"X.Clostridium..aldenense",-0.296896298154367
"4097",241,"X.Ruminococcus..sp..MP14G5",-0.296896298154367
"4098",242,"Actinomyces.sp..HMSC035G02",-0.280512099406113
"4099",242,"Actinomyces.sp..ICM39",-0.280512099406113
"4100",242,"Anaerostipes.sp..992a",-0.280512099406113
"4101",242,"Bacteroides.ovatus",-0.280512099406113
"4102",242,"Enterobacter.cloacae",-0.280512099406113
"4103",242,"Erysipelatoclostridium.sp..MP95D5",-0.280512099406113
"4104",242,"Intestinibacter.sp..MP113D11",-0.280512099406113
"4105",242,"Klebsiella.oxytoca",-0.280512099406113
"4106",242,"Lachnospiraceae.bacterium.CAG.364",9.48650372462815
"4107",242,"Lactobacillus.paracasei",-0.280512099406113
"4108",242,"Prevotella.buccae",-0.280512099406113
"4109",242,"Providencia.alcalifaciens",-0.280512099406113
"4110",242,"Roseburia.intestinalis",-0.280512099406113
"4111",242,"Streptococcus.infantis",-0.280512099406113
"4112",242,"Streptococcus.sp..MP111F6_2",9.952321390742
"4113",242,"X.Clostridium..aldenense",-0.280512099406113
"4114",242,"X.Ruminococcus..sp..MP14G5",-0.280512099406113
"4115",243,"Actinomyces.sp..HMSC035G02",-0.800813575032132
"4116",243,"Actinomyces.sp..ICM39",-0.800813575032132
"4117",243,"Anaerostipes.sp..992a",-0.800813575032132
"4118",243,"Bacteroides.ovatus",-0.800813575032132
"4119",243,"Enterobacter.cloacae",-0.800813575032132
"4120",243,"Erysipelatoclostridium.sp..MP95D5",-0.800813575032132
"4121",243,"Intestinibacter.sp..MP113D11",8.51107064144688
"4122",243,"Klebsiella.oxytoca",4.05544020419911
"4123",243,"Lachnospiraceae.bacterium.CAG.364",7.2413581200571
"4124",243,"Lactobacillus.paracasei",-0.800813575032132
"4125",243,"Prevotella.buccae",-0.800813575032132
"4126",243,"Providencia.alcalifaciens",-0.800813575032132
"4127",243,"Roseburia.intestinalis",9.24377938713504
"4128",243,"Streptococcus.infantis",-0.800813575032132
"4129",243,"Streptococcus.sp..MP111F6_2",-0.800813575032132
"4130",243,"X.Clostridium..aldenense",7.67786791324037
"4131",243,"X.Ruminococcus..sp..MP14G5",-0.800813575032132
"4132",244,"Actinomyces.sp..HMSC035G02",-0.779202939330306
"4133",244,"Actinomyces.sp..ICM39",-0.779202939330306
"4134",244,"Anaerostipes.sp..992a",-0.779202939330306
"4135",244,"Bacteroides.ovatus",11.1314230986132
"4136",244,"Enterobacter.cloacae",-0.779202939330306
"4137",244,"Erysipelatoclostridium.sp..MP95D5",-0.779202939330306
"4138",244,"Intestinibacter.sp..MP113D11",-0.779202939330306
"4139",244,"Klebsiella.oxytoca",-0.779202939330306
"4140",244,"Lachnospiraceae.bacterium.CAG.364",5.48479576460578
"4141",244,"Lactobacillus.paracasei",-0.779202939330306
"4142",244,"Prevotella.buccae",-0.779202939330306
"4143",244,"Providencia.alcalifaciens",-0.779202939330306
"4144",244,"Roseburia.intestinalis",-0.779202939330306
"4145",244,"Streptococcus.infantis",-0.779202939330306
"4146",244,"Streptococcus.sp..MP111F6_2",-0.779202939330306
"4147",244,"X.Clostridium..aldenense",7.13537160111742
"4148",244,"X.Ruminococcus..sp..MP14G5",-0.779202939330306
"4149",245,"Actinomyces.sp..HMSC035G02",-0.259148465266566
"4150",245,"Actinomyces.sp..ICM39",-0.259148465266566
"4151",245,"Anaerostipes.sp..992a",-0.259148465266566
"4152",245,"Bacteroides.ovatus",-0.259148465266566
"4153",245,"Enterobacter.cloacae",-0.259148465266566
"4154",245,"Erysipelatoclostridium.sp..MP95D5",-0.259148465266566
"4155",245,"Intestinibacter.sp..MP113D11",-0.259148465266566
"4156",245,"Klebsiella.oxytoca",8.61403785118246
"4157",245,"Lachnospiraceae.bacterium.CAG.364",-0.259148465266566
"4158",245,"Lactobacillus.paracasei",-0.259148465266566
"4159",245,"Prevotella.buccae",-0.259148465266566
"4160",245,"Providencia.alcalifaciens",-0.259148465266566
"4161",245,"Roseburia.intestinalis",-0.259148465266566
"4162",245,"Streptococcus.infantis",-0.259148465266566
"4163",245,"Streptococcus.sp..MP111F6_2",-0.259148465266566
"4164",245,"X.Clostridium..aldenense",-0.259148465266566
"4165",245,"X.Ruminococcus..sp..MP14G5",-0.259148465266566
"4166",246,"Actinomyces.sp..HMSC035G02",6.7746466194473
"4167",246,"Actinomyces.sp..ICM39",-0.148633468767519
"4168",246,"Anaerostipes.sp..992a",-0.148633468767519
"4169",246,"Bacteroides.ovatus",-0.148633468767519
"4170",246,"Enterobacter.cloacae",-0.148633468767519
"4171",246,"Erysipelatoclostridium.sp..MP95D5",-0.148633468767519
"4172",246,"Intestinibacter.sp..MP113D11",-0.148633468767519
"4173",246,"Klebsiella.oxytoca",13.1171873572081
"4174",246,"Lachnospiraceae.bacterium.CAG.364",-0.148633468767519
"4175",246,"Lactobacillus.paracasei",-0.148633468767519
"4176",246,"Prevotella.buccae",-0.148633468767519
"4177",246,"Providencia.alcalifaciens",-0.148633468767519
"4178",246,"Roseburia.intestinalis",-0.148633468767519
"4179",246,"Streptococcus.infantis",8.15704498888555
"4180",246,"Streptococcus.sp..MP111F6_2",8.08402659804344
"4181",246,"X.Clostridium..aldenense",-0.148633468767519
"4182",246,"X.Ruminococcus..sp..MP14G5",-0.148633468767519
"4183",247,"Actinomyces.sp..HMSC035G02",-0.241860441338815
"4184",247,"Actinomyces.sp..ICM39",-0.241860441338815
"4185",247,"Anaerostipes.sp..992a",-0.241860441338815
"4186",247,"Bacteroides.ovatus",-0.241860441338815
"4187",247,"Enterobacter.cloacae",-0.241860441338815
"4188",247,"Erysipelatoclostridium.sp..MP95D5",-0.241860441338815
"4189",247,"Intestinibacter.sp..MP113D11",-0.241860441338815
"4190",247,"Klebsiella.oxytoca",7.82135219368439
"4191",247,"Lachnospiraceae.bacterium.CAG.364",-0.241860441338815
"4192",247,"Lactobacillus.paracasei",-0.241860441338815
"4193",247,"Prevotella.buccae",-0.241860441338815
"4194",247,"Providencia.alcalifaciens",-0.241860441338815
"4195",247,"Roseburia.intestinalis",-0.241860441338815
"4196",247,"Streptococcus.infantis",-0.241860441338815
"4197",247,"Streptococcus.sp..MP111F6_2",-0.241860441338815
"4198",247,"X.Clostridium..aldenense",6.05729063815274
"4199",247,"X.Ruminococcus..sp..MP14G5",-0.241860441338815
"4200",248,"Actinomyces.sp..HMSC035G02",-0.278816250063132
"4201",248,"Actinomyces.sp..ICM39",-0.278816250063132
"4202",248,"Anaerostipes.sp..992a",-0.278816250063132
"4203",248,"Bacteroides.ovatus",-0.278816250063132
"4204",248,"Enterobacter.cloacae",-0.278816250063132
"4205",248,"Erysipelatoclostridium.sp..MP95D5",-0.278816250063132
"4206",248,"Intestinibacter.sp..MP113D11",-0.278816250063132
"4207",248,"Klebsiella.oxytoca",-0.278816250063132
"4208",248,"Lachnospiraceae.bacterium.CAG.364",-0.278816250063132
"4209",248,"Lactobacillus.paracasei",-0.278816250063132
"4210",248,"Prevotella.buccae",-0.278816250063132
"4211",248,"Providencia.alcalifaciens",-0.278816250063132
"4212",248,"Roseburia.intestinalis",-0.278816250063132
"4213",248,"Streptococcus.infantis",-0.278816250063132
"4214",248,"Streptococcus.sp..MP111F6_2",-0.278816250063132
"4215",248,"X.Clostridium..aldenense",-0.278816250063132
"4216",248,"X.Ruminococcus..sp..MP14G5",-0.278816250063132
"4217",249,"Actinomyces.sp..HMSC035G02",-0.339269577055372
"4218",249,"Actinomyces.sp..ICM39",-0.339269577055372
"4219",249,"Anaerostipes.sp..992a",-0.339269577055372
"4220",249,"Bacteroides.ovatus",-0.339269577055372
"4221",249,"Enterobacter.cloacae",-0.339269577055372
"4222",249,"Erysipelatoclostridium.sp..MP95D5",-0.339269577055372
"4223",249,"Intestinibacter.sp..MP113D11",11.1670860384958
"4224",249,"Klebsiella.oxytoca",6.39192401280305
"4225",249,"Lachnospiraceae.bacterium.CAG.364",-0.339269577055372
"4226",249,"Lactobacillus.paracasei",3.79240512915478
"4227",249,"Prevotella.buccae",-0.339269577055372
"4228",249,"Providencia.alcalifaciens",-0.339269577055372
"4229",249,"Roseburia.intestinalis",-0.339269577055372
"4230",249,"Streptococcus.infantis",-0.339269577055372
"4231",249,"Streptococcus.sp..MP111F6_2",-0.339269577055372
"4232",249,"X.Clostridium..aldenense",8.8094446570771
"4233",249,"X.Ruminococcus..sp..MP14G5",-0.339269577055372
"4234",250,"Actinomyces.sp..HMSC035G02",-0.491482638661921
"4235",250,"Actinomyces.sp..ICM39",-0.491482638661921
"4236",250,"Anaerostipes.sp..992a",-0.491482638661921
"4237",250,"Bacteroides.ovatus",-0.491482638661921
"4238",250,"Enterobacter.cloacae",-0.491482638661921
"4239",250,"Erysipelatoclostridium.sp..MP95D5",-0.491482638661921
"4240",250,"Intestinibacter.sp..MP113D11",-0.491482638661921
"4241",250,"Klebsiella.oxytoca",7.93326464671348
"4242",250,"Lachnospiraceae.bacterium.CAG.364",-0.491482638661921
"4243",250,"Lactobacillus.paracasei",-0.491482638661921
"4244",250,"Prevotella.buccae",-0.491482638661921
"4245",250,"Providencia.alcalifaciens",-0.491482638661921
"4246",250,"Roseburia.intestinalis",-0.491482638661921
"4247",250,"Streptococcus.infantis",-0.491482638661921
"4248",250,"Streptococcus.sp..MP111F6_2",-0.491482638661921
"4249",250,"X.Clostridium..aldenense",4.80327685804196
"4250",250,"X.Ruminococcus..sp..MP14G5",-0.491482638661921
"4251",251,"Actinomyces.sp..HMSC035G02",-0.433682194353242
"4252",251,"Actinomyces.sp..ICM39",-0.433682194353242
"4253",251,"Anaerostipes.sp..992a",-0.433682194353242
"4254",251,"Bacteroides.ovatus",-0.433682194353242
"4255",251,"Enterobacter.cloacae",-0.433682194353242
"4256",251,"Erysipelatoclostridium.sp..MP95D5",-0.433682194353242
"4257",251,"Intestinibacter.sp..MP113D11",-0.433682194353242
"4258",251,"Klebsiella.oxytoca",-0.433682194353242
"4259",251,"Lachnospiraceae.bacterium.CAG.364",-0.433682194353242
"4260",251,"Lactobacillus.paracasei",-0.433682194353242
"4261",251,"Prevotella.buccae",-0.433682194353242
"4262",251,"Providencia.alcalifaciens",-0.433682194353242
"4263",251,"Roseburia.intestinalis",-0.433682194353242
"4264",251,"Streptococcus.infantis",-0.433682194353242
"4265",251,"Streptococcus.sp..MP111F6_2",-0.433682194353242
"4266",251,"X.Clostridium..aldenense",9.17308644579388
"4267",251,"X.Ruminococcus..sp..MP14G5",-0.433682194353242
"4268",252,"Actinomyces.sp..HMSC035G02",-0.532861301568968
"4269",252,"Actinomyces.sp..ICM39",-0.532861301568968
"4270",252,"Anaerostipes.sp..992a",-0.532861301568968
"4271",252,"Bacteroides.ovatus",12.296320207035
"4272",252,"Enterobacter.cloacae",5.45545799000675
"4273",252,"Erysipelatoclostridium.sp..MP95D5",6.67642538154591
"4274",252,"Intestinibacter.sp..MP113D11",-0.532861301568968
"4275",252,"Klebsiella.oxytoca",7.45558202728696
"4276",252,"Lachnospiraceae.bacterium.CAG.364",-0.532861301568968
"4277",252,"Lactobacillus.paracasei",-0.532861301568968
"4278",252,"Prevotella.buccae",-0.532861301568968
"4279",252,"Providencia.alcalifaciens",-0.532861301568968
"4280",252,"Roseburia.intestinalis",-0.532861301568968
"4281",252,"Streptococcus.infantis",-0.532861301568968
"4282",252,"Streptococcus.sp..MP111F6_2",8.79865867436135
"4283",252,"X.Clostridium..aldenense",7.21274239986664
"4284",252,"X.Ruminococcus..sp..MP14G5",-0.532861301568968
"4285",253,"Actinomyces.sp..HMSC035G02",-0.770366712800103
"4286",253,"Actinomyces.sp..ICM39",-0.770366712800103
"4287",253,"Anaerostipes.sp..992a",-0.770366712800103
"4288",253,"Bacteroides.ovatus",-0.770366712800103
"4289",253,"Enterobacter.cloacae",-0.770366712800103
"4290",253,"Erysipelatoclostridium.sp..MP95D5",-0.770366712800103
"4291",253,"Intestinibacter.sp..MP113D11",-0.770366712800103
"4292",253,"Klebsiella.oxytoca",6.63815535736142
"4293",253,"Lachnospiraceae.bacterium.CAG.364",7.58067703238021
"4294",253,"Lactobacillus.paracasei",-0.770366712800103
"4295",253,"Prevotella.buccae",-0.770366712800103
"4296",253,"Providencia.alcalifaciens",-0.770366712800103
"4297",253,"Roseburia.intestinalis",-0.770366712800103
"4298",253,"Streptococcus.infantis",5.47155762674968
"4299",253,"Streptococcus.sp..MP111F6_2",7.84983151964011
"4300",253,"X.Clostridium..aldenense",-0.770366712800103
"4301",253,"X.Ruminococcus..sp..MP14G5",-0.770366712800103
"4302",254,"Actinomyces.sp..HMSC035G02",-0.196190712810749
"4303",254,"Actinomyces.sp..ICM39",6.01790235696208
"4304",254,"Anaerostipes.sp..992a",-0.196190712810749
"4305",254,"Bacteroides.ovatus",-0.196190712810749
"4306",254,"Enterobacter.cloacae",-0.196190712810749
"4307",254,"Erysipelatoclostridium.sp..MP95D5",-0.196190712810749
"4308",254,"Intestinibacter.sp..MP113D11",-0.196190712810749
"4309",254,"Klebsiella.oxytoca",-0.196190712810749
"4310",254,"Lachnospiraceae.bacterium.CAG.364",-0.196190712810749
"4311",254,"Lactobacillus.paracasei",-0.196190712810749
"4312",254,"Prevotella.buccae",-0.196190712810749
"4313",254,"Providencia.alcalifaciens",-0.196190712810749
"4314",254,"Roseburia.intestinalis",-0.196190712810749
"4315",254,"Streptococcus.infantis",-0.196190712810749
"4316",254,"Streptococcus.sp..MP111F6_2",-0.196190712810749
"4317",254,"X.Clostridium..aldenense",9.9429931119615
"4318",254,"X.Ruminococcus..sp..MP14G5",-0.196190712810749
"4319",255,"Actinomyces.sp..HMSC035G02",-0.466247561136653
"4320",255,"Actinomyces.sp..ICM39",-0.466247561136653
"4321",255,"Anaerostipes.sp..992a",-0.466247561136653
"4322",255,"Bacteroides.ovatus",-0.466247561136653
"4323",255,"Enterobacter.cloacae",-0.466247561136653
"4324",255,"Erysipelatoclostridium.sp..MP95D5",-0.466247561136653
"4325",255,"Intestinibacter.sp..MP113D11",10.5064005857125
"4326",255,"Klebsiella.oxytoca",-0.466247561136653
"4327",255,"Lachnospiraceae.bacterium.CAG.364",-0.466247561136653
"4328",255,"Lactobacillus.paracasei",3.49080969022235
"4329",255,"Prevotella.buccae",-0.466247561136653
"4330",255,"Providencia.alcalifaciens",-0.466247561136653
"4331",255,"Roseburia.intestinalis",-0.466247561136653
"4332",255,"Streptococcus.infantis",-0.466247561136653
"4333",255,"Streptococcus.sp..MP111F6_2",-0.466247561136653
"4334",255,"X.Clostridium..aldenense",7.26403769412399
"4335",255,"X.Ruminococcus..sp..MP14G5",-0.466247561136653
"4336",256,"Actinomyces.sp..HMSC035G02",-1.27386487495343
"4337",256,"Actinomyces.sp..ICM39",-1.27386487495343
"4338",256,"Anaerostipes.sp..992a",-1.27386487495343
"4339",256,"Bacteroides.ovatus",-1.27386487495343
"4340",256,"Enterobacter.cloacae",-1.27386487495343
"4341",256,"Erysipelatoclostridium.sp..MP95D5",-1.27386487495343
"4342",256,"Intestinibacter.sp..MP113D11",-1.27386487495343
"4343",256,"Klebsiella.oxytoca",-1.27386487495343
"4344",256,"Lachnospiraceae.bacterium.CAG.364",-1.27386487495343
"4345",256,"Lactobacillus.paracasei",-1.27386487495343
"4346",256,"Prevotella.buccae",-1.27386487495343
"4347",256,"Providencia.alcalifaciens",-1.27386487495343
"4348",256,"Roseburia.intestinalis",7.55830814575613
"4349",256,"Streptococcus.infantis",-1.27386487495343
"4350",256,"Streptococcus.sp..MP111F6_2",-1.27386487495343
"4351",256,"X.Clostridium..aldenense",3.19051700453267
"4352",256,"X.Ruminococcus..sp..MP14G5",6.15292713488951
"4353",257,"Actinomyces.sp..HMSC035G02",-0.789152705664874
"4354",257,"Actinomyces.sp..ICM39",-0.789152705664874
"4355",257,"Anaerostipes.sp..992a",-0.789152705664874
"4356",257,"Bacteroides.ovatus",-0.789152705664874
"4357",257,"Enterobacter.cloacae",-0.789152705664874
"4358",257,"Erysipelatoclostridium.sp..MP95D5",-0.789152705664874
"4359",257,"Intestinibacter.sp..MP113D11",9.70380876104592
"4360",257,"Klebsiella.oxytoca",-0.789152705664874
"4361",257,"Lachnospiraceae.bacterium.CAG.364",-0.789152705664874
"4362",257,"Lactobacillus.paracasei",-0.789152705664874
"4363",257,"Prevotella.buccae",-0.789152705664874
"4364",257,"Providencia.alcalifaciens",-0.789152705664874
"4365",257,"Roseburia.intestinalis",11.4800146490849
"4366",257,"Streptococcus.infantis",-0.789152705664874
"4367",257,"Streptococcus.sp..MP111F6_2",-0.789152705664874
"4368",257,"X.Clostridium..aldenense",7.67613452928945
"4369",257,"X.Ruminococcus..sp..MP14G5",-0.789152705664874
"4370",258,"Actinomyces.sp..HMSC035G02",-0.0736607202881672
"4371",258,"Actinomyces.sp..ICM39",-0.0736607202881672
"4372",258,"Anaerostipes.sp..992a",-0.0736607202881672
"4373",258,"Bacteroides.ovatus",-0.0736607202881672
"4374",258,"Enterobacter.cloacae",-0.0736607202881672
"4375",258,"Erysipelatoclostridium.sp..MP95D5",-0.0736607202881672
"4376",258,"Intestinibacter.sp..MP113D11",-0.0736607202881672
"4377",258,"Klebsiella.oxytoca",12.1836993899987
"4378",258,"Lachnospiraceae.bacterium.CAG.364",-0.0736607202881672
"4379",258,"Lactobacillus.paracasei",-0.0736607202881672
"4380",258,"Prevotella.buccae",-0.0736607202881672
"4381",258,"Providencia.alcalifaciens",-0.0736607202881672
"4382",258,"Roseburia.intestinalis",-0.0736607202881672
"4383",258,"Streptococcus.infantis",-0.0736607202881672
"4384",258,"Streptococcus.sp..MP111F6_2",-0.0736607202881672
"4385",258,"X.Clostridium..aldenense",-0.0736607202881672
"4386",258,"X.Ruminococcus..sp..MP14G5",-0.0736607202881672
"4387",259,"Actinomyces.sp..HMSC035G02",-0.929122594783131
"4388",259,"Actinomyces.sp..ICM39",-0.929122594783131
"4389",259,"Anaerostipes.sp..992a",-0.929122594783131
"4390",259,"Bacteroides.ovatus",6.6661950538381
"4391",259,"Enterobacter.cloacae",3.106022747526
"4392",259,"Erysipelatoclostridium.sp..MP95D5",-0.929122594783131
"4393",259,"Intestinibacter.sp..MP113D11",-0.929122594783131
"4394",259,"Klebsiella.oxytoca",-0.929122594783131
"4395",259,"Lachnospiraceae.bacterium.CAG.364",-0.929122594783131
"4396",259,"Lactobacillus.paracasei",-0.929122594783131
"4397",259,"Prevotella.buccae",-0.929122594783131
"4398",259,"Providencia.alcalifaciens",-0.929122594783131
"4399",259,"Roseburia.intestinalis",7.83388260462898
"4400",259,"Streptococcus.infantis",-0.929122594783131
"4401",259,"Streptococcus.sp..MP111F6_2",-0.929122594783131
"4402",259,"X.Clostridium..aldenense",7.32521091429945
"4403",259,"X.Ruminococcus..sp..MP14G5",6.01113765797134
"4404",260,"Actinomyces.sp..HMSC035G02",-0.408415818582016
"4405",260,"Actinomyces.sp..ICM39",-0.408415818582016
"4406",260,"Anaerostipes.sp..992a",-0.408415818582016
"4407",260,"Bacteroides.ovatus",-0.408415818582016
"4408",260,"Enterobacter.cloacae",-0.408415818582016
"4409",260,"Erysipelatoclostridium.sp..MP95D5",-0.408415818582016
"4410",260,"Intestinibacter.sp..MP113D11",-0.408415818582016
"4411",260,"Klebsiella.oxytoca",-0.408415818582016
"4412",260,"Lachnospiraceae.bacterium.CAG.364",-0.408415818582016
"4413",260,"Lactobacillus.paracasei",-0.408415818582016
"4414",260,"Prevotella.buccae",-0.408415818582016
"4415",260,"Providencia.alcalifaciens",-0.408415818582016
"4416",260,"Roseburia.intestinalis",-0.408415818582016
"4417",260,"Streptococcus.infantis",-0.408415818582016
"4418",260,"Streptococcus.sp..MP111F6_2",-0.408415818582016
"4419",260,"X.Clostridium..aldenense",7.88458311052216
"4420",260,"X.Ruminococcus..sp..MP14G5",-0.408415818582016
"4421",261,"Actinomyces.sp..HMSC035G02",-0.165629640212609
"4422",261,"Actinomyces.sp..ICM39",-0.165629640212609
"4423",261,"Anaerostipes.sp..992a",-0.165629640212609
"4424",261,"Bacteroides.ovatus",-0.165629640212609
"4425",261,"Enterobacter.cloacae",-0.165629640212609
"4426",261,"Erysipelatoclostridium.sp..MP95D5",-0.165629640212609
"4427",261,"Intestinibacter.sp..MP113D11",-0.165629640212609
"4428",261,"Klebsiella.oxytoca",-0.165629640212609
"4429",261,"Lachnospiraceae.bacterium.CAG.364",-0.165629640212609
"4430",261,"Lactobacillus.paracasei",-0.165629640212609
"4431",261,"Prevotella.buccae",-0.165629640212609
"4432",261,"Providencia.alcalifaciens",-0.165629640212609
"4433",261,"Roseburia.intestinalis",-0.165629640212609
"4434",261,"Streptococcus.infantis",6.95902730803151
"4435",261,"Streptococcus.sp..MP111F6_2",-0.165629640212609
"4436",261,"X.Clostridium..aldenense",-0.165629640212609
"4437",261,"X.Ruminococcus..sp..MP14G5",-0.165629640212609
"4438",262,"Actinomyces.sp..HMSC035G02",-0.604271770085818
"4439",262,"Actinomyces.sp..ICM39",5.92323537978296
"4440",262,"Anaerostipes.sp..992a",-0.604271770085818
"4441",262,"Bacteroides.ovatus",-0.604271770085818
"4442",262,"Enterobacter.cloacae",8.53851365919191
"4443",262,"Erysipelatoclostridium.sp..MP95D5",-0.604271770085818
"4444",262,"Intestinibacter.sp..MP113D11",9.13258878285195
"4445",262,"Klebsiella.oxytoca",6.68468158954562
"4446",262,"Lachnospiraceae.bacterium.CAG.364",8.5818876037268
"4447",262,"Lactobacillus.paracasei",-0.604271770085818
"4448",262,"Prevotella.buccae",7.59148199886952
"4449",262,"Providencia.alcalifaciens",-0.604271770085818
"4450",262,"Roseburia.intestinalis",-0.604271770085818
"4451",262,"Streptococcus.infantis",-0.604271770085818
"4452",262,"Streptococcus.sp..MP111F6_2",8.65260682532744
"4453",262,"X.Clostridium..aldenense",7.22552506036467
"4454",262,"X.Ruminococcus..sp..MP14G5",8.34685352709319
"4455",263,"Actinomyces.sp..HMSC035G02",-0.291417250140579
"4456",263,"Actinomyces.sp..ICM39",-0.291417250140579
"4457",263,"Anaerostipes.sp..992a",-0.291417250140579
"4458",263,"Bacteroides.ovatus",-0.291417250140579
"4459",263,"Enterobacter.cloacae",-0.291417250140579
"4460",263,"Erysipelatoclostridium.sp..MP95D5",-0.291417250140579
"4461",263,"Intestinibacter.sp..MP113D11",-0.291417250140579
"4462",263,"Klebsiella.oxytoca",-0.291417250140579
"4463",263,"Lachnospiraceae.bacterium.CAG.364",4.10387832283705
"4464",263,"Lactobacillus.paracasei",-0.291417250140579
"4465",263,"Prevotella.buccae",-0.291417250140579
"4466",263,"Providencia.alcalifaciens",-0.291417250140579
"4467",263,"Roseburia.intestinalis",-0.291417250140579
"4468",263,"Streptococcus.infantis",-0.291417250140579
"4469",263,"Streptococcus.sp..MP111F6_2",-0.291417250140579
"4470",263,"X.Clostridium..aldenense",7.34136313781266
"4471",263,"X.Ruminococcus..sp..MP14G5",-0.291417250140579
"4472",264,"Actinomyces.sp..HMSC035G02",-0.291393342192155
"4473",264,"Actinomyces.sp..ICM39",-0.291393342192155
"4474",264,"Anaerostipes.sp..992a",-0.291393342192155
"4475",264,"Bacteroides.ovatus",-0.291393342192155
"4476",264,"Enterobacter.cloacae",-0.291393342192155
"4477",264,"Erysipelatoclostridium.sp..MP95D5",-0.291393342192155
"4478",264,"Intestinibacter.sp..MP113D11",-0.291393342192155
"4479",264,"Klebsiella.oxytoca",4.69380656084903
"4480",264,"Lachnospiraceae.bacterium.CAG.364",-0.291393342192155
"4481",264,"Lactobacillus.paracasei",-0.291393342192155
"4482",264,"Prevotella.buccae",-0.291393342192155
"4483",264,"Providencia.alcalifaciens",-0.291393342192155
"4484",264,"Roseburia.intestinalis",-0.291393342192155
"4485",264,"Streptococcus.infantis",-0.291393342192155
"4486",264,"Streptococcus.sp..MP111F6_2",-0.291393342192155
"4487",264,"X.Clostridium..aldenense",6.97910206814066
"4488",264,"X.Ruminococcus..sp..MP14G5",-0.291393342192155
"4489",265,"Actinomyces.sp..HMSC035G02",-0.296663088260903
"4490",265,"Actinomyces.sp..ICM39",-0.296663088260903
"4491",265,"Anaerostipes.sp..992a",-0.296663088260903
"4492",265,"Bacteroides.ovatus",-0.296663088260903
"4493",265,"Enterobacter.cloacae",-0.296663088260903
"4494",265,"Erysipelatoclostridium.sp..MP95D5",-0.296663088260903
"4495",265,"Intestinibacter.sp..MP113D11",-0.296663088260903
"4496",265,"Klebsiella.oxytoca",-0.296663088260903
"4497",265,"Lachnospiraceae.bacterium.CAG.364",-0.296663088260903
"4498",265,"Lactobacillus.paracasei",-0.296663088260903
"4499",265,"Prevotella.buccae",-0.296663088260903
"4500",265,"Providencia.alcalifaciens",-0.296663088260903
"4501",265,"Roseburia.intestinalis",-0.296663088260903
"4502",265,"Streptococcus.infantis",-0.296663088260903
"4503",265,"Streptococcus.sp..MP111F6_2",-0.296663088260903
"4504",265,"X.Clostridium..aldenense",-0.296663088260903
"4505",265,"X.Ruminococcus..sp..MP14G5",-0.296663088260903
"4506",266,"Actinomyces.sp..HMSC035G02",-0.302046708244287
"4507",266,"Actinomyces.sp..ICM39",3.97433174303155
"4508",266,"Anaerostipes.sp..992a",-0.302046708244287
"4509",266,"Bacteroides.ovatus",-0.302046708244287
"4510",266,"Enterobacter.cloacae",7.52765603130673
"4511",266,"Erysipelatoclostridium.sp..MP95D5",-0.302046708244287
"4512",266,"Intestinibacter.sp..MP113D11",-0.302046708244287
"4513",266,"Klebsiella.oxytoca",-0.302046708244287
"4514",266,"Lachnospiraceae.bacterium.CAG.364",-0.302046708244287
"4515",266,"Lactobacillus.paracasei",8.06487907785182
"4516",266,"Prevotella.buccae",-0.302046708244287
"4517",266,"Providencia.alcalifaciens",-0.302046708244287
"4518",266,"Roseburia.intestinalis",-0.302046708244287
"4519",266,"Streptococcus.infantis",-0.302046708244287
"4520",266,"Streptococcus.sp..MP111F6_2",-0.302046708244287
"4521",266,"X.Clostridium..aldenense",7.41629556783369
"4522",266,"X.Ruminococcus..sp..MP14G5",-0.302046708244287
"4523",267,"Actinomyces.sp..HMSC035G02",-0.843141888656115
"4524",267,"Actinomyces.sp..ICM39",-0.843141888656115
"4525",267,"Anaerostipes.sp..992a",-0.843141888656115
"4526",267,"Bacteroides.ovatus",11.7353860866318
"4527",267,"Enterobacter.cloacae",3.96188362225293
"4528",267,"Erysipelatoclostridium.sp..MP95D5",-0.843141888656115
"4529",267,"Intestinibacter.sp..MP113D11",-0.843141888656115
"4530",267,"Klebsiella.oxytoca",7.16612772075966
"4531",267,"Lachnospiraceae.bacterium.CAG.364",-0.843141888656115
"4532",267,"Lactobacillus.paracasei",-0.843141888656115
"4533",267,"Prevotella.buccae",-0.843141888656115
"4534",267,"Providencia.alcalifaciens",-0.843141888656115
"4535",267,"Roseburia.intestinalis",-0.843141888656115
"4536",267,"Streptococcus.infantis",-0.843141888656115
"4537",267,"Streptococcus.sp..MP111F6_2",7.66083297818016
"4538",267,"X.Clostridium..aldenense",6.9805993736619
"4539",267,"X.Ruminococcus..sp..MP14G5",-0.843141888656115
"4540",268,"Actinomyces.sp..HMSC035G02",-0.310491155863538
"4541",268,"Actinomyces.sp..ICM39",6.73094515251396
"4542",268,"Anaerostipes.sp..992a",-0.310491155863538
"4543",268,"Bacteroides.ovatus",-0.310491155863538
"4544",268,"Enterobacter.cloacae",-0.310491155863538
"4545",268,"Erysipelatoclostridium.sp..MP95D5",-0.310491155863538
"4546",268,"Intestinibacter.sp..MP113D11",-0.310491155863538
"4547",268,"Klebsiella.oxytoca",-0.310491155863538
"4548",268,"Lachnospiraceae.bacterium.CAG.364",-0.310491155863538
"4549",268,"Lactobacillus.paracasei",7.52821573702631
"4550",268,"Prevotella.buccae",-0.310491155863538
"4551",268,"Providencia.alcalifaciens",-0.310491155863538
"4552",268,"Roseburia.intestinalis",-0.310491155863538
"4553",268,"Streptococcus.infantis",8.43500446495505
"4554",268,"Streptococcus.sp..MP111F6_2",-0.310491155863538
"4555",268,"X.Clostridium..aldenense",-0.310491155863538
"4556",268,"X.Ruminococcus..sp..MP14G5",-0.310491155863538
"4557",269,"Actinomyces.sp..HMSC035G02",-0.393321452672797
"4558",269,"Actinomyces.sp..ICM39",-0.393321452672797
"4559",269,"Anaerostipes.sp..992a",-0.393321452672797
"4560",269,"Bacteroides.ovatus",-0.393321452672797
"4561",269,"Enterobacter.cloacae",-0.393321452672797
"4562",269,"Erysipelatoclostridium.sp..MP95D5",5.81119445495922
"4563",269,"Intestinibacter.sp..MP113D11",-0.393321452672797
"4564",269,"Klebsiella.oxytoca",-0.393321452672797
"4565",269,"Lachnospiraceae.bacterium.CAG.364",8.43806220495431
"4566",269,"Lactobacillus.paracasei",-0.393321452672797
"4567",269,"Prevotella.buccae",-0.393321452672797
"4568",269,"Providencia.alcalifaciens",-0.393321452672797
"4569",269,"Roseburia.intestinalis",-0.393321452672797
"4570",269,"Streptococcus.infantis",-0.393321452672797
"4571",269,"Streptococcus.sp..MP111F6_2",-0.393321452672797
"4572",269,"X.Clostridium..aldenense",-0.393321452672797
"4573",269,"X.Ruminococcus..sp..MP14G5",-0.393321452672797
"4574",270,"Actinomyces.sp..HMSC035G02",-0.832573095109998
"4575",270,"Actinomyces.sp..ICM39",-0.832573095109998
"4576",270,"Anaerostipes.sp..992a",-0.832573095109998
"4577",270,"Bacteroides.ovatus",-0.832573095109998
"4578",270,"Enterobacter.cloacae",-0.832573095109998
"4579",270,"Erysipelatoclostridium.sp..MP95D5",6.93028994088236
"4580",270,"Intestinibacter.sp..MP113D11",-0.832573095109998
"4581",270,"Klebsiella.oxytoca",7.19293747349974
"4582",270,"Lachnospiraceae.bacterium.CAG.364",-0.832573095109998
"4583",270,"Lactobacillus.paracasei",3.04825710611358
"4584",270,"Prevotella.buccae",9.71947688518325
"4585",270,"Providencia.alcalifaciens",-0.832573095109998
"4586",270,"Roseburia.intestinalis",11.1391404113683
"4587",270,"Streptococcus.infantis",-0.832573095109998
"4588",270,"Streptococcus.sp..MP111F6_2",-0.832573095109998
"4589",270,"X.Clostridium..aldenense",7.10009375269477
"4590",270,"X.Ruminococcus..sp..MP14G5",-0.832573095109998
"4591",271,"Actinomyces.sp..HMSC035G02",-0.446973743309657
"4592",271,"Actinomyces.sp..ICM39",-0.446973743309657
"4593",271,"Anaerostipes.sp..992a",-0.446973743309657
"4594",271,"Bacteroides.ovatus",8.35042409445818
"4595",271,"Enterobacter.cloacae",8.60831678093644
"4596",271,"Erysipelatoclostridium.sp..MP95D5",-0.446973743309657
"4597",271,"Intestinibacter.sp..MP113D11",-0.446973743309657
"4598",271,"Klebsiella.oxytoca",-0.446973743309657
"4599",271,"Lachnospiraceae.bacterium.CAG.364",-0.446973743309657
"4600",271,"Lactobacillus.paracasei",-0.446973743309657
"4601",271,"Prevotella.buccae",-0.446973743309657
"4602",271,"Providencia.alcalifaciens",-0.446973743309657
"4603",271,"Roseburia.intestinalis",-0.446973743309657
"4604",271,"Streptococcus.infantis",-0.446973743309657
"4605",271,"Streptococcus.sp..MP111F6_2",-0.446973743309657
"4606",271,"X.Clostridium..aldenense",-0.446973743309657
"4607",271,"X.Ruminococcus..sp..MP14G5",-0.446973743309657
"4608",272,"Actinomyces.sp..HMSC035G02",-0.637515217181038
"4609",272,"Actinomyces.sp..ICM39",-0.637515217181038
"4610",272,"Anaerostipes.sp..992a",-0.637515217181038
"4611",272,"Bacteroides.ovatus",-0.637515217181038
"4612",272,"Enterobacter.cloacae",-0.637515217181038
"4613",272,"Erysipelatoclostridium.sp..MP95D5",-0.637515217181038
"4614",272,"Intestinibacter.sp..MP113D11",-0.637515217181038
"4615",272,"Klebsiella.oxytoca",-0.637515217181038
"4616",272,"Lachnospiraceae.bacterium.CAG.364",-0.637515217181038
"4617",272,"Lactobacillus.paracasei",-0.637515217181038
"4618",272,"Prevotella.buccae",5.04409236464834
"4619",272,"Providencia.alcalifaciens",-0.637515217181038
"4620",272,"Roseburia.intestinalis",6.98844530295644
"4621",272,"Streptococcus.infantis",8.02532207454361
"4622",272,"Streptococcus.sp..MP111F6_2",-0.637515217181038
"4623",272,"X.Clostridium..aldenense",7.8241066440829
"4624",272,"X.Ruminococcus..sp..MP14G5",-0.637515217181038
"4625",273,"Actinomyces.sp..HMSC035G02",-0.544053877583771
"4626",273,"Actinomyces.sp..ICM39",-0.544053877583771
"4627",273,"Anaerostipes.sp..992a",-0.544053877583771
"4628",273,"Bacteroides.ovatus",8.776836168145
"4629",273,"Enterobacter.cloacae",-0.544053877583771
"4630",273,"Erysipelatoclostridium.sp..MP95D5",6.58816004687531
"4631",273,"Intestinibacter.sp..MP113D11",-0.544053877583771
"4632",273,"Klebsiella.oxytoca",-0.544053877583771
"4633",273,"Lachnospiraceae.bacterium.CAG.364",-0.544053877583771
"4634",273,"Lactobacillus.paracasei",2.85011347832653
"4635",273,"Prevotella.buccae",-0.544053877583771
"4636",273,"Providencia.alcalifaciens",-0.544053877583771
"4637",273,"Roseburia.intestinalis",-0.544053877583771
"4638",273,"Streptococcus.infantis",-0.544053877583771
"4639",273,"Streptococcus.sp..MP111F6_2",-0.544053877583771
"4640",273,"X.Clostridium..aldenense",7.12300363116821
"4641",273,"X.Ruminococcus..sp..MP14G5",-0.544053877583771
"4642",274,"Actinomyces.sp..HMSC035G02",-0.826816311580329
"4643",274,"Actinomyces.sp..ICM39",-0.826816311580329
"4644",274,"Anaerostipes.sp..992a",-0.826816311580329
"4645",274,"Bacteroides.ovatus",4.77983584812958
"4646",274,"Enterobacter.cloacae",3.6849088182264
"4647",274,"Erysipelatoclostridium.sp..MP95D5",-0.826816311580329
"4648",274,"Intestinibacter.sp..MP113D11",-0.826816311580329
"4649",274,"Klebsiella.oxytoca",5.81950136087756
"4650",274,"Lachnospiraceae.bacterium.CAG.364",-0.826816311580329
"4651",274,"Lactobacillus.paracasei",-0.826816311580329
"4652",274,"Prevotella.buccae",-0.826816311580329
"4653",274,"Providencia.alcalifaciens",-0.826816311580329
"4654",274,"Roseburia.intestinalis",7.97026969044663
"4655",274,"Streptococcus.infantis",-0.826816311580329
"4656",274,"Streptococcus.sp..MP111F6_2",-0.826816311580329
"4657",274,"X.Clostridium..aldenense",-0.826816311580329
"4658",274,"X.Ruminococcus..sp..MP14G5",-0.826816311580329
"4659",275,"Actinomyces.sp..HMSC035G02",-0.766438094354694
"4660",275,"Actinomyces.sp..ICM39",-0.766438094354694
"4661",275,"Anaerostipes.sp..992a",-0.766438094354694
"4662",275,"Bacteroides.ovatus",-0.766438094354694
"4663",275,"Enterobacter.cloacae",3.84589315643704
"4664",275,"Erysipelatoclostridium.sp..MP95D5",-0.766438094354694
"4665",275,"Intestinibacter.sp..MP113D11",-0.766438094354694
"4666",275,"Klebsiella.oxytoca",-0.766438094354694
"4667",275,"Lachnospiraceae.bacterium.CAG.364",-0.766438094354694
"4668",275,"Lactobacillus.paracasei",-0.766438094354694
"4669",275,"Prevotella.buccae",-0.766438094354694
"4670",275,"Providencia.alcalifaciens",-0.766438094354694
"4671",275,"Roseburia.intestinalis",9.40970394852763
"4672",275,"Streptococcus.infantis",-0.766438094354694
"4673",275,"Streptococcus.sp..MP111F6_2",8.74927298218673
"4674",275,"X.Clostridium..aldenense",9.86208815281167
"4675",275,"X.Ruminococcus..sp..MP14G5",-0.766438094354694
"4676",276,"Actinomyces.sp..HMSC035G02",-0.402305834127993
"4677",276,"Actinomyces.sp..ICM39",-0.402305834127993
"4678",276,"Anaerostipes.sp..992a",-0.402305834127993
"4679",276,"Bacteroides.ovatus",-0.402305834127993
"4680",276,"Enterobacter.cloacae",-0.402305834127993
"4681",276,"Erysipelatoclostridium.sp..MP95D5",-0.402305834127993
"4682",276,"Intestinibacter.sp..MP113D11",-0.402305834127993
"4683",276,"Klebsiella.oxytoca",10.0192085050865
"4684",276,"Lachnospiraceae.bacterium.CAG.364",-0.402305834127993
"4685",276,"Lactobacillus.paracasei",-0.402305834127993
"4686",276,"Prevotella.buccae",-0.402305834127993
"4687",276,"Providencia.alcalifaciens",-0.402305834127993
"4688",276,"Roseburia.intestinalis",-0.402305834127993
"4689",276,"Streptococcus.infantis",-0.402305834127993
"4690",276,"Streptococcus.sp..MP111F6_2",-0.402305834127993
"4691",276,"X.Clostridium..aldenense",3.93448527156375
"4692",276,"X.Ruminococcus..sp..MP14G5",-0.402305834127993
"4693",277,"Actinomyces.sp..HMSC035G02",-0.29458090810011
"4694",277,"Actinomyces.sp..ICM39",-0.29458090810011
"4695",277,"Anaerostipes.sp..992a",-0.29458090810011
"4696",277,"Bacteroides.ovatus",-0.29458090810011
"4697",277,"Enterobacter.cloacae",-0.29458090810011
"4698",277,"Erysipelatoclostridium.sp..MP95D5",-0.29458090810011
"4699",277,"Intestinibacter.sp..MP113D11",9.67062360662951
"4700",277,"Klebsiella.oxytoca",-0.29458090810011
"4701",277,"Lachnospiraceae.bacterium.CAG.364",-0.29458090810011
"4702",277,"Lactobacillus.paracasei",3.76345231797567
"4703",277,"Prevotella.buccae",-0.29458090810011
"4704",277,"Providencia.alcalifaciens",-0.29458090810011
"4705",277,"Roseburia.intestinalis",7.89452390816023
"4706",277,"Streptococcus.infantis",-0.29458090810011
"4707",277,"Streptococcus.sp..MP111F6_2",-0.29458090810011
"4708",277,"X.Clostridium..aldenense",8.35370101625707
"4709",277,"X.Ruminococcus..sp..MP14G5",-0.29458090810011
"4710",278,"Actinomyces.sp..HMSC035G02",-0.531815453689461
"4711",278,"Actinomyces.sp..ICM39",-0.531815453689461
"4712",278,"Anaerostipes.sp..992a",-0.531815453689461
"4713",278,"Bacteroides.ovatus",-0.531815453689461
"4714",278,"Enterobacter.cloacae",-0.531815453689461
"4715",278,"Erysipelatoclostridium.sp..MP95D5",-0.531815453689461
"4716",278,"Intestinibacter.sp..MP113D11",-0.531815453689461
"4717",278,"Klebsiella.oxytoca",6.85007515141349
"4718",278,"Lachnospiraceae.bacterium.CAG.364",-0.531815453689461
"4719",278,"Lactobacillus.paracasei",-0.531815453689461
"4720",278,"Prevotella.buccae",-0.531815453689461
"4721",278,"Providencia.alcalifaciens",-0.531815453689461
"4722",278,"Roseburia.intestinalis",10.1356354738985
"4723",278,"Streptococcus.infantis",-0.531815453689461
"4724",278,"Streptococcus.sp..MP111F6_2",-0.531815453689461
"4725",278,"X.Clostridium..aldenense",8.10407806132788
"4726",278,"X.Ruminococcus..sp..MP14G5",-0.531815453689461
"4727",279,"Actinomyces.sp..HMSC035G02",-0.779161273794049
"4728",279,"Actinomyces.sp..ICM39",-0.779161273794049
"4729",279,"Anaerostipes.sp..992a",-0.779161273794049
"4730",279,"Bacteroides.ovatus",-0.779161273794049
"4731",279,"Enterobacter.cloacae",4.66050541558127
"4732",279,"Erysipelatoclostridium.sp..MP95D5",6.7739837381403
"4733",279,"Intestinibacter.sp..MP113D11",-0.779161273794049
"4734",279,"Klebsiella.oxytoca",6.51406781380051
"4735",279,"Lachnospiraceae.bacterium.CAG.364",-0.779161273794049
"4736",279,"Lactobacillus.paracasei",-0.779161273794049
"4737",279,"Prevotella.buccae",-0.779161273794049
"4738",279,"Providencia.alcalifaciens",-0.779161273794049
"4739",279,"Roseburia.intestinalis",-0.779161273794049
"4740",279,"Streptococcus.infantis",-0.779161273794049
"4741",279,"Streptococcus.sp..MP111F6_2",8.77359520022584
"4742",279,"X.Clostridium..aldenense",7.81232050994202
"4743",279,"X.Ruminococcus..sp..MP14G5",-0.779161273794049
"4744",280,"Actinomyces.sp..HMSC035G02",-0.736603124862722
"4745",280,"Actinomyces.sp..ICM39",-0.736603124862722
"4746",280,"Anaerostipes.sp..992a",2.8454326501364
"4747",280,"Bacteroides.ovatus",-0.736603124862722
"4748",280,"Enterobacter.cloacae",-0.736603124862722
"4749",280,"Erysipelatoclostridium.sp..MP95D5",-0.736603124862722
"4750",280,"Intestinibacter.sp..MP113D11",8.96452682628508
"4751",280,"Klebsiella.oxytoca",-0.736603124862722
"4752",280,"Lachnospiraceae.bacterium.CAG.364",8.11980674024916
"4753",280,"Lactobacillus.paracasei",-0.736603124862722
"4754",280,"Prevotella.buccae",-0.736603124862722
"4755",280,"Providencia.alcalifaciens",-0.736603124862722
"4756",280,"Roseburia.intestinalis",4.9471887155734
"4757",280,"Streptococcus.infantis",-0.736603124862722
"4758",280,"Streptococcus.sp..MP111F6_2",-0.736603124862722
"4759",280,"X.Clostridium..aldenense",7.20184867267871
"4760",280,"X.Ruminococcus..sp..MP14G5",-0.736603124862722
"4761",281,"Actinomyces.sp..HMSC035G02",-0.513276375904203
"4762",281,"Actinomyces.sp..ICM39",-0.513276375904203
"4763",281,"Anaerostipes.sp..992a",-0.513276375904203
"4764",281,"Bacteroides.ovatus",-0.513276375904203
"4765",281,"Enterobacter.cloacae",-0.513276375904203
"4766",281,"Erysipelatoclostridium.sp..MP95D5",-0.513276375904203
"4767",281,"Intestinibacter.sp..MP113D11",9.84443408785631
"4768",281,"Klebsiella.oxytoca",-0.513276375904203
"4769",281,"Lachnospiraceae.bacterium.CAG.364",-0.513276375904203
"4770",281,"Lactobacillus.paracasei",-0.513276375904203
"4771",281,"Prevotella.buccae",-0.513276375904203
"4772",281,"Providencia.alcalifaciens",-0.513276375904203
"4773",281,"Roseburia.intestinalis",-0.513276375904203
"4774",281,"Streptococcus.infantis",-0.513276375904203
"4775",281,"Streptococcus.sp..MP111F6_2",-0.513276375904203
"4776",281,"X.Clostridium..aldenense",8.18824148621339
"4777",281,"X.Ruminococcus..sp..MP14G5",-0.513276375904203
"4778",282,"Actinomyces.sp..HMSC035G02",-0.682556384340691
"4779",282,"Actinomyces.sp..ICM39",-0.682556384340691
"4780",282,"Anaerostipes.sp..992a",-0.682556384340691
"4781",282,"Bacteroides.ovatus",-0.682556384340691
"4782",282,"Enterobacter.cloacae",4.54682159544123
"4783",282,"Erysipelatoclostridium.sp..MP95D5",-0.682556384340691
"4784",282,"Intestinibacter.sp..MP113D11",-0.682556384340691
"4785",282,"Klebsiella.oxytoca",4.10951156514786
"4786",282,"Lachnospiraceae.bacterium.CAG.364",6.03189244006123
"4787",282,"Lactobacillus.paracasei",-0.682556384340691
"4788",282,"Prevotella.buccae",-0.682556384340691
"4789",282,"Providencia.alcalifaciens",-0.682556384340691
"4790",282,"Roseburia.intestinalis",-0.682556384340691
"4791",282,"Streptococcus.infantis",-0.682556384340691
"4792",282,"Streptococcus.sp..MP111F6_2",-0.682556384340691
"4793",282,"X.Clostridium..aldenense",-0.682556384340691
"4794",282,"X.Ruminococcus..sp..MP14G5",-0.682556384340691
"4795",283,"Actinomyces.sp..HMSC035G02",-0.336990024804223
"4796",283,"Actinomyces.sp..ICM39",-0.336990024804223
"4797",283,"Anaerostipes.sp..992a",-0.336990024804223
"4798",283,"Bacteroides.ovatus",-0.336990024804223
"4799",283,"Enterobacter.cloacae",-0.336990024804223
"4800",283,"Erysipelatoclostridium.sp..MP95D5",-0.336990024804223
"4801",283,"Intestinibacter.sp..MP113D11",-0.336990024804223
"4802",283,"Klebsiella.oxytoca",11.522531774748
"4803",283,"Lachnospiraceae.bacterium.CAG.364",-0.336990024804223
"4804",283,"Lactobacillus.paracasei",-0.336990024804223
"4805",283,"Prevotella.buccae",-0.336990024804223
"4806",283,"Providencia.alcalifaciens",-0.336990024804223
"4807",283,"Roseburia.intestinalis",-0.336990024804223
"4808",283,"Streptococcus.infantis",-0.336990024804223
"4809",283,"Streptococcus.sp..MP111F6_2",-0.336990024804223
"4810",283,"X.Clostridium..aldenense",5.42769429789967
"4811",283,"X.Ruminococcus..sp..MP14G5",-0.336990024804223
"4812",284,"Actinomyces.sp..HMSC035G02",-0.203244972236927
"4813",284,"Actinomyces.sp..ICM39",7.23922323016532
"4814",284,"Anaerostipes.sp..992a",-0.203244972236927
"4815",284,"Bacteroides.ovatus",-0.203244972236927
"4816",284,"Enterobacter.cloacae",6.99022791801147
"4817",284,"Erysipelatoclostridium.sp..MP95D5",-0.203244972236927
"4818",284,"Intestinibacter.sp..MP113D11",-0.203244972236927
"4819",284,"Klebsiella.oxytoca",11.1668105593874
"4820",284,"Lachnospiraceae.bacterium.CAG.364",-0.203244972236927
"4821",284,"Lactobacillus.paracasei",-0.203244972236927
"4822",284,"Prevotella.buccae",-0.203244972236927
"4823",284,"Providencia.alcalifaciens",-0.203244972236927
"4824",284,"Roseburia.intestinalis",-0.203244972236927
"4825",284,"Streptococcus.infantis",-0.203244972236927
"4826",284,"Streptococcus.sp..MP111F6_2",-0.203244972236927
"4827",284,"X.Clostridium..aldenense",-0.203244972236927
"4828",284,"X.Ruminococcus..sp..MP14G5",-0.203244972236927
"4829",285,"Actinomyces.sp..HMSC035G02",-0.348412964213987
"4830",285,"Actinomyces.sp..ICM39",-0.348412964213987
"4831",285,"Anaerostipes.sp..992a",-0.348412964213987
"4832",285,"Bacteroides.ovatus",-0.348412964213987
"4833",285,"Enterobacter.cloacae",-0.348412964213987
"4834",285,"Erysipelatoclostridium.sp..MP95D5",-0.348412964213987
"4835",285,"Intestinibacter.sp..MP113D11",-0.348412964213987
"4836",285,"Klebsiella.oxytoca",5.71140477251951
"4837",285,"Lachnospiraceae.bacterium.CAG.364",11.563855243865
"4838",285,"Lactobacillus.paracasei",-0.348412964213987
"4839",285,"Prevotella.buccae",-0.348412964213987
"4840",285,"Providencia.alcalifaciens",-0.348412964213987
"4841",285,"Roseburia.intestinalis",-0.348412964213987
"4842",285,"Streptococcus.infantis",4.89538241358956
"4843",285,"Streptococcus.sp..MP111F6_2",-0.348412964213987
"4844",285,"X.Clostridium..aldenense",-0.348412964213987
"4845",285,"X.Ruminococcus..sp..MP14G5",-0.348412964213987
"4846",286,"Actinomyces.sp..HMSC035G02",-0.31644353559653
"4847",286,"Actinomyces.sp..ICM39",-0.31644353559653
"4848",286,"Anaerostipes.sp..992a",-0.31644353559653
"4849",286,"Bacteroides.ovatus",-0.31644353559653
"4850",286,"Enterobacter.cloacae",-0.31644353559653
"4851",286,"Erysipelatoclostridium.sp..MP95D5",-0.31644353559653
"4852",286,"Intestinibacter.sp..MP113D11",-0.31644353559653
"4853",286,"Klebsiella.oxytoca",7.13814215813849
"4854",286,"Lachnospiraceae.bacterium.CAG.364",-0.31644353559653
"4855",286,"Lactobacillus.paracasei",-0.31644353559653
"4856",286,"Prevotella.buccae",-0.31644353559653
"4857",286,"Providencia.alcalifaciens",-0.31644353559653
"4858",286,"Roseburia.intestinalis",-0.31644353559653
"4859",286,"Streptococcus.infantis",-0.31644353559653
"4860",286,"Streptococcus.sp..MP111F6_2",-0.31644353559653
"4861",286,"X.Clostridium..aldenense",5.71531804382267
"4862",286,"X.Ruminococcus..sp..MP14G5",-0.31644353559653
"4863",287,"Actinomyces.sp..HMSC035G02",-0.439640463416968
"4864",287,"Actinomyces.sp..ICM39",-0.439640463416968
"4865",287,"Anaerostipes.sp..992a",-0.439640463416968
"4866",287,"Bacteroides.ovatus",-0.439640463416968
"4867",287,"Enterobacter.cloacae",-0.439640463416968
"4868",287,"Erysipelatoclostridium.sp..MP95D5",-0.439640463416968
"4869",287,"Intestinibacter.sp..MP113D11",-0.439640463416968
"4870",287,"Klebsiella.oxytoca",-0.439640463416968
"4871",287,"Lachnospiraceae.bacterium.CAG.364",-0.439640463416968
"4872",287,"Lactobacillus.paracasei",-0.439640463416968
"4873",287,"Prevotella.buccae",-0.439640463416968
"4874",287,"Providencia.alcalifaciens",-0.439640463416968
"4875",287,"Roseburia.intestinalis",-0.439640463416968
"4876",287,"Streptococcus.infantis",-0.439640463416968
"4877",287,"Streptococcus.sp..MP111F6_2",-0.439640463416968
"4878",287,"X.Clostridium..aldenense",6.70119318846844
"4879",287,"X.Ruminococcus..sp..MP14G5",-0.439640463416968
"4880",288,"Actinomyces.sp..HMSC035G02",-0.502524883558692
"4881",288,"Actinomyces.sp..ICM39",-0.502524883558692
"4882",288,"Anaerostipes.sp..992a",-0.502524883558692
"4883",288,"Bacteroides.ovatus",-0.502524883558692
"4884",288,"Enterobacter.cloacae",-0.502524883558692
"4885",288,"Erysipelatoclostridium.sp..MP95D5",-0.502524883558692
"4886",288,"Intestinibacter.sp..MP113D11",-0.502524883558692
"4887",288,"Klebsiella.oxytoca",7.65258537703171
"4888",288,"Lachnospiraceae.bacterium.CAG.364",-0.502524883558692
"4889",288,"Lactobacillus.paracasei",-0.502524883558692
"4890",288,"Prevotella.buccae",-0.502524883558692
"4891",288,"Providencia.alcalifaciens",-0.502524883558692
"4892",288,"Roseburia.intestinalis",-0.502524883558692
"4893",288,"Streptococcus.infantis",-0.502524883558692
"4894",288,"Streptococcus.sp..MP111F6_2",-0.502524883558692
"4895",288,"X.Clostridium..aldenense",2.27593528781905
"4896",288,"X.Ruminococcus..sp..MP14G5",-0.502524883558692
"4897",289,"Actinomyces.sp..HMSC035G02",-0.0981360294837117
"4898",289,"Actinomyces.sp..ICM39",-0.0981360294837117
"4899",289,"Anaerostipes.sp..992a",-0.0981360294837117
"4900",289,"Bacteroides.ovatus",-0.0981360294837117
"4901",289,"Enterobacter.cloacae",-0.0981360294837117
"4902",289,"Erysipelatoclostridium.sp..MP95D5",-0.0981360294837117
"4903",289,"Intestinibacter.sp..MP113D11",-0.0981360294837117
"4904",289,"Klebsiella.oxytoca",-0.0981360294837117
"4905",289,"Lachnospiraceae.bacterium.CAG.364",-0.0981360294837117
"4906",289,"Lactobacillus.paracasei",-0.0981360294837117
"4907",289,"Prevotella.buccae",-0.0981360294837117
"4908",289,"Providencia.alcalifaciens",-0.0981360294837117
"4909",289,"Roseburia.intestinalis",-0.0981360294837117
"4910",289,"Streptococcus.infantis",6.15203657389865
"4911",289,"Streptococcus.sp..MP111F6_2",-0.0981360294837117
"4912",289,"X.Clostridium..aldenense",-0.0981360294837117
"4913",289,"X.Ruminococcus..sp..MP14G5",-0.0981360294837117
"4914",290,"Actinomyces.sp..HMSC035G02",-0.387221745989057
"4915",290,"Actinomyces.sp..ICM39",-0.387221745989057
"4916",290,"Anaerostipes.sp..992a",-0.387221745989057
"4917",290,"Bacteroides.ovatus",-0.387221745989057
"4918",290,"Enterobacter.cloacae",-0.387221745989057
"4919",290,"Erysipelatoclostridium.sp..MP95D5",-0.387221745989057
"4920",290,"Intestinibacter.sp..MP113D11",9.88717399992426
"4921",290,"Klebsiella.oxytoca",8.4370824793313
"4922",290,"Lachnospiraceae.bacterium.CAG.364",-0.387221745989057
"4923",290,"Lactobacillus.paracasei",-0.387221745989057
"4924",290,"Prevotella.buccae",-0.387221745989057
"4925",290,"Providencia.alcalifaciens",-0.387221745989057
"4926",290,"Roseburia.intestinalis",11.7516268243708
"4927",290,"Streptococcus.infantis",-0.387221745989057
"4928",290,"Streptococcus.sp..MP111F6_2",-0.387221745989057
"4929",290,"X.Clostridium..aldenense",8.466780673022
"4930",290,"X.Ruminococcus..sp..MP14G5",-0.387221745989057
"4931",291,"Actinomyces.sp..HMSC035G02",-1.00739562015995
"4932",291,"Actinomyces.sp..ICM39",-1.00739562015995
"4933",291,"Anaerostipes.sp..992a",-1.00739562015995
"4934",291,"Bacteroides.ovatus",-1.00739562015995
"4935",291,"Enterobacter.cloacae",-1.00739562015995
"4936",291,"Erysipelatoclostridium.sp..MP95D5",5.40663541649164
"4937",291,"Intestinibacter.sp..MP113D11",-1.00739562015995
"4938",291,"Klebsiella.oxytoca",5.86799181938798
"4939",291,"Lachnospiraceae.bacterium.CAG.364",-1.00739562015995
"4940",291,"Lactobacillus.paracasei",5.11530018513841
"4941",291,"Prevotella.buccae",9.20351610408133
"4942",291,"Providencia.alcalifaciens",-1.00739562015995
"4943",291,"Roseburia.intestinalis",-1.00739562015995
"4944",291,"Streptococcus.infantis",-1.00739562015995
"4945",291,"Streptococcus.sp..MP111F6_2",-1.00739562015995
"4946",291,"X.Clostridium..aldenense",8.67798631069645
"4947",291,"X.Ruminococcus..sp..MP14G5",-1.00739562015995
"4948",292,"Actinomyces.sp..HMSC035G02",-0.542140791041074
"4949",292,"Actinomyces.sp..ICM39",-0.542140791041074
"4950",292,"Anaerostipes.sp..992a",-0.542140791041074
"4951",292,"Bacteroides.ovatus",-0.542140791041074
"4952",292,"Enterobacter.cloacae",-0.542140791041074
"4953",292,"Erysipelatoclostridium.sp..MP95D5",5.74340248456435
"4954",292,"Intestinibacter.sp..MP113D11",10.232270857038
"4955",292,"Klebsiella.oxytoca",-0.542140791041074
"4956",292,"Lachnospiraceae.bacterium.CAG.364",-0.542140791041074
"4957",292,"Lactobacillus.paracasei",-0.542140791041074
"4958",292,"Prevotella.buccae",9.94739875461124
"4959",292,"Providencia.alcalifaciens",-0.542140791041074
"4960",292,"Roseburia.intestinalis",9.2960994446684
"4961",292,"Streptococcus.infantis",-0.542140791041074
"4962",292,"Streptococcus.sp..MP111F6_2",-0.542140791041074
"4963",292,"X.Clostridium..aldenense",8.78055922761037
"4964",292,"X.Ruminococcus..sp..MP14G5",-0.542140791041074
"4965",293,"Actinomyces.sp..HMSC035G02",-0.472514545851942
"4966",293,"Actinomyces.sp..ICM39",-0.472514545851942
"4967",293,"Anaerostipes.sp..992a",-0.472514545851942
"4968",293,"Bacteroides.ovatus",3.12374595300944
"4969",293,"Enterobacter.cloacae",5.14939981254921
"4970",293,"Erysipelatoclostridium.sp..MP95D5",-0.472514545851942
"4971",293,"Intestinibacter.sp..MP113D11",-0.472514545851942
"4972",293,"Klebsiella.oxytoca",8.58725697182848
"4973",293,"Lachnospiraceae.bacterium.CAG.364",-0.472514545851942
"4974",293,"Lactobacillus.paracasei",-0.472514545851942
"4975",293,"Prevotella.buccae",-0.472514545851942
"4976",293,"Providencia.alcalifaciens",-0.472514545851942
"4977",293,"Roseburia.intestinalis",10.1627956676336
"4978",293,"Streptococcus.infantis",-0.472514545851942
"4979",293,"Streptococcus.sp..MP111F6_2",9.05664005309207
"4980",293,"X.Clostridium..aldenense",11.6448947815751
"4981",293,"X.Ruminococcus..sp..MP14G5",-0.472514545851942
"4982",294,"Actinomyces.sp..HMSC035G02",-0.685062743147226
"4983",294,"Actinomyces.sp..ICM39",-0.685062743147226
"4984",294,"Anaerostipes.sp..992a",-0.685062743147226
"4985",294,"Bacteroides.ovatus",-0.685062743147226
"4986",294,"Enterobacter.cloacae",-0.685062743147226
"4987",294,"Erysipelatoclostridium.sp..MP95D5",-0.685062743147226
"4988",294,"Intestinibacter.sp..MP113D11",-0.685062743147226
"4989",294,"Klebsiella.oxytoca",5.51813080764853
"4990",294,"Lachnospiraceae.bacterium.CAG.364",-0.685062743147226
"4991",294,"Lactobacillus.paracasei",-0.685062743147226
"4992",294,"Prevotella.buccae",-0.685062743147226
"4993",294,"Providencia.alcalifaciens",-0.685062743147226
"4994",294,"Roseburia.intestinalis",5.12992722038762
"4995",294,"Streptococcus.infantis",-0.685062743147226
"4996",294,"Streptococcus.sp..MP111F6_2",-0.685062743147226
"4997",294,"X.Clostridium..aldenense",8.21205398812279
"4998",294,"X.Ruminococcus..sp..MP14G5",-0.685062743147226
"4999",295,"Actinomyces.sp..HMSC035G02",-0.851490165550855
"5000",295,"Actinomyces.sp..ICM39",-0.851490165550855
"5001",295,"Anaerostipes.sp..992a",-0.851490165550855
"5002",295,"Bacteroides.ovatus",-0.851490165550855
"5003",295,"Enterobacter.cloacae",-0.851490165550855
"5004",295,"Erysipelatoclostridium.sp..MP95D5",6.58228722769004
"5005",295,"Intestinibacter.sp..MP113D11",8.45037661882872
"5006",295,"Klebsiella.oxytoca",-0.851490165550855
"5007",295,"Lachnospiraceae.bacterium.CAG.364",6.01430479857493
"5008",295,"Lactobacillus.paracasei",-0.851490165550855
"5009",295,"Prevotella.buccae",-0.851490165550855
"5010",295,"Providencia.alcalifaciens",-0.851490165550855
"5011",295,"Roseburia.intestinalis",-0.851490165550855
"5012",295,"Streptococcus.infantis",-0.851490165550855
"5013",295,"Streptococcus.sp..MP111F6_2",-0.851490165550855
"5014",295,"X.Clostridium..aldenense",8.12892854253883
"5015",295,"X.Ruminococcus..sp..MP14G5",-0.851490165550855
"5016",296,"Actinomyces.sp..HMSC035G02",-0.620089709084626
"5017",296,"Actinomyces.sp..ICM39",-0.620089709084626
"5018",296,"Anaerostipes.sp..992a",-0.620089709084626
"5019",296,"Bacteroides.ovatus",-0.620089709084626
"5020",296,"Enterobacter.cloacae",-0.620089709084626
"5021",296,"Erysipelatoclostridium.sp..MP95D5",-0.620089709084626
"5022",296,"Intestinibacter.sp..MP113D11",9.24796792547213
"5023",296,"Klebsiella.oxytoca",-0.620089709084626
"5024",296,"Lachnospiraceae.bacterium.CAG.364",6.71100223404877
"5025",296,"Lactobacillus.paracasei",-0.620089709084626
"5026",296,"Prevotella.buccae",-0.620089709084626
"5027",296,"Providencia.alcalifaciens",-0.620089709084626
"5028",296,"Roseburia.intestinalis",8.81098055431715
"5029",296,"Streptococcus.infantis",-0.620089709084626
"5030",296,"Streptococcus.sp..MP111F6_2",-0.620089709084626
"5031",296,"X.Clostridium..aldenense",7.04772874445875
"5032",296,"X.Ruminococcus..sp..MP14G5",-0.620089709084626
"5033",297,"Actinomyces.sp..HMSC035G02",-0.421523781420381
"5034",297,"Actinomyces.sp..ICM39",-0.421523781420381
"5035",297,"Anaerostipes.sp..992a",-0.421523781420381
"5036",297,"Bacteroides.ovatus",-0.421523781420381
"5037",297,"Enterobacter.cloacae",-0.421523781420381
"5038",297,"Erysipelatoclostridium.sp..MP95D5",-0.421523781420381
"5039",297,"Intestinibacter.sp..MP113D11",10.8991286892539
"5040",297,"Klebsiella.oxytoca",-0.421523781420381
"5041",297,"Lachnospiraceae.bacterium.CAG.364",9.71228319524791
"5042",297,"Lactobacillus.paracasei",-0.421523781420381
"5043",297,"Prevotella.buccae",-0.421523781420381
"5044",297,"Providencia.alcalifaciens",-0.421523781420381
"5045",297,"Roseburia.intestinalis",9.41595960208034
"5046",297,"Streptococcus.infantis",-0.421523781420381
"5047",297,"Streptococcus.sp..MP111F6_2",8.92197426461089
"5048",297,"X.Clostridium..aldenense",7.45159033707495
"5049",297,"X.Ruminococcus..sp..MP14G5",-0.421523781420381
"5050",298,"Actinomyces.sp..HMSC035G02",-0.552334682182277
"5051",298,"Actinomyces.sp..ICM39",-0.552334682182277
"5052",298,"Anaerostipes.sp..992a",-0.552334682182277
"5053",298,"Bacteroides.ovatus",-0.552334682182277
"5054",298,"Enterobacter.cloacae",6.22496994247245
"5055",298,"Erysipelatoclostridium.sp..MP95D5",-0.552334682182277
"5056",298,"Intestinibacter.sp..MP113D11",-0.552334682182277
"5057",298,"Klebsiella.oxytoca",-0.552334682182277
"5058",298,"Lachnospiraceae.bacterium.CAG.364",4.37808658590313
"5059",298,"Lactobacillus.paracasei",-0.552334682182277
"5060",298,"Prevotella.buccae",8.157244142544
"5061",298,"Providencia.alcalifaciens",-0.552334682182277
"5062",298,"Roseburia.intestinalis",-0.552334682182277
"5063",298,"Streptococcus.infantis",-0.552334682182277
"5064",298,"Streptococcus.sp..MP111F6_2",-0.552334682182277
"5065",298,"X.Clostridium..aldenense",7.5934885938782
"5066",298,"X.Ruminococcus..sp..MP14G5",-0.552334682182277
"5067",299,"Actinomyces.sp..HMSC035G02",-0.263684129136232
"5068",299,"Actinomyces.sp..ICM39",-0.263684129136232
"5069",299,"Anaerostipes.sp..992a",-0.263684129136232
"5070",299,"Bacteroides.ovatus",-0.263684129136232
"5071",299,"Enterobacter.cloacae",10.076214250361
"5072",299,"Erysipelatoclostridium.sp..MP95D5",-0.263684129136232
"5073",299,"Intestinibacter.sp..MP113D11",-0.263684129136232
"5074",299,"Klebsiella.oxytoca",-0.263684129136232
"5075",299,"Lachnospiraceae.bacterium.CAG.364",-0.263684129136232
"5076",299,"Lactobacillus.paracasei",5.09246663539258
"5077",299,"Prevotella.buccae",-0.263684129136232
"5078",299,"Providencia.alcalifaciens",-0.263684129136232
"5079",299,"Roseburia.intestinalis",-0.263684129136232
"5080",299,"Streptococcus.infantis",9.73583384902998
"5081",299,"Streptococcus.sp..MP111F6_2",-0.263684129136232
"5082",299,"X.Clostridium..aldenense",-0.263684129136232
"5083",299,"X.Ruminococcus..sp..MP14G5",-0.263684129136232
"5084",300,"Actinomyces.sp..HMSC035G02",-0.369370570888155
"5085",300,"Actinomyces.sp..ICM39",-0.369370570888155
"5086",300,"Anaerostipes.sp..992a",-0.369370570888155
"5087",300,"Bacteroides.ovatus",-0.369370570888155
"5088",300,"Enterobacter.cloacae",-0.369370570888155
"5089",300,"Erysipelatoclostridium.sp..MP95D5",-0.369370570888155
"5090",300,"Intestinibacter.sp..MP113D11",-0.369370570888155
"5091",300,"Klebsiella.oxytoca",5.24126419294309
"5092",300,"Lachnospiraceae.bacterium.CAG.364",-0.369370570888155
"5093",300,"Lactobacillus.paracasei",-0.369370570888155
"5094",300,"Prevotella.buccae",-0.369370570888155
"5095",300,"Providencia.alcalifaciens",-0.369370570888155
"5096",300,"Roseburia.intestinalis",-0.369370570888155
"5097",300,"Streptococcus.infantis",-0.369370570888155
"5098",300,"Streptococcus.sp..MP111F6_2",-0.369370570888155
"5099",300,"X.Clostridium..aldenense",-0.369370570888155
"5100",300,"X.Ruminococcus..sp..MP14G5",-0.369370570888155
"5101",301,"Actinomyces.sp..HMSC035G02",-0.622571839378502
"5102",301,"Actinomyces.sp..ICM39",-0.622571839378502
"5103",301,"Anaerostipes.sp..992a",-0.622571839378502
"5104",301,"Bacteroides.ovatus",-0.622571839378502
"5105",301,"Enterobacter.cloacae",6.23468700454965
"5106",301,"Erysipelatoclostridium.sp..MP95D5",-0.622571839378502
"5107",301,"Intestinibacter.sp..MP113D11",-0.622571839378502
"5108",301,"Klebsiella.oxytoca",7.60262289860731
"5109",301,"Lachnospiraceae.bacterium.CAG.364",-0.622571839378502
"5110",301,"Lactobacillus.paracasei",-0.622571839378502
"5111",301,"Prevotella.buccae",-0.622571839378502
"5112",301,"Providencia.alcalifaciens",-0.622571839378502
"5113",301,"Roseburia.intestinalis",10.5767718557258
"5114",301,"Streptococcus.infantis",-0.622571839378502
"5115",301,"Streptococcus.sp..MP111F6_2",9.13337693820413
"5116",301,"X.Clostridium..aldenense",10.5022916787862
"5117",301,"X.Ruminococcus..sp..MP14G5",-0.622571839378502
"5118",302,"Actinomyces.sp..HMSC035G02",-0.363630462981376
"5119",302,"Actinomyces.sp..ICM39",-0.363630462981376
"5120",302,"Anaerostipes.sp..992a",-0.363630462981376
"5121",302,"Bacteroides.ovatus",-0.363630462981376
"5122",302,"Enterobacter.cloacae",-0.363630462981376
"5123",302,"Erysipelatoclostridium.sp..MP95D5",-0.363630462981376
"5124",302,"Intestinibacter.sp..MP113D11",-0.363630462981376
"5125",302,"Klebsiella.oxytoca",-0.363630462981376
"5126",302,"Lachnospiraceae.bacterium.CAG.364",-0.363630462981376
"5127",302,"Lactobacillus.paracasei",-0.363630462981376
"5128",302,"Prevotella.buccae",-0.363630462981376
"5129",302,"Providencia.alcalifaciens",-0.363630462981376
"5130",302,"Roseburia.intestinalis",-0.363630462981376
"5131",302,"Streptococcus.infantis",-0.363630462981376
"5132",302,"Streptococcus.sp..MP111F6_2",-0.363630462981376
"5133",302,"X.Clostridium..aldenense",-0.363630462981376
"5134",302,"X.Ruminococcus..sp..MP14G5",-0.363630462981376
"5135",303,"Actinomyces.sp..HMSC035G02",-0.26260832205508
"5136",303,"Actinomyces.sp..ICM39",-0.26260832205508
"5137",303,"Anaerostipes.sp..992a",-0.26260832205508
"5138",303,"Bacteroides.ovatus",-0.26260832205508
"5139",303,"Enterobacter.cloacae",-0.26260832205508
"5140",303,"Erysipelatoclostridium.sp..MP95D5",7.72423426590268
"5141",303,"Intestinibacter.sp..MP113D11",-0.26260832205508
"5142",303,"Klebsiella.oxytoca",-0.26260832205508
"5143",303,"Lachnospiraceae.bacterium.CAG.364",-0.26260832205508
"5144",303,"Lactobacillus.paracasei",-0.26260832205508
"5145",303,"Prevotella.buccae",-0.26260832205508
"5146",303,"Providencia.alcalifaciens",-0.26260832205508
"5147",303,"Roseburia.intestinalis",-0.26260832205508
"5148",303,"Streptococcus.infantis",-0.26260832205508
"5149",303,"Streptococcus.sp..MP111F6_2",-0.26260832205508
"5150",303,"X.Clostridium..aldenense",8.97159434066623
"5151",303,"X.Ruminococcus..sp..MP14G5",-0.26260832205508
"5152",304,"Actinomyces.sp..HMSC035G02",-0.874444050636196
"5153",304,"Actinomyces.sp..ICM39",-0.874444050636196
"5154",304,"Anaerostipes.sp..992a",-0.874444050636196
"5155",304,"Bacteroides.ovatus",-0.874444050636196
"5156",304,"Enterobacter.cloacae",-0.874444050636196
"5157",304,"Erysipelatoclostridium.sp..MP95D5",-0.874444050636196
"5158",304,"Intestinibacter.sp..MP113D11",-0.874444050636196
"5159",304,"Klebsiella.oxytoca",-0.874444050636196
"5160",304,"Lachnospiraceae.bacterium.CAG.364",-0.874444050636196
"5161",304,"Lactobacillus.paracasei",-0.874444050636196
"5162",304,"Prevotella.buccae",-0.874444050636196
"5163",304,"Providencia.alcalifaciens",-0.874444050636196
"5164",304,"Roseburia.intestinalis",7.6879941463457
"5165",304,"Streptococcus.infantis",-0.874444050636196
"5166",304,"Streptococcus.sp..MP111F6_2",-0.874444050636196
"5167",304,"X.Clostridium..aldenense",6.2977717065943
"5168",304,"X.Ruminococcus..sp..MP14G5",-0.874444050636196
"5169",305,"Actinomyces.sp..HMSC035G02",5.93267847546937
"5170",305,"Actinomyces.sp..ICM39",-0.16401837846502
"5171",305,"Anaerostipes.sp..992a",-0.16401837846502
"5172",305,"Bacteroides.ovatus",-0.16401837846502
"5173",305,"Enterobacter.cloacae",-0.16401837846502
"5174",305,"Erysipelatoclostridium.sp..MP95D5",-0.16401837846502
"5175",305,"Intestinibacter.sp..MP113D11",-0.16401837846502
"5176",305,"Klebsiella.oxytoca",11.8416653663454
"5177",305,"Lachnospiraceae.bacterium.CAG.364",-0.16401837846502
"5178",305,"Lactobacillus.paracasei",4.00900063555416
"5179",305,"Prevotella.buccae",-0.16401837846502
"5180",305,"Providencia.alcalifaciens",-0.16401837846502
"5181",305,"Roseburia.intestinalis",-0.16401837846502
"5182",305,"Streptococcus.infantis",8.63066045389881
"5183",305,"Streptococcus.sp..MP111F6_2",-0.16401837846502
"5184",305,"X.Clostridium..aldenense",-0.16401837846502
"5185",305,"X.Ruminococcus..sp..MP14G5",-0.16401837846502
"5186",306,"Actinomyces.sp..HMSC035G02",-0.64748094673836
"5187",306,"Actinomyces.sp..ICM39",-0.64748094673836
"5188",306,"Anaerostipes.sp..992a",-0.64748094673836
"5189",306,"Bacteroides.ovatus",9.12649428762667
"5190",306,"Enterobacter.cloacae",-0.64748094673836
"5191",306,"Erysipelatoclostridium.sp..MP95D5",-0.64748094673836
"5192",306,"Intestinibacter.sp..MP113D11",8.76315332331186
"5193",306,"Klebsiella.oxytoca",-0.64748094673836
"5194",306,"Lachnospiraceae.bacterium.CAG.364",-0.64748094673836
"5195",306,"Lactobacillus.paracasei",-0.64748094673836
"5196",306,"Prevotella.buccae",10.4261565094252
"5197",306,"Providencia.alcalifaciens",-0.64748094673836
"5198",306,"Roseburia.intestinalis",-0.64748094673836
"5199",306,"Streptococcus.infantis",-0.64748094673836
"5200",306,"Streptococcus.sp..MP111F6_2",-0.64748094673836
"5201",306,"X.Clostridium..aldenense",3.934596671889
"5202",306,"X.Ruminococcus..sp..MP14G5",6.92801275652962
"5203",307,"Actinomyces.sp..HMSC035G02",-0.442084406739813
"5204",307,"Actinomyces.sp..ICM39",-0.442084406739813
"5205",307,"Anaerostipes.sp..992a",-0.442084406739813
"5206",307,"Bacteroides.ovatus",-0.442084406739813
"5207",307,"Enterobacter.cloacae",-0.442084406739813
"5208",307,"Erysipelatoclostridium.sp..MP95D5",-0.442084406739813
"5209",307,"Intestinibacter.sp..MP113D11",-0.442084406739813
"5210",307,"Klebsiella.oxytoca",-0.442084406739813
"5211",307,"Lachnospiraceae.bacterium.CAG.364",8.59054604951701
"5212",307,"Lactobacillus.paracasei",-0.442084406739813
"5213",307,"Prevotella.buccae",-0.442084406739813
"5214",307,"Providencia.alcalifaciens",-0.442084406739813
"5215",307,"Roseburia.intestinalis",-0.442084406739813
"5216",307,"Streptococcus.infantis",-0.442084406739813
"5217",307,"Streptococcus.sp..MP111F6_2",-0.442084406739813
"5218",307,"X.Clostridium..aldenense",7.99437171009823
"5219",307,"X.Ruminococcus..sp..MP14G5",-0.442084406739813
"5220",308,"Actinomyces.sp..HMSC035G02",-0.561288435209653
"5221",308,"Actinomyces.sp..ICM39",-0.561288435209653
"5222",308,"Anaerostipes.sp..992a",-0.561288435209653
"5223",308,"Bacteroides.ovatus",-0.561288435209653
"5224",308,"Enterobacter.cloacae",-0.561288435209653
"5225",308,"Erysipelatoclostridium.sp..MP95D5",6.53521994722334
"5226",308,"Intestinibacter.sp..MP113D11",10.4447532039067
"5227",308,"Klebsiella.oxytoca",8.3043898731018
"5228",308,"Lachnospiraceae.bacterium.CAG.364",-0.561288435209653
"5229",308,"Lactobacillus.paracasei",-0.561288435209653
"5230",308,"Prevotella.buccae",-0.561288435209653
"5231",308,"Providencia.alcalifaciens",-0.561288435209653
"5232",308,"Roseburia.intestinalis",-0.561288435209653
"5233",308,"Streptococcus.infantis",-0.561288435209653
"5234",308,"Streptococcus.sp..MP111F6_2",-0.561288435209653
"5235",308,"X.Clostridium..aldenense",-0.561288435209653
"5236",308,"X.Ruminococcus..sp..MP14G5",-0.561288435209653
"5237",309,"Actinomyces.sp..HMSC035G02",-0.331458426645085
"5238",309,"Actinomyces.sp..ICM39",-0.331458426645085
"5239",309,"Anaerostipes.sp..992a",-0.331458426645085
"5240",309,"Bacteroides.ovatus",-0.331458426645085
"5241",309,"Enterobacter.cloacae",-0.331458426645085
"5242",309,"Erysipelatoclostridium.sp..MP95D5",-0.331458426645085
"5243",309,"Intestinibacter.sp..MP113D11",-0.331458426645085
"5244",309,"Klebsiella.oxytoca",6.70109200383957
"5245",309,"Lachnospiraceae.bacterium.CAG.364",-0.331458426645085
"5246",309,"Lactobacillus.paracasei",-0.331458426645085
"5247",309,"Prevotella.buccae",-0.331458426645085
"5248",309,"Providencia.alcalifaciens",-0.331458426645085
"5249",309,"Roseburia.intestinalis",12.0045136244472
"5250",309,"Streptococcus.infantis",-0.331458426645085
"5251",309,"Streptococcus.sp..MP111F6_2",8.81079888333485
"5252",309,"X.Clostridium..aldenense",8.27328685487892
"5253",309,"X.Ruminococcus..sp..MP14G5",-0.331458426645085
"5254",310,"Actinomyces.sp..HMSC035G02",-0.447852589771403
"5255",310,"Actinomyces.sp..ICM39",6.80028023478592
"5256",310,"Anaerostipes.sp..992a",-0.447852589771403
"5257",310,"Bacteroides.ovatus",-0.447852589771403
"5258",310,"Enterobacter.cloacae",9.02749050233034
"5259",310,"Erysipelatoclostridium.sp..MP95D5",-0.447852589771403
"5260",310,"Intestinibacter.sp..MP113D11",-0.447852589771403
"5261",310,"Klebsiella.oxytoca",-0.447852589771403
"5262",310,"Lachnospiraceae.bacterium.CAG.364",-0.447852589771403
"5263",310,"Lactobacillus.paracasei",-0.447852589771403
"5264",310,"Prevotella.buccae",7.44088083862668
"5265",310,"Providencia.alcalifaciens",-0.447852589771403
"5266",310,"Roseburia.intestinalis",-0.447852589771403
"5267",310,"Streptococcus.infantis",-0.447852589771403
"5268",310,"Streptococcus.sp..MP111F6_2",-0.447852589771403
"5269",310,"X.Clostridium..aldenense",-0.447852589771403
"5270",310,"X.Ruminococcus..sp..MP14G5",-0.447852589771403
"5271",311,"Actinomyces.sp..HMSC035G02",-0.347913385429113
"5272",311,"Actinomyces.sp..ICM39",-0.347913385429113
"5273",311,"Anaerostipes.sp..992a",-0.347913385429113
"5274",311,"Bacteroides.ovatus",-0.347913385429113
"5275",311,"Enterobacter.cloacae",-0.347913385429113
"5276",311,"Erysipelatoclostridium.sp..MP95D5",6.39643042931146
"5277",311,"Intestinibacter.sp..MP113D11",-0.347913385429113
"5278",311,"Klebsiella.oxytoca",-0.347913385429113
"5279",311,"Lachnospiraceae.bacterium.CAG.364",-0.347913385429113
"5280",311,"Lactobacillus.paracasei",-0.347913385429113
"5281",311,"Prevotella.buccae",11.2396855578431
"5282",311,"Providencia.alcalifaciens",-0.347913385429113
"5283",311,"Roseburia.intestinalis",11.3248320054414
"5284",311,"Streptococcus.infantis",6.95667640280942
"5285",311,"Streptococcus.sp..MP111F6_2",-0.347913385429113
"5286",311,"X.Clostridium..aldenense",9.15384357800396
"5287",311,"X.Ruminococcus..sp..MP14G5",-0.347913385429113
"5288",312,"Actinomyces.sp..HMSC035G02",-0.152100828536634
"5289",312,"Actinomyces.sp..ICM39",-0.152100828536634
"5290",312,"Anaerostipes.sp..992a",-0.152100828536634
"5291",312,"Bacteroides.ovatus",-0.152100828536634
"5292",312,"Enterobacter.cloacae",-0.152100828536634
"5293",312,"Erysipelatoclostridium.sp..MP95D5",-0.152100828536634
"5294",312,"Intestinibacter.sp..MP113D11",-0.152100828536634
"5295",312,"Klebsiella.oxytoca",13.1771657631221
"5296",312,"Lachnospiraceae.bacterium.CAG.364",-0.152100828536634
"5297",312,"Lactobacillus.paracasei",7.98520017758591
"5298",312,"Prevotella.buccae",-0.152100828536634
"5299",312,"Providencia.alcalifaciens",-0.152100828536634
"5300",312,"Roseburia.intestinalis",-0.152100828536634
"5301",312,"Streptococcus.infantis",-0.152100828536634
"5302",312,"Streptococcus.sp..MP111F6_2",-0.152100828536634
"5303",312,"X.Clostridium..aldenense",-0.152100828536634
"5304",312,"X.Ruminococcus..sp..MP14G5",-0.152100828536634
"5305",313,"Actinomyces.sp..HMSC035G02",-1.2866903706436
"5306",313,"Actinomyces.sp..ICM39",-1.2866903706436
"5307",313,"Anaerostipes.sp..992a",-1.2866903706436
"5308",313,"Bacteroides.ovatus",6.46601645831716
"5309",313,"Enterobacter.cloacae",-1.2866903706436
"5310",313,"Erysipelatoclostridium.sp..MP95D5",-1.2866903706436
"5311",313,"Intestinibacter.sp..MP113D11",-1.2866903706436
"5312",313,"Klebsiella.oxytoca",-1.2866903706436
"5313",313,"Lachnospiraceae.bacterium.CAG.364",-1.2866903706436
"5314",313,"Lactobacillus.paracasei",-1.2866903706436
"5315",313,"Prevotella.buccae",-1.2866903706436
"5316",313,"Providencia.alcalifaciens",-1.2866903706436
"5317",313,"Roseburia.intestinalis",-1.2866903706436
"5318",313,"Streptococcus.infantis",-1.2866903706436
"5319",313,"Streptococcus.sp..MP111F6_2",-1.2866903706436
"5320",313,"X.Clostridium..aldenense",2.66408700846489
"5321",313,"X.Ruminococcus..sp..MP14G5",-1.2866903706436
"5322",314,"Actinomyces.sp..HMSC035G02",-0.493936617374214
"5323",314,"Actinomyces.sp..ICM39",-0.493936617374214
"5324",314,"Anaerostipes.sp..992a",-0.493936617374214
"5325",314,"Bacteroides.ovatus",-0.493936617374214
"5326",314,"Enterobacter.cloacae",1.48769654704223
"5327",314,"Erysipelatoclostridium.sp..MP95D5",-0.493936617374214
"5328",314,"Intestinibacter.sp..MP113D11",-0.493936617374214
"5329",314,"Klebsiella.oxytoca",6.99942793140991
"5330",314,"Lachnospiraceae.bacterium.CAG.364",-0.493936617374214
"5331",314,"Lactobacillus.paracasei",4.34734104622346
"5332",314,"Prevotella.buccae",11.6488334674021
"5333",314,"Providencia.alcalifaciens",-0.493936617374214
"5334",314,"Roseburia.intestinalis",-0.493936617374214
"5335",314,"Streptococcus.infantis",-0.493936617374214
"5336",314,"Streptococcus.sp..MP111F6_2",-0.493936617374214
"5337",314,"X.Clostridium..aldenense",-0.493936617374214
"5338",314,"X.Ruminococcus..sp..MP14G5",-0.493936617374214
"5339",315,"Actinomyces.sp..HMSC035G02",-0.564721024608877
"5340",315,"Actinomyces.sp..ICM39",-0.564721024608877
"5341",315,"Anaerostipes.sp..992a",-0.564721024608877
"5342",315,"Bacteroides.ovatus",-0.564721024608877
"5343",315,"Enterobacter.cloacae",-0.564721024608877
"5344",315,"Erysipelatoclostridium.sp..MP95D5",-0.564721024608877
"5345",315,"Intestinibacter.sp..MP113D11",-0.564721024608877
"5346",315,"Klebsiella.oxytoca",7.22536707723489
"5347",315,"Lachnospiraceae.bacterium.CAG.364",-0.564721024608877
"5348",315,"Lactobacillus.paracasei",-0.564721024608877
"5349",315,"Prevotella.buccae",-0.564721024608877
"5350",315,"Providencia.alcalifaciens",-0.564721024608877
"5351",315,"Roseburia.intestinalis",9.80968627917415
"5352",315,"Streptococcus.infantis",-0.564721024608877
"5353",315,"Streptococcus.sp..MP111F6_2",-0.564721024608877
"5354",315,"X.Clostridium..aldenense",6.16302232163869
"5355",315,"X.Ruminococcus..sp..MP14G5",-0.564721024608877
"5356",316,"Actinomyces.sp..HMSC035G02",-0.324565832535479
"5357",316,"Actinomyces.sp..ICM39",-0.324565832535479
"5358",316,"Anaerostipes.sp..992a",-0.324565832535479
"5359",316,"Bacteroides.ovatus",-0.324565832535479
"5360",316,"Enterobacter.cloacae",-0.324565832535479
"5361",316,"Erysipelatoclostridium.sp..MP95D5",-0.324565832535479
"5362",316,"Intestinibacter.sp..MP113D11",10.2496284841436
"5363",316,"Klebsiella.oxytoca",7.43980149395686
"5364",316,"Lachnospiraceae.bacterium.CAG.364",-0.324565832535479
"5365",316,"Lactobacillus.paracasei",-0.324565832535479
"5366",316,"Prevotella.buccae",-0.324565832535479
"5367",316,"Providencia.alcalifaciens",-0.324565832535479
"5368",316,"Roseburia.intestinalis",-0.324565832535479
"5369",316,"Streptococcus.infantis",-0.324565832535479
"5370",316,"Streptococcus.sp..MP111F6_2",-0.324565832535479
"5371",316,"X.Clostridium..aldenense",-0.324565832535479
"5372",316,"X.Ruminococcus..sp..MP14G5",-0.324565832535479
"5373",317,"Actinomyces.sp..HMSC035G02",-0.25737659049202
"5374",317,"Actinomyces.sp..ICM39",-0.25737659049202
"5375",317,"Anaerostipes.sp..992a",-0.25737659049202
"5376",317,"Bacteroides.ovatus",-0.25737659049202
"5377",317,"Enterobacter.cloacae",-0.25737659049202
"5378",317,"Erysipelatoclostridium.sp..MP95D5",-0.25737659049202
"5379",317,"Intestinibacter.sp..MP113D11",-0.25737659049202
"5380",317,"Klebsiella.oxytoca",7.99011340324284
"5381",317,"Lachnospiraceae.bacterium.CAG.364",-0.25737659049202
"5382",317,"Lactobacillus.paracasei",-0.25737659049202
"5383",317,"Prevotella.buccae",-0.25737659049202
"5384",317,"Providencia.alcalifaciens",-0.25737659049202
"5385",317,"Roseburia.intestinalis",10.8937410733472
"5386",317,"Streptococcus.infantis",-0.25737659049202
"5387",317,"Streptococcus.sp..MP111F6_2",-0.25737659049202
"5388",317,"X.Clostridium..aldenense",-0.25737659049202
"5389",317,"X.Ruminococcus..sp..MP14G5",-0.25737659049202
"5390",318,"Actinomyces.sp..HMSC035G02",7.30420746044315
"5391",318,"Actinomyces.sp..ICM39",-0.192117432152877
"5392",318,"Anaerostipes.sp..992a",-0.192117432152877
"5393",318,"Bacteroides.ovatus",-0.192117432152877
"5394",318,"Enterobacter.cloacae",-0.192117432152877
"5395",318,"Erysipelatoclostridium.sp..MP95D5",-0.192117432152877
"5396",318,"Intestinibacter.sp..MP113D11",-0.192117432152877
"5397",318,"Klebsiella.oxytoca",12.4436165073744
"5398",318,"Lachnospiraceae.bacterium.CAG.364",-0.192117432152877
"5399",318,"Lactobacillus.paracasei",10.3450507126941
"5400",318,"Prevotella.buccae",-0.192117432152877
"5401",318,"Providencia.alcalifaciens",-0.192117432152877
"5402",318,"Roseburia.intestinalis",-0.192117432152877
"5403",318,"Streptococcus.infantis",-0.192117432152877
"5404",318,"Streptococcus.sp..MP111F6_2",-0.192117432152877
"5405",318,"X.Clostridium..aldenense",-0.192117432152877
"5406",318,"X.Ruminococcus..sp..MP14G5",-0.192117432152877
"5407",319,"Actinomyces.sp..HMSC035G02",-0.409877656478956
"5408",319,"Actinomyces.sp..ICM39",-0.409877656478956
"5409",319,"Anaerostipes.sp..992a",-0.409877656478956
"5410",319,"Bacteroides.ovatus",-0.409877656478956
"5411",319,"Enterobacter.cloacae",-0.409877656478956
"5412",319,"Erysipelatoclostridium.sp..MP95D5",-0.409877656478956
"5413",319,"Intestinibacter.sp..MP113D11",9.49483364236656
"5414",319,"Klebsiella.oxytoca",-0.409877656478956
"5415",319,"Lachnospiraceae.bacterium.CAG.364",-0.409877656478956
"5416",319,"Lactobacillus.paracasei",-0.409877656478956
"5417",319,"Prevotella.buccae",10.5291599968359
"5418",319,"Providencia.alcalifaciens",-0.409877656478956
"5419",319,"Roseburia.intestinalis",-0.409877656478956
"5420",319,"Streptococcus.infantis",7.60611381527497
"5421",319,"Streptococcus.sp..MP111F6_2",-0.409877656478956
"5422",319,"X.Clostridium..aldenense",6.94737172096235
"5423",319,"X.Ruminococcus..sp..MP14G5",-0.409877656478956
"5424",320,"Actinomyces.sp..HMSC035G02",-0.27041293490266
"5425",320,"Actinomyces.sp..ICM39",-0.27041293490266
"5426",320,"Anaerostipes.sp..992a",-0.27041293490266
"5427",320,"Bacteroides.ovatus",-0.27041293490266
"5428",320,"Enterobacter.cloacae",-0.27041293490266
"5429",320,"Erysipelatoclostridium.sp..MP95D5",-0.27041293490266
"5430",320,"Intestinibacter.sp..MP113D11",-0.27041293490266
"5431",320,"Klebsiella.oxytoca",-0.27041293490266
"5432",320,"Lachnospiraceae.bacterium.CAG.364",-0.27041293490266
"5433",320,"Lactobacillus.paracasei",-0.27041293490266
"5434",320,"Prevotella.buccae",-0.27041293490266
"5435",320,"Providencia.alcalifaciens",-0.27041293490266
"5436",320,"Roseburia.intestinalis",7.37285937194444
"5437",320,"Streptococcus.infantis",-0.27041293490266
"5438",320,"Streptococcus.sp..MP111F6_2",-0.27041293490266
"5439",320,"X.Clostridium..aldenense",5.90858183742733
"5440",320,"X.Ruminococcus..sp..MP14G5",-0.27041293490266
"5441",321,"Actinomyces.sp..HMSC035G02",-0.959486888382401
"5442",321,"Actinomyces.sp..ICM39",-0.959486888382401
"5443",321,"Anaerostipes.sp..992a",-0.959486888382401
"5444",321,"Bacteroides.ovatus",-0.959486888382401
"5445",321,"Enterobacter.cloacae",-0.959486888382401
"5446",321,"Erysipelatoclostridium.sp..MP95D5",-0.959486888382401
"5447",321,"Intestinibacter.sp..MP113D11",-0.959486888382401
"5448",321,"Klebsiella.oxytoca",-0.959486888382401
"5449",321,"Lachnospiraceae.bacterium.CAG.364",-0.959486888382401
"5450",321,"Lactobacillus.paracasei",-0.959486888382401
"5451",321,"Prevotella.buccae",-0.959486888382401
"5452",321,"Providencia.alcalifaciens",-0.959486888382401
"5453",321,"Roseburia.intestinalis",8.51913345902284
"5454",321,"Streptococcus.infantis",-0.959486888382401
"5455",321,"Streptococcus.sp..MP111F6_2",-0.959486888382401
"5456",321,"X.Clostridium..aldenense",5.88455474142649
"5457",321,"X.Ruminococcus..sp..MP14G5",5.43459205822454
"5458",322,"Actinomyces.sp..HMSC035G02",-0.135178882645919
"5459",322,"Actinomyces.sp..ICM39",-0.135178882645919
"5460",322,"Anaerostipes.sp..992a",-0.135178882645919
"5461",322,"Bacteroides.ovatus",-0.135178882645919
"5462",322,"Enterobacter.cloacae",-0.135178882645919
"5463",322,"Erysipelatoclostridium.sp..MP95D5",-0.135178882645919
"5464",322,"Intestinibacter.sp..MP113D11",-0.135178882645919
"5465",322,"Klebsiella.oxytoca",11.9942059820223
"5466",322,"Lachnospiraceae.bacterium.CAG.364",-0.135178882645919
"5467",322,"Lactobacillus.paracasei",6.73252012490278
"5468",322,"Prevotella.buccae",-0.135178882645919
"5469",322,"Providencia.alcalifaciens",-0.135178882645919
"5470",322,"Roseburia.intestinalis",-0.135178882645919
"5471",322,"Streptococcus.infantis",-0.135178882645919
"5472",322,"Streptococcus.sp..MP111F6_2",-0.135178882645919
"5473",322,"X.Clostridium..aldenense",-0.135178882645919
"5474",322,"X.Ruminococcus..sp..MP14G5",-0.135178882645919
"5475",323,"Actinomyces.sp..HMSC035G02",-0.255757636802977
"5476",323,"Actinomyces.sp..ICM39",-0.255757636802977
"5477",323,"Anaerostipes.sp..992a",-0.255757636802977
"5478",323,"Bacteroides.ovatus",-0.255757636802977
"5479",323,"Enterobacter.cloacae",4.23890173417711
"5480",323,"Erysipelatoclostridium.sp..MP95D5",-0.255757636802977
"5481",323,"Intestinibacter.sp..MP113D11",-0.255757636802977
"5482",323,"Klebsiella.oxytoca",10.0594314613
"5483",323,"Lachnospiraceae.bacterium.CAG.364",-0.255757636802977
"5484",323,"Lactobacillus.paracasei",-0.255757636802977
"5485",323,"Prevotella.buccae",-0.255757636802977
"5486",323,"Providencia.alcalifaciens",-0.255757636802977
"5487",323,"Roseburia.intestinalis",-0.255757636802977
"5488",323,"Streptococcus.infantis",-0.255757636802977
"5489",323,"Streptococcus.sp..MP111F6_2",-0.255757636802977
"5490",323,"X.Clostridium..aldenense",8.98131579042702
"5491",323,"X.Ruminococcus..sp..MP14G5",-0.255757636802977
"5492",324,"Actinomyces.sp..HMSC035G02",-0.574111497990449
"5493",324,"Actinomyces.sp..ICM39",5.70402780902215
"5494",324,"Anaerostipes.sp..992a",-0.574111497990449
"5495",324,"Bacteroides.ovatus",-0.574111497990449
"5496",324,"Enterobacter.cloacae",9.35216911942112
"5497",324,"Erysipelatoclostridium.sp..MP95D5",8.7120231845471
"5498",324,"Intestinibacter.sp..MP113D11",-0.574111497990449
"5499",324,"Klebsiella.oxytoca",7.1968428106784
"5500",324,"Lachnospiraceae.bacterium.CAG.364",10.2618760432408
"5501",324,"Lactobacillus.paracasei",5.10721192018799
"5502",324,"Prevotella.buccae",6.81996632577956
"5503",324,"Providencia.alcalifaciens",-0.574111497990449
"5504",324,"Roseburia.intestinalis",3.45777109380168
"5505",324,"Streptococcus.infantis",-0.574111497990449
"5506",324,"Streptococcus.sp..MP111F6_2",9.50323137173799
"5507",324,"X.Clostridium..aldenense",9.66344498937703
"5508",324,"X.Ruminococcus..sp..MP14G5",7.29976021213662
"5509",325,"Actinomyces.sp..HMSC035G02",-0.308385171785554
"5510",325,"Actinomyces.sp..ICM39",-0.308385171785554
"5511",325,"Anaerostipes.sp..992a",-0.308385171785554
"5512",325,"Bacteroides.ovatus",-0.308385171785554
"5513",325,"Enterobacter.cloacae",-0.308385171785554
"5514",325,"Erysipelatoclostridium.sp..MP95D5",10.4355464048548
"5515",325,"Intestinibacter.sp..MP113D11",-0.308385171785554
"5516",325,"Klebsiella.oxytoca",6.21993985260542
"5517",325,"Lachnospiraceae.bacterium.CAG.364",6.93801919784049
"5518",325,"Lactobacillus.paracasei",-0.308385171785554
"5519",325,"Prevotella.buccae",-0.308385171785554
"5520",325,"Providencia.alcalifaciens",-0.308385171785554
"5521",325,"Roseburia.intestinalis",-0.308385171785554
"5522",325,"Streptococcus.infantis",-0.308385171785554
"5523",325,"Streptococcus.sp..MP111F6_2",-0.308385171785554
"5524",325,"X.Clostridium..aldenense",-0.308385171785554
"5525",325,"X.Ruminococcus..sp..MP14G5",-0.308385171785554
"5526",326,"Actinomyces.sp..HMSC035G02",-0.316763240845319
"5527",326,"Actinomyces.sp..ICM39",-0.316763240845319
"5528",326,"Anaerostipes.sp..992a",-0.316763240845319
"5529",326,"Bacteroides.ovatus",-0.316763240845319
"5530",326,"Enterobacter.cloacae",-0.316763240845319
"5531",326,"Erysipelatoclostridium.sp..MP95D5",-0.316763240845319
"5532",326,"Intestinibacter.sp..MP113D11",-0.316763240845319
"5533",326,"Klebsiella.oxytoca",9.34622563884421
"5534",326,"Lachnospiraceae.bacterium.CAG.364",-0.316763240845319
"5535",326,"Lactobacillus.paracasei",-0.316763240845319
"5536",326,"Prevotella.buccae",8.87564383850483
"5537",326,"Providencia.alcalifaciens",-0.316763240845319
"5538",326,"Roseburia.intestinalis",-0.316763240845319
"5539",326,"Streptococcus.infantis",-0.316763240845319
"5540",326,"Streptococcus.sp..MP111F6_2",-0.316763240845319
"5541",326,"X.Clostridium..aldenense",-0.316763240845319
"5542",326,"X.Ruminococcus..sp..MP14G5",-0.316763240845319
"5543",327,"Actinomyces.sp..HMSC035G02",-0.655421878088138
"5544",327,"Actinomyces.sp..ICM39",-0.655421878088138
"5545",327,"Anaerostipes.sp..992a",-0.655421878088138
"5546",327,"Bacteroides.ovatus",-0.655421878088138
"5547",327,"Enterobacter.cloacae",-0.655421878088138
"5548",327,"Erysipelatoclostridium.sp..MP95D5",-0.655421878088138
"5549",327,"Intestinibacter.sp..MP113D11",-0.655421878088138
"5550",327,"Klebsiella.oxytoca",-0.655421878088138
"5551",327,"Lachnospiraceae.bacterium.CAG.364",-0.655421878088138
"5552",327,"Lactobacillus.paracasei",3.33672615762847
"5553",327,"Prevotella.buccae",-0.655421878088138
"5554",327,"Providencia.alcalifaciens",-0.655421878088138
"5555",327,"Roseburia.intestinalis",-0.655421878088138
"5556",327,"Streptococcus.infantis",4.8195051155601
"5557",327,"Streptococcus.sp..MP111F6_2",-0.655421878088138
"5558",327,"X.Clostridium..aldenense",6.87769822819551
"5559",327,"X.Ruminococcus..sp..MP14G5",-0.655421878088138
"5560",328,"Actinomyces.sp..HMSC035G02",-0.198167084739415
"5561",328,"Actinomyces.sp..ICM39",6.32157906767031
"5562",328,"Anaerostipes.sp..992a",-0.198167084739415
"5563",328,"Bacteroides.ovatus",-0.198167084739415
"5564",328,"Enterobacter.cloacae",-0.198167084739415
"5565",328,"Erysipelatoclostridium.sp..MP95D5",-0.198167084739415
"5566",328,"Intestinibacter.sp..MP113D11",-0.198167084739415
"5567",328,"Klebsiella.oxytoca",-0.198167084739415
"5568",328,"Lachnospiraceae.bacterium.CAG.364",-0.198167084739415
"5569",328,"Lactobacillus.paracasei",-0.198167084739415
"5570",328,"Prevotella.buccae",-0.198167084739415
"5571",328,"Providencia.alcalifaciens",-0.198167084739415
"5572",328,"Roseburia.intestinalis",-0.198167084739415
"5573",328,"Streptococcus.infantis",-0.198167084739415
"5574",328,"Streptococcus.sp..MP111F6_2",-0.198167084739415
"5575",328,"X.Clostridium..aldenense",-0.198167084739415
"5576",328,"X.Ruminococcus..sp..MP14G5",-0.198167084739415
"5577",329,"Actinomyces.sp..HMSC035G02",-0.822875081016056
"5578",329,"Actinomyces.sp..ICM39",-0.822875081016056
"5579",329,"Anaerostipes.sp..992a",-0.822875081016056
"5580",329,"Bacteroides.ovatus",-0.822875081016056
"5581",329,"Enterobacter.cloacae",-0.822875081016056
"5582",329,"Erysipelatoclostridium.sp..MP95D5",-0.822875081016056
"5583",329,"Intestinibacter.sp..MP113D11",-0.822875081016056
"5584",329,"Klebsiella.oxytoca",-0.822875081016056
"5585",329,"Lachnospiraceae.bacterium.CAG.364",-0.822875081016056
"5586",329,"Lactobacillus.paracasei",-0.822875081016056
"5587",329,"Prevotella.buccae",-0.822875081016056
"5588",329,"Providencia.alcalifaciens",-0.822875081016056
"5589",329,"Roseburia.intestinalis",6.12575248936053
"5590",329,"Streptococcus.infantis",-0.822875081016056
"5591",329,"Streptococcus.sp..MP111F6_2",7.11333844704191
"5592",329,"X.Clostridium..aldenense",7.96029801088421
"5593",329,"X.Ruminococcus..sp..MP14G5",-0.822875081016056
"5594",330,"Actinomyces.sp..HMSC035G02",-0.0967407669698659
"5595",330,"Actinomyces.sp..ICM39",-0.0967407669698659
"5596",330,"Anaerostipes.sp..992a",-0.0967407669698659
"5597",330,"Bacteroides.ovatus",-0.0967407669698659
"5598",330,"Enterobacter.cloacae",-0.0967407669698659
"5599",330,"Erysipelatoclostridium.sp..MP95D5",-0.0967407669698659
"5600",330,"Intestinibacter.sp..MP113D11",-0.0967407669698659
"5601",330,"Klebsiella.oxytoca",11.0821990886061
"5602",330,"Lachnospiraceae.bacterium.CAG.364",-0.0967407669698659
"5603",330,"Lactobacillus.paracasei",-0.0967407669698659
"5604",330,"Prevotella.buccae",-0.0967407669698659
"5605",330,"Providencia.alcalifaciens",-0.0967407669698659
"5606",330,"Roseburia.intestinalis",-0.0967407669698659
"5607",330,"Streptococcus.infantis",-0.0967407669698659
"5608",330,"Streptococcus.sp..MP111F6_2",-0.0967407669698659
"5609",330,"X.Clostridium..aldenense",-0.0967407669698659
"5610",330,"X.Ruminococcus..sp..MP14G5",-0.0967407669698659
"5611",331,"Actinomyces.sp..HMSC035G02",-0.384188902373243
"5612",331,"Actinomyces.sp..ICM39",-0.384188902373243
"5613",331,"Anaerostipes.sp..992a",-0.384188902373243
"5614",331,"Bacteroides.ovatus",-0.384188902373243
"5615",331,"Enterobacter.cloacae",-0.384188902373243
"5616",331,"Erysipelatoclostridium.sp..MP95D5",-0.384188902373243
"5617",331,"Intestinibacter.sp..MP113D11",-0.384188902373243
"5618",331,"Klebsiella.oxytoca",-0.384188902373243
"5619",331,"Lachnospiraceae.bacterium.CAG.364",-0.384188902373243
"5620",331,"Lactobacillus.paracasei",-0.384188902373243
"5621",331,"Prevotella.buccae",-0.384188902373243
"5622",331,"Providencia.alcalifaciens",-0.384188902373243
"5623",331,"Roseburia.intestinalis",-0.384188902373243
"5624",331,"Streptococcus.infantis",-0.384188902373243
"5625",331,"Streptococcus.sp..MP111F6_2",-0.384188902373243
"5626",331,"X.Clostridium..aldenense",4.84755469926809
"5627",331,"X.Ruminococcus..sp..MP14G5",-0.384188902373243
"5628",332,"Actinomyces.sp..HMSC035G02",-0.684338239866319
"5629",332,"Actinomyces.sp..ICM39",-0.684338239866319
"5630",332,"Anaerostipes.sp..992a",-0.684338239866319
"5631",332,"Bacteroides.ovatus",-0.684338239866319
"5632",332,"Enterobacter.cloacae",-0.684338239866319
"5633",332,"Erysipelatoclostridium.sp..MP95D5",-0.684338239866319
"5634",332,"Intestinibacter.sp..MP113D11",9.52224955107817
"5635",332,"Klebsiella.oxytoca",-0.684338239866319
"5636",332,"Lachnospiraceae.bacterium.CAG.364",-0.684338239866319
"5637",332,"Lactobacillus.paracasei",-0.684338239866319
"5638",332,"Prevotella.buccae",-0.684338239866319
"5639",332,"Providencia.alcalifaciens",-0.684338239866319
"5640",332,"Roseburia.intestinalis",10.731528533046
"5641",332,"Streptococcus.infantis",-0.684338239866319
"5642",332,"Streptococcus.sp..MP111F6_2",-0.684338239866319
"5643",332,"X.Clostridium..aldenense",8.19715266218651
"5644",332,"X.Ruminococcus..sp..MP14G5",7.48475121361747
"5645",333,"Actinomyces.sp..HMSC035G02",-0.724852976364668
"5646",333,"Actinomyces.sp..ICM39",-0.724852976364668
"5647",333,"Anaerostipes.sp..992a",-0.724852976364668
"5648",333,"Bacteroides.ovatus",-0.724852976364668
"5649",333,"Enterobacter.cloacae",-0.724852976364668
"5650",333,"Erysipelatoclostridium.sp..MP95D5",7.22877357772592
"5651",333,"Intestinibacter.sp..MP113D11",-0.724852976364668
"5652",333,"Klebsiella.oxytoca",-0.724852976364668
"5653",333,"Lachnospiraceae.bacterium.CAG.364",6.49084128397381
"5654",333,"Lactobacillus.paracasei",-0.724852976364668
"5655",333,"Prevotella.buccae",-0.724852976364668
"5656",333,"Providencia.alcalifaciens",-0.724852976364668
"5657",333,"Roseburia.intestinalis",-0.724852976364668
"5658",333,"Streptococcus.infantis",-0.724852976364668
"5659",333,"Streptococcus.sp..MP111F6_2",-0.724852976364668
"5660",333,"X.Clostridium..aldenense",7.81522794633788
"5661",333,"X.Ruminococcus..sp..MP14G5",-0.724852976364668
"5662",334,"Actinomyces.sp..HMSC035G02",-0.480625184083433
"5663",334,"Actinomyces.sp..ICM39",-0.480625184083433
"5664",334,"Anaerostipes.sp..992a",-0.480625184083433
"5665",334,"Bacteroides.ovatus",-0.480625184083433
"5666",334,"Enterobacter.cloacae",-0.480625184083433
"5667",334,"Erysipelatoclostridium.sp..MP95D5",-0.480625184083433
"5668",334,"Intestinibacter.sp..MP113D11",-0.480625184083433
"5669",334,"Klebsiella.oxytoca",8.44462736331775
"5670",334,"Lachnospiraceae.bacterium.CAG.364",9.1912268922808
"5671",334,"Lactobacillus.paracasei",-0.480625184083433
"5672",334,"Prevotella.buccae",-0.480625184083433
"5673",334,"Providencia.alcalifaciens",-0.480625184083433
"5674",334,"Roseburia.intestinalis",-0.480625184083433
"5675",334,"Streptococcus.infantis",-0.480625184083433
"5676",334,"Streptococcus.sp..MP111F6_2",-0.480625184083433
"5677",334,"X.Clostridium..aldenense",-0.480625184083433
"5678",334,"X.Ruminococcus..sp..MP14G5",-0.480625184083433
"5679",335,"Actinomyces.sp..HMSC035G02",-0.566663590377688
"5680",335,"Actinomyces.sp..ICM39",-0.566663590377688
"5681",335,"Anaerostipes.sp..992a",-0.566663590377688
"5682",335,"Bacteroides.ovatus",6.97759700073534
"5683",335,"Enterobacter.cloacae",-0.566663590377688
"5684",335,"Erysipelatoclostridium.sp..MP95D5",-0.566663590377688
"5685",335,"Intestinibacter.sp..MP113D11",-0.566663590377688
"5686",335,"Klebsiella.oxytoca",-0.566663590377688
"5687",335,"Lachnospiraceae.bacterium.CAG.364",-0.566663590377688
"5688",335,"Lactobacillus.paracasei",-0.566663590377688
"5689",335,"Prevotella.buccae",8.20904649319768
"5690",335,"Providencia.alcalifaciens",-0.566663590377688
"5691",335,"Roseburia.intestinalis",9.29041418639618
"5692",335,"Streptococcus.infantis",-0.566663590377688
"5693",335,"Streptococcus.sp..MP111F6_2",-0.566663590377688
"5694",335,"X.Clostridium..aldenense",-0.566663590377688
"5695",335,"X.Ruminococcus..sp..MP14G5",-0.566663590377688
"5696",336,"Actinomyces.sp..HMSC035G02",-0.933114216426548
"5697",336,"Actinomyces.sp..ICM39",-0.933114216426548
"5698",336,"Anaerostipes.sp..992a",-0.933114216426548
"5699",336,"Bacteroides.ovatus",-0.933114216426548
"5700",336,"Enterobacter.cloacae",-0.933114216426548
"5701",336,"Erysipelatoclostridium.sp..MP95D5",2.75947672698023
"5702",336,"Intestinibacter.sp..MP113D11",9.4220056334472
"5703",336,"Klebsiella.oxytoca",5.50124292384681
"5704",336,"Lachnospiraceae.bacterium.CAG.364",3.84130235683697
"5705",336,"Lactobacillus.paracasei",-0.933114216426548
"5706",336,"Prevotella.buccae",-0.933114216426548
"5707",336,"Providencia.alcalifaciens",-0.933114216426548
"5708",336,"Roseburia.intestinalis",-0.933114216426548
"5709",336,"Streptococcus.infantis",-0.933114216426548
"5710",336,"Streptococcus.sp..MP111F6_2",8.58959538033468
"5711",336,"X.Clostridium..aldenense",7.11291515132202
"5712",336,"X.Ruminococcus..sp..MP14G5",-0.933114216426548
"5713",337,"Actinomyces.sp..HMSC035G02",-0.387837771922353
"5714",337,"Actinomyces.sp..ICM39",-0.387837771922353
"5715",337,"Anaerostipes.sp..992a",-0.387837771922353
"5716",337,"Bacteroides.ovatus",-0.387837771922353
"5717",337,"Enterobacter.cloacae",-0.387837771922353
"5718",337,"Erysipelatoclostridium.sp..MP95D5",-0.387837771922353
"5719",337,"Intestinibacter.sp..MP113D11",-0.387837771922353
"5720",337,"Klebsiella.oxytoca",-0.387837771922353
"5721",337,"Lachnospiraceae.bacterium.CAG.364",7.74580821474788
"5722",337,"Lactobacillus.paracasei",-0.387837771922353
"5723",337,"Prevotella.buccae",-0.387837771922353
"5724",337,"Providencia.alcalifaciens",-0.387837771922353
"5725",337,"Roseburia.intestinalis",-0.387837771922353
"5726",337,"Streptococcus.infantis",-0.387837771922353
"5727",337,"Streptococcus.sp..MP111F6_2",-0.387837771922353
"5728",337,"X.Clostridium..aldenense",7.20089372297474
"5729",337,"X.Ruminococcus..sp..MP14G5",-0.387837771922353
"5730",338,"Actinomyces.sp..HMSC035G02",-0.50038024039981
"5731",338,"Actinomyces.sp..ICM39",-0.50038024039981
"5732",338,"Anaerostipes.sp..992a",-0.50038024039981
"5733",338,"Bacteroides.ovatus",-0.50038024039981
"5734",338,"Enterobacter.cloacae",-0.50038024039981
"5735",338,"Erysipelatoclostridium.sp..MP95D5",-0.50038024039981
"5736",338,"Intestinibacter.sp..MP113D11",-0.50038024039981
"5737",338,"Klebsiella.oxytoca",-0.50038024039981
"5738",338,"Lachnospiraceae.bacterium.CAG.364",8.17156396588037
"5739",338,"Lactobacillus.paracasei",-0.50038024039981
"5740",338,"Prevotella.buccae",-0.50038024039981
"5741",338,"Providencia.alcalifaciens",-0.50038024039981
"5742",338,"Roseburia.intestinalis",10.0528935370188
"5743",338,"Streptococcus.infantis",-0.50038024039981
"5744",338,"Streptococcus.sp..MP111F6_2",8.91190157140383
"5745",338,"X.Clostridium..aldenense",10.0609131867743
"5746",338,"X.Ruminococcus..sp..MP14G5",-0.50038024039981
"5747",339,"Actinomyces.sp..HMSC035G02",-0.692808683098841
"5748",339,"Actinomyces.sp..ICM39",-0.692808683098841
"5749",339,"Anaerostipes.sp..992a",-0.692808683098841
"5750",339,"Bacteroides.ovatus",8.13632997294277
"5751",339,"Enterobacter.cloacae",-0.692808683098841
"5752",339,"Erysipelatoclostridium.sp..MP95D5",-0.692808683098841
"5753",339,"Intestinibacter.sp..MP113D11",-0.692808683098841
"5754",339,"Klebsiella.oxytoca",-0.692808683098841
"5755",339,"Lachnospiraceae.bacterium.CAG.364",-0.692808683098841
"5756",339,"Lactobacillus.paracasei",-0.692808683098841
"5757",339,"Prevotella.buccae",-0.692808683098841
"5758",339,"Providencia.alcalifaciens",-0.692808683098841
"5759",339,"Roseburia.intestinalis",8.35439798229447
"5760",339,"Streptococcus.infantis",-0.692808683098841
"5761",339,"Streptococcus.sp..MP111F6_2",-0.692808683098841
"5762",339,"X.Clostridium..aldenense",6.33614351778318
"5763",339,"X.Ruminococcus..sp..MP14G5",7.32588548715154
"5764",340,"Actinomyces.sp..HMSC035G02",-0.347926244921215
"5765",340,"Actinomyces.sp..ICM39",-0.347926244921215
"5766",340,"Anaerostipes.sp..992a",-0.347926244921215
"5767",340,"Bacteroides.ovatus",-0.347926244921215
"5768",340,"Enterobacter.cloacae",-0.347926244921215
"5769",340,"Erysipelatoclostridium.sp..MP95D5",-0.347926244921215
"5770",340,"Intestinibacter.sp..MP113D11",9.29011347472797
"5771",340,"Klebsiella.oxytoca",-0.347926244921215
"5772",340,"Lachnospiraceae.bacterium.CAG.364",-0.347926244921215
"5773",340,"Lactobacillus.paracasei",-0.347926244921215
"5774",340,"Prevotella.buccae",-0.347926244921215
"5775",340,"Providencia.alcalifaciens",-0.347926244921215
"5776",340,"Roseburia.intestinalis",-0.347926244921215
"5777",340,"Streptococcus.infantis",-0.347926244921215
"5778",340,"Streptococcus.sp..MP111F6_2",-0.347926244921215
"5779",340,"X.Clostridium..aldenense",7.8182456368152
"5780",340,"X.Ruminococcus..sp..MP14G5",-0.347926244921215
"5781",341,"Actinomyces.sp..HMSC035G02",-0.283573358516779
"5782",341,"Actinomyces.sp..ICM39",-0.283573358516779
"5783",341,"Anaerostipes.sp..992a",-0.283573358516779
"5784",341,"Bacteroides.ovatus",-0.283573358516779
"5785",341,"Enterobacter.cloacae",8.09406412837824
"5786",341,"Erysipelatoclostridium.sp..MP95D5",-0.283573358516779
"5787",341,"Intestinibacter.sp..MP113D11",-0.283573358516779
"5788",341,"Klebsiella.oxytoca",-0.283573358516779
"5789",341,"Lachnospiraceae.bacterium.CAG.364",5.10351023973221
"5790",341,"Lactobacillus.paracasei",-0.283573358516779
"5791",341,"Prevotella.buccae",-0.283573358516779
"5792",341,"Providencia.alcalifaciens",-0.283573358516779
"5793",341,"Roseburia.intestinalis",-0.283573358516779
"5794",341,"Streptococcus.infantis",-0.283573358516779
"5795",341,"Streptococcus.sp..MP111F6_2",-0.283573358516779
"5796",341,"X.Clostridium..aldenense",7.61481610880075
"5797",341,"X.Ruminococcus..sp..MP14G5",-0.283573358516779
"5798",342,"Actinomyces.sp..HMSC035G02",-0.272328171466011
"5799",342,"Actinomyces.sp..ICM39",-0.272328171466011
"5800",342,"Anaerostipes.sp..992a",-0.272328171466011
"5801",342,"Bacteroides.ovatus",-0.272328171466011
"5802",342,"Enterobacter.cloacae",-0.272328171466011
"5803",342,"Erysipelatoclostridium.sp..MP95D5",-0.272328171466011
"5804",342,"Intestinibacter.sp..MP113D11",-0.272328171466011
"5805",342,"Klebsiella.oxytoca",8.81226428424576
"5806",342,"Lachnospiraceae.bacterium.CAG.364",-0.272328171466011
"5807",342,"Lactobacillus.paracasei",-0.272328171466011
"5808",342,"Prevotella.buccae",-0.272328171466011
"5809",342,"Providencia.alcalifaciens",-0.272328171466011
"5810",342,"Roseburia.intestinalis",-0.272328171466011
"5811",342,"Streptococcus.infantis",-0.272328171466011
"5812",342,"Streptococcus.sp..MP111F6_2",-0.272328171466011
"5813",342,"X.Clostridium..aldenense",-0.272328171466011
"5814",342,"X.Ruminococcus..sp..MP14G5",-0.272328171466011
"5815",343,"Actinomyces.sp..HMSC035G02",-0.178374711231589
"5816",343,"Actinomyces.sp..ICM39",-0.178374711231589
"5817",343,"Anaerostipes.sp..992a",-0.178374711231589
"5818",343,"Bacteroides.ovatus",-0.178374711231589
"5819",343,"Enterobacter.cloacae",-0.178374711231589
"5820",343,"Erysipelatoclostridium.sp..MP95D5",-0.178374711231589
"5821",343,"Intestinibacter.sp..MP113D11",-0.178374711231589
"5822",343,"Klebsiella.oxytoca",8.92573546954119
"5823",343,"Lachnospiraceae.bacterium.CAG.364",-0.178374711231589
"5824",343,"Lactobacillus.paracasei",-0.178374711231589
"5825",343,"Prevotella.buccae",-0.178374711231589
"5826",343,"Providencia.alcalifaciens",-0.178374711231589
"5827",343,"Roseburia.intestinalis",-0.178374711231589
"5828",343,"Streptococcus.infantis",-0.178374711231589
"5829",343,"Streptococcus.sp..MP111F6_2",-0.178374711231589
"5830",343,"X.Clostridium..aldenense",-0.178374711231589
"5831",343,"X.Ruminococcus..sp..MP14G5",-0.178374711231589
"5832",344,"Actinomyces.sp..HMSC035G02",-0.26327605071517
"5833",344,"Actinomyces.sp..ICM39",-0.26327605071517
"5834",344,"Anaerostipes.sp..992a",-0.26327605071517
"5835",344,"Bacteroides.ovatus",-0.26327605071517
"5836",344,"Enterobacter.cloacae",-0.26327605071517
"5837",344,"Erysipelatoclostridium.sp..MP95D5",-0.26327605071517
"5838",344,"Intestinibacter.sp..MP113D11",-0.26327605071517
"5839",344,"Klebsiella.oxytoca",-0.26327605071517
"5840",344,"Lachnospiraceae.bacterium.CAG.364",-0.26327605071517
"5841",344,"Lactobacillus.paracasei",-0.26327605071517
"5842",344,"Prevotella.buccae",-0.26327605071517
"5843",344,"Providencia.alcalifaciens",-0.26327605071517
"5844",344,"Roseburia.intestinalis",-0.26327605071517
"5845",344,"Streptococcus.infantis",-0.26327605071517
"5846",344,"Streptococcus.sp..MP111F6_2",-0.26327605071517
"5847",344,"X.Clostridium..aldenense",9.64775185762425
"5848",344,"X.Ruminococcus..sp..MP14G5",-0.26327605071517
"5849",345,"Actinomyces.sp..HMSC035G02",-1.25051631627205
"5850",345,"Actinomyces.sp..ICM39",-1.25051631627205
"5851",345,"Anaerostipes.sp..992a",-1.25051631627205
"5852",345,"Bacteroides.ovatus",10.5833867744716
"5853",345,"Enterobacter.cloacae",-1.25051631627205
"5854",345,"Erysipelatoclostridium.sp..MP95D5",-1.25051631627205
"5855",345,"Intestinibacter.sp..MP113D11",-1.25051631627205
"5856",345,"Klebsiella.oxytoca",-1.25051631627205
"5857",345,"Lachnospiraceae.bacterium.CAG.364",-1.25051631627205
"5858",345,"Lactobacillus.paracasei",-1.25051631627205
"5859",345,"Prevotella.buccae",-1.25051631627205
"5860",345,"Providencia.alcalifaciens",-1.25051631627205
"5861",345,"Roseburia.intestinalis",-1.25051631627205
"5862",345,"Streptococcus.infantis",6.22729304283869
"5863",345,"Streptococcus.sp..MP111F6_2",6.10780008879694
"5864",345,"X.Clostridium..aldenense",5.29605937109695
"5865",345,"X.Ruminococcus..sp..MP14G5",5.40237651328816
"5866",346,"Actinomyces.sp..HMSC035G02",-0.27503495194509
"5867",346,"Actinomyces.sp..ICM39",-0.27503495194509
"5868",346,"Anaerostipes.sp..992a",-0.27503495194509
"5869",346,"Bacteroides.ovatus",-0.27503495194509
"5870",346,"Enterobacter.cloacae",-0.27503495194509
"5871",346,"Erysipelatoclostridium.sp..MP95D5",9.60610510015052
"5872",346,"Intestinibacter.sp..MP113D11",-0.27503495194509
"5873",346,"Klebsiella.oxytoca",7.7066106254491
"5874",346,"Lachnospiraceae.bacterium.CAG.364",-0.27503495194509
"5875",346,"Lactobacillus.paracasei",-0.27503495194509
"5876",346,"Prevotella.buccae",-0.27503495194509
"5877",346,"Providencia.alcalifaciens",-0.27503495194509
"5878",346,"Roseburia.intestinalis",-0.27503495194509
"5879",346,"Streptococcus.infantis",-0.27503495194509
"5880",346,"Streptococcus.sp..MP111F6_2",-0.27503495194509
"5881",346,"X.Clostridium..aldenense",-0.27503495194509
"5882",346,"X.Ruminococcus..sp..MP14G5",-0.27503495194509
"5883",347,"Actinomyces.sp..HMSC035G02",-0.624514867785308
"5884",347,"Actinomyces.sp..ICM39",-0.624514867785308
"5885",347,"Anaerostipes.sp..992a",-0.624514867785308
"5886",347,"Bacteroides.ovatus",-0.624514867785308
"5887",347,"Enterobacter.cloacae",-0.624514867785308
"5888",347,"Erysipelatoclostridium.sp..MP95D5",7.86537971037221
"5889",347,"Intestinibacter.sp..MP113D11",9.95588221346598
"5890",347,"Klebsiella.oxytoca",5.55625309641519
"5891",347,"Lachnospiraceae.bacterium.CAG.364",-0.624514867785308
"5892",347,"Lactobacillus.paracasei",-0.624514867785308
"5893",347,"Prevotella.buccae",-0.624514867785308
"5894",347,"Providencia.alcalifaciens",-0.624514867785308
"5895",347,"Roseburia.intestinalis",10.1213365030523
"5896",347,"Streptococcus.infantis",-0.624514867785308
"5897",347,"Streptococcus.sp..MP111F6_2",-0.624514867785308
"5898",347,"X.Clostridium..aldenense",8.80359679081762
"5899",347,"X.Ruminococcus..sp..MP14G5",-0.624514867785308
"5900",348,"Actinomyces.sp..HMSC035G02",-0.485316159410186
"5901",348,"Actinomyces.sp..ICM39",-0.485316159410186
"5902",348,"Anaerostipes.sp..992a",-0.485316159410186
"5903",348,"Bacteroides.ovatus",9.95336037376032
"5904",348,"Enterobacter.cloacae",-0.485316159410186
"5905",348,"Erysipelatoclostridium.sp..MP95D5",-0.485316159410186
"5906",348,"Intestinibacter.sp..MP113D11",-0.485316159410186
"5907",348,"Klebsiella.oxytoca",-0.485316159410186
"5908",348,"Lachnospiraceae.bacterium.CAG.364",-0.485316159410186
"5909",348,"Lactobacillus.paracasei",-0.485316159410186
"5910",348,"Prevotella.buccae",-0.485316159410186
"5911",348,"Providencia.alcalifaciens",-0.485316159410186
"5912",348,"Roseburia.intestinalis",-0.485316159410186
"5913",348,"Streptococcus.infantis",-0.485316159410186
"5914",348,"Streptococcus.sp..MP111F6_2",-0.485316159410186
"5915",348,"X.Clostridium..aldenense",8.12331418878184
"5916",348,"X.Ruminococcus..sp..MP14G5",-0.485316159410186
"5917",349,"Actinomyces.sp..HMSC035G02",6.6434420684752
"5918",349,"Actinomyces.sp..ICM39",-0.305659058404791
"5919",349,"Anaerostipes.sp..992a",-0.305659058404791
"5920",349,"Bacteroides.ovatus",-0.305659058404791
"5921",349,"Enterobacter.cloacae",-0.305659058404791
"5922",349,"Erysipelatoclostridium.sp..MP95D5",-0.305659058404791
"5923",349,"Intestinibacter.sp..MP113D11",-0.305659058404791
"5924",349,"Klebsiella.oxytoca",11.8343915929193
"5925",349,"Lachnospiraceae.bacterium.CAG.364",-0.305659058404791
"5926",349,"Lactobacillus.paracasei",7.44033452717592
"5927",349,"Prevotella.buccae",-0.305659058404791
"5928",349,"Providencia.alcalifaciens",-0.305659058404791
"5929",349,"Roseburia.intestinalis",-0.305659058404791
"5930",349,"Streptococcus.infantis",-0.305659058404791
"5931",349,"Streptococcus.sp..MP111F6_2",-0.305659058404791
"5932",349,"X.Clostridium..aldenense",5.48829245262515
"5933",349,"X.Ruminococcus..sp..MP14G5",-0.305659058404791
"5934",350,"Actinomyces.sp..HMSC035G02",-0.383772436133963
"5935",350,"Actinomyces.sp..ICM39",-0.383772436133963
"5936",350,"Anaerostipes.sp..992a",-0.383772436133963
"5937",350,"Bacteroides.ovatus",12.8495209894249
"5938",350,"Enterobacter.cloacae",-0.383772436133963
"5939",350,"Erysipelatoclostridium.sp..MP95D5",-0.383772436133963
"5940",350,"Intestinibacter.sp..MP113D11",-0.383772436133963
"5941",350,"Klebsiella.oxytoca",6.40345131682303
"5942",350,"Lachnospiraceae.bacterium.CAG.364",-0.383772436133963
"5943",350,"Lactobacillus.paracasei",-0.383772436133963
"5944",350,"Prevotella.buccae",-0.383772436133963
"5945",350,"Providencia.alcalifaciens",-0.383772436133963
"5946",350,"Roseburia.intestinalis",8.2676397403684
"5947",350,"Streptococcus.infantis",-0.383772436133963
"5948",350,"Streptococcus.sp..MP111F6_2",-0.383772436133963
"5949",350,"X.Clostridium..aldenense",2.36088578805643
"5950",350,"X.Ruminococcus..sp..MP14G5",-0.383772436133963
"5951",351,"Actinomyces.sp..HMSC035G02",7.12031717094997
"5952",351,"Actinomyces.sp..ICM39",-0.260464818510115
"5953",351,"Anaerostipes.sp..992a",-0.260464818510115
"5954",351,"Bacteroides.ovatus",-0.260464818510115
"5955",351,"Enterobacter.cloacae",8.88801308408461
"5956",351,"Erysipelatoclostridium.sp..MP95D5",-0.260464818510115
"5957",351,"Intestinibacter.sp..MP113D11",-0.260464818510115
"5958",351,"Klebsiella.oxytoca",12.4592943134334
"5959",351,"Lachnospiraceae.bacterium.CAG.364",-0.260464818510115
"5960",351,"Lactobacillus.paracasei",-0.260464818510115
"5961",351,"Prevotella.buccae",-0.260464818510115
"5962",351,"Providencia.alcalifaciens",-0.260464818510115
"5963",351,"Roseburia.intestinalis",-0.260464818510115
"5964",351,"Streptococcus.infantis",-0.260464818510115
"5965",351,"Streptococcus.sp..MP111F6_2",-0.260464818510115
"5966",351,"X.Clostridium..aldenense",-0.260464818510115
"5967",351,"X.Ruminococcus..sp..MP14G5",-0.260464818510115
"5968",352,"Actinomyces.sp..HMSC035G02",-0.409674301750746
"5969",352,"Actinomyces.sp..ICM39",-0.409674301750746
"5970",352,"Anaerostipes.sp..992a",-0.409674301750746
"5971",352,"Bacteroides.ovatus",5.18875036893248
"5972",352,"Enterobacter.cloacae",6.34686015461568
"5973",352,"Erysipelatoclostridium.sp..MP95D5",-0.409674301750746
"5974",352,"Intestinibacter.sp..MP113D11",-0.409674301750746
"5975",352,"Klebsiella.oxytoca",8.0982657149455
"5976",352,"Lachnospiraceae.bacterium.CAG.364",-0.409674301750746
"5977",352,"Lactobacillus.paracasei",5.67713385361705
"5978",352,"Prevotella.buccae",-0.409674301750746
"5979",352,"Providencia.alcalifaciens",-0.409674301750746
"5980",352,"Roseburia.intestinalis",10.320777238547
"5981",352,"Streptococcus.infantis",-0.409674301750746
"5982",352,"Streptococcus.sp..MP111F6_2",10.3947190827984
"5983",352,"X.Clostridium..aldenense",11.5735961498199
"5984",352,"X.Ruminococcus..sp..MP14G5",-0.409674301750746
"5985",353,"Actinomyces.sp..HMSC035G02",-0.704362684548997
"5986",353,"Actinomyces.sp..ICM39",-0.704362684548997
"5987",353,"Anaerostipes.sp..992a",-0.704362684548997
"5988",353,"Bacteroides.ovatus",8.18328321501618
"5989",353,"Enterobacter.cloacae",-0.704362684548997
"5990",353,"Erysipelatoclostridium.sp..MP95D5",-0.704362684548997
"5991",353,"Intestinibacter.sp..MP113D11",-0.704362684548997
"5992",353,"Klebsiella.oxytoca",-0.704362684548997
"5993",353,"Lachnospiraceae.bacterium.CAG.364",-0.704362684548997
"5994",353,"Lactobacillus.paracasei",-0.704362684548997
"5995",353,"Prevotella.buccae",-0.704362684548997
"5996",353,"Providencia.alcalifaciens",-0.704362684548997
"5997",353,"Roseburia.intestinalis",7.56445697162997
"5998",353,"Streptococcus.infantis",-0.704362684548997
"5999",353,"Streptococcus.sp..MP111F6_2",-0.704362684548997
"6000",353,"X.Clostridium..aldenense",6.6091126295164
"6001",353,"X.Ruminococcus..sp..MP14G5",8.25044876663444
"6002",354,"Actinomyces.sp..HMSC035G02",-0.954644131777101
"6003",354,"Actinomyces.sp..ICM39",-0.954644131777101
"6004",354,"Anaerostipes.sp..992a",-0.954644131777101
"6005",354,"Bacteroides.ovatus",-0.954644131777101
"6006",354,"Enterobacter.cloacae",-0.954644131777101
"6007",354,"Erysipelatoclostridium.sp..MP95D5",-0.954644131777101
"6008",354,"Intestinibacter.sp..MP113D11",9.60857464843134
"6009",354,"Klebsiella.oxytoca",-0.954644131777101
"6010",354,"Lachnospiraceae.bacterium.CAG.364",-0.954644131777101
"6011",354,"Lactobacillus.paracasei",-0.954644131777101
"6012",354,"Prevotella.buccae",-0.954644131777101
"6013",354,"Providencia.alcalifaciens",-0.954644131777101
"6014",354,"Roseburia.intestinalis",9.16102864371737
"6015",354,"Streptococcus.infantis",-0.954644131777101
"6016",354,"Streptococcus.sp..MP111F6_2",-0.954644131777101
"6017",354,"X.Clostridium..aldenense",5.89711813427245
"6018",354,"X.Ruminococcus..sp..MP14G5",6.96256275090681
"6019",355,"Actinomyces.sp..HMSC035G02",-0.227790187116588
"6020",355,"Actinomyces.sp..ICM39",-0.227790187116588
"6021",355,"Anaerostipes.sp..992a",-0.227790187116588
"6022",355,"Bacteroides.ovatus",-0.227790187116588
"6023",355,"Enterobacter.cloacae",7.50197861317829
"6024",355,"Erysipelatoclostridium.sp..MP95D5",-0.227790187116588
"6025",355,"Intestinibacter.sp..MP113D11",-0.227790187116588
"6026",355,"Klebsiella.oxytoca",12.2613825880213
"6027",355,"Lachnospiraceae.bacterium.CAG.364",-0.227790187116588
"6028",355,"Lactobacillus.paracasei",-0.227790187116588
"6029",355,"Prevotella.buccae",-0.227790187116588
"6030",355,"Providencia.alcalifaciens",-0.227790187116588
"6031",355,"Roseburia.intestinalis",-0.227790187116588
"6032",355,"Streptococcus.infantis",-0.227790187116588
"6033",355,"Streptococcus.sp..MP111F6_2",9.64968201706864
"6034",355,"X.Clostridium..aldenense",-0.227790187116588
"6035",355,"X.Ruminococcus..sp..MP14G5",-0.227790187116588
"6036",356,"Actinomyces.sp..HMSC035G02",-0.36127955847674
"6037",356,"Actinomyces.sp..ICM39",-0.36127955847674
"6038",356,"Anaerostipes.sp..992a",-0.36127955847674
"6039",356,"Bacteroides.ovatus",-0.36127955847674
"6040",356,"Enterobacter.cloacae",-0.36127955847674
"6041",356,"Erysipelatoclostridium.sp..MP95D5",-0.36127955847674
"6042",356,"Intestinibacter.sp..MP113D11",-0.36127955847674
"6043",356,"Klebsiella.oxytoca",-0.36127955847674
"6044",356,"Lachnospiraceae.bacterium.CAG.364",-0.36127955847674
"6045",356,"Lactobacillus.paracasei",-0.36127955847674
"6046",356,"Prevotella.buccae",-0.36127955847674
"6047",356,"Providencia.alcalifaciens",-0.36127955847674
"6048",356,"Roseburia.intestinalis",3.62008080246231
"6049",356,"Streptococcus.infantis",-0.36127955847674
"6050",356,"Streptococcus.sp..MP111F6_2",-0.36127955847674
"6051",356,"X.Clostridium..aldenense",-0.36127955847674
"6052",356,"X.Ruminococcus..sp..MP14G5",-0.36127955847674
"6053",357,"Actinomyces.sp..HMSC035G02",5.46291737413669
"6054",357,"Actinomyces.sp..ICM39",-0.48249180644544
"6055",357,"Anaerostipes.sp..992a",-0.48249180644544
"6056",357,"Bacteroides.ovatus",-0.48249180644544
"6057",357,"Enterobacter.cloacae",-0.48249180644544
"6058",357,"Erysipelatoclostridium.sp..MP95D5",-0.48249180644544
"6059",357,"Intestinibacter.sp..MP113D11",-0.48249180644544
"6060",357,"Klebsiella.oxytoca",-0.48249180644544
"6061",357,"Lachnospiraceae.bacterium.CAG.364",-0.48249180644544
"6062",357,"Lactobacillus.paracasei",-0.48249180644544
"6063",357,"Prevotella.buccae",-0.48249180644544
"6064",357,"Providencia.alcalifaciens",-0.48249180644544
"6065",357,"Roseburia.intestinalis",-0.48249180644544
"6066",357,"Streptococcus.infantis",-0.48249180644544
"6067",357,"Streptococcus.sp..MP111F6_2",-0.48249180644544
"6068",357,"X.Clostridium..aldenense",7.89956889940838
"6069",357,"X.Ruminococcus..sp..MP14G5",-0.48249180644544
"6070",358,"Actinomyces.sp..HMSC035G02",-0.35521505665432
"6071",358,"Actinomyces.sp..ICM39",-0.35521505665432
"6072",358,"Anaerostipes.sp..992a",-0.35521505665432
"6073",358,"Bacteroides.ovatus",-0.35521505665432
"6074",358,"Enterobacter.cloacae",5.76943134974474
"6075",358,"Erysipelatoclostridium.sp..MP95D5",-0.35521505665432
"6076",358,"Intestinibacter.sp..MP113D11",-0.35521505665432
"6077",358,"Klebsiella.oxytoca",7.80529138689391
"6078",358,"Lachnospiraceae.bacterium.CAG.364",-0.35521505665432
"6079",358,"Lactobacillus.paracasei",-0.35521505665432
"6080",358,"Prevotella.buccae",-0.35521505665432
"6081",358,"Providencia.alcalifaciens",-0.35521505665432
"6082",358,"Roseburia.intestinalis",-0.35521505665432
"6083",358,"Streptococcus.infantis",-0.35521505665432
"6084",358,"Streptococcus.sp..MP111F6_2",-0.35521505665432
"6085",358,"X.Clostridium..aldenense",-0.35521505665432
"6086",358,"X.Ruminococcus..sp..MP14G5",-0.35521505665432
"6087",359,"Actinomyces.sp..HMSC035G02",-0.42575006527747
"6088",359,"Actinomyces.sp..ICM39",-0.42575006527747
"6089",359,"Anaerostipes.sp..992a",-0.42575006527747
"6090",359,"Bacteroides.ovatus",-0.42575006527747
"6091",359,"Enterobacter.cloacae",-0.42575006527747
"6092",359,"Erysipelatoclostridium.sp..MP95D5",-0.42575006527747
"6093",359,"Intestinibacter.sp..MP113D11",8.98893719252136
"6094",359,"Klebsiella.oxytoca",4.56323195343107
"6095",359,"Lachnospiraceae.bacterium.CAG.364",11.0037836741087
"6096",359,"Lactobacillus.paracasei",-0.42575006527747
"6097",359,"Prevotella.buccae",-0.42575006527747
"6098",359,"Providencia.alcalifaciens",-0.42575006527747
"6099",359,"Roseburia.intestinalis",-0.42575006527747
"6100",359,"Streptococcus.infantis",4.64787837896088
"6101",359,"Streptococcus.sp..MP111F6_2",-0.42575006527747
"6102",359,"X.Clostridium..aldenense",3.95303793374358
"6103",359,"X.Ruminococcus..sp..MP14G5",-0.42575006527747
"6104",360,"Actinomyces.sp..HMSC035G02",-0.345830843754467
"6105",360,"Actinomyces.sp..ICM39",-0.345830843754467
"6106",360,"Anaerostipes.sp..992a",-0.345830843754467
"6107",360,"Bacteroides.ovatus",-0.345830843754467
"6108",360,"Enterobacter.cloacae",-0.345830843754467
"6109",360,"Erysipelatoclostridium.sp..MP95D5",-0.345830843754467
"6110",360,"Intestinibacter.sp..MP113D11",-0.345830843754467
"6111",360,"Klebsiella.oxytoca",-0.345830843754467
"6112",360,"Lachnospiraceae.bacterium.CAG.364",-0.345830843754467
"6113",360,"Lactobacillus.paracasei",-0.345830843754467
"6114",360,"Prevotella.buccae",-0.345830843754467
"6115",360,"Providencia.alcalifaciens",-0.345830843754467
"6116",360,"Roseburia.intestinalis",-0.345830843754467
"6117",360,"Streptococcus.infantis",-0.345830843754467
"6118",360,"Streptococcus.sp..MP111F6_2",-0.345830843754467
"6119",360,"X.Clostridium..aldenense",-0.345830843754467
"6120",360,"X.Ruminococcus..sp..MP14G5",-0.345830843754467
"6121",361,"Actinomyces.sp..HMSC035G02",-0.819584533052241
"6122",361,"Actinomyces.sp..ICM39",-0.819584533052241
"6123",361,"Anaerostipes.sp..992a",-0.819584533052241
"6124",361,"Bacteroides.ovatus",-0.819584533052241
"6125",361,"Enterobacter.cloacae",-0.819584533052241
"6126",361,"Erysipelatoclostridium.sp..MP95D5",3.76221304102874
"6127",361,"Intestinibacter.sp..MP113D11",-0.819584533052241
"6128",361,"Klebsiella.oxytoca",-0.819584533052241
"6129",361,"Lachnospiraceae.bacterium.CAG.364",-0.819584533052241
"6130",361,"Lactobacillus.paracasei",-0.819584533052241
"6131",361,"Prevotella.buccae",10.9607819418616
"6132",361,"Providencia.alcalifaciens",-0.819584533052241
"6133",361,"Roseburia.intestinalis",-0.819584533052241
"6134",361,"Streptococcus.infantis",-0.819584533052241
"6135",361,"Streptococcus.sp..MP111F6_2",-0.819584533052241
"6136",361,"X.Clostridium..aldenense",6.20848075753581
"6137",361,"X.Ruminococcus..sp..MP14G5",-0.819584533052241
"6138",362,"Actinomyces.sp..HMSC035G02",-0.675214954360149
"6139",362,"Actinomyces.sp..ICM39",5.32562689303284
"6140",362,"Anaerostipes.sp..992a",-0.675214954360149
"6141",362,"Bacteroides.ovatus",10.8660803294758
"6142",362,"Enterobacter.cloacae",-0.675214954360149
"6143",362,"Erysipelatoclostridium.sp..MP95D5",-0.675214954360149
"6144",362,"Intestinibacter.sp..MP113D11",-0.675214954360149
"6145",362,"Klebsiella.oxytoca",-0.675214954360149
"6146",362,"Lachnospiraceae.bacterium.CAG.364",-0.675214954360149
"6147",362,"Lactobacillus.paracasei",-0.675214954360149
"6148",362,"Prevotella.buccae",-0.675214954360149
"6149",362,"Providencia.alcalifaciens",-0.675214954360149
"6150",362,"Roseburia.intestinalis",-0.675214954360149
"6151",362,"Streptococcus.infantis",-0.675214954360149
"6152",362,"Streptococcus.sp..MP111F6_2",8.95966716086936
"6153",362,"X.Clostridium..aldenense",5.4202990545929
"6154",362,"X.Ruminococcus..sp..MP14G5",-0.675214954360149
"6155",363,"Actinomyces.sp..HMSC035G02",-0.401231756870818
"6156",363,"Actinomyces.sp..ICM39",-0.401231756870818
"6157",363,"Anaerostipes.sp..992a",-0.401231756870818
"6158",363,"Bacteroides.ovatus",9.97589559522718
"6159",363,"Enterobacter.cloacae",-0.401231756870818
"6160",363,"Erysipelatoclostridium.sp..MP95D5",-0.401231756870818
"6161",363,"Intestinibacter.sp..MP113D11",-0.401231756870818
"6162",363,"Klebsiella.oxytoca",-0.401231756870818
"6163",363,"Lachnospiraceae.bacterium.CAG.364",-0.401231756870818
"6164",363,"Lactobacillus.paracasei",-0.401231756870818
"6165",363,"Prevotella.buccae",-0.401231756870818
"6166",363,"Providencia.alcalifaciens",-0.401231756870818
"6167",363,"Roseburia.intestinalis",10.1352562124158
"6168",363,"Streptococcus.infantis",-0.401231756870818
"6169",363,"Streptococcus.sp..MP111F6_2",-0.401231756870818
"6170",363,"X.Clostridium..aldenense",-0.401231756870818
"6171",363,"X.Ruminococcus..sp..MP14G5",-0.401231756870818
"6172",364,"Actinomyces.sp..HMSC035G02",-0.17634857605538
"6173",364,"Actinomyces.sp..ICM39",-0.17634857605538
"6174",364,"Anaerostipes.sp..992a",-0.17634857605538
"6175",364,"Bacteroides.ovatus",-0.17634857605538
"6176",364,"Enterobacter.cloacae",11.7230301512668
"6177",364,"Erysipelatoclostridium.sp..MP95D5",-0.17634857605538
"6178",364,"Intestinibacter.sp..MP113D11",-0.17634857605538
"6179",364,"Klebsiella.oxytoca",-0.17634857605538
"6180",364,"Lachnospiraceae.bacterium.CAG.364",-0.17634857605538
"6181",364,"Lactobacillus.paracasei",-0.17634857605538
"6182",364,"Prevotella.buccae",-0.17634857605538
"6183",364,"Providencia.alcalifaciens",-0.17634857605538
"6184",364,"Roseburia.intestinalis",-0.17634857605538
"6185",364,"Streptococcus.infantis",-0.17634857605538
"6186",364,"Streptococcus.sp..MP111F6_2",-0.17634857605538
"6187",364,"X.Clostridium..aldenense",-0.17634857605538
"6188",364,"X.Ruminococcus..sp..MP14G5",-0.17634857605538
"6189",365,"Actinomyces.sp..HMSC035G02",-0.716757682246863
"6190",365,"Actinomyces.sp..ICM39",-0.716757682246863
"6191",365,"Anaerostipes.sp..992a",-0.716757682246863
"6192",365,"Bacteroides.ovatus",-0.716757682246863
"6193",365,"Enterobacter.cloacae",-0.716757682246863
"6194",365,"Erysipelatoclostridium.sp..MP95D5",-0.716757682246863
"6195",365,"Intestinibacter.sp..MP113D11",-0.716757682246863
"6196",365,"Klebsiella.oxytoca",-0.716757682246863
"6197",365,"Lachnospiraceae.bacterium.CAG.364",9.99906813944643
"6198",365,"Lactobacillus.paracasei",-0.716757682246863
"6199",365,"Prevotella.buccae",5.75155364192551
"6200",365,"Providencia.alcalifaciens",-0.716757682246863
"6201",365,"Roseburia.intestinalis",-0.716757682246863
"6202",365,"Streptococcus.infantis",4.76920206607634
"6203",365,"Streptococcus.sp..MP111F6_2",7.4573226283589
"6204",365,"X.Clostridium..aldenense",-0.716757682246863
"6205",365,"X.Ruminococcus..sp..MP14G5",-0.716757682246863
"6206",366,"Actinomyces.sp..HMSC035G02",5.60059485350721
"6207",366,"Actinomyces.sp..ICM39",5.74379147198263
"6208",366,"Anaerostipes.sp..992a",-0.52812007793764
"6209",366,"Bacteroides.ovatus",11.6725650982738
"6210",366,"Enterobacter.cloacae",-0.52812007793764
"6211",366,"Erysipelatoclostridium.sp..MP95D5",-0.52812007793764
"6212",366,"Intestinibacter.sp..MP113D11",-0.52812007793764
"6213",366,"Klebsiella.oxytoca",-0.52812007793764
"6214",366,"Lachnospiraceae.bacterium.CAG.364",-0.52812007793764
"6215",366,"Lactobacillus.paracasei",-0.52812007793764
"6216",366,"Prevotella.buccae",-0.52812007793764
"6217",366,"Providencia.alcalifaciens",-0.52812007793764
"6218",366,"Roseburia.intestinalis",-0.52812007793764
"6219",366,"Streptococcus.infantis",7.14050972295652
"6220",366,"Streptococcus.sp..MP111F6_2",-0.52812007793764
"6221",366,"X.Clostridium..aldenense",5.67557811044
"6222",366,"X.Ruminococcus..sp..MP14G5",-0.52812007793764
"6223",367,"Actinomyces.sp..HMSC035G02",-0.59701746908971
"6224",367,"Actinomyces.sp..ICM39",-0.59701746908971
"6225",367,"Anaerostipes.sp..992a",-0.59701746908971
"6226",367,"Bacteroides.ovatus",8.85313942799516
"6227",367,"Enterobacter.cloacae",-0.59701746908971
"6228",367,"Erysipelatoclostridium.sp..MP95D5",-0.59701746908971
"6229",367,"Intestinibacter.sp..MP113D11",9.6492588338279
"6230",367,"Klebsiella.oxytoca",-0.59701746908971
"6231",367,"Lachnospiraceae.bacterium.CAG.364",-0.59701746908971
"6232",367,"Lactobacillus.paracasei",-0.59701746908971
"6233",367,"Prevotella.buccae",-0.59701746908971
"6234",367,"Providencia.alcalifaciens",-0.59701746908971
"6235",367,"Roseburia.intestinalis",9.12553456939444
"6236",367,"Streptococcus.infantis",-0.59701746908971
"6237",367,"Streptococcus.sp..MP111F6_2",-0.59701746908971
"6238",367,"X.Clostridium..aldenense",4.64776124642216
"6239",367,"X.Ruminococcus..sp..MP14G5",-0.59701746908971
