"","sample","name","median(value)"
"1",1,"Actinomyces.sp..HMSC035G02",0.000122739322250709
"2",1,"Actinomyces.sp..ICM39",0.000520296802278608
"3",1,"Anaerostipes.sp..992a",0.00059855543076992
"4",1,"Bacteroides.ovatus",0.00027331686578691
"5",1,"Enterobacter.cloacae",-0.024421981535852
"6",1,"Erysipelatoclostridium.sp..MP95D5",-0.0036999819567427
"7",1,"Intestinibacter.sp..MP113D11",0.000761156057706103
"8",1,"Klebsiella.oxytoca",0.0018018958508037
"9",1,"Lachnospiraceae.bacterium.CAG.364",-0.0149326287209988
"10",1,"Lactobacillus.paracasei",0.00275753694586456
"11",1,"Prevotella.buccae",7.20430834917352e-05
"12",1,"Providencia.alcalifaciens",0.000538299151230603
"13",1,"Roseburia.intestinalis",0.000418034294852987
"14",1,"Streptococcus.infantis",0.000786909688031301
"15",1,"Streptococcus.sp..MP111F6_2",0.000285087240627035
"16",1,"X.Clostridium..aldenense",-0.0016572832246311
"17",1,"X.Ruminococcus..sp..MP14G5",0.00034512864658609
"18",2,"Actinomyces.sp..HMSC035G02",0.000168789345480036
"19",2,"Actinomyces.sp..ICM39",0.000608114816714078
"20",2,"Anaerostipes.sp..992a",0.000508205499500036
"21",2,"Bacteroides.ovatus",0.00034526753006503
"22",2,"Enterobacter.cloacae",0.0134786330163479
"23",2,"Erysipelatoclostridium.sp..MP95D5",0.00157074636081234
"24",2,"Intestinibacter.sp..MP113D11",-0.00100151044898666
"25",2,"Klebsiella.oxytoca",-0.00195449870079756
"26",2,"Lachnospiraceae.bacterium.CAG.364",0.00130043720128015
"27",2,"Lactobacillus.paracasei",0.00874221604317427
"28",2,"Prevotella.buccae",0.0001927325502038
"29",2,"Providencia.alcalifaciens",0.000983077508863062
"30",2,"Roseburia.intestinalis",0.000641798105789348
"31",2,"Streptococcus.infantis",0.000960563425906003
"32",2,"Streptococcus.sp..MP111F6_2",0.000779860245529562
"33",2,"X.Clostridium..aldenense",0.00433915900066495
"34",2,"X.Ruminococcus..sp..MP14G5",0.000619625236140564
"35",3,"Actinomyces.sp..HMSC035G02",5.85968446102925e-05
"36",3,"Actinomyces.sp..ICM39",0.000396616640500724
"37",3,"Anaerostipes.sp..992a",1.18991938506952e-05
"38",3,"Bacteroides.ovatus",-0.00158984964946285
"39",3,"Enterobacter.cloacae",-0.0656489692628384
"40",3,"Erysipelatoclostridium.sp..MP95D5",0.000162050462677144
"41",3,"Intestinibacter.sp..MP113D11",0.000266059243585914
"42",3,"Klebsiella.oxytoca",0.000223656461457722
"43",3,"Lachnospiraceae.bacterium.CAG.364",0.000611894152825698
"44",3,"Lactobacillus.paracasei",-0.00987480347976089
"45",3,"Prevotella.buccae",0.000139077528729104
"46",3,"Providencia.alcalifaciens",-4.88628356833942e-05
"47",3,"Roseburia.intestinalis",1.24071789286972e-05
"48",3,"Streptococcus.infantis",0.000445334590040147
"49",3,"Streptococcus.sp..MP111F6_2",0.000504176859976724
"50",3,"X.Clostridium..aldenense",-0.000779613445047289
"51",3,"X.Ruminococcus..sp..MP14G5",0.000337800302077085
"52",4,"Actinomyces.sp..HMSC035G02",0.000176315799762961
"53",4,"Actinomyces.sp..ICM39",0.000668851687805727
"54",4,"Anaerostipes.sp..992a",0.000656215648632497
"55",4,"Bacteroides.ovatus",0.000415032904129475
"56",4,"Enterobacter.cloacae",0.0187064735218883
"57",4,"Erysipelatoclostridium.sp..MP95D5",0.000474229556857608
"58",4,"Intestinibacter.sp..MP113D11",0.00078110204776749
"59",4,"Klebsiella.oxytoca",-0.000945036736084148
"60",4,"Lachnospiraceae.bacterium.CAG.364",0.00156592397252098
"61",4,"Lactobacillus.paracasei",0.00804089056327939
"62",4,"Prevotella.buccae",0.000142258584673982
"63",4,"Providencia.alcalifaciens",0.000882914959220216
"64",4,"Roseburia.intestinalis",0.000796203501522541
"65",4,"Streptococcus.infantis",0.00113707518903539
"66",4,"Streptococcus.sp..MP111F6_2",0.00128600851166993
"67",4,"X.Clostridium..aldenense",-0.00183073576772586
"68",4,"X.Ruminococcus..sp..MP14G5",0.000632118782959878
"69",5,"Actinomyces.sp..HMSC035G02",0.000414379581343383
"70",5,"Actinomyces.sp..ICM39",0.000650504574878141
"71",5,"Anaerostipes.sp..992a",0.000554170866962522
"72",5,"Bacteroides.ovatus",-0.000153854351083282
"73",5,"Enterobacter.cloacae",0.0116158165037632
"74",5,"Erysipelatoclostridium.sp..MP95D5",0.0002189374063164
"75",5,"Intestinibacter.sp..MP113D11",0.000774366519181058
"76",5,"Klebsiella.oxytoca",0.00197404401842505
"77",5,"Lachnospiraceae.bacterium.CAG.364",0.000913907861104235
"78",5,"Lactobacillus.paracasei",0.0042234945576638
"79",5,"Prevotella.buccae",0.000186757140909322
"80",5,"Providencia.alcalifaciens",0.000864116795128211
"81",5,"Roseburia.intestinalis",-0.000197087458218448
"82",5,"Streptococcus.infantis",-0.00155029218876734
"83",5,"Streptococcus.sp..MP111F6_2",0.00109499937389046
"84",5,"X.Clostridium..aldenense",0.00298395904246718
"85",5,"X.Ruminococcus..sp..MP14G5",0.000801276473794132
"86",6,"Actinomyces.sp..HMSC035G02",0.00042903414578177
"87",6,"Actinomyces.sp..ICM39",0.00124481628881767
"88",6,"Anaerostipes.sp..992a",0.00135362945729867
"89",6,"Bacteroides.ovatus",0.00165946577908471
"90",6,"Enterobacter.cloacae",-0.0124664953909814
"91",6,"Erysipelatoclostridium.sp..MP95D5",0.000246242219873238
"92",6,"Intestinibacter.sp..MP113D11",0.000606335437623784
"93",6,"Klebsiella.oxytoca",0.00127040955703706
"94",6,"Lachnospiraceae.bacterium.CAG.364",0.00122454774100333
"95",6,"Lactobacillus.paracasei",0.00235748314298689
"96",6,"Prevotella.buccae",0.000570030038943514
"97",6,"Providencia.alcalifaciens",0.000792488368460909
"98",6,"Roseburia.intestinalis",-0.000621168059296906
"99",6,"Streptococcus.infantis",-0.00853419909253716
"100",6,"Streptococcus.sp..MP111F6_2",0.00241954845841974
"101",6,"X.Clostridium..aldenense",0.00273290055338293
"102",6,"X.Ruminococcus..sp..MP14G5",0.000516891595907509
"103",7,"Actinomyces.sp..HMSC035G02",-0.000869937241077423
"104",7,"Actinomyces.sp..ICM39",0.000603646360104904
"105",7,"Anaerostipes.sp..992a",0.000508205499500036
"106",7,"Bacteroides.ovatus",0.000394987699110061
"107",7,"Enterobacter.cloacae",0.00676807179115713
"108",7,"Erysipelatoclostridium.sp..MP95D5",0.000620459468336776
"109",7,"Intestinibacter.sp..MP113D11",0.000281020053080283
"110",7,"Klebsiella.oxytoca",-0.00164425669936463
"111",7,"Lachnospiraceae.bacterium.CAG.364",0.000663779093883932
"112",7,"Lactobacillus.paracasei",-0.0306632742285728
"113",7,"Prevotella.buccae",0.000143575642141514
"114",7,"Providencia.alcalifaciens",0.000711934379069135
"115",7,"Roseburia.intestinalis",0.000467249046778306
"116",7,"Streptococcus.infantis",0.000758693873649463
"117",7,"Streptococcus.sp..MP111F6_2",0.000404915190301836
"118",7,"X.Clostridium..aldenense",0.00099804432829842
"119",7,"X.Ruminococcus..sp..MP14G5",0.00050963246030733
"120",8,"Actinomyces.sp..HMSC035G02",0.000154262088472024
"121",8,"Actinomyces.sp..ICM39",0.00049770061741583
"122",8,"Anaerostipes.sp..992a",0.000509181700181216
"123",8,"Bacteroides.ovatus",0.000246203358983621
"124",8,"Enterobacter.cloacae",0.00260164798237383
"125",8,"Erysipelatoclostridium.sp..MP95D5",0.000444957113359123
"126",8,"Intestinibacter.sp..MP113D11",0.000136611139168963
"127",8,"Klebsiella.oxytoca",0.000470305501949042
"128",8,"Lachnospiraceae.bacterium.CAG.364",0.000436170128523372
"129",8,"Lactobacillus.paracasei",0.00596375297755003
"130",8,"Prevotella.buccae",0.000120284348668065
"131",8,"Providencia.alcalifaciens",0.00042530927748885
"132",8,"Roseburia.intestinalis",2.42828446062049e-05
"133",8,"Streptococcus.infantis",0.000609837530646473
"134",8,"Streptococcus.sp..MP111F6_2",-0.00400825985707343
"135",8,"X.Clostridium..aldenense",-0.000505379226524383
"136",8,"X.Ruminococcus..sp..MP14G5",0.000403775091399439
"137",9,"Actinomyces.sp..HMSC035G02",0.000134622830955777
"138",9,"Actinomyces.sp..ICM39",0.00069757184246555
"139",9,"Anaerostipes.sp..992a",0.000606050743954256
"140",9,"Bacteroides.ovatus",-0.00246347102802247
"141",9,"Enterobacter.cloacae",0.00597585830837488
"142",9,"Erysipelatoclostridium.sp..MP95D5",0.000147369115438778
"143",9,"Intestinibacter.sp..MP113D11",0.000475193228339776
"144",9,"Klebsiella.oxytoca",-0.000118582604045514
"145",9,"Lachnospiraceae.bacterium.CAG.364",0.000729146791854873
"146",9,"Lactobacillus.paracasei",0.00367984990589321
"147",9,"Prevotella.buccae",0.000182100346137304
"148",9,"Providencia.alcalifaciens",0.000713777903001755
"149",9,"Roseburia.intestinalis",-0.000195932036149316
"150",9,"Streptococcus.infantis",0.000499281362863258
"151",9,"Streptococcus.sp..MP111F6_2",0.00131453323410824
"152",9,"X.Clostridium..aldenense",-0.00286766490899026
"153",9,"X.Ruminococcus..sp..MP14G5",0.000505469011841342
"154",10,"Actinomyces.sp..HMSC035G02",0.000531341647729278
"155",10,"Actinomyces.sp..ICM39",-0.00014044315321371
"156",10,"Anaerostipes.sp..992a",0.00052512765978463
"157",10,"Bacteroides.ovatus",0.00109415501356125
"158",10,"Enterobacter.cloacae",0.0080561765935272
"159",10,"Erysipelatoclostridium.sp..MP95D5",0.000316435063723475
"160",10,"Intestinibacter.sp..MP113D11",0.00029945895948913
"161",10,"Klebsiella.oxytoca",0.00128166802460328
"162",10,"Lachnospiraceae.bacterium.CAG.364",0.00106508051976562
"163",10,"Lactobacillus.paracasei",0.00346479332074523
"164",10,"Prevotella.buccae",2.64580103248591e-05
"165",10,"Providencia.alcalifaciens",0.000797628541477025
"166",10,"Roseburia.intestinalis",-0.000216823580558412
"167",10,"Streptococcus.infantis",0.000190503433259437
"168",10,"Streptococcus.sp..MP111F6_2",0.00154609855962917
"169",10,"X.Clostridium..aldenense",0.0018686109688133
"170",10,"X.Ruminococcus..sp..MP14G5",0.000612681586062536
"171",11,"Actinomyces.sp..HMSC035G02",0.00013333421520656
"172",11,"Actinomyces.sp..ICM39",0.00058534275740385
"173",11,"Anaerostipes.sp..992a",0.000482092553284019
"174",11,"Bacteroides.ovatus",0.000392682646634057
"175",11,"Enterobacter.cloacae",-0.0549411997199059
"176",11,"Erysipelatoclostridium.sp..MP95D5",0.000274292324320413
"177",11,"Intestinibacter.sp..MP113D11",0.000477356021292508
"178",11,"Klebsiella.oxytoca",-0.000615408760495484
"179",11,"Lachnospiraceae.bacterium.CAG.364",0.00100944889709353
"180",11,"Lactobacillus.paracasei",0.00377152860164642
"181",11,"Prevotella.buccae",0.000176907495188061
"182",11,"Providencia.alcalifaciens",0.000662506354274228
"183",11,"Roseburia.intestinalis",-0.00102226587478071
"184",11,"Streptococcus.infantis",-0.0141121735796332
"185",11,"Streptococcus.sp..MP111F6_2",0.000545997128938325
"186",11,"X.Clostridium..aldenense",0.00150962092448026
"187",11,"X.Ruminococcus..sp..MP14G5",0.000375437550246716
"188",12,"Actinomyces.sp..HMSC035G02",0.000132043758640066
"189",12,"Actinomyces.sp..ICM39",0.00072029439616017
"190",12,"Anaerostipes.sp..992a",0.000605481181992218
"191",12,"Bacteroides.ovatus",0.000826561008580029
"192",12,"Enterobacter.cloacae",0.0152292693965137
"193",12,"Erysipelatoclostridium.sp..MP95D5",0.000430051659350283
"194",12,"Intestinibacter.sp..MP113D11",0.000743605138268322
"195",12,"Klebsiella.oxytoca",0.00206045270897448
"196",12,"Lachnospiraceae.bacterium.CAG.364",0.00101159204496071
"197",12,"Lactobacillus.paracasei",0.00625170464627445
"198",12,"Prevotella.buccae",0.000210336773307063
"199",12,"Providencia.alcalifaciens",0.000882144522620365
"200",12,"Roseburia.intestinalis",0.000557216582819819
"201",12,"Streptococcus.infantis",0.00087325373897329
"202",12,"Streptococcus.sp..MP111F6_2",4.06409344577696e-05
"203",12,"X.Clostridium..aldenense",0.00327047461178154
"204",12,"X.Ruminococcus..sp..MP14G5",0.000612747709965333
"205",13,"Actinomyces.sp..HMSC035G02",0.000154578468936961
"206",13,"Actinomyces.sp..ICM39",0.000667383661493659
"207",13,"Anaerostipes.sp..992a",0.000498925452120602
"208",13,"Bacteroides.ovatus",0.000409257234423421
"209",13,"Enterobacter.cloacae",-0.00266490608919412
"210",13,"Erysipelatoclostridium.sp..MP95D5",0.000650834612315521
"211",13,"Intestinibacter.sp..MP113D11",0.000253176200203598
"212",13,"Klebsiella.oxytoca",0.00276164582464844
"213",13,"Lachnospiraceae.bacterium.CAG.364",0.00143669807584956
"214",13,"Lactobacillus.paracasei",-0.00747844204306602
"215",13,"Prevotella.buccae",0.000194439387996681
"216",13,"Providencia.alcalifaciens",0.000727107631973922
"217",13,"Roseburia.intestinalis",0.000630951166385785
"218",13,"Streptococcus.infantis",0.00106362527003512
"219",13,"Streptococcus.sp..MP111F6_2",0.00052642633090727
"220",13,"X.Clostridium..aldenense",0.00503255659714341
"221",13,"X.Ruminococcus..sp..MP14G5",0.000693274749210104
"222",14,"Actinomyces.sp..HMSC035G02",0.000152878572407644
"223",14,"Actinomyces.sp..ICM39",-0.00384853966534138
"224",14,"Anaerostipes.sp..992a",0.00057696588919498
"225",14,"Bacteroides.ovatus",0.000451917221653275
"226",14,"Enterobacter.cloacae",0.0174364997074008
"227",14,"Erysipelatoclostridium.sp..MP95D5",0.000360936886863783
"228",14,"Intestinibacter.sp..MP113D11",0.000804173148935661
"229",14,"Klebsiella.oxytoca",0.00327302829828113
"230",14,"Lachnospiraceae.bacterium.CAG.364",0.00212309742346406
"231",14,"Lactobacillus.paracasei",0.00791166769340634
"232",14,"Prevotella.buccae",0.000154049230332021
"233",14,"Providencia.alcalifaciens",0.00117653765482828
"234",14,"Roseburia.intestinalis",0.000649511610390618
"235",14,"Streptococcus.infantis",0.00108589947922155
"236",14,"Streptococcus.sp..MP111F6_2",0.00108604511478916
"237",14,"X.Clostridium..aldenense",0.00495814811438322
"238",14,"X.Ruminococcus..sp..MP14G5",0.0004343156615505
"239",15,"Actinomyces.sp..HMSC035G02",0.000141069111123215
"240",15,"Actinomyces.sp..ICM39",0.000636340759228915
"241",15,"Anaerostipes.sp..992a",0.000498925452120602
"242",15,"Bacteroides.ovatus",0.000346441869623959
"243",15,"Enterobacter.cloacae",0.00638219178654253
"244",15,"Erysipelatoclostridium.sp..MP95D5",-0.00455595320090652
"245",15,"Intestinibacter.sp..MP113D11",0.00027562839386519
"246",15,"Klebsiella.oxytoca",8.25550578156253e-05
"247",15,"Lachnospiraceae.bacterium.CAG.364",0.00070204702205956
"248",15,"Lactobacillus.paracasei",-0.0272296257317066
"249",15,"Prevotella.buccae",0.000146912607306149
"250",15,"Providencia.alcalifaciens",0.000763098883908242
"251",15,"Roseburia.intestinalis",0.000601230625761673
"252",15,"Streptococcus.infantis",0.000817884952994063
"253",15,"Streptococcus.sp..MP111F6_2",0.000261253546341322
"254",15,"X.Clostridium..aldenense",-0.00208709482103586
"255",15,"X.Ruminococcus..sp..MP14G5",0.000504953670315444
"256",16,"Actinomyces.sp..HMSC035G02",0.000438990740804002
"257",16,"Actinomyces.sp..ICM39",0.00135255319764838
"258",16,"Anaerostipes.sp..992a",0.00136914273025468
"259",16,"Bacteroides.ovatus",0.00170513289049268
"260",16,"Enterobacter.cloacae",0.0113819194957614
"261",16,"Erysipelatoclostridium.sp..MP95D5",0.000244876966462471
"262",16,"Intestinibacter.sp..MP113D11",-0.00109945045551285
"263",16,"Klebsiella.oxytoca",0.00159448193153366
"264",16,"Lachnospiraceae.bacterium.CAG.364",-0.00224101252388209
"265",16,"Lactobacillus.paracasei",0.00353807909414172
"266",16,"Prevotella.buccae",0.000469597347546369
"267",16,"Providencia.alcalifaciens",0.000939899880904704
"268",16,"Roseburia.intestinalis",-0.000391893438063562
"269",16,"Streptococcus.infantis",0.000822549453005195
"270",16,"Streptococcus.sp..MP111F6_2",0.00255189160816371
"271",16,"X.Clostridium..aldenense",-0.000930072390474379
"272",16,"X.Ruminococcus..sp..MP14G5",0.000707237282767892
"273",17,"Actinomyces.sp..HMSC035G02",0.000127682404126972
"274",17,"Actinomyces.sp..ICM39",0.00148447381798178
"275",17,"Anaerostipes.sp..992a",0.00264583202078938
"276",17,"Bacteroides.ovatus",0.00046397652477026
"277",17,"Enterobacter.cloacae",0.0239764479920268
"278",17,"Erysipelatoclostridium.sp..MP95D5",0.000381896781618707
"279",17,"Intestinibacter.sp..MP113D11",0.0010577489156276
"280",17,"Klebsiella.oxytoca",0.000679118267726153
"281",17,"Lachnospiraceae.bacterium.CAG.364",0.00145889405393973
"282",17,"Lactobacillus.paracasei",0.00281072128564119
"283",17,"Prevotella.buccae",0.000869799085194245
"284",17,"Providencia.alcalifaciens",0.000927075161598623
"285",17,"Roseburia.intestinalis",0.00050136711797677
"286",17,"Streptococcus.infantis",0.00162820774130523
"287",17,"Streptococcus.sp..MP111F6_2",0.00174712436273694
"288",17,"X.Clostridium..aldenense",0.00260013178922236
"289",17,"X.Ruminococcus..sp..MP14G5",0.000575771176954731
"290",18,"Actinomyces.sp..HMSC035G02",0.000181273368070833
"291",18,"Actinomyces.sp..ICM39",0.000469425838673487
"292",18,"Anaerostipes.sp..992a",0.000500102643854916
"293",18,"Bacteroides.ovatus",0.000222474758629687
"294",18,"Enterobacter.cloacae",-0.0219860868528485
"295",18,"Erysipelatoclostridium.sp..MP95D5",0.000351354814483784
"296",18,"Intestinibacter.sp..MP113D11",0.000222591843339615
"297",18,"Klebsiella.oxytoca",-0.00442270189523697
"298",18,"Lachnospiraceae.bacterium.CAG.364",0.000544479640666395
"299",18,"Lactobacillus.paracasei",0.00105582503601909
"300",18,"Prevotella.buccae",0.000136974682391156
"301",18,"Providencia.alcalifaciens",0.000463337273686193
"302",18,"Roseburia.intestinalis",1.87442328751786e-05
"303",18,"Streptococcus.infantis",0.000756936031393707
"304",18,"Streptococcus.sp..MP111F6_2",0.000472503030323423
"305",18,"X.Clostridium..aldenense",0.00103842371026985
"306",18,"X.Ruminococcus..sp..MP14G5",0.000420635449700058
"307",19,"Actinomyces.sp..HMSC035G02",0.00012113805860281
"308",19,"Actinomyces.sp..ICM39",0.000759488058974966
"309",19,"Anaerostipes.sp..992a",0.00050495911273174
"310",19,"Bacteroides.ovatus",0.000153526831127238
"311",19,"Enterobacter.cloacae",-0.0779997259378433
"312",19,"Erysipelatoclostridium.sp..MP95D5",-0.00420218682847917
"313",19,"Intestinibacter.sp..MP113D11",0.000832421646919101
"314",19,"Klebsiella.oxytoca",-0.00100836015189998
"315",19,"Lachnospiraceae.bacterium.CAG.364",0.000781972892582417
"316",19,"Lactobacillus.paracasei",-0.0234167734161019
"317",19,"Prevotella.buccae",0.00017923790437635
"318",19,"Providencia.alcalifaciens",0.000767840654589236
"319",19,"Roseburia.intestinalis",0.00049051980022341
"320",19,"Streptococcus.infantis",0.000996942049823701
"321",19,"Streptococcus.sp..MP111F6_2",0.000780363217927516
"322",19,"X.Clostridium..aldenense",-0.00149417400825769
"323",19,"X.Ruminococcus..sp..MP14G5",0.000465313976746984
"324",20,"Actinomyces.sp..HMSC035G02",0.000149507068272214
"325",20,"Actinomyces.sp..ICM39",0.0012815622612834
"326",20,"Anaerostipes.sp..992a",0.00254757457878441
"327",20,"Bacteroides.ovatus",0.000303756838547997
"328",20,"Enterobacter.cloacae",0.0217166682705283
"329",20,"Erysipelatoclostridium.sp..MP95D5",-0.00211020023562014
"330",20,"Intestinibacter.sp..MP113D11",0.000640643120277673
"331",20,"Klebsiella.oxytoca",0.00182752549881116
"332",20,"Lachnospiraceae.bacterium.CAG.364",0.00159304664703086
"333",20,"Lactobacillus.paracasei",0.00392901711165905
"334",20,"Prevotella.buccae",0.000749383441871032
"335",20,"Providencia.alcalifaciens",0.00103417382342741
"336",20,"Roseburia.intestinalis",0.000846101727802306
"337",20,"Streptococcus.infantis",0.001422512345016
"338",20,"Streptococcus.sp..MP111F6_2",0.002020078827627
"339",20,"X.Clostridium..aldenense",-0.000508392331539653
"340",20,"X.Ruminococcus..sp..MP14G5",0.000479535185149871
"341",21,"Actinomyces.sp..HMSC035G02",0.000173062711837701
"342",21,"Actinomyces.sp..ICM39",0.000430707033956423
"343",21,"Anaerostipes.sp..992a",0.000498925452120602
"344",21,"Bacteroides.ovatus",0.000185053591849282
"345",21,"Enterobacter.cloacae",-0.026240412145853
"346",21,"Erysipelatoclostridium.sp..MP95D5",0.000446685749921016
"347",21,"Intestinibacter.sp..MP113D11",0.000166295954841189
"348",21,"Klebsiella.oxytoca",0.000234962375543546
"349",21,"Lachnospiraceae.bacterium.CAG.364",0.00056955189211294
"350",21,"Lactobacillus.paracasei",0.000789201585575938
"351",21,"Prevotella.buccae",0.000139438823680393
"352",21,"Providencia.alcalifaciens",0.000436246860772371
"353",21,"Roseburia.intestinalis",1.24071789286972e-05
"354",21,"Streptococcus.infantis",0.000789586367318407
"355",21,"Streptococcus.sp..MP111F6_2",0.000630000955425203
"356",21,"X.Clostridium..aldenense",-0.000208093166293111
"357",21,"X.Ruminococcus..sp..MP14G5",0.000359390716766939
"358",22,"Actinomyces.sp..HMSC035G02",0.000201268514501862
"359",22,"Actinomyces.sp..ICM39",0.000600671890424564
"360",22,"Anaerostipes.sp..992a",0.000435602589277551
"361",22,"Bacteroides.ovatus",0.000297668972052634
"362",22,"Enterobacter.cloacae",-0.0150455716066062
"363",22,"Erysipelatoclostridium.sp..MP95D5",0.000556145183509216
"364",22,"Intestinibacter.sp..MP113D11",0.000132256966026034
"365",22,"Klebsiella.oxytoca",0.00173437385819852
"366",22,"Lachnospiraceae.bacterium.CAG.364",0.000796740700025111
"367",22,"Lactobacillus.paracasei",0.00788738345727324
"368",22,"Prevotella.buccae",0.00011846444249386
"369",22,"Providencia.alcalifaciens",0.000538390100700781
"370",22,"Roseburia.intestinalis",5.22863665537443e-05
"371",22,"Streptococcus.infantis",0.000599865248659626
"372",22,"Streptococcus.sp..MP111F6_2",0.000591399759287015
"373",22,"X.Clostridium..aldenense",0.000840476248413324
"374",22,"X.Ruminococcus..sp..MP14G5",0.000380535726435483
"375",23,"Actinomyces.sp..HMSC035G02",0.000130869062559213
"376",23,"Actinomyces.sp..ICM39",0.00075364887015894
"377",23,"Anaerostipes.sp..992a",0.000596763275098056
"378",23,"Bacteroides.ovatus",0.000585111847613007
"379",23,"Enterobacter.cloacae",-0.0138107449747622
"380",23,"Erysipelatoclostridium.sp..MP95D5",0.000242751950281672
"381",23,"Intestinibacter.sp..MP113D11",0.000484551885165274
"382",23,"Klebsiella.oxytoca",0.00143894884968176
"383",23,"Lachnospiraceae.bacterium.CAG.364",0.000943080056458712
"384",23,"Lactobacillus.paracasei",0.00344740995205939
"385",23,"Prevotella.buccae",-0.000642110360786319
"386",23,"Providencia.alcalifaciens",0.000549855059944093
"387",23,"Roseburia.intestinalis",-0.00111879094038159
"388",23,"Streptococcus.infantis",0.000565498339710757
"389",23,"Streptococcus.sp..MP111F6_2",0.00105157849611714
"390",23,"X.Clostridium..aldenense",-0.00189520907588303
"391",23,"X.Ruminococcus..sp..MP14G5",0.000449285478680395
"392",24,"Actinomyces.sp..HMSC035G02",0.00064943777397275
"393",24,"Actinomyces.sp..ICM39",0.000779169931774959
"394",24,"Anaerostipes.sp..992a",0.000526055606314912
"395",24,"Bacteroides.ovatus",0.0017306316876784
"396",24,"Enterobacter.cloacae",0.00729527114890516
"397",24,"Erysipelatoclostridium.sp..MP95D5",0.000306194313452579
"398",24,"Intestinibacter.sp..MP113D11",0.000365771251381375
"399",24,"Klebsiella.oxytoca",0.00144575088052079
"400",24,"Lachnospiraceae.bacterium.CAG.364",0.00097763049416244
"401",24,"Lactobacillus.paracasei",0.00412663235329092
"402",24,"Prevotella.buccae",0.000170313098351471
"403",24,"Providencia.alcalifaciens",0.00076422150596045
"404",24,"Roseburia.intestinalis",-0.000411942659411579
"405",24,"Streptococcus.infantis",0.000928674155147746
"406",24,"Streptococcus.sp..MP111F6_2",0.00227479403838515
"407",24,"X.Clostridium..aldenense",-0.000863483874127269
"408",24,"X.Ruminococcus..sp..MP14G5",0.000289234259980731
"409",25,"Actinomyces.sp..HMSC035G02",0.00017105267761508
"410",25,"Actinomyces.sp..ICM39",0.00061532694962807
"411",25,"Anaerostipes.sp..992a",0.000505681615322828
"412",25,"Bacteroides.ovatus",0.000367695101886056
"413",25,"Enterobacter.cloacae",0.00652780081145465
"414",25,"Erysipelatoclostridium.sp..MP95D5",0.000550555210793391
"415",25,"Intestinibacter.sp..MP113D11",0.000272062359726988
"416",25,"Klebsiella.oxytoca",-0.00621157535351813
"417",25,"Lachnospiraceae.bacterium.CAG.364",9.63888633123133e-05
"418",25,"Lactobacillus.paracasei",-0.0341780446469784
"419",25,"Prevotella.buccae",0.000119561416795477
"420",25,"Providencia.alcalifaciens",0.000757310393964872
"421",25,"Roseburia.intestinalis",0.000182665935426485
"422",25,"Streptococcus.infantis",0.000782697286922485
"423",25,"Streptococcus.sp..MP111F6_2",0.000302000247756951
"424",25,"X.Clostridium..aldenense",-0.00232757127378136
"425",25,"X.Ruminococcus..sp..MP14G5",-0.0114206150174141
"426",26,"Actinomyces.sp..HMSC035G02",0.000750412116758525
"427",26,"Actinomyces.sp..ICM39",0.000802783149993047
"428",26,"Anaerostipes.sp..992a",0.000547668809304014
"429",26,"Bacteroides.ovatus",0.00163867318769917
"430",26,"Enterobacter.cloacae",0.0108713386580348
"431",26,"Erysipelatoclostridium.sp..MP95D5",0.000272007877356373
"432",26,"Intestinibacter.sp..MP113D11",0.000594399811234325
"433",26,"Klebsiella.oxytoca",0.00163957022596151
"434",26,"Lachnospiraceae.bacterium.CAG.364",0.000721030111890286
"435",26,"Lactobacillus.paracasei",0.0047670507337898
"436",26,"Prevotella.buccae",0.000167194455571007
"437",26,"Providencia.alcalifaciens",0.000752176361856982
"438",26,"Roseburia.intestinalis",-0.00022881846234668
"439",26,"Streptococcus.infantis",0.00128048792248592
"440",26,"Streptococcus.sp..MP111F6_2",0.00124985194997862
"441",26,"X.Clostridium..aldenense",-0.00137590669328347
"442",26,"X.Ruminococcus..sp..MP14G5",0.000640426733298227
"443",27,"Actinomyces.sp..HMSC035G02",0.000136174152430613
"444",27,"Actinomyces.sp..ICM39",0.000315054916427471
"445",27,"Anaerostipes.sp..992a",0.000621778628556058
"446",27,"Bacteroides.ovatus",0.000215184976696037
"447",27,"Enterobacter.cloacae",0.0100239743478596
"448",27,"Erysipelatoclostridium.sp..MP95D5",0.00024728053540457
"449",27,"Intestinibacter.sp..MP113D11",0.000752620107959956
"450",27,"Klebsiella.oxytoca",0.00206415931461379
"451",27,"Lachnospiraceae.bacterium.CAG.364",0.000604926550295204
"452",27,"Lactobacillus.paracasei",-0.0156008619815111
"453",27,"Prevotella.buccae",8.56270089570899e-05
"454",27,"Providencia.alcalifaciens",0.000786072778282687
"455",27,"Roseburia.intestinalis",0.000613484007772058
"456",27,"Streptococcus.infantis",-0.00379967386834323
"457",27,"Streptococcus.sp..MP111F6_2",0.000537802174221724
"458",27,"X.Clostridium..aldenense",0.00175416807178408
"459",27,"X.Ruminococcus..sp..MP14G5",0.000407391344197094
"460",28,"Actinomyces.sp..HMSC035G02",0.000671310175675899
"461",28,"Actinomyces.sp..ICM39",0.000772560219047591
"462",28,"Anaerostipes.sp..992a",0.000520475645316765
"463",28,"Bacteroides.ovatus",0.00143568427301943
"464",28,"Enterobacter.cloacae",0.00776340416632593
"465",28,"Erysipelatoclostridium.sp..MP95D5",0.000293620032607578
"466",28,"Intestinibacter.sp..MP113D11",0.000726475554984063
"467",28,"Klebsiella.oxytoca",0.00146952259819955
"468",28,"Lachnospiraceae.bacterium.CAG.364",0.000946301035583019
"469",28,"Lactobacillus.paracasei",0.0047200892586261
"470",28,"Prevotella.buccae",0.000152388922288083
"471",28,"Providencia.alcalifaciens",0.00114898971514776
"472",28,"Roseburia.intestinalis",0.000484754724311642
"473",28,"Streptococcus.infantis",0.00149647705256939
"474",28,"Streptococcus.sp..MP111F6_2",0.00182467774720863
"475",28,"X.Clostridium..aldenense",-0.000647949636913836
"476",28,"X.Ruminococcus..sp..MP14G5",0.000628777866950259
"477",29,"Actinomyces.sp..HMSC035G02",0.00015720820374554
"478",29,"Actinomyces.sp..ICM39",-0.0146368015557528
"479",29,"Anaerostipes.sp..992a",0.000474928601761349
"480",29,"Bacteroides.ovatus",0.000207517972739879
"481",29,"Enterobacter.cloacae",0.00393264659214765
"482",29,"Erysipelatoclostridium.sp..MP95D5",0.000533636484760791
"483",29,"Intestinibacter.sp..MP113D11",0.000243389040406328
"484",29,"Klebsiella.oxytoca",7.22841687093023e-05
"485",29,"Lachnospiraceae.bacterium.CAG.364",0.000700510223396122
"486",29,"Lactobacillus.paracasei",0.004854527534917
"487",29,"Prevotella.buccae",0.000133428315166384
"488",29,"Providencia.alcalifaciens",0.000465363540570252
"489",29,"Roseburia.intestinalis",1.24071789286972e-05
"490",29,"Streptococcus.infantis",0.000547264760825783
"491",29,"Streptococcus.sp..MP111F6_2",0.000702011806424707
"492",29,"X.Clostridium..aldenense",-0.00280283496249467
"493",29,"X.Ruminococcus..sp..MP14G5",0.000404635517043062
"494",30,"Actinomyces.sp..HMSC035G02",0.000143022698466666
"495",30,"Actinomyces.sp..ICM39",0.000568371411645785
"496",30,"Anaerostipes.sp..992a",0.00051052839262411
"497",30,"Bacteroides.ovatus",-0.00249886623350903
"498",30,"Enterobacter.cloacae",0.00711364671587944
"499",30,"Erysipelatoclostridium.sp..MP95D5",0.00039407194708474
"500",30,"Intestinibacter.sp..MP113D11",0.000264850241364911
"501",30,"Klebsiella.oxytoca",0.000878475373610854
"502",30,"Lachnospiraceae.bacterium.CAG.364",6.15916669630678e-05
"503",30,"Lactobacillus.paracasei",0.00592174101620913
"504",30,"Prevotella.buccae",0.000131971770315431
"505",30,"Providencia.alcalifaciens",0.000574930163566023
"506",30,"Roseburia.intestinalis",0.000196272900211625
"507",30,"Streptococcus.infantis",0.000715637172106653
"508",30,"Streptococcus.sp..MP111F6_2",0.000683518155710772
"509",30,"X.Clostridium..aldenense",-0.0021236427128315
"510",30,"X.Ruminococcus..sp..MP14G5",-0.00743282097391784
"511",31,"Actinomyces.sp..HMSC035G02",0.000162159187311772
"512",31,"Actinomyces.sp..ICM39",0.000479318667203188
"513",31,"Anaerostipes.sp..992a",0.00040986061503645
"514",31,"Bacteroides.ovatus",8.12975995359011e-05
"515",31,"Enterobacter.cloacae",-0.00141866609919816
"516",31,"Erysipelatoclostridium.sp..MP95D5",0.000555012607946992
"517",31,"Intestinibacter.sp..MP113D11",0.000261310386122204
"518",31,"Klebsiella.oxytoca",-0.00152829429134727
"519",31,"Lachnospiraceae.bacterium.CAG.364",0.00129625655245036
"520",31,"Lactobacillus.paracasei",0.00193305796710774
"521",31,"Prevotella.buccae",0.000144648111017887
"522",31,"Providencia.alcalifaciens",0.000329223577864468
"523",31,"Roseburia.intestinalis",4.54950604762416e-05
"524",31,"Streptococcus.infantis",0.000957422074861825
"525",31,"Streptococcus.sp..MP111F6_2",0.00057572204968892
"526",31,"X.Clostridium..aldenense",0.000346546323271468
"527",31,"X.Ruminococcus..sp..MP14G5",0.000409782922361046
"528",32,"Actinomyces.sp..HMSC035G02",0.000123935802548658
"529",32,"Actinomyces.sp..ICM39",0.000669971748720855
"530",32,"Anaerostipes.sp..992a",0.000583336455747485
"531",32,"Bacteroides.ovatus",-0.00162515457486734
"532",32,"Enterobacter.cloacae",0.00566779309883714
"533",32,"Erysipelatoclostridium.sp..MP95D5",0.000341620587278157
"534",32,"Intestinibacter.sp..MP113D11",-0.00196956162108108
"535",32,"Klebsiella.oxytoca",0.00113888859050348
"536",32,"Lachnospiraceae.bacterium.CAG.364",-0.00253967230673879
"537",32,"Lactobacillus.paracasei",0.00375863700173795
"538",32,"Prevotella.buccae",0.000201238290173933
"539",32,"Providencia.alcalifaciens",0.000855659716762602
"540",32,"Roseburia.intestinalis",0.000484666845295578
"541",32,"Streptococcus.infantis",0.000773858919274062
"542",32,"Streptococcus.sp..MP111F6_2",0.00167600403074175
"543",32,"X.Clostridium..aldenense",-0.00429165852256119
"544",32,"X.Ruminococcus..sp..MP14G5",0.000506353244418278
"545",33,"Actinomyces.sp..HMSC035G02",0.000499380723340437
"546",33,"Actinomyces.sp..ICM39",0.000693054549628869
"547",33,"Anaerostipes.sp..992a",0.000497412140248343
"548",33,"Bacteroides.ovatus",0.00133905519032851
"549",33,"Enterobacter.cloacae",0.00999538088217378
"550",33,"Erysipelatoclostridium.sp..MP95D5",-0.00328872527461499
"551",33,"Intestinibacter.sp..MP113D11",-0.00083942007040605
"552",33,"Klebsiella.oxytoca",-0.000460967028629966
"553",33,"Lachnospiraceae.bacterium.CAG.364",-0.012442649807781
"554",33,"Lactobacillus.paracasei",0.00319874263368547
"555",33,"Prevotella.buccae",0.000162996446306352
"556",33,"Providencia.alcalifaciens",0.000907950539840385
"557",33,"Roseburia.intestinalis",0.000494778505526483
"558",33,"Streptococcus.infantis",0.00170469947624952
"559",33,"Streptococcus.sp..MP111F6_2",0.00127783307107165
"560",33,"X.Clostridium..aldenense",-0.000910225237021223
"561",33,"X.Ruminococcus..sp..MP14G5",0.000500041991472244
"562",34,"Actinomyces.sp..HMSC035G02",0.000139073534228373
"563",34,"Actinomyces.sp..ICM39",0.00148050097050145
"564",34,"Anaerostipes.sp..992a",0.00251436559483409
"565",34,"Bacteroides.ovatus",0.000354666655766778
"566",34,"Enterobacter.cloacae",-0.00280989042948931
"567",34,"Erysipelatoclostridium.sp..MP95D5",0.000195889442693442
"568",34,"Intestinibacter.sp..MP113D11",0.000989786756690592
"569",34,"Klebsiella.oxytoca",0.00205996097065508
"570",34,"Lachnospiraceae.bacterium.CAG.364",0.00167979748221114
"571",34,"Lactobacillus.paracasei",0.00221639708615839
"572",34,"Prevotella.buccae",0.000832601566798985
"573",34,"Providencia.alcalifaciens",-0.00546416058205068
"574",34,"Roseburia.intestinalis",-0.000769025209592655
"575",34,"Streptococcus.infantis",0.00132457417203113
"576",34,"Streptococcus.sp..MP111F6_2",0.00176719209412113
"577",34,"X.Clostridium..aldenense",-0.000139570678584278
"578",34,"X.Ruminococcus..sp..MP14G5",0.000505227595567703
"579",35,"Actinomyces.sp..HMSC035G02",0.000154428904352244
"580",35,"Actinomyces.sp..ICM39",0.000523483089637011
"581",35,"Anaerostipes.sp..992a",0.000562991161132231
"582",35,"Bacteroides.ovatus",0.000351117938407697
"583",35,"Enterobacter.cloacae",0.0033332483144477
"584",35,"Erysipelatoclostridium.sp..MP95D5",0.000485194614157081
"585",35,"Intestinibacter.sp..MP113D11",0.000229560166189913
"586",35,"Klebsiella.oxytoca",-0.0131660792976618
"587",35,"Lachnospiraceae.bacterium.CAG.364",-0.0188452797010541
"588",35,"Lactobacillus.paracasei",0.00443775812163949
"589",35,"Prevotella.buccae",0.00013799661246594
"590",35,"Providencia.alcalifaciens",0.000796272972365841
"591",35,"Roseburia.intestinalis",0.000589537376072258
"592",35,"Streptococcus.infantis",0.000780920236138627
"593",35,"Streptococcus.sp..MP111F6_2",-0.00177969632204622
"594",35,"X.Clostridium..aldenense",0.000526205476489849
"595",35,"X.Ruminococcus..sp..MP14G5",0.000446904639829881
"596",36,"Actinomyces.sp..HMSC035G02",0.000392208370612934
"597",36,"Actinomyces.sp..ICM39",0.00141517113661394
"598",36,"Anaerostipes.sp..992a",0.0013695617672056
"599",36,"Bacteroides.ovatus",-0.000424377532908693
"600",36,"Enterobacter.cloacae",0.0123999645002186
"601",36,"Erysipelatoclostridium.sp..MP95D5",0.000233956052397843
"602",36,"Intestinibacter.sp..MP113D11",0.000637511431705207
"603",36,"Klebsiella.oxytoca",0.00162932038074359
"604",36,"Lachnospiraceae.bacterium.CAG.364",0.00142295868135989
"605",36,"Lactobacillus.paracasei",0.00351408834103495
"606",36,"Prevotella.buccae",0.000472141240607016
"607",36,"Providencia.alcalifaciens",0.000860331871081144
"608",36,"Roseburia.intestinalis",-0.000283022192888893
"609",36,"Streptococcus.infantis",0.000727329053916037
"610",36,"Streptococcus.sp..MP111F6_2",0.00206478731706738
"611",36,"X.Clostridium..aldenense",-0.0010244790755678
"612",36,"X.Ruminococcus..sp..MP14G5",0.000633494491921738
"613",37,"Actinomyces.sp..HMSC035G02",0.000555808423087001
"614",37,"Actinomyces.sp..ICM39",0.00127448252169415
"615",37,"Anaerostipes.sp..992a",0.00120825634803623
"616",37,"Bacteroides.ovatus",0.00150643510278314
"617",37,"Enterobacter.cloacae",0.00951185077428818
"618",37,"Erysipelatoclostridium.sp..MP95D5",0.000189037455129437
"619",37,"Intestinibacter.sp..MP113D11",0.000595923367654905
"620",37,"Klebsiella.oxytoca",0.00140807376010343
"621",37,"Lachnospiraceae.bacterium.CAG.364",-0.000986279046628624
"622",37,"Lactobacillus.paracasei",0.00292343168985099
"623",37,"Prevotella.buccae",0.000381939753424376
"624",37,"Providencia.alcalifaciens",0.000818171160062775
"625",37,"Roseburia.intestinalis",0.000569161464227363
"626",37,"Streptococcus.infantis",0.00109044386772439
"627",37,"Streptococcus.sp..MP111F6_2",0.00261602364480495
"628",37,"X.Clostridium..aldenense",-0.000765364617109299
"629",37,"X.Ruminococcus..sp..MP14G5",0.000519001216161996
"630",38,"Actinomyces.sp..HMSC035G02",0.00012084376430721
"631",38,"Actinomyces.sp..ICM39",0.00141342380084097
"632",38,"Anaerostipes.sp..992a",0.00253524421714246
"633",38,"Bacteroides.ovatus",0.000910589878913015
"634",38,"Enterobacter.cloacae",0.0159182664938271
"635",38,"Erysipelatoclostridium.sp..MP95D5",0.00019427589722909
"636",38,"Intestinibacter.sp..MP113D11",0.000598995509790257
"637",38,"Klebsiella.oxytoca",0.000705449172528461
"638",38,"Lachnospiraceae.bacterium.CAG.364",0.00176406506216154
"639",38,"Lactobacillus.paracasei",0.00416108965873718
"640",38,"Prevotella.buccae",0.000678536220220849
"641",38,"Providencia.alcalifaciens",0.000953491922700778
"642",38,"Roseburia.intestinalis",0.00058843771694228
"643",38,"Streptococcus.infantis",0.00125948782078922
"644",38,"Streptococcus.sp..MP111F6_2",0.00307209126185626
"645",38,"X.Clostridium..aldenense",-0.000980766257271171
"646",38,"X.Ruminococcus..sp..MP14G5",0.000640896701952443
"647",39,"Actinomyces.sp..HMSC035G02",0.000481231487356126
"648",39,"Actinomyces.sp..ICM39",0.00126913463464007
"649",39,"Anaerostipes.sp..992a",0.00137624295894057
"650",39,"Bacteroides.ovatus",-0.00114681338891387
"651",39,"Enterobacter.cloacae",0.0114669310860336
"652",39,"Erysipelatoclostridium.sp..MP95D5",0.00016586750280112
"653",39,"Intestinibacter.sp..MP113D11",0.0006530781975016
"654",39,"Klebsiella.oxytoca",0.00142926524858922
"655",39,"Lachnospiraceae.bacterium.CAG.364",0.00124473636969924
"656",39,"Lactobacillus.paracasei",0.00338211550842971
"657",39,"Prevotella.buccae",0.000542398891411722
"658",39,"Providencia.alcalifaciens",0.000778081681346521
"659",39,"Roseburia.intestinalis",0.000686595012666658
"660",39,"Streptococcus.infantis",0.00132609996944666
"661",39,"Streptococcus.sp..MP111F6_2",0.00234039616771042
"662",39,"X.Clostridium..aldenense",-0.0010537015623413
"663",39,"X.Ruminococcus..sp..MP14G5",0.000794306484749541
"664",40,"Actinomyces.sp..HMSC035G02",0.000490531863761134
"665",40,"Actinomyces.sp..ICM39",0.000768259080359712
"666",40,"Anaerostipes.sp..992a",0.000513456703629345
"667",40,"Bacteroides.ovatus",0.00166264828294516
"668",40,"Enterobacter.cloacae",0.00964663131162524
"669",40,"Erysipelatoclostridium.sp..MP95D5",0.000277610160992481
"670",40,"Intestinibacter.sp..MP113D11",0.0006176674796734
"671",40,"Klebsiella.oxytoca",0.000454880995675921
"672",40,"Lachnospiraceae.bacterium.CAG.364",0.00114998908247799
"673",40,"Lactobacillus.paracasei",0.0043378674890846
"674",40,"Prevotella.buccae",-0.00573764322325587
"675",40,"Providencia.alcalifaciens",0.000871330063091591
"676",40,"Roseburia.intestinalis",0.000371128757251427
"677",40,"Streptococcus.infantis",0.000742889591492712
"678",40,"Streptococcus.sp..MP111F6_2",0.00142242718720809
"679",40,"X.Clostridium..aldenense",-0.0012012014631182
"680",40,"X.Ruminococcus..sp..MP14G5",0.000558664061827585
"681",41,"Actinomyces.sp..HMSC035G02",0.000138357943797018
"682",41,"Actinomyces.sp..ICM39",0.000777332956204191
"683",41,"Anaerostipes.sp..992a",0.000599274353589863
"684",41,"Bacteroides.ovatus",0.00102721771690995
"685",41,"Enterobacter.cloacae",0.0112332976423204
"686",41,"Erysipelatoclostridium.sp..MP95D5",0.00031846811180003
"687",41,"Intestinibacter.sp..MP113D11",0.000774817337514833
"688",41,"Klebsiella.oxytoca",0.00166474166326225
"689",41,"Lachnospiraceae.bacterium.CAG.364",0.00192261027405038
"690",41,"Lactobacillus.paracasei",0.00345021719112992
"691",41,"Prevotella.buccae",0.000284387468127534
"692",41,"Providencia.alcalifaciens",0.000847051938762888
"693",41,"Roseburia.intestinalis",-0.000173412110598292
"694",41,"Streptococcus.infantis",0.000546556722838432
"695",41,"Streptococcus.sp..MP111F6_2",0.00219280645251274
"696",41,"X.Clostridium..aldenense",0.00255631376057863
"697",41,"X.Ruminococcus..sp..MP14G5",0.000618397229118273
"698",42,"Actinomyces.sp..HMSC035G02",0.000123636760690715
"699",42,"Actinomyces.sp..ICM39",0.000665420375298709
"700",42,"Anaerostipes.sp..992a",0.000678497279295698
"701",42,"Bacteroides.ovatus",0.000382776575861499
"702",42,"Enterobacter.cloacae",0.0196182858198881
"703",42,"Erysipelatoclostridium.sp..MP95D5",-0.00151434342842549
"704",42,"Intestinibacter.sp..MP113D11",0.000796138599980623
"705",42,"Klebsiella.oxytoca",0.00306934048421681
"706",42,"Lachnospiraceae.bacterium.CAG.364",0.00135570747079328
"707",42,"Lactobacillus.paracasei",-0.00636563007719815
"708",42,"Prevotella.buccae",0.000245908740907907
"709",42,"Providencia.alcalifaciens",0.000879404629813507
"710",42,"Roseburia.intestinalis",0.000796767009887844
"711",42,"Streptococcus.infantis",0.00119354412890971
"712",42,"Streptococcus.sp..MP111F6_2",0.000675826478982344
"713",42,"X.Clostridium..aldenense",0.00474273576401174
"714",42,"X.Ruminococcus..sp..MP14G5",0.000670339446514845
"715",43,"Actinomyces.sp..HMSC035G02",0.000154578468936961
"716",43,"Actinomyces.sp..ICM39",0.000589654198847711
"717",43,"Anaerostipes.sp..992a",0.000566468574106693
"718",43,"Bacteroides.ovatus",0.000362361242878251
"719",43,"Enterobacter.cloacae",0.00914205610752106
"720",43,"Erysipelatoclostridium.sp..MP95D5",0.000325635483022779
"721",43,"Intestinibacter.sp..MP113D11",-0.00613667420111597
"722",43,"Klebsiella.oxytoca",0.00199094455456361
"723",43,"Lachnospiraceae.bacterium.CAG.364",0.000684845901560038
"724",43,"Lactobacillus.paracasei",0.00428203144110739
"725",43,"Prevotella.buccae",0.00014027352881385
"726",43,"Providencia.alcalifaciens",0.000708200212102383
"727",43,"Roseburia.intestinalis",-0.000244889153691474
"728",43,"Streptococcus.infantis",0.000843688729219139
"729",43,"Streptococcus.sp..MP111F6_2",0.000653038470773026
"730",43,"X.Clostridium..aldenense",-0.00206936651375145
"731",43,"X.Ruminococcus..sp..MP14G5",0.000441286145360209
"732",44,"Actinomyces.sp..HMSC035G02",0.000125143364130054
"733",44,"Actinomyces.sp..ICM39",0.00146288960240781
"734",44,"Anaerostipes.sp..992a",0.00246704497840255
"735",44,"Bacteroides.ovatus",0.000729599152691662
"736",44,"Enterobacter.cloacae",0.0169822108000517
"737",44,"Erysipelatoclostridium.sp..MP95D5",0.000340337937814184
"738",44,"Intestinibacter.sp..MP113D11",-0.00222628121264279
"739",44,"Klebsiella.oxytoca",0.00135310413315892
"740",44,"Lachnospiraceae.bacterium.CAG.364",0.00176893343450502
"741",44,"Lactobacillus.paracasei",0.00339170196093619
"742",44,"Prevotella.buccae",0.00089901706087403
"743",44,"Providencia.alcalifaciens",0.00114366062916815
"744",44,"Roseburia.intestinalis",-0.00044226719182916
"745",44,"Streptococcus.infantis",0.000906057277461514
"746",44,"Streptococcus.sp..MP111F6_2",0.00259278807789087
"747",44,"X.Clostridium..aldenense",-0.000736922025680542
"748",44,"X.Ruminococcus..sp..MP14G5",-0.00504188984632492
"749",45,"Actinomyces.sp..HMSC035G02",0.000159723844262771
"750",45,"Actinomyces.sp..ICM39",0.00128971261437982
"751",45,"Anaerostipes.sp..992a",0.00225482427049428
"752",45,"Bacteroides.ovatus",0.000408464504289441
"753",45,"Enterobacter.cloacae",0.0151178031228483
"754",45,"Erysipelatoclostridium.sp..MP95D5",-0.0030362147372216
"755",45,"Intestinibacter.sp..MP113D11",0.000339545440510847
"756",45,"Klebsiella.oxytoca",0.00364073913078755
"757",45,"Lachnospiraceae.bacterium.CAG.364",0.00157252512872219
"758",45,"Lactobacillus.paracasei",0.00412861676886678
"759",45,"Prevotella.buccae",0.000749383441871032
"760",45,"Providencia.alcalifaciens",0.00102631701156497
"761",45,"Roseburia.intestinalis",0.000673744099913165
"762",45,"Streptococcus.infantis",0.00151259294943884
"763",45,"Streptococcus.sp..MP111F6_2",0.00161775399465114
"764",45,"X.Clostridium..aldenense",0.00223137624561787
"765",45,"X.Ruminococcus..sp..MP14G5",0.000606090179644525
"766",46,"Actinomyces.sp..HMSC035G02",0.000159462077135686
"767",46,"Actinomyces.sp..ICM39",0.000532221019966528
"768",46,"Anaerostipes.sp..992a",0.000582784530706704
"769",46,"Bacteroides.ovatus",0.00045742469956167
"770",46,"Enterobacter.cloacae",0.00813543237745762
"771",46,"Erysipelatoclostridium.sp..MP95D5",0.00032916855707299
"772",46,"Intestinibacter.sp..MP113D11",0.000820909917820245
"773",46,"Klebsiella.oxytoca",0.00129194330656901
"774",46,"Lachnospiraceae.bacterium.CAG.364",-0.00217323354445398
"775",46,"Lactobacillus.paracasei",0.00343637040350586
"776",46,"Prevotella.buccae",0.000145612677442841
"777",46,"Providencia.alcalifaciens",0.000824593182187527
"778",46,"Roseburia.intestinalis",0.000492270919494331
"779",46,"Streptococcus.infantis",0.000875086698215455
"780",46,"Streptococcus.sp..MP111F6_2",0.000903284584637731
"781",46,"X.Clostridium..aldenense",-0.00126349559286609
"782",46,"X.Ruminococcus..sp..MP14G5",0.000382938073016703
"783",47,"Actinomyces.sp..HMSC035G02",0.000240764384216163
"784",47,"Actinomyces.sp..ICM39",0.000823348062112927
"785",47,"Anaerostipes.sp..992a",0.00060307583771646
"786",47,"Bacteroides.ovatus",0.000642904051346704
"787",47,"Enterobacter.cloacae",0.0119134187698364
"788",47,"Erysipelatoclostridium.sp..MP95D5",0.00031888743978925
"789",47,"Intestinibacter.sp..MP113D11",0.00100069830659777
"790",47,"Klebsiella.oxytoca",0.00190970586845651
"791",47,"Lachnospiraceae.bacterium.CAG.364",0.000706566584995016
"792",47,"Lactobacillus.paracasei",0.00497678876854479
"793",47,"Prevotella.buccae",0.000183804782864172
"794",47,"Providencia.alcalifaciens",0.000984333106316626
"795",47,"Roseburia.intestinalis",0.000535922823473811
"796",47,"Streptococcus.infantis",0.00199201051145792
"797",47,"Streptococcus.sp..MP111F6_2",0.00193923944607377
"798",47,"X.Clostridium..aldenense",-0.000486180302686989
"799",47,"X.Ruminococcus..sp..MP14G5",0.000645268853986636
"800",48,"Actinomyces.sp..HMSC035G02",0.000143765086249914
"801",48,"Actinomyces.sp..ICM39",0.000663481710944325
"802",48,"Anaerostipes.sp..992a",0.000511386169819161
"803",48,"Bacteroides.ovatus",0.000471474733785726
"804",48,"Enterobacter.cloacae",0.0102398856543005
"805",48,"Erysipelatoclostridium.sp..MP95D5",0.000502847222378477
"806",48,"Intestinibacter.sp..MP113D11",-0.00158288073725998
"807",48,"Klebsiella.oxytoca",0.00553800375200808
"808",48,"Lachnospiraceae.bacterium.CAG.364",0.0013400562456809
"809",48,"Lactobacillus.paracasei",0.0059897773899138
"810",48,"Prevotella.buccae",0.000190468745131511
"811",48,"Providencia.alcalifaciens",0.000799659377662465
"812",48,"Roseburia.intestinalis",0.000706724909832701
"813",48,"Streptococcus.infantis",0.00107275263871998
"814",48,"Streptococcus.sp..MP111F6_2",0.000639645470073447
"815",48,"X.Clostridium..aldenense",0.00535226124338806
"816",48,"X.Ruminococcus..sp..MP14G5",0.000593650067457929
"817",49,"Actinomyces.sp..HMSC035G02",0.000181438241270371
"818",49,"Actinomyces.sp..ICM39",0.000463631673483178
"819",49,"Anaerostipes.sp..992a",0.000498925452120602
"820",49,"Bacteroides.ovatus",0.000268883697572164
"821",49,"Enterobacter.cloacae",8.03385046310723e-05
"822",49,"Erysipelatoclostridium.sp..MP95D5",0.000718947383575141
"823",49,"Intestinibacter.sp..MP113D11",0.000228486518608406
"824",49,"Klebsiella.oxytoca",0.00178333534859121
"825",49,"Lachnospiraceae.bacterium.CAG.364",0.00120129069546238
"826",49,"Lactobacillus.paracasei",-0.008777707349509
"827",49,"Prevotella.buccae",0.000146648337249644
"828",49,"Providencia.alcalifaciens",0.00056507415138185
"829",49,"Roseburia.intestinalis",2.22046182898339e-05
"830",49,"Streptococcus.infantis",0.00085399008821696
"831",49,"Streptococcus.sp..MP111F6_2",0.000753145111957565
"832",49,"X.Clostridium..aldenense",0.000848658004542813
"833",49,"X.Ruminococcus..sp..MP14G5",0.000352637507603504
"834",50,"Actinomyces.sp..HMSC035G02",0.000171981526364107
"835",50,"Actinomyces.sp..ICM39",0.000638327153865248
"836",50,"Anaerostipes.sp..992a",0.000538078544195741
"837",50,"Bacteroides.ovatus",0.000427543127443641
"838",50,"Enterobacter.cloacae",0.0111754178069532
"839",50,"Erysipelatoclostridium.sp..MP95D5",0.000549826421774924
"840",50,"Intestinibacter.sp..MP113D11",0.000344422864145599
"841",50,"Klebsiella.oxytoca",0.00155974546214566
"842",50,"Lachnospiraceae.bacterium.CAG.364",0.00110316881909966
"843",50,"Lactobacillus.paracasei",0.0078959041275084
"844",50,"Prevotella.buccae",0.000145724741742015
"845",50,"Providencia.alcalifaciens",0.000789636746048927
"846",50,"Roseburia.intestinalis",0.000631097529549152
"847",50,"Streptococcus.infantis",0.001119225169532
"848",50,"Streptococcus.sp..MP111F6_2",0.000658006174489856
"849",50,"X.Clostridium..aldenense",0.00310822378378361
"850",50,"X.Ruminococcus..sp..MP14G5",0.000697181996656582
"851",51,"Actinomyces.sp..HMSC035G02",0.000655106909107417
"852",51,"Actinomyces.sp..ICM39",0.000811779813375324
"853",51,"Anaerostipes.sp..992a",0.000512042955961078
"854",51,"Bacteroides.ovatus",-0.00145624333526939
"855",51,"Enterobacter.cloacae",0.00667536188848317
"856",51,"Erysipelatoclostridium.sp..MP95D5",0.000209177676879335
"857",51,"Intestinibacter.sp..MP113D11",0.000615126162301749
"858",51,"Klebsiella.oxytoca",0.00147212145384401
"859",51,"Lachnospiraceae.bacterium.CAG.364",-0.00132494338322431
"860",51,"Lactobacillus.paracasei",0.00427081785164773
"861",51,"Prevotella.buccae",0.000157989015860949
"862",51,"Providencia.alcalifaciens",0.000872509292094037
"863",51,"Roseburia.intestinalis",0.000674805865855888
"864",51,"Streptococcus.infantis",0.00135736004449427
"865",51,"Streptococcus.sp..MP111F6_2",0.00149717199383304
"866",51,"X.Clostridium..aldenense",-0.00136152823688462
"867",51,"X.Ruminococcus..sp..MP14G5",0.000729731080355123
"868",52,"Actinomyces.sp..HMSC035G02",0.000169907863892149
"869",52,"Actinomyces.sp..ICM39",0.000398290852899663
"870",52,"Anaerostipes.sp..992a",0.00033622735645622
"871",52,"Bacteroides.ovatus",-0.00035002053482458
"872",52,"Enterobacter.cloacae",-0.0270174592733383
"873",52,"Erysipelatoclostridium.sp..MP95D5",0.00022305735910777
"874",52,"Intestinibacter.sp..MP113D11",0.000196195207536221
"875",52,"Klebsiella.oxytoca",-0.00408746814355254
"876",52,"Lachnospiraceae.bacterium.CAG.364",0.000712930923327804
"877",52,"Lactobacillus.paracasei",-0.0185201363638043
"878",52,"Prevotella.buccae",0.000112273151898989
"879",52,"Providencia.alcalifaciens",-0.0170823177322745
"880",52,"Roseburia.intestinalis",-3.20063372782897e-06
"881",52,"Streptococcus.infantis",0.00055191564024426
"882",52,"Streptococcus.sp..MP111F6_2",0.000687206513248384
"883",52,"X.Clostridium..aldenense",-0.000647337932605296
"884",52,"X.Ruminococcus..sp..MP14G5",0.000326565903378651
"885",53,"Actinomyces.sp..HMSC035G02",0.00012317304208409
"886",53,"Actinomyces.sp..ICM39",0.000755697576096281
"887",53,"Anaerostipes.sp..992a",0.000573244877159595
"888",53,"Bacteroides.ovatus",0.000897584366612136
"889",53,"Enterobacter.cloacae",0.0162478452548385
"890",53,"Erysipelatoclostridium.sp..MP95D5",0.000301147214486264
"891",53,"Intestinibacter.sp..MP113D11",0.00083142367657274
"892",53,"Klebsiella.oxytoca",-0.00112517038360238
"893",53,"Lachnospiraceae.bacterium.CAG.364",0.00147799332626164
"894",53,"Lactobacillus.paracasei",-0.0104639339260757
"895",53,"Prevotella.buccae",0.000237744112382643
"896",53,"Providencia.alcalifaciens",0.000700172124197707
"897",53,"Roseburia.intestinalis",0.000592400319874287
"898",53,"Streptococcus.infantis",0.000802060327259824
"899",53,"Streptococcus.sp..MP111F6_2",-0.000417416682466865
"900",53,"X.Clostridium..aldenense",0.00385418510995805
"901",53,"X.Ruminococcus..sp..MP14G5",0.000733738008420914
"902",54,"Actinomyces.sp..HMSC035G02",0.000156427784531843
"903",54,"Actinomyces.sp..ICM39",0.000552828831132501
"904",54,"Anaerostipes.sp..992a",0.000688501488184556
"905",54,"Bacteroides.ovatus",0.000343452193192206
"906",54,"Enterobacter.cloacae",0.00692963856272399
"907",54,"Erysipelatoclostridium.sp..MP95D5",0.000304853892885149
"908",54,"Intestinibacter.sp..MP113D11",0.000605276611167938
"909",54,"Klebsiella.oxytoca",0.00157212244812399
"910",54,"Lachnospiraceae.bacterium.CAG.364",0.000811517820693552
"911",54,"Lactobacillus.paracasei",0.004716970724985
"912",54,"Prevotella.buccae",0.00020654881518567
"913",54,"Providencia.alcalifaciens",0.000728242070181295
"914",54,"Roseburia.intestinalis",0.000524948787642643
"915",54,"Streptococcus.infantis",0.000778897694544867
"916",54,"Streptococcus.sp..MP111F6_2",0.000678214972140267
"917",54,"X.Clostridium..aldenense",-0.0027117159916088
"918",54,"X.Ruminococcus..sp..MP14G5",0.000461562565760687
"919",55,"Actinomyces.sp..HMSC035G02",0.000151618347445037
"920",55,"Actinomyces.sp..ICM39",0.000740550778573379
"921",55,"Anaerostipes.sp..992a",0.000633418763754889
"922",55,"Bacteroides.ovatus",0.000424587618908845
"923",55,"Enterobacter.cloacae",0.0057955957017839
"924",55,"Erysipelatoclostridium.sp..MP95D5",0.000158784714585636
"925",55,"Intestinibacter.sp..MP113D11",0.000806932075647637
"926",55,"Klebsiella.oxytoca",0.00115699472371489
"927",55,"Lachnospiraceae.bacterium.CAG.364",0.00097669824026525
"928",55,"Lactobacillus.paracasei",0.0037961786147207
"929",55,"Prevotella.buccae",0.000205556687433273
"930",55,"Providencia.alcalifaciens",0.00069138573599048
"931",55,"Roseburia.intestinalis",0.000382420883397572
"932",55,"Streptococcus.infantis",0.000808342971140519
"933",55,"Streptococcus.sp..MP111F6_2",0.000939850084250793
"934",55,"X.Clostridium..aldenense",-0.00141224538674578
"935",55,"X.Ruminococcus..sp..MP14G5",0.000429558349424042
"936",56,"Actinomyces.sp..HMSC035G02",0.000143282471981365
"937",56,"Actinomyces.sp..ICM39",0.000649302470264956
"938",56,"Anaerostipes.sp..992a",0.000576104153878987
"939",56,"Bacteroides.ovatus",-0.000616099219769239
"940",56,"Enterobacter.cloacae",0.0152661707252264
"941",56,"Erysipelatoclostridium.sp..MP95D5",0.000325237881042995
"942",56,"Intestinibacter.sp..MP113D11",0.000882423133589327
"943",56,"Klebsiella.oxytoca",0.00270503025967628
"944",56,"Lachnospiraceae.bacterium.CAG.364",0.000786104123108089
"945",56,"Lactobacillus.paracasei",0.00610055029392242
"946",56,"Prevotella.buccae",0.000197844310605433
"947",56,"Providencia.alcalifaciens",0.000830042641609907
"948",56,"Roseburia.intestinalis",0.000500767986522987
"949",56,"Streptococcus.infantis",0.000955589028308168
"950",56,"Streptococcus.sp..MP111F6_2",0.00139517372008413
"951",56,"X.Clostridium..aldenense",-0.000962194841122255
"952",56,"X.Ruminococcus..sp..MP14G5",0.000476762812468223
"953",57,"Actinomyces.sp..HMSC035G02",0.000134598194563296
"954",57,"Actinomyces.sp..ICM39",0.00070471822982654
"955",57,"Anaerostipes.sp..992a",0.000608644681051373
"956",57,"Bacteroides.ovatus",-0.00224659265950322
"957",57,"Enterobacter.cloacae",0.0096648340113461
"958",57,"Erysipelatoclostridium.sp..MP95D5",0.000241966015892103
"959",57,"Intestinibacter.sp..MP113D11",0.000579001178266481
"960",57,"Klebsiella.oxytoca",0.00158390228170902
"961",57,"Lachnospiraceae.bacterium.CAG.364",0.000946556217968464
"962",57,"Lactobacillus.paracasei",0.00361253332812339
"963",57,"Prevotella.buccae",0.000206318742129952
"964",57,"Providencia.alcalifaciens",0.000649485795293003
"965",57,"Roseburia.intestinalis",-0.000485489203128964
"966",57,"Streptococcus.infantis",0.000502349488670006
"967",57,"Streptococcus.sp..MP111F6_2",0.00116384902503341
"968",57,"X.Clostridium..aldenense",0.00163982494268566
"969",57,"X.Ruminococcus..sp..MP14G5",-0.0215298151597381
"970",58,"Actinomyces.sp..HMSC035G02",-0.000988934189081192
"971",58,"Actinomyces.sp..ICM39",0.000605148467002437
"972",58,"Anaerostipes.sp..992a",0.000512521830387414
"973",58,"Bacteroides.ovatus",0.000405780228902586
"974",58,"Enterobacter.cloacae",0.0070835673250258
"975",58,"Erysipelatoclostridium.sp..MP95D5",0.000392806396121159
"976",58,"Intestinibacter.sp..MP113D11",0.000351720489561558
"977",58,"Klebsiella.oxytoca",-0.00520161306485534
"978",58,"Lachnospiraceae.bacterium.CAG.364",0.000714870286174119
"979",58,"Lactobacillus.paracasei",-0.0158217842690647
"980",58,"Prevotella.buccae",0.000154254332301207
"981",58,"Providencia.alcalifaciens",0.000708026462234557
"982",58,"Roseburia.intestinalis",0.000528090778971091
"983",58,"Streptococcus.infantis",0.000790478748967871
"984",58,"Streptococcus.sp..MP111F6_2",-0.000148911880387459
"985",58,"X.Clostridium..aldenense",0.00110028678318486
"986",58,"X.Ruminococcus..sp..MP14G5",0.000578259001486003
"987",59,"Actinomyces.sp..HMSC035G02",0.000128662773931865
"988",59,"Actinomyces.sp..ICM39",0.000660377758322284
"989",59,"Anaerostipes.sp..992a",0.000531203782884404
"990",59,"Bacteroides.ovatus",0.000435610374552198
"991",59,"Enterobacter.cloacae",0.00103857662179507
"992",59,"Erysipelatoclostridium.sp..MP95D5",0.000484808944747783
"993",59,"Intestinibacter.sp..MP113D11",-0.00229431455954909
"994",59,"Klebsiella.oxytoca",0.00572849600575864
"995",59,"Lachnospiraceae.bacterium.CAG.364",0.00170710578095168
"996",59,"Lactobacillus.paracasei",0.00477691809646785
"997",59,"Prevotella.buccae",0.000180909773916937
"998",59,"Providencia.alcalifaciens",0.000791046943049878
"999",59,"Roseburia.intestinalis",4.10560132877436e-05
"1000",59,"Streptococcus.infantis",0.000874773046234623
"1001",59,"Streptococcus.sp..MP111F6_2",0.000701795244822279
"1002",59,"X.Clostridium..aldenense",0.00340419192798436
"1003",59,"X.Ruminococcus..sp..MP14G5",0.000499094254337251
"1004",60,"Actinomyces.sp..HMSC035G02",0.000546424998901784
"1005",60,"Actinomyces.sp..ICM39",0.000738215021556243
"1006",60,"Anaerostipes.sp..992a",0.00052789255278185
"1007",60,"Bacteroides.ovatus",0.00153642852092162
"1008",60,"Enterobacter.cloacae",0.00699265557341278
"1009",60,"Erysipelatoclostridium.sp..MP95D5",0.000179329450475052
"1010",60,"Intestinibacter.sp..MP113D11",0.000573432917008176
"1011",60,"Klebsiella.oxytoca",0.00147161638597026
"1012",60,"Lachnospiraceae.bacterium.CAG.364",-0.000991235137917101
"1013",60,"Lactobacillus.paracasei",0.00312131620012224
"1014",60,"Prevotella.buccae",0.000170529179740697
"1015",60,"Providencia.alcalifaciens",0.000820195506094024
"1016",60,"Roseburia.intestinalis",-0.00114266120363027
"1017",60,"Streptococcus.infantis",0.00094148563221097
"1018",60,"Streptococcus.sp..MP111F6_2",0.00217447034083307
"1019",60,"X.Clostridium..aldenense",-0.000516055384650826
"1020",60,"X.Ruminococcus..sp..MP14G5",0.000598671205807477
"1021",61,"Actinomyces.sp..HMSC035G02",0.000156450121721718
"1022",61,"Actinomyces.sp..ICM39",0.000593267730437219
"1023",61,"Anaerostipes.sp..992a",0.000565994560020044
"1024",61,"Bacteroides.ovatus",0.000502708862768486
"1025",61,"Enterobacter.cloacae",0.0112272980622947
"1026",61,"Erysipelatoclostridium.sp..MP95D5",0.00057643506443128
"1027",61,"Intestinibacter.sp..MP113D11",-0.00553064933046699
"1028",61,"Klebsiella.oxytoca",-0.000409171072533354
"1029",61,"Lachnospiraceae.bacterium.CAG.364",0.000938752462388948
"1030",61,"Lactobacillus.paracasei",0.00410233112052083
"1031",61,"Prevotella.buccae",0.000204709431272931
"1032",61,"Providencia.alcalifaciens",0.0015167043893598
"1033",61,"Roseburia.intestinalis",0.00062523820088245
"1034",61,"Streptococcus.infantis",0.00100011413451284
"1035",61,"Streptococcus.sp..MP111F6_2",0.00149907433660701
"1036",61,"X.Clostridium..aldenense",0.000697948620654643
"1037",61,"X.Ruminococcus..sp..MP14G5",0.000536368403118104
"1038",62,"Actinomyces.sp..HMSC035G02",0.000455093279015273
"1039",62,"Actinomyces.sp..ICM39",0.000767314282711595
"1040",62,"Anaerostipes.sp..992a",0.000542519119335338
"1041",62,"Bacteroides.ovatus",9.32293332880363e-05
"1042",62,"Enterobacter.cloacae",0.00831391802057624
"1043",62,"Erysipelatoclostridium.sp..MP95D5",0.00045632770343218
"1044",62,"Intestinibacter.sp..MP113D11",0.000533054582774639
"1045",62,"Klebsiella.oxytoca",0.00107577280141413
"1046",62,"Lachnospiraceae.bacterium.CAG.364",0.00138694915222004
"1047",62,"Lactobacillus.paracasei",0.00367409561295062
"1048",62,"Prevotella.buccae",0.000162733733304776
"1049",62,"Providencia.alcalifaciens",0.000861011212691665
"1050",62,"Roseburia.intestinalis",0.000462383424746804
"1051",62,"Streptococcus.infantis",0.000817550055216998
"1052",62,"Streptococcus.sp..MP111F6_2",0.0016414481215179
"1053",62,"X.Clostridium..aldenense",-0.0014555454836227
"1054",62,"X.Ruminococcus..sp..MP14G5",0.000725912919733673
"1055",63,"Actinomyces.sp..HMSC035G02",0.000142532961035613
"1056",63,"Actinomyces.sp..ICM39",0.000722796306945384
"1057",63,"Anaerostipes.sp..992a",0.000672693771775812
"1058",63,"Bacteroides.ovatus",0.000385163089958951
"1059",63,"Enterobacter.cloacae",0.00773053360171616
"1060",63,"Erysipelatoclostridium.sp..MP95D5",0.000177742098458111
"1061",63,"Intestinibacter.sp..MP113D11",0.000774917949456722
"1062",63,"Klebsiella.oxytoca",0.00162876001559198
"1063",63,"Lachnospiraceae.bacterium.CAG.364",-0.0028839202132076
"1064",63,"Lactobacillus.paracasei",0.00444374931976199
"1065",63,"Prevotella.buccae",0.000190332742931787
"1066",63,"Providencia.alcalifaciens",0.000826036091893911
"1067",63,"Roseburia.intestinalis",0.00043435902625788
"1068",63,"Streptococcus.infantis",0.000986488594207913
"1069",63,"Streptococcus.sp..MP111F6_2",0.000967256375588477
"1070",63,"X.Clostridium..aldenense",-0.00181751314084977
"1071",63,"X.Ruminococcus..sp..MP14G5",0.000415352275012992
"1072",64,"Actinomyces.sp..HMSC035G02",0.000151575724885333
"1073",64,"Actinomyces.sp..ICM39",0.000665608182316646
"1074",64,"Anaerostipes.sp..992a",0.000606128975050524
"1075",64,"Bacteroides.ovatus",0.000302763379295357
"1076",64,"Enterobacter.cloacae",-0.0208674753084779
"1077",64,"Erysipelatoclostridium.sp..MP95D5",0.000312562915496528
"1078",64,"Intestinibacter.sp..MP113D11",-0.00748855341225863
"1079",64,"Klebsiella.oxytoca",-0.00259711011312902
"1080",64,"Lachnospiraceae.bacterium.CAG.364",0.000772564962971956
"1081",64,"Lactobacillus.paracasei",0.00254392030183226
"1082",64,"Prevotella.buccae",0.000177207308297511
"1083",64,"Providencia.alcalifaciens",-0.0513506531715393
"1084",64,"Roseburia.intestinalis",-0.00520492438226938
"1085",64,"Streptococcus.infantis",0.000800892914412543
"1086",64,"Streptococcus.sp..MP111F6_2",0.000730704137822613
"1087",64,"X.Clostridium..aldenense",-0.000485401076730341
"1088",64,"X.Ruminococcus..sp..MP14G5",0.000356150994775817
"1089",65,"Actinomyces.sp..HMSC035G02",0.000749875820474699
"1090",65,"Actinomyces.sp..ICM39",0.00063742310157977
"1091",65,"Anaerostipes.sp..992a",0.000531795842107385
"1092",65,"Bacteroides.ovatus",0.000878713792189956
"1093",65,"Enterobacter.cloacae",0.0114458291791379
"1094",65,"Erysipelatoclostridium.sp..MP95D5",0.000411182409152389
"1095",65,"Intestinibacter.sp..MP113D11",0.000831612560432404
"1096",65,"Klebsiella.oxytoca",-0.00842118542641401
"1097",65,"Lachnospiraceae.bacterium.CAG.364",0.00076600062311627
"1098",65,"Lactobacillus.paracasei",-0.00663916510529816
"1099",65,"Prevotella.buccae",0.000149988751218189
"1100",65,"Providencia.alcalifaciens",0.000811419798992574
"1101",65,"Roseburia.intestinalis",0.000523471884662285
"1102",65,"Streptococcus.infantis",0.00163377285934985
"1103",65,"Streptococcus.sp..MP111F6_2",-6.41463120700791e-05
"1104",65,"X.Clostridium..aldenense",0.00191299774451181
"1105",65,"X.Ruminococcus..sp..MP14G5",0.000483549723867327
"1106",66,"Actinomyces.sp..HMSC035G02",0.000166267738677561
"1107",66,"Actinomyces.sp..ICM39",0.000391207926440984
"1108",66,"Anaerostipes.sp..992a",0.000500102643854916
"1109",66,"Bacteroides.ovatus",-1.16437877295539e-05
"1110",66,"Enterobacter.cloacae",-0.0241780495271087
"1111",66,"Erysipelatoclostridium.sp..MP95D5",0.000385072096833028
"1112",66,"Intestinibacter.sp..MP113D11",0.000187633762834594
"1113",66,"Klebsiella.oxytoca",-0.00492597837001085
"1114",66,"Lachnospiraceae.bacterium.CAG.364",0.000544329319382086
"1115",66,"Lactobacillus.paracasei",-0.00101765830186196
"1116",66,"Prevotella.buccae",0.000161247568030376
"1117",66,"Providencia.alcalifaciens",0.000313373253447935
"1118",66,"Roseburia.intestinalis",4.12548433814663e-06
"1119",66,"Streptococcus.infantis",0.000787143537309021
"1120",66,"Streptococcus.sp..MP111F6_2",0.000204014868359081
"1121",66,"X.Clostridium..aldenense",-0.000107796218799194
"1122",66,"X.Ruminococcus..sp..MP14G5",0.000395108450902626
"1123",67,"Actinomyces.sp..HMSC035G02",0.000154862398630939
"1124",67,"Actinomyces.sp..ICM39",0.000403644386096857
"1125",67,"Anaerostipes.sp..992a",0.00029413093579933
"1126",67,"Bacteroides.ovatus",-0.000401426950702444
"1127",67,"Enterobacter.cloacae",-0.0610060803592205
"1128",67,"Erysipelatoclostridium.sp..MP95D5",0.000259568085311912
"1129",67,"Intestinibacter.sp..MP113D11",0.00015888994676061
"1130",67,"Klebsiella.oxytoca",-0.00548751372843981
"1131",67,"Lachnospiraceae.bacterium.CAG.364",0.000680135854054242
"1132",67,"Lactobacillus.paracasei",-0.00326813757419586
"1133",67,"Prevotella.buccae",0.000133420478960034
"1134",67,"Providencia.alcalifaciens",0.000301202933769673
"1135",67,"Roseburia.intestinalis",1.24071789286972e-05
"1136",67,"Streptococcus.infantis",0.000596349680563435
"1137",67,"Streptococcus.sp..MP111F6_2",0.000340347061865032
"1138",67,"X.Clostridium..aldenense",-0.00158771389396861
"1139",67,"X.Ruminococcus..sp..MP14G5",0.000331406743498519
"1140",68,"Actinomyces.sp..HMSC035G02",0.000177350637386553
"1141",68,"Actinomyces.sp..ICM39",0.000500178401125595
"1142",68,"Anaerostipes.sp..992a",0.000409289030358195
"1143",68,"Bacteroides.ovatus",-9.56620860961266e-05
"1144",68,"Enterobacter.cloacae",-0.00596492737531662
"1145",68,"Erysipelatoclostridium.sp..MP95D5",0.000346029104548506
"1146",68,"Intestinibacter.sp..MP113D11",0.00035028622369282
"1147",68,"Klebsiella.oxytoca",0.000613991025602445
"1148",68,"Lachnospiraceae.bacterium.CAG.364",0.00115124083822593
"1149",68,"Lactobacillus.paracasei",0.00176938425283879
"1150",68,"Prevotella.buccae",0.000140366610139608
"1151",68,"Providencia.alcalifaciens",0.00043185701360926
"1152",68,"Roseburia.intestinalis",1.93494533959893e-05
"1153",68,"Streptococcus.infantis",0.000777742068748921
"1154",68,"Streptococcus.sp..MP111F6_2",0.00107538304291666
"1155",68,"X.Clostridium..aldenense",0.00039670369005762
"1156",68,"X.Ruminococcus..sp..MP14G5",0.00039532822847832
"1157",69,"Actinomyces.sp..HMSC035G02",0.000144603734952398
"1158",69,"Actinomyces.sp..ICM39",0.000459293543826789
"1159",69,"Anaerostipes.sp..992a",0.000508004508446902
"1160",69,"Bacteroides.ovatus",0.000321481478749774
"1161",69,"Enterobacter.cloacae",0.00428489386104047
"1162",69,"Erysipelatoclostridium.sp..MP95D5",0.000525973096955568
"1163",69,"Intestinibacter.sp..MP113D11",0.000253307523962576
"1164",69,"Klebsiella.oxytoca",0.000873387150932103
"1165",69,"Lachnospiraceae.bacterium.CAG.364",0.000357952056219801
"1166",69,"Lactobacillus.paracasei",-0.0304508153349161
"1167",69,"Prevotella.buccae",0.000108695894596167
"1168",69,"Providencia.alcalifaciens",0.000517727836268023
"1169",69,"Roseburia.intestinalis",2.96560738206608e-05
"1170",69,"Streptococcus.infantis",0.000558989908313379
"1171",69,"Streptococcus.sp..MP111F6_2",0.000300292551401071
"1172",69,"X.Clostridium..aldenense",0.000344074476743117
"1173",69,"X.Ruminococcus..sp..MP14G5",0.000435331283370033
"1174",70,"Actinomyces.sp..HMSC035G02",0.000610738759860396
"1175",70,"Actinomyces.sp..ICM39",0.00135072163539007
"1176",70,"Anaerostipes.sp..992a",0.00135362945729867
"1177",70,"Bacteroides.ovatus",0.00122436403762549
"1178",70,"Enterobacter.cloacae",0.00936019374057651
"1179",70,"Erysipelatoclostridium.sp..MP95D5",0.000322090738336556
"1180",70,"Intestinibacter.sp..MP113D11",0.000669593398924917
"1181",70,"Klebsiella.oxytoca",0.00195528235053644
"1182",70,"Lachnospiraceae.bacterium.CAG.364",0.00137998297577724
"1183",70,"Lactobacillus.paracasei",0.00337912514805794
"1184",70,"Prevotella.buccae",0.000450766674475744
"1185",70,"Providencia.alcalifaciens",0.000906192028196529
"1186",70,"Roseburia.intestinalis",-0.000413429588661529
"1187",70,"Streptococcus.infantis",0.000704699894413352
"1188",70,"Streptococcus.sp..MP111F6_2",0.00224198040086776
"1189",70,"X.Clostridium..aldenense",-0.000691998342517763
"1190",70,"X.Ruminococcus..sp..MP14G5",0.000278332561720163
"1191",71,"Actinomyces.sp..HMSC035G02",0.000149629704537801
"1192",71,"Actinomyces.sp..ICM39",0.000532247766386718
"1193",71,"Anaerostipes.sp..992a",0.000544438575161621
"1194",71,"Bacteroides.ovatus",0.00032909051515162
"1195",71,"Enterobacter.cloacae",0.00701594143174589
"1196",71,"Erysipelatoclostridium.sp..MP95D5",0.000210327183594927
"1197",71,"Intestinibacter.sp..MP113D11",-0.00267459859605879
"1198",71,"Klebsiella.oxytoca",0.00140184524934739
"1199",71,"Lachnospiraceae.bacterium.CAG.364",-0.00468356790952384
"1200",71,"Lactobacillus.paracasei",-0.0214914688840508
"1201",71,"Prevotella.buccae",0.000177280911884736
"1202",71,"Providencia.alcalifaciens",0.000814221246400848
"1203",71,"Roseburia.intestinalis",0.000515171559527516
"1204",71,"Streptococcus.infantis",0.000886911060661077
"1205",71,"Streptococcus.sp..MP111F6_2",0.000666093023028225
"1206",71,"X.Clostridium..aldenense",0.00268558436073363
"1207",71,"X.Ruminococcus..sp..MP14G5",0.000456457288237289
"1208",72,"Actinomyces.sp..HMSC035G02",0.00014103289868217
"1209",72,"Actinomyces.sp..ICM39",0.000775197171606123
"1210",72,"Anaerostipes.sp..992a",0.000586719193961471
"1211",72,"Bacteroides.ovatus",0.000915456039365381
"1212",72,"Enterobacter.cloacae",0.0125706633552909
"1213",72,"Erysipelatoclostridium.sp..MP95D5",0.000337166973622516
"1214",72,"Intestinibacter.sp..MP113D11",0.000176137829839718
"1215",72,"Klebsiella.oxytoca",0.00229817559011281
"1216",72,"Lachnospiraceae.bacterium.CAG.364",0.00116992590483278
"1217",72,"Lactobacillus.paracasei",0.0046989624388516
"1218",72,"Prevotella.buccae",0.000199890841031447
"1219",72,"Providencia.alcalifaciens",0.00087403052020818
"1220",72,"Roseburia.intestinalis",0.000869094597874209
"1221",72,"Streptococcus.infantis",0.000939032703172415
"1222",72,"Streptococcus.sp..MP111F6_2",0.00235077820252627
"1223",72,"X.Clostridium..aldenense",-0.00078090067836456
"1224",72,"X.Ruminococcus..sp..MP14G5",0.000743352517019957
"1225",73,"Actinomyces.sp..HMSC035G02",0.000159723844262771
"1226",73,"Actinomyces.sp..ICM39",0.000418238516431302
"1227",73,"Anaerostipes.sp..992a",0.000502335518831387
"1228",73,"Bacteroides.ovatus",0.000349545996868983
"1229",73,"Enterobacter.cloacae",-0.00178875011624768
"1230",73,"Erysipelatoclostridium.sp..MP95D5",0.00042682618368417
"1231",73,"Intestinibacter.sp..MP113D11",0.000235703722864855
"1232",73,"Klebsiella.oxytoca",-0.00401641032658517
"1233",73,"Lachnospiraceae.bacterium.CAG.364",0.000743379641789943
"1234",73,"Lactobacillus.paracasei",0.0012940684100613
"1235",73,"Prevotella.buccae",0.000132111228595022
"1236",73,"Providencia.alcalifaciens",-0.0218307934701443
"1237",73,"Roseburia.intestinalis",3.72882059309632e-05
"1238",73,"Streptococcus.infantis",0.000729665771359578
"1239",73,"Streptococcus.sp..MP111F6_2",0.000674997689202428
"1240",73,"X.Clostridium..aldenense",-0.00431470456533134
"1241",73,"X.Ruminococcus..sp..MP14G5",0.000430551823228598
"1242",74,"Actinomyces.sp..HMSC035G02",0.000149929946928751
"1243",74,"Actinomyces.sp..ICM39",-0.0115618109703064
"1244",74,"Anaerostipes.sp..992a",0.000287523347651586
"1245",74,"Bacteroides.ovatus",-0.000129195468616672
"1246",74,"Enterobacter.cloacae",-0.0576555393636227
"1247",74,"Erysipelatoclostridium.sp..MP95D5",0.00031663995468989
"1248",74,"Intestinibacter.sp..MP113D11",0.000207554068765603
"1249",74,"Klebsiella.oxytoca",0.000246507115662098
"1250",74,"Lachnospiraceae.bacterium.CAG.364",0.000421371485572308
"1251",74,"Lactobacillus.paracasei",-0.0183955477550626
"1252",74,"Prevotella.buccae",0.000129655010823626
"1253",74,"Providencia.alcalifaciens",0.000279436048003845
"1254",74,"Roseburia.intestinalis",-3.20063372782897e-06
"1255",74,"Streptococcus.infantis",0.000467268677311949
"1256",74,"Streptococcus.sp..MP111F6_2",0.000204014868359081
"1257",74,"X.Clostridium..aldenense",-0.000683608988765627
"1258",74,"X.Ruminococcus..sp..MP14G5",0.000313230688334443
"1259",75,"Actinomyces.sp..HMSC035G02",0.000160497023898643
"1260",75,"Actinomyces.sp..ICM39",0.000683010643115267
"1261",75,"Anaerostipes.sp..992a",0.000508205499500036
"1262",75,"Bacteroides.ovatus",0.000538219668669626
"1263",75,"Enterobacter.cloacae",0.0151842683553696
"1264",75,"Erysipelatoclostridium.sp..MP95D5",0.000916085584321991
"1265",75,"Intestinibacter.sp..MP113D11",0.000247170377406292
"1266",75,"Klebsiella.oxytoca",0.00301847490482032
"1267",75,"Lachnospiraceae.bacterium.CAG.364",0.0012982920743525
"1268",75,"Lactobacillus.paracasei",0.00918672326952219
"1269",75,"Prevotella.buccae",0.000191515733604319
"1270",75,"Providencia.alcalifaciens",0.000862199667608365
"1271",75,"Roseburia.intestinalis",0.000767142861150205
"1272",75,"Streptococcus.infantis",0.00103212665999308
"1273",75,"Streptococcus.sp..MP111F6_2",0.00050889264093712
"1274",75,"X.Clostridium..aldenense",0.00853714533150196
"1275",75,"X.Ruminococcus..sp..MP14G5",0.000750599458115175
"1276",76,"Actinomyces.sp..HMSC035G02",0.00015719624934718
"1277",76,"Actinomyces.sp..ICM39",0.000606590445386246
"1278",76,"Anaerostipes.sp..992a",0.000463266856968403
"1279",76,"Bacteroides.ovatus",0.000294156110612676
"1280",76,"Enterobacter.cloacae",0.00132421863963827
"1281",76,"Erysipelatoclostridium.sp..MP95D5",-0.00605403818190098
"1282",76,"Intestinibacter.sp..MP113D11",0.000187717014341615
"1283",76,"Klebsiella.oxytoca",-0.00113654945744202
"1284",76,"Lachnospiraceae.bacterium.CAG.364",0.000425264821387827
"1285",76,"Lactobacillus.paracasei",0.00315895315725356
"1286",76,"Prevotella.buccae",0.000133994079078548
"1287",76,"Providencia.alcalifaciens",-0.0289862686768174
"1288",76,"Roseburia.intestinalis",2.42828446062049e-05
"1289",76,"Streptococcus.infantis",0.000680360273690894
"1290",76,"Streptococcus.sp..MP111F6_2",0.000661041325656697
"1291",76,"X.Clostridium..aldenense",-0.00397320208139718
"1292",76,"X.Ruminococcus..sp..MP14G5",0.00041419209446758
"1293",77,"Actinomyces.sp..HMSC035G02",0.000195442888070829
"1294",77,"Actinomyces.sp..ICM39",0.000528913224115968
"1295",77,"Anaerostipes.sp..992a",0.000533445127075538
"1296",77,"Bacteroides.ovatus",0.000221747694013175
"1297",77,"Enterobacter.cloacae",0.00816249288618565
"1298",77,"Erysipelatoclostridium.sp..MP95D5",0.000569718336919323
"1299",77,"Intestinibacter.sp..MP113D11",0.000276422462775372
"1300",77,"Klebsiella.oxytoca",0.00217935931868851
"1301",77,"Lachnospiraceae.bacterium.CAG.364",0.00104437838308513
"1302",77,"Lactobacillus.paracasei",0.00456790439784527
"1303",77,"Prevotella.buccae",0.000153933033288922
"1304",77,"Providencia.alcalifaciens",0.000436999514931813
"1305",77,"Roseburia.intestinalis",5.8168046962237e-05
"1306",77,"Streptococcus.infantis",0.000991264940239489
"1307",77,"Streptococcus.sp..MP111F6_2",0.000582070526434109
"1308",77,"X.Clostridium..aldenense",0.00369102729018778
"1309",77,"X.Ruminococcus..sp..MP14G5",0.000444611068814993
"1310",78,"Actinomyces.sp..HMSC035G02",0.000127555576909799
"1311",78,"Actinomyces.sp..ICM39",0.000536248087882996
"1312",78,"Anaerostipes.sp..992a",0.000606996240094304
"1313",78,"Bacteroides.ovatus",0.000218536384636536
"1314",78,"Enterobacter.cloacae",0.0129684954881668
"1315",78,"Erysipelatoclostridium.sp..MP95D5",0.000401968689402565
"1316",78,"Intestinibacter.sp..MP113D11",0.000870425894390792
"1317",78,"Klebsiella.oxytoca",-0.00513680651783943
"1318",78,"Lachnospiraceae.bacterium.CAG.364",0.000851760327350348
"1319",78,"Lactobacillus.paracasei",0.00389603851363063
"1320",78,"Prevotella.buccae",9.8203348898096e-05
"1321",78,"Providencia.alcalifaciens",0.000548388110473752
"1322",78,"Roseburia.intestinalis",0.000328372741932981
"1323",78,"Streptococcus.infantis",0.00088478543329984
"1324",78,"Streptococcus.sp..MP111F6_2",0.000790163438068703
"1325",78,"X.Clostridium..aldenense",-0.00224558392073959
"1326",78,"X.Ruminococcus..sp..MP14G5",0.000357286044163629
"1327",79,"Actinomyces.sp..HMSC035G02",0.000754753680666909
"1328",79,"Actinomyces.sp..ICM39",0.000851821183459833
"1329",79,"Anaerostipes.sp..992a",-0.0150072895921767
"1330",79,"Bacteroides.ovatus",-0.000238190295931417
"1331",79,"Enterobacter.cloacae",0.00885263504460454
"1332",79,"Erysipelatoclostridium.sp..MP95D5",0.000171381660038605
"1333",79,"Intestinibacter.sp..MP113D11",0.000808952463557944
"1334",79,"Klebsiella.oxytoca",0.00038000951462891
"1335",79,"Lachnospiraceae.bacterium.CAG.364",0.000986835540970787
"1336",79,"Lactobacillus.paracasei",0.00435003684833646
"1337",79,"Prevotella.buccae",1.93328360182932e-05
"1338",79,"Providencia.alcalifaciens",0.000754526146920398
"1339",79,"Roseburia.intestinalis",-0.000279756117379293
"1340",79,"Streptococcus.infantis",0.0014054654748179
"1341",79,"Streptococcus.sp..MP111F6_2",0.00132919370662421
"1342",79,"X.Clostridium..aldenense",-0.00109763565706089
"1343",79,"X.Ruminococcus..sp..MP14G5",0.00101900444133207
"1344",80,"Actinomyces.sp..HMSC035G02",0.000518918212037534
"1345",80,"Actinomyces.sp..ICM39",0.000624681328190491
"1346",80,"Anaerostipes.sp..992a",0.000562855711905286
"1347",80,"Bacteroides.ovatus",0.00105108472052962
"1348",80,"Enterobacter.cloacae",0.0138467429205775
"1349",80,"Erysipelatoclostridium.sp..MP95D5",0.000198881614778657
"1350",80,"Intestinibacter.sp..MP113D11",0.00074654002673924
"1351",80,"Klebsiella.oxytoca",0.00207233743276447
"1352",80,"Lachnospiraceae.bacterium.CAG.364",0.000817296036984771
"1353",80,"Lactobacillus.paracasei",0.00507105467841029
"1354",80,"Prevotella.buccae",0.000179767921508756
"1355",80,"Providencia.alcalifaciens",0.000660605699522421
"1356",80,"Roseburia.intestinalis",0.000525797659065574
"1357",80,"Streptococcus.infantis",0.00144887319765985
"1358",80,"Streptococcus.sp..MP111F6_2",0.00117819139268249
"1359",80,"X.Clostridium..aldenense",-0.00114130973815918
"1360",80,"X.Ruminococcus..sp..MP14G5",0.000542166759259999
"1361",81,"Actinomyces.sp..HMSC035G02",0.000124474740005098
"1362",81,"Actinomyces.sp..ICM39",0.00134201406035572
"1363",81,"Anaerostipes.sp..992a",0.00249640271067619
"1364",81,"Bacteroides.ovatus",0.000774085696320981
"1365",81,"Enterobacter.cloacae",-0.0121400123462081
"1366",81,"Erysipelatoclostridium.sp..MP95D5",0.000319582526572049
"1367",81,"Intestinibacter.sp..MP113D11",0.000594806624576449
"1368",81,"Klebsiella.oxytoca",-0.00126394757535309
"1369",81,"Lachnospiraceae.bacterium.CAG.364",0.00219415756873786
"1370",81,"Lactobacillus.paracasei",0.00375490356236696
"1371",81,"Prevotella.buccae",0.00081629617488943
"1372",81,"Providencia.alcalifaciens",0.000831928162369877
"1373",81,"Roseburia.intestinalis",0.0005016544891987
"1374",81,"Streptococcus.infantis",0.0014318943140097
"1375",81,"Streptococcus.sp..MP111F6_2",0.00177707383409142
"1376",81,"X.Clostridium..aldenense",-0.00152405950939283
"1377",81,"X.Ruminococcus..sp..MP14G5",0.000713079032720998
"1378",82,"Actinomyces.sp..HMSC035G02",0.000561625027330592
"1379",82,"Actinomyces.sp..ICM39",0.000767638208344579
"1380",82,"Anaerostipes.sp..992a",0.000510275043779984
"1381",82,"Bacteroides.ovatus",0.00164414499886334
"1382",82,"Enterobacter.cloacae",0.00816589267924428
"1383",82,"Erysipelatoclostridium.sp..MP95D5",0.000196223583770916
"1384",82,"Intestinibacter.sp..MP113D11",0.00069377597537823
"1385",82,"Klebsiella.oxytoca",0.00132946931989864
"1386",82,"Lachnospiraceae.bacterium.CAG.364",-0.000870906980708241
"1387",82,"Lactobacillus.paracasei",0.00424679624848068
"1388",82,"Prevotella.buccae",0.000140600466693286
"1389",82,"Providencia.alcalifaciens",0.000818370026536286
"1390",82,"Roseburia.intestinalis",0.000435172478319146
"1391",82,"Streptococcus.infantis",0.0014023682451807
"1392",82,"Streptococcus.sp..MP111F6_2",0.00148770376108587
"1393",82,"X.Clostridium..aldenense",-0.00097596223349683
"1394",82,"X.Ruminococcus..sp..MP14G5",-0.00490425317548215
"1395",83,"Actinomyces.sp..HMSC035G02",0.000612096802797168
"1396",83,"Actinomyces.sp..ICM39",0.00128065003082156
"1397",83,"Anaerostipes.sp..992a",0.00135014374973252
"1398",83,"Bacteroides.ovatus",0.00160105194663629
"1399",83,"Enterobacter.cloacae",0.00982368784025311
"1400",83,"Erysipelatoclostridium.sp..MP95D5",0.000102113521279534
"1401",83,"Intestinibacter.sp..MP113D11",0.000626616238150746
"1402",83,"Klebsiella.oxytoca",5.72950157220475e-05
"1403",83,"Lachnospiraceae.bacterium.CAG.364",0.00111489702248946
"1404",83,"Lactobacillus.paracasei",0.00294479762669653
"1405",83,"Prevotella.buccae",0.000418230338254943
"1406",83,"Providencia.alcalifaciens",0.000759336107876152
"1407",83,"Roseburia.intestinalis",0.000389669585274532
"1408",83,"Streptococcus.infantis",0.00109220528975129
"1409",83,"Streptococcus.sp..MP111F6_2",0.0016210648464039
"1410",83,"X.Clostridium..aldenense",-0.00125379860401154
"1411",83,"X.Ruminococcus..sp..MP14G5",0.000620809325482696
"1412",84,"Actinomyces.sp..HMSC035G02",0.000430479878559709
"1413",84,"Actinomyces.sp..ICM39",0.000737420981749892
"1414",84,"Anaerostipes.sp..992a",0.000552004727069288
"1415",84,"Bacteroides.ovatus",-0.000509855715790763
"1416",84,"Enterobacter.cloacae",0.0101676168851554
"1417",84,"Erysipelatoclostridium.sp..MP95D5",0.000199268251890317
"1418",84,"Intestinibacter.sp..MP113D11",0.000654507632134482
"1419",84,"Klebsiella.oxytoca",0.00181450782110915
"1420",84,"Lachnospiraceae.bacterium.CAG.364",0.000842078792629763
"1421",84,"Lactobacillus.paracasei",0.00346364185679704
"1422",84,"Prevotella.buccae",0.00017302950436715
"1423",84,"Providencia.alcalifaciens",0.000680753495544195
"1424",84,"Roseburia.intestinalis",-0.000211448394111358
"1425",84,"Streptococcus.infantis",0.000570916599826887
"1426",84,"Streptococcus.sp..MP111F6_2",0.00132930651307106
"1427",84,"X.Clostridium..aldenense",-0.000842617097077891
"1428",84,"X.Ruminococcus..sp..MP14G5",0.00106687418883666
"1429",85,"Actinomyces.sp..HMSC035G02",0.000173679356521461
"1430",85,"Actinomyces.sp..ICM39",0.000443955766968429
"1431",85,"Anaerostipes.sp..992a",0.000500102643854916
"1432",85,"Bacteroides.ovatus",0.000214423511351924
"1433",85,"Enterobacter.cloacae",-0.0187880471348763
"1434",85,"Erysipelatoclostridium.sp..MP95D5",0.000467718695290387
"1435",85,"Intestinibacter.sp..MP113D11",0.000129174397443421
"1436",85,"Klebsiella.oxytoca",2.15223444683943e-05
"1437",85,"Lachnospiraceae.bacterium.CAG.364",0.000525916286278516
"1438",85,"Lactobacillus.paracasei",-0.0181029373779893
"1439",85,"Prevotella.buccae",0.000139438823680393
"1440",85,"Providencia.alcalifaciens",0.000424924874096178
"1441",85,"Roseburia.intestinalis",7.50261779103312e-06
"1442",85,"Streptococcus.infantis",0.000765434087952599
"1443",85,"Streptococcus.sp..MP111F6_2",0.00041062080708798
"1444",85,"X.Clostridium..aldenense",0.000310254690703005
"1445",85,"X.Ruminococcus..sp..MP14G5",0.000341551029123366
"1446",86,"Actinomyces.sp..HMSC035G02",0.000140144002216402
"1447",86,"Actinomyces.sp..ICM39",0.000797454500570893
"1448",86,"Anaerostipes.sp..992a",0.000649678549962118
"1449",86,"Bacteroides.ovatus",-0.00577366072684526
"1450",86,"Enterobacter.cloacae",0.0118640824221075
"1451",86,"Erysipelatoclostridium.sp..MP95D5",0.000261111548752524
"1452",86,"Intestinibacter.sp..MP113D11",0.000374584473320283
"1453",86,"Klebsiella.oxytoca",0.00228750600945204
"1454",86,"Lachnospiraceae.bacterium.CAG.364",0.00140198756707832
"1455",86,"Lactobacillus.paracasei",0.00461271777749062
"1456",86,"Prevotella.buccae",0.000211075494007673
"1457",86,"Providencia.alcalifaciens",0.000934616749873385
"1458",86,"Roseburia.intestinalis",0.000846688402816653
"1459",86,"Streptococcus.infantis",0.000834645645227283
"1460",86,"Streptococcus.sp..MP111F6_2",-0.000519583118148148
"1461",86,"X.Clostridium..aldenense",-0.000440891410107724
"1462",86,"X.Ruminococcus..sp..MP14G5",0.000668826687615365
"1463",87,"Actinomyces.sp..HMSC035G02",0.000138007970235776
"1464",87,"Actinomyces.sp..ICM39",0.000994086032733321
"1465",87,"Anaerostipes.sp..992a",-0.0753548070788383
"1466",87,"Bacteroides.ovatus",0.00037188536953181
"1467",87,"Enterobacter.cloacae",0.014227538369596
"1468",87,"Erysipelatoclostridium.sp..MP95D5",0.000163371398230083
"1469",87,"Intestinibacter.sp..MP113D11",2.06623308258713e-05
"1470",87,"Klebsiella.oxytoca",0.000369403540389612
"1471",87,"Lachnospiraceae.bacterium.CAG.364",0.000949884386500344
"1472",87,"Lactobacillus.paracasei",0.00226895371451974
"1473",87,"Prevotella.buccae",-0.0337365847080946
"1474",87,"Providencia.alcalifaciens",0.000686444662278518
"1475",87,"Roseburia.intestinalis",-0.00157708663027734
"1476",87,"Streptococcus.infantis",-0.00904603209346533
"1477",87,"Streptococcus.sp..MP111F6_2",0.0008084908768069
"1478",87,"X.Clostridium..aldenense",-0.00226251769345254
"1479",87,"X.Ruminococcus..sp..MP14G5",0.000507404038216919
"1480",88,"Actinomyces.sp..HMSC035G02",0.000124095189676154
"1481",88,"Actinomyces.sp..ICM39",0.00131653010612354
"1482",88,"Anaerostipes.sp..992a",0.00232283561490476
"1483",88,"Bacteroides.ovatus",0.000798752211267129
"1484",88,"Enterobacter.cloacae",0.0167568363249302
"1485",88,"Erysipelatoclostridium.sp..MP95D5",-0.000503834977280349
"1486",88,"Intestinibacter.sp..MP113D11",0.000671689544105902
"1487",88,"Klebsiella.oxytoca",0.00216531218029559
"1488",88,"Lachnospiraceae.bacterium.CAG.364",0.00208223355002701
"1489",88,"Lactobacillus.paracasei",0.00412875670008361
"1490",88,"Prevotella.buccae",0.000588618713663891
"1491",88,"Providencia.alcalifaciens",0.000866436515934765
"1492",88,"Roseburia.intestinalis",-0.000419914838857949
"1493",88,"Streptococcus.infantis",0.000994900823570788
"1494",88,"Streptococcus.sp..MP111F6_2",0.00208540353924036
"1495",88,"X.Clostridium..aldenense",0.0030447447206825
"1496",88,"X.Ruminococcus..sp..MP14G5",0.000527343567227945
"1497",89,"Actinomyces.sp..HMSC035G02",0.000147264865518082
"1498",89,"Actinomyces.sp..ICM39",0.00082368720904924
"1499",89,"Anaerostipes.sp..992a",0.000635359960142523
"1500",89,"Bacteroides.ovatus",-0.00546741974540055
"1501",89,"Enterobacter.cloacae",0.0144022251479328
"1502",89,"Erysipelatoclostridium.sp..MP95D5",0.000234044855460525
"1503",89,"Intestinibacter.sp..MP113D11",0.000895273464266211
"1504",89,"Klebsiella.oxytoca",0.00201199704315513
"1505",89,"Lachnospiraceae.bacterium.CAG.364",0.00119589816313237
"1506",89,"Lactobacillus.paracasei",0.00456530251540244
"1507",89,"Prevotella.buccae",0.000201730304979719
"1508",89,"Providencia.alcalifaciens",0.000934266456170008
"1509",89,"Roseburia.intestinalis",0.00103864417178556
"1510",89,"Streptococcus.infantis",0.000920123537071049
"1511",89,"Streptococcus.sp..MP111F6_2",0.00185608823085204
"1512",89,"X.Clostridium..aldenense",-0.000481490860693157
"1513",89,"X.Ruminococcus..sp..MP14G5",0.000694370712153614
"1514",90,"Actinomyces.sp..HMSC035G02",0.000164818266057409
"1515",90,"Actinomyces.sp..ICM39",0.000577096419874579
"1516",90,"Anaerostipes.sp..992a",0.000675412389682606
"1517",90,"Bacteroides.ovatus",0.000747161189792678
"1518",90,"Enterobacter.cloacae",0.0118320318870246
"1519",90,"Erysipelatoclostridium.sp..MP95D5",0.00079151795944199
"1520",90,"Intestinibacter.sp..MP113D11",-0.00313587777782232
"1521",90,"Klebsiella.oxytoca",0.0017770427512005
"1522",90,"Lachnospiraceae.bacterium.CAG.364",0.000197611530893482
"1523",90,"Lactobacillus.paracasei",0.00798269780352712
"1524",90,"Prevotella.buccae",0.0002153886234737
"1525",90,"Providencia.alcalifaciens",0.00085098366253078
"1526",90,"Roseburia.intestinalis",0.000525023293448612
"1527",90,"Streptococcus.infantis",0.000991237116977572
"1528",90,"Streptococcus.sp..MP111F6_2",0.00114256731467322
"1529",90,"X.Clostridium..aldenense",0.00907845608890057
"1530",90,"X.Ruminococcus..sp..MP14G5",0.000513669510837644
"1531",91,"Actinomyces.sp..HMSC035G02",0.000126849670778029
"1532",91,"Actinomyces.sp..ICM39",0.000598228129092604
"1533",91,"Anaerostipes.sp..992a",0.00051052839262411
"1534",91,"Bacteroides.ovatus",0.000254729078733362
"1535",91,"Enterobacter.cloacae",0.0049857038538903
"1536",91,"Erysipelatoclostridium.sp..MP95D5",0.000458608206827193
"1537",91,"Intestinibacter.sp..MP113D11",0.000238052176428027
"1538",91,"Klebsiella.oxytoca",-0.00549413543194532
"1539",91,"Lachnospiraceae.bacterium.CAG.364",0.00058351329062134
"1540",91,"Lactobacillus.paracasei",-0.0250443276017904
"1541",91,"Prevotella.buccae",0.00015028389316285
"1542",91,"Providencia.alcalifaciens",0.000693411682732403
"1543",91,"Roseburia.intestinalis",0.000107849522464676
"1544",91,"Streptococcus.infantis",0.000592304422752932
"1545",91,"Streptococcus.sp..MP111F6_2",0.000443057564552873
"1546",91,"X.Clostridium..aldenense",0.000502400100231171
"1547",91,"X.Ruminococcus..sp..MP14G5",0.00045378967479337
"1548",92,"Actinomyces.sp..HMSC035G02",0.00015431238716701
"1549",92,"Actinomyces.sp..ICM39",0.00139374472200871
"1550",92,"Anaerostipes.sp..992a",0.00222447037231177
"1551",92,"Bacteroides.ovatus",0.000321533676469699
"1552",92,"Enterobacter.cloacae",-0.0116960275918245
"1553",92,"Erysipelatoclostridium.sp..MP95D5",0.00049278829828836
"1554",92,"Intestinibacter.sp..MP113D11",0.000253804129897617
"1555",92,"Klebsiella.oxytoca",-0.00499366945587099
"1556",92,"Lachnospiraceae.bacterium.CAG.364",0.00157504208618775
"1557",92,"Lactobacillus.paracasei",0.00487941200844944
"1558",92,"Prevotella.buccae",0.000845521863084286
"1559",92,"Providencia.alcalifaciens",0.000930346664972603
"1560",92,"Roseburia.intestinalis",0.000390845452784561
"1561",92,"Streptococcus.infantis",0.0014284368371591
"1562",92,"Streptococcus.sp..MP111F6_2",0.00140048214234412
"1563",92,"X.Clostridium..aldenense",-0.000948981585679576
"1564",92,"X.Ruminococcus..sp..MP14G5",0.000546481518540531
"1565",93,"Actinomyces.sp..HMSC035G02",0.000155893649207428
"1566",93,"Actinomyces.sp..ICM39",0.00116420909762383
"1567",93,"Anaerostipes.sp..992a",0.00263680052012205
"1568",93,"Bacteroides.ovatus",0.000303878594422713
"1569",93,"Enterobacter.cloacae",0.0218430915847421
"1570",93,"Erysipelatoclostridium.sp..MP95D5",0.000509743360453285
"1571",93,"Intestinibacter.sp..MP113D11",-0.00280976656358689
"1572",93,"Klebsiella.oxytoca",0.00140931032365188
"1573",93,"Lachnospiraceae.bacterium.CAG.364",0.00144829007331282
"1574",93,"Lactobacillus.paracasei",0.00424957950599492
"1575",93,"Prevotella.buccae",0.000795966188888997
"1576",93,"Providencia.alcalifaciens",0.0010152863105759
"1577",93,"Roseburia.intestinalis",0.000893833173904568
"1578",93,"Streptococcus.infantis",0.00150502409087494
"1579",93,"Streptococcus.sp..MP111F6_2",0.00203307438641787
"1580",93,"X.Clostridium..aldenense",-0.00055113885900937
"1581",93,"X.Ruminococcus..sp..MP14G5",0.000477693727589212
"1582",94,"Actinomyces.sp..HMSC035G02",0.000355560667230748
"1583",94,"Actinomyces.sp..ICM39",0.000788328383350745
"1584",94,"Anaerostipes.sp..992a",0.000477375448099338
"1585",94,"Bacteroides.ovatus",-0.000765323202358559
"1586",94,"Enterobacter.cloacae",0.00835293298587203
"1587",94,"Erysipelatoclostridium.sp..MP95D5",0.000192644103663042
"1588",94,"Intestinibacter.sp..MP113D11",0.0007857735035941
"1589",94,"Klebsiella.oxytoca",0.000839221233036369
"1590",94,"Lachnospiraceae.bacterium.CAG.364",-0.00130799214821309
"1591",94,"Lactobacillus.paracasei",-0.00230576621834189
"1592",94,"Prevotella.buccae",0.000131618158775382
"1593",94,"Providencia.alcalifaciens",0.000835429062135518
"1594",94,"Roseburia.intestinalis",0.000479409645777196
"1595",94,"Streptococcus.infantis",0.00143591506639495
"1596",94,"Streptococcus.sp..MP111F6_2",0.00168847007444128
"1597",94,"X.Clostridium..aldenense",-0.00110484997276217
"1598",94,"X.Ruminococcus..sp..MP14G5",0.000658835750073195
"1599",95,"Actinomyces.sp..HMSC035G02",0.000155893649207428
"1600",95,"Actinomyces.sp..ICM39",0.00116429489571601
"1601",95,"Anaerostipes.sp..992a",0.00249321851879358
"1602",95,"Bacteroides.ovatus",0.000408464504289441
"1603",95,"Enterobacter.cloacae",0.0150330513715744
"1604",95,"Erysipelatoclostridium.sp..MP95D5",0.000521359412232414
"1605",95,"Intestinibacter.sp..MP113D11",0.000360606718459167
"1606",95,"Klebsiella.oxytoca",0.000906563800526783
"1607",95,"Lachnospiraceae.bacterium.CAG.364",0.001607304031495
"1608",95,"Lactobacillus.paracasei",0.00410248467233032
"1609",95,"Prevotella.buccae",0.000724267156329006
"1610",95,"Providencia.alcalifaciens",0.00106922356644645
"1611",95,"Roseburia.intestinalis",0.0005647944053635
"1612",95,"Streptococcus.infantis",0.00140088493935764
"1613",95,"Streptococcus.sp..MP111F6_2",0.00180750753497705
"1614",95,"X.Clostridium..aldenense",-0.0004796520806849
"1615",95,"X.Ruminococcus..sp..MP14G5",0.000461505871498957
"1616",96,"Actinomyces.sp..HMSC035G02",0.000122091463708784
"1617",96,"Actinomyces.sp..ICM39",0.00143095944076777
"1618",96,"Anaerostipes.sp..992a",0.00262412999290973
"1619",96,"Bacteroides.ovatus",0.000488644087454304
"1620",96,"Enterobacter.cloacae",0.0218089502304792
"1621",96,"Erysipelatoclostridium.sp..MP95D5",0.000209742203878704
"1622",96,"Intestinibacter.sp..MP113D11",-0.0019614978809841
"1623",96,"Klebsiella.oxytoca",0.00180556206032634
"1624",96,"Lachnospiraceae.bacterium.CAG.364",0.00160744856111705
"1625",96,"Lactobacillus.paracasei",0.00466483179479837
"1626",96,"Prevotella.buccae",0.000856095924973488
"1627",96,"Providencia.alcalifaciens",0.00100970698986202
"1628",96,"Roseburia.intestinalis",0.000575357174966484
"1629",96,"Streptococcus.infantis",0.00143439543899149
"1630",96,"Streptococcus.sp..MP111F6_2",0.00171616958687082
"1631",96,"X.Clostridium..aldenense",-0.000904576008906588
"1632",96,"X.Ruminococcus..sp..MP14G5",0.000485211392515339
"1633",97,"Actinomyces.sp..HMSC035G02",0.000199502595933154
"1634",97,"Actinomyces.sp..ICM39",0.000376200317987241
"1635",97,"Anaerostipes.sp..992a",0.000500102643854916
"1636",97,"Bacteroides.ovatus",-3.9526223190478e-05
"1637",97,"Enterobacter.cloacae",-0.0267466697841883
"1638",97,"Erysipelatoclostridium.sp..MP95D5",0.000490284408442676
"1639",97,"Intestinibacter.sp..MP113D11",0.000231219266424887
"1640",97,"Klebsiella.oxytoca",-0.00406102370470762
"1641",97,"Lachnospiraceae.bacterium.CAG.364",0.000449935178039595
"1642",97,"Lactobacillus.paracasei",-0.000782077375333756
"1643",97,"Prevotella.buccae",0.000143561403092463
"1644",97,"Providencia.alcalifaciens",0.00033661191991996
"1645",97,"Roseburia.intestinalis",1.87442328751786e-05
"1646",97,"Streptococcus.infantis",-0.0103946109302342
"1647",97,"Streptococcus.sp..MP111F6_2",0.000208467550692149
"1648",97,"X.Clostridium..aldenense",-0.00115596276009455
"1649",97,"X.Ruminococcus..sp..MP14G5",0.000324011984048411
"1650",98,"Actinomyces.sp..HMSC035G02",0.000137616683787201
"1651",98,"Actinomyces.sp..ICM39",0.000742326170438901
"1652",98,"Anaerostipes.sp..992a",0.000561189401196316
"1653",98,"Bacteroides.ovatus",-0.00158614298561588
"1654",98,"Enterobacter.cloacae",-0.0653488710522652
"1655",98,"Erysipelatoclostridium.sp..MP95D5",0.000278860112302937
"1656",98,"Intestinibacter.sp..MP113D11",0.000763848714996129
"1657",98,"Klebsiella.oxytoca",0.00187593954615295
"1658",98,"Lachnospiraceae.bacterium.CAG.364",0.000611712195677683
"1659",98,"Lactobacillus.paracasei",0.00480092479847372
"1660",98,"Prevotella.buccae",0.000180404022103176
"1661",98,"Providencia.alcalifaciens",0.000578837178181857
"1662",98,"Roseburia.intestinalis",0.000269809417659417
"1663",98,"Streptococcus.infantis",0.000910863105673343
"1664",98,"Streptococcus.sp..MP111F6_2",0.000963397993473336
"1665",98,"X.Clostridium..aldenense",-0.00114667596062645
"1666",98,"X.Ruminococcus..sp..MP14G5",9.6514693723293e-05
"1667",99,"Actinomyces.sp..HMSC035G02",0.000124531652545556
"1668",99,"Actinomyces.sp..ICM39",0.000753244559746236
"1669",99,"Anaerostipes.sp..992a",0.00142546324059367
"1670",99,"Bacteroides.ovatus",0.000277713435934857
"1671",99,"Enterobacter.cloacae",0.00792350992560387
"1672",99,"Erysipelatoclostridium.sp..MP95D5",-0.00534686842001975
"1673",99,"Intestinibacter.sp..MP113D11",0.000198408859432675
"1674",99,"Klebsiella.oxytoca",-0.00134264375083148
"1675",99,"Lachnospiraceae.bacterium.CAG.364",0.00062807704671286
"1676",99,"Lactobacillus.paracasei",0.00193069054512307
"1677",99,"Prevotella.buccae",0.000339223755872808
"1678",99,"Providencia.alcalifaciens",-0.0356466546654701
"1679",99,"Roseburia.intestinalis",0.000296869853627868
"1680",99,"Streptococcus.infantis",0.00107980205211788
"1681",99,"Streptococcus.sp..MP111F6_2",0.000912264571525156
"1682",99,"X.Clostridium..aldenense",-0.00116936914855614
"1683",99,"X.Ruminococcus..sp..MP14G5",0.000425615493441001
"1684",100,"Actinomyces.sp..HMSC035G02",0.000137519324198365
"1685",100,"Actinomyces.sp..ICM39",0.000484278338262811
"1686",100,"Anaerostipes.sp..992a",0.00042909846524708
"1687",100,"Bacteroides.ovatus",0.000303518667351454
"1688",100,"Enterobacter.cloacae",0.00583537807688117
"1689",100,"Erysipelatoclostridium.sp..MP95D5",-0.00583217665553093
"1690",100,"Intestinibacter.sp..MP113D11",3.66866661352105e-05
"1691",100,"Klebsiella.oxytoca",-0.0105881909839809
"1692",100,"Lachnospiraceae.bacterium.CAG.364",0.000408513966249302
"1693",100,"Lactobacillus.paracasei",0.0043134733568877
"1694",100,"Prevotella.buccae",0.000129335661767982
"1695",100,"Providencia.alcalifaciens",-0.0504591651260853
"1696",100,"Roseburia.intestinalis",0.000335415359586477
"1697",100,"Streptococcus.infantis",0.000773964449763298
"1698",100,"Streptococcus.sp..MP111F6_2",0.000476111628813669
"1699",100,"X.Clostridium..aldenense",-0.00610203552059829
"1700",100,"X.Ruminococcus..sp..MP14G5",0.000463883465272374
"1701",101,"Actinomyces.sp..HMSC035G02",0.000663267099298537
"1702",101,"Actinomyces.sp..ICM39",0.000728405313566327
"1703",101,"Anaerostipes.sp..992a",0.000484108226373792
"1704",101,"Bacteroides.ovatus",0.00178553391015157
"1705",101,"Enterobacter.cloacae",0.00644603371620178
"1706",101,"Erysipelatoclostridium.sp..MP95D5",0.000239133580180351
"1707",101,"Intestinibacter.sp..MP113D11",0.000686461658915505
"1708",101,"Klebsiella.oxytoca",0.00121581787243485
"1709",101,"Lachnospiraceae.bacterium.CAG.364",-0.00527255958877504
"1710",101,"Lactobacillus.paracasei",0.00397500931285322
"1711",101,"Prevotella.buccae",0.000160368545039091
"1712",101,"Providencia.alcalifaciens",0.000677188014378771
"1713",101,"Roseburia.intestinalis",0.000554524071048945
"1714",101,"Streptococcus.infantis",0.00105628703022376
"1715",101,"Streptococcus.sp..MP111F6_2",0.00193773454520851
"1716",101,"X.Clostridium..aldenense",-0.001083463372197
"1717",101,"X.Ruminococcus..sp..MP14G5",0.000587951159104705
"1718",102,"Actinomyces.sp..HMSC035G02",0.000594420038396493
"1719",102,"Actinomyces.sp..ICM39",0.00133898941567168
"1720",102,"Anaerostipes.sp..992a",0.00138363905716687
"1721",102,"Bacteroides.ovatus",0.00160164706176147
"1722",102,"Enterobacter.cloacae",0.00855083437636495
"1723",102,"Erysipelatoclostridium.sp..MP95D5",0.000121882127132267
"1724",102,"Intestinibacter.sp..MP113D11",0.000288630326394923
"1725",102,"Klebsiella.oxytoca",0.00138384435558692
"1726",102,"Lachnospiraceae.bacterium.CAG.364",0.00124417553888634
"1727",102,"Lactobacillus.paracasei",0.00387115799821913
"1728",102,"Prevotella.buccae",0.000468675716547295
"1729",102,"Providencia.alcalifaciens",0.000885551475221291
"1730",102,"Roseburia.intestinalis",-0.00041211408097297
"1731",102,"Streptococcus.infantis",0.00129682855913416
"1732",102,"Streptococcus.sp..MP111F6_2",0.0018592084525153
"1733",102,"X.Clostridium..aldenense",-0.000821724883280694
"1734",102,"X.Ruminococcus..sp..MP14G5",0.000239692024479154
"1735",103,"Actinomyces.sp..HMSC035G02",0.000123118283227086
"1736",103,"Actinomyces.sp..ICM39",0.000572941964492202
"1737",103,"Anaerostipes.sp..992a",0.000554641912458465
"1738",103,"Bacteroides.ovatus",0.000434118555858731
"1739",103,"Enterobacter.cloacae",0.0124026066623628
"1740",103,"Erysipelatoclostridium.sp..MP95D5",0.000244754242885392
"1741",103,"Intestinibacter.sp..MP113D11",0.000511123333126307
"1742",103,"Klebsiella.oxytoca",-0.0185395199805498
"1743",103,"Lachnospiraceae.bacterium.CAG.364",0.000861108157550916
"1744",103,"Lactobacillus.paracasei",-0.0228124754503369
"1745",103,"Prevotella.buccae",0.000209310775971971
"1746",103,"Providencia.alcalifaciens",0.000531007390236482
"1747",103,"Roseburia.intestinalis",0.000458988739410415
"1748",103,"Streptococcus.infantis",0.000739255017833784
"1749",103,"Streptococcus.sp..MP111F6_2",0.000408726089517586
"1750",103,"X.Clostridium..aldenense",0.00172908586682752
"1751",103,"X.Ruminococcus..sp..MP14G5",0.000429695486673154
"1752",104,"Actinomyces.sp..HMSC035G02",0.000114413393021096
"1753",104,"Actinomyces.sp..ICM39",0.00138464948395267
"1754",104,"Anaerostipes.sp..992a",0.00243551365565509
"1755",104,"Bacteroides.ovatus",0.000739589188015088
"1756",104,"Enterobacter.cloacae",0.0139047834090889
"1757",104,"Erysipelatoclostridium.sp..MP95D5",0.000162292992172297
"1758",104,"Intestinibacter.sp..MP113D11",-0.00368932727724314
"1759",104,"Klebsiella.oxytoca",0.000778239278588444
"1760",104,"Lachnospiraceae.bacterium.CAG.364",-0.00123118044575676
"1761",104,"Lactobacillus.paracasei",-0.0103369555436075
"1762",104,"Prevotella.buccae",0.000915806915145367
"1763",104,"Providencia.alcalifaciens",0.00114606757415459
"1764",104,"Roseburia.intestinalis",-0.000392499801819213
"1765",104,"Streptococcus.infantis",0.00113269523717463
"1766",104,"Streptococcus.sp..MP111F6_2",0.000473200081614777
"1767",104,"X.Clostridium..aldenense",-0.000647848006337881
"1768",104,"X.Ruminococcus..sp..MP14G5",0.000673297967296094
"1769",105,"Actinomyces.sp..HMSC035G02",0.000119654374429956
"1770",105,"Actinomyces.sp..ICM39",0.00131017464445904
"1771",105,"Anaerostipes.sp..992a",0.00245446048211306
"1772",105,"Bacteroides.ovatus",0.000806761963758618
"1773",105,"Enterobacter.cloacae",0.0178724592551589
"1774",105,"Erysipelatoclostridium.sp..MP95D5",0.000259792708675377
"1775",105,"Intestinibacter.sp..MP113D11",0.000632505369139835
"1776",105,"Klebsiella.oxytoca",0.00275045004673302
"1777",105,"Lachnospiraceae.bacterium.CAG.364",0.00204248941736296
"1778",105,"Lactobacillus.paracasei",0.0035307623911649
"1779",105,"Prevotella.buccae",0.00050778899458237
"1780",105,"Providencia.alcalifaciens",0.000850184733280912
"1781",105,"Roseburia.intestinalis",0.000426833546953276
"1782",105,"Streptococcus.infantis",0.00123049790272489
"1783",105,"Streptococcus.sp..MP111F6_2",0.00270059623289853
"1784",105,"X.Clostridium..aldenense",-0.000384580882382579
"1785",105,"X.Ruminococcus..sp..MP14G5",0.000719330535503104
"1786",106,"Actinomyces.sp..HMSC035G02",0.000195442888070829
"1787",106,"Actinomyces.sp..ICM39",0.000504687806824222
"1788",106,"Anaerostipes.sp..992a",0.000498925452120602
"1789",106,"Bacteroides.ovatus",0.000270202857791446
"1790",106,"Enterobacter.cloacae",-0.0179299721494317
"1791",106,"Erysipelatoclostridium.sp..MP95D5",0.000524090079125017
"1792",106,"Intestinibacter.sp..MP113D11",0.000230339079280384
"1793",106,"Klebsiella.oxytoca",0.000233381171710789
"1794",106,"Lachnospiraceae.bacterium.CAG.364",0.000715633359504864
"1795",106,"Lactobacillus.paracasei",0.000857641542097554
"1796",106,"Prevotella.buccae",0.000139438823680393
"1797",106,"Providencia.alcalifaciens",0.000453588741947897
"1798",106,"Roseburia.intestinalis",1.87442328751786e-05
"1799",106,"Streptococcus.infantis",0.000650623405817896
"1800",106,"Streptococcus.sp..MP111F6_2",0.000432312008342706
"1801",106,"X.Clostridium..aldenense",0.000540986788109876
"1802",106,"X.Ruminococcus..sp..MP14G5",0.000378968048607931
"1803",107,"Actinomyces.sp..HMSC035G02",0.000477251713164151
"1804",107,"Actinomyces.sp..ICM39",0.00134337693452835
"1805",107,"Anaerostipes.sp..992a",0.00142549449810758
"1806",107,"Bacteroides.ovatus",0.00106901489198208
"1807",107,"Enterobacter.cloacae",0.0147080225870013
"1808",107,"Erysipelatoclostridium.sp..MP95D5",0.000155521483975463
"1809",107,"Intestinibacter.sp..MP113D11",0.000742644973797724
"1810",107,"Klebsiella.oxytoca",0.00163686991436407
"1811",107,"Lachnospiraceae.bacterium.CAG.364",0.00122380937682465
"1812",107,"Lactobacillus.paracasei",0.0038316628197208
"1813",107,"Prevotella.buccae",0.000515407882630825
"1814",107,"Providencia.alcalifaciens",0.000725895224604756
"1815",107,"Roseburia.intestinalis",0.000531264871824533
"1816",107,"Streptococcus.infantis",0.00136624445440248
"1817",107,"Streptococcus.sp..MP111F6_2",0.00160527299158275
"1818",107,"X.Clostridium..aldenense",-0.00132151588331908
"1819",107,"X.Ruminococcus..sp..MP14G5",0.000474461310659535
"1820",108,"Actinomyces.sp..HMSC035G02",0.000154999710503034
"1821",108,"Actinomyces.sp..ICM39",0.000539091823156923
"1822",108,"Anaerostipes.sp..992a",0.000614668155321851
"1823",108,"Bacteroides.ovatus",0.000483944779261947
"1824",108,"Enterobacter.cloacae",0.0174054466187954
"1825",108,"Erysipelatoclostridium.sp..MP95D5",0.000805691932328045
"1826",108,"Intestinibacter.sp..MP113D11",0.000613797194091603
"1827",108,"Klebsiella.oxytoca",0.00240503146778792
"1828",108,"Lachnospiraceae.bacterium.CAG.364",-0.0151791996322572
"1829",108,"Lactobacillus.paracasei",-0.0111653232015669
"1830",108,"Prevotella.buccae",0.000197511981241405
"1831",108,"Providencia.alcalifaciens",0.000814840605016798
"1832",108,"Roseburia.intestinalis",0.00087103748228401
"1833",108,"Streptococcus.infantis",0.00100674154236913
"1834",108,"Streptococcus.sp..MP111F6_2",0.00112057011574507
"1835",108,"X.Clostridium..aldenense",-0.00125834322534502
"1836",108,"X.Ruminococcus..sp..MP14G5",0.000450024119345471
"1837",109,"Actinomyces.sp..HMSC035G02",0.000316514720907435
"1838",109,"Actinomyces.sp..ICM39",0.000454516251920722
"1839",109,"Anaerostipes.sp..992a",0.000416786773712374
"1840",109,"Bacteroides.ovatus",-0.0268279006704688
"1841",109,"Enterobacter.cloacae",-0.003757034544833
"1842",109,"Erysipelatoclostridium.sp..MP95D5",0.000370714187738486
"1843",109,"Intestinibacter.sp..MP113D11",0.000119262545922538
"1844",109,"Klebsiella.oxytoca",-0.000217919412534684
"1845",109,"Lachnospiraceae.bacterium.CAG.364",0.000320521488902159
"1846",109,"Lactobacillus.paracasei",-0.00111527444096282
"1847",109,"Prevotella.buccae",0.00012410087583703
"1848",109,"Providencia.alcalifaciens",0.000350922069628723
"1849",109,"Roseburia.intestinalis",-1.26980057757464e-06
"1850",109,"Streptococcus.infantis",0.0006607515970245
"1851",109,"Streptococcus.sp..MP111F6_2",0.000417301896959543
"1852",109,"X.Clostridium..aldenense",-0.00372912269085646
"1853",109,"X.Ruminococcus..sp..MP14G5",0.000337384815793484
"1854",110,"Actinomyces.sp..HMSC035G02",0.000169907863892149
"1855",110,"Actinomyces.sp..ICM39",0.000459324626717716
"1856",110,"Anaerostipes.sp..992a",0.00051052839262411
"1857",110,"Bacteroides.ovatus",0.000286824579234235
"1858",110,"Enterobacter.cloacae",0.000722120923455805
"1859",110,"Erysipelatoclostridium.sp..MP95D5",-0.00492271082475781
"1860",110,"Intestinibacter.sp..MP113D11",0.00021106943313498
"1861",110,"Klebsiella.oxytoca",0.000168505997862667
"1862",110,"Lachnospiraceae.bacterium.CAG.364",0.000748431833926588
"1863",110,"Lactobacillus.paracasei",5.13714330736548e-05
"1864",110,"Prevotella.buccae",0.000141150936542545
"1865",110,"Providencia.alcalifaciens",0.00039797934005037
"1866",110,"Roseburia.intestinalis",4.12548433814663e-06
"1867",110,"Streptococcus.infantis",0.000791337719419971
"1868",110,"Streptococcus.sp..MP111F6_2",0.000525991767062806
"1869",110,"X.Clostridium..aldenense",0.000531327284988947
"1870",110,"X.Ruminococcus..sp..MP14G5",0.000434471730841324
"1871",111,"Actinomyces.sp..HMSC035G02",0.000792793405707926
"1872",111,"Actinomyces.sp..ICM39",0.000593033619225025
"1873",111,"Anaerostipes.sp..992a",0.000386960455216467
"1874",111,"Bacteroides.ovatus",0.000886129506397992
"1875",111,"Enterobacter.cloacae",-0.0266699166968465
"1876",111,"Erysipelatoclostridium.sp..MP95D5",0.000662116246530786
"1877",111,"Intestinibacter.sp..MP113D11",0.000298172686598264
"1878",111,"Klebsiella.oxytoca",0.00505276024341583
"1879",111,"Lachnospiraceae.bacterium.CAG.364",0.000761626404710114
"1880",111,"Lactobacillus.paracasei",0.00535902287811041
"1881",111,"Prevotella.buccae",9.37085096666124e-05
"1882",111,"Providencia.alcalifaciens",0.000924597843550146
"1883",111,"Roseburia.intestinalis",-0.000236652791500092
"1884",111,"Streptococcus.infantis",0.00159670924767852
"1885",111,"Streptococcus.sp..MP111F6_2",0.000662595382891595
"1886",111,"X.Clostridium..aldenense",-0.000722539727576077
"1887",111,"X.Ruminococcus..sp..MP14G5",0.000621652114205062
"1888",112,"Actinomyces.sp..HMSC035G02",0.000419439413235523
"1889",112,"Actinomyces.sp..ICM39",0.000625922344624996
"1890",112,"Anaerostipes.sp..992a",0.000551106932107359
"1891",112,"Bacteroides.ovatus",0.000917556986678392
"1892",112,"Enterobacter.cloacae",0.00996928615495563
"1893",112,"Erysipelatoclostridium.sp..MP95D5",0.000186430595931597
"1894",112,"Intestinibacter.sp..MP113D11",0.000836377526866272
"1895",112,"Klebsiella.oxytoca",0.00205076730344445
"1896",112,"Lachnospiraceae.bacterium.CAG.364",-2.46983545366675e-05
"1897",112,"Lactobacillus.paracasei",0.00492861797101796
"1898",112,"Prevotella.buccae",0.000149365507240873
"1899",112,"Providencia.alcalifaciens",0.000696560367941856
"1900",112,"Roseburia.intestinalis",0.00052424703608267
"1901",112,"Streptococcus.infantis",0.000920379156013951
"1902",112,"Streptococcus.sp..MP111F6_2",0.00106649857480079
"1903",112,"X.Clostridium..aldenense",-0.00112436356721446
"1904",112,"X.Ruminococcus..sp..MP14G5",0.000491846032673493
"1905",113,"Actinomyces.sp..HMSC035G02",0.000527194672031328
"1906",113,"Actinomyces.sp..ICM39",0.00130787590751424
"1907",113,"Anaerostipes.sp..992a",0.00138833484379575
"1908",113,"Bacteroides.ovatus",0.00131567823700607
"1909",113,"Enterobacter.cloacae",0.0101987821981311
"1910",113,"Erysipelatoclostridium.sp..MP95D5",0.000256905434071086
"1911",113,"Intestinibacter.sp..MP113D11",0.000127788909594528
"1912",113,"Klebsiella.oxytoca",0.000673135975375772
"1913",113,"Lachnospiraceae.bacterium.CAG.364",0.00120523013174534
"1914",113,"Lactobacillus.paracasei",0.00287755264434963
"1915",113,"Prevotella.buccae",0.000495493033668026
"1916",113,"Providencia.alcalifaciens",0.000799774599727243
"1917",113,"Roseburia.intestinalis",0.00056276741088368
"1918",113,"Streptococcus.infantis",0.00107263075187802
"1919",113,"Streptococcus.sp..MP111F6_2",0.00263382762204856
"1920",113,"X.Clostridium..aldenense",-0.000988982676062733
"1921",113,"X.Ruminococcus..sp..MP14G5",0.000550867989659309
"1922",114,"Actinomyces.sp..HMSC035G02",0.000627100263955072
"1923",114,"Actinomyces.sp..ICM39",0.00126792391529307
"1924",114,"Anaerostipes.sp..992a",0.00135259359376505
"1925",114,"Bacteroides.ovatus",0.00157092971494421
"1926",114,"Enterobacter.cloacae",0.0112253604456782
"1927",114,"Erysipelatoclostridium.sp..MP95D5",0.000222112961637322
"1928",114,"Intestinibacter.sp..MP113D11",0.000706297578290105
"1929",114,"Klebsiella.oxytoca",0.00131943426094949
"1930",114,"Lachnospiraceae.bacterium.CAG.364",0.000545573828276247
"1931",114,"Lactobacillus.paracasei",0.00341879506595433
"1932",114,"Prevotella.buccae",0.000494371459353715
"1933",114,"Providencia.alcalifaciens",0.000853949750307947
"1934",114,"Roseburia.intestinalis",0.000511833262862638
"1935",114,"Streptococcus.infantis",0.00112908176379278
"1936",114,"Streptococcus.sp..MP111F6_2",0.00281617708969861
"1937",114,"X.Clostridium..aldenense",-0.000684297265252098
"1938",114,"X.Ruminococcus..sp..MP14G5",0.000718468625564128
"1939",115,"Actinomyces.sp..HMSC035G02",0.000271862227236852
"1940",115,"Actinomyces.sp..ICM39",0.000497264554724097
"1941",115,"Anaerostipes.sp..992a",0.000535816245246679
"1942",115,"Bacteroides.ovatus",0.000488279401906766
"1943",115,"Enterobacter.cloacae",0.0102475970052183
"1944",115,"Erysipelatoclostridium.sp..MP95D5",0.000236088482779451
"1945",115,"Intestinibacter.sp..MP113D11",0.000605072797043249
"1946",115,"Klebsiella.oxytoca",0.00126052467385307
"1947",115,"Lachnospiraceae.bacterium.CAG.364",0.000436158457887359
"1948",115,"Lactobacillus.paracasei",0.00278627150692046
"1949",115,"Prevotella.buccae",0.000137746465043165
"1950",115,"Providencia.alcalifaciens",0.000529098761035129
"1951",115,"Roseburia.intestinalis",0.000263435649685562
"1952",115,"Streptococcus.infantis",0.000733343971660361
"1953",115,"Streptococcus.sp..MP111F6_2",0.000899117585504428
"1954",115,"X.Clostridium..aldenense",-0.00179990124888718
"1955",115,"X.Ruminococcus..sp..MP14G5",0.000408011677791364
"1956",116,"Actinomyces.sp..HMSC035G02",0.000138403331220616
"1957",116,"Actinomyces.sp..ICM39",0.00063663354376331
"1958",116,"Anaerostipes.sp..992a",0.000533318088855594
"1959",116,"Bacteroides.ovatus",0.000424681333242916
"1960",116,"Enterobacter.cloacae",0.0157312271185219
"1961",116,"Erysipelatoclostridium.sp..MP95D5",0.000473084117402323
"1962",116,"Intestinibacter.sp..MP113D11",0.000271309909294359
"1963",116,"Klebsiella.oxytoca",-0.0014038024819456
"1964",116,"Lachnospiraceae.bacterium.CAG.364",0.00158064218703657
"1965",116,"Lactobacillus.paracasei",0.00629125791601837
"1966",116,"Prevotella.buccae",0.000176188063051086
"1967",116,"Providencia.alcalifaciens",0.000851303950184956
"1968",116,"Roseburia.intestinalis",0.00064626382663846
"1969",116,"Streptococcus.infantis",0.00106822518864647
"1970",116,"Streptococcus.sp..MP111F6_2",0.000546651077456772
"1971",116,"X.Clostridium..aldenense",0.00595178944058716
"1972",116,"X.Ruminococcus..sp..MP14G5",0.000519075343618169
"1973",117,"Actinomyces.sp..HMSC035G02",0.000157197362568695
"1974",117,"Actinomyces.sp..ICM39",0.000620695820543915
"1975",117,"Anaerostipes.sp..992a",0.00061191208078526
"1976",117,"Bacteroides.ovatus",0.000403562080464326
"1977",117,"Enterobacter.cloacae",0.0232039727270603
"1978",117,"Erysipelatoclostridium.sp..MP95D5",0.000175892164406832
"1979",117,"Intestinibacter.sp..MP113D11",0.000820942281279713
"1980",117,"Klebsiella.oxytoca",0.00200080836657435
"1981",117,"Lachnospiraceae.bacterium.CAG.364",0.0012222480145283
"1982",117,"Lactobacillus.paracasei",0.00946322130039334
"1983",117,"Prevotella.buccae",0.000146038044476882
"1984",117,"Providencia.alcalifaciens",0.000868560280650854
"1985",117,"Roseburia.intestinalis",0.000585194124141708
"1986",117,"Streptococcus.infantis",0.00125275627942756
"1987",117,"Streptococcus.sp..MP111F6_2",-0.00426145223900676
"1988",117,"X.Clostridium..aldenense",0.00444110203534365
"1989",117,"X.Ruminococcus..sp..MP14G5",0.000618003658019006
"1990",118,"Actinomyces.sp..HMSC035G02",0.000416017544921488
"1991",118,"Actinomyces.sp..ICM39",0.0012939166626893
"1992",118,"Anaerostipes.sp..992a",0.00138504680944607
"1993",118,"Bacteroides.ovatus",-0.000345581996953115
"1994",118,"Enterobacter.cloacae",0.0107275727204978
"1995",118,"Erysipelatoclostridium.sp..MP95D5",0.000230824371101335
"1996",118,"Intestinibacter.sp..MP113D11",0.000630214926786721
"1997",118,"Klebsiella.oxytoca",0.0015833837678656
"1998",118,"Lachnospiraceae.bacterium.CAG.364",0.00119497859850526
"1999",118,"Lactobacillus.paracasei",0.00324395089410245
"2000",118,"Prevotella.buccae",0.00042055883386638
"2001",118,"Providencia.alcalifaciens",0.000839338579680771
"2002",118,"Roseburia.intestinalis",0.00060650211526081
"2003",118,"Streptococcus.infantis",0.000720859447028488
"2004",118,"Streptococcus.sp..MP111F6_2",0.00215668848250061
"2005",118,"X.Clostridium..aldenense",-0.00112835562322289
"2006",118,"X.Ruminococcus..sp..MP14G5",0.00035097602813039
"2007",119,"Actinomyces.sp..HMSC035G02",0.000418249779613689
"2008",119,"Actinomyces.sp..ICM39",0.000718571071047336
"2009",119,"Anaerostipes.sp..992a",0.000556911836611107
"2010",119,"Bacteroides.ovatus",0.00126454967539757
"2011",119,"Enterobacter.cloacae",0.00769038498401642
"2012",119,"Erysipelatoclostridium.sp..MP95D5",6.36942268101848e-05
"2013",119,"Intestinibacter.sp..MP113D11",0.000604849250521511
"2014",119,"Klebsiella.oxytoca",0.00167660386068746
"2015",119,"Lachnospiraceae.bacterium.CAG.364",0.000900632177945226
"2016",119,"Lactobacillus.paracasei",0.00431327545084059
"2017",119,"Prevotella.buccae",0.000195331813301891
"2018",119,"Providencia.alcalifaciens",0.000838427513372153
"2019",119,"Roseburia.intestinalis",-0.0013086668914184
"2020",119,"Streptococcus.infantis",0.000533558137249202
"2021",119,"Streptococcus.sp..MP111F6_2",0.00206213758792728
"2022",119,"X.Clostridium..aldenense",-0.000171686515386682
"2023",119,"X.Ruminococcus..sp..MP14G5",0.000610500108450651
"2024",120,"Actinomyces.sp..HMSC035G02",0.000149815845361445
"2025",120,"Actinomyces.sp..ICM39",0.00120977970073
"2026",120,"Anaerostipes.sp..992a",0.00212985358666629
"2027",120,"Bacteroides.ovatus",0.000341298393323086
"2028",120,"Enterobacter.cloacae",0.0191904399544001
"2029",120,"Erysipelatoclostridium.sp..MP95D5",0.000804702285677195
"2030",120,"Intestinibacter.sp..MP113D11",-0.00200918270274997
"2031",120,"Klebsiella.oxytoca",-0.000300377607345581
"2032",120,"Lachnospiraceae.bacterium.CAG.364",0.00147688412107527
"2033",120,"Lactobacillus.paracasei",0.00480323052033782
"2034",120,"Prevotella.buccae",0.00083194684702903
"2035",120,"Providencia.alcalifaciens",0.000882119755260646
"2036",120,"Roseburia.intestinalis",0.000274522375548258
"2037",120,"Streptococcus.infantis",0.00134565960615873
"2038",120,"Streptococcus.sp..MP111F6_2",0.00102466531097889
"2039",120,"X.Clostridium..aldenense",-0.00226333684986457
"2040",120,"X.Ruminococcus..sp..MP14G5",0.000596569065237418
"2041",121,"Actinomyces.sp..HMSC035G02",0.000155535606609192
"2042",121,"Actinomyces.sp..ICM39",0.000577009370317683
"2043",121,"Anaerostipes.sp..992a",0.000542175228474662
"2044",121,"Bacteroides.ovatus",0.000343900130246766
"2045",121,"Enterobacter.cloacae",0.0155025944113731
"2046",121,"Erysipelatoclostridium.sp..MP95D5",0.000854105135658756
"2047",121,"Intestinibacter.sp..MP113D11",0.000744259916245937
"2048",121,"Klebsiella.oxytoca",-0.00163202948169783
"2049",121,"Lachnospiraceae.bacterium.CAG.364",0.00204459944507107
"2050",121,"Lactobacillus.paracasei",0.00392648589331657
"2051",121,"Prevotella.buccae",0.000140319767524488
"2052",121,"Providencia.alcalifaciens",0.00119499862194061
"2053",121,"Roseburia.intestinalis",0.000806227006250992
"2054",121,"Streptococcus.infantis",0.000944329658523202
"2055",121,"Streptococcus.sp..MP111F6_2",0.00147289014421403
"2056",121,"X.Clostridium..aldenense",-0.000239649201830616
"2057",121,"X.Ruminococcus..sp..MP14G5",0.000455255983979441
"2058",122,"Actinomyces.sp..HMSC035G02",0.000156767826410942
"2059",122,"Actinomyces.sp..ICM39",0.000593144388403744
"2060",122,"Anaerostipes.sp..992a",0.000518956745509058
"2061",122,"Bacteroides.ovatus",0.000184958618774544
"2062",122,"Enterobacter.cloacae",-0.0727320201694965
"2063",122,"Erysipelatoclostridium.sp..MP95D5",0.000320154140354134
"2064",122,"Intestinibacter.sp..MP113D11",0.00060682519688271
"2065",122,"Klebsiella.oxytoca",-0.00157141801901162
"2066",122,"Lachnospiraceae.bacterium.CAG.364",0.000733594060875475
"2067",122,"Lactobacillus.paracasei",-0.0318415500223637
"2068",122,"Prevotella.buccae",4.89072117488831e-05
"2069",122,"Providencia.alcalifaciens",0.000682529789628461
"2070",122,"Roseburia.intestinalis",0.000554183701751754
"2071",122,"Streptococcus.infantis",-0.0122491791844368
"2072",122,"Streptococcus.sp..MP111F6_2",-0.000773851701524109
"2073",122,"X.Clostridium..aldenense",0.00163682940183207
"2074",122,"X.Ruminococcus..sp..MP14G5",0.000433567722211592
"2075",123,"Actinomyces.sp..HMSC035G02",0.000150124149513431
"2076",123,"Actinomyces.sp..ICM39",0.00059147083084099
"2077",123,"Anaerostipes.sp..992a",0.000522875430760905
"2078",123,"Bacteroides.ovatus",0.000297891325317323
"2079",123,"Enterobacter.cloacae",0.0183606753125787
"2080",123,"Erysipelatoclostridium.sp..MP95D5",0.000589983013924211
"2081",123,"Intestinibacter.sp..MP113D11",0.000595837191212922
"2082",123,"Klebsiella.oxytoca",-0.00785780395381153
"2083",123,"Lachnospiraceae.bacterium.CAG.364",0.00161468709120527
"2084",123,"Lactobacillus.paracasei",0.00488530239090323
"2085",123,"Prevotella.buccae",0.000166376186825801
"2086",123,"Providencia.alcalifaciens",0.00104378932155669
"2087",123,"Roseburia.intestinalis",1.87442328751786e-05
"2088",123,"Streptococcus.infantis",0.000905134424101561
"2089",123,"Streptococcus.sp..MP111F6_2",0.00154935423051938
"2090",123,"X.Clostridium..aldenense",-0.000231523757975083
"2091",123,"X.Ruminococcus..sp..MP14G5",0.00044370733667165
"2092",124,"Actinomyces.sp..HMSC035G02",0.000147264865518082
"2093",124,"Actinomyces.sp..ICM39",0.000676183757605031
"2094",124,"Anaerostipes.sp..992a",0.000563318957574666
"2095",124,"Bacteroides.ovatus",0.00045620025775861
"2096",124,"Enterobacter.cloacae",0.00950067909434438
"2097",124,"Erysipelatoclostridium.sp..MP95D5",-1.59722039825283e-05
"2098",124,"Intestinibacter.sp..MP113D11",-0.00309616106096655
"2099",124,"Klebsiella.oxytoca",-0.0038489680737257
"2100",124,"Lachnospiraceae.bacterium.CAG.364",0.000411526023526676
"2101",124,"Lactobacillus.paracasei",0.00432901829481125
"2102",124,"Prevotella.buccae",0.000185942299140152
"2103",124,"Providencia.alcalifaciens",0.00085360134835355
"2104",124,"Roseburia.intestinalis",0.000405499216867611
"2105",124,"Streptococcus.infantis",0.000737145950552076
"2106",124,"Streptococcus.sp..MP111F6_2",0.0010237256065011
"2107",124,"X.Clostridium..aldenense",-0.00201681919861585
"2108",124,"X.Ruminococcus..sp..MP14G5",-0.0237750634551048
"2109",125,"Actinomyces.sp..HMSC035G02",0.000428091821959242
"2110",125,"Actinomyces.sp..ICM39",0.00142625859007239
"2111",125,"Anaerostipes.sp..992a",0.00136621040292084
"2112",125,"Bacteroides.ovatus",0.00146922538988292
"2113",125,"Enterobacter.cloacae",0.0102728237397969
"2114",125,"Erysipelatoclostridium.sp..MP95D5",0.000281506421742961
"2115",125,"Intestinibacter.sp..MP113D11",0.000697065086569637
"2116",125,"Klebsiella.oxytoca",0.00153635040624067
"2117",125,"Lachnospiraceae.bacterium.CAG.364",0.00113722251262516
"2118",125,"Lactobacillus.paracasei",0.0031657301587984
"2119",125,"Prevotella.buccae",0.000371958391042426
"2120",125,"Providencia.alcalifaciens",0.00127155595691875
"2121",125,"Roseburia.intestinalis",-0.000220666770474054
"2122",125,"Streptococcus.infantis",0.000784464733442292
"2123",125,"Streptococcus.sp..MP111F6_2",0.00251086696516722
"2124",125,"X.Clostridium..aldenense",0.00234088266734034
"2125",125,"X.Ruminococcus..sp..MP14G5",0.000672713154926896
"2126",126,"Actinomyces.sp..HMSC035G02",0.000403498561354354
"2127",126,"Actinomyces.sp..ICM39",0.00116002734284848
"2128",126,"Anaerostipes.sp..992a",0.00129579193890095
"2129",126,"Bacteroides.ovatus",0.00133712141541764
"2130",126,"Enterobacter.cloacae",0.0118252709507942
"2131",126,"Erysipelatoclostridium.sp..MP95D5",0.000238027350860648
"2132",126,"Intestinibacter.sp..MP113D11",0.000604184810072184
"2133",126,"Klebsiella.oxytoca",0.00207854236941785
"2134",126,"Lachnospiraceae.bacterium.CAG.364",0.00159300421364605
"2135",126,"Lactobacillus.paracasei",-0.00973058445379138
"2136",126,"Prevotella.buccae",0.0001515447802376
"2137",126,"Providencia.alcalifaciens",0.00102640403201804
"2138",126,"Roseburia.intestinalis",0.000452684020274319
"2139",126,"Streptococcus.infantis",-0.00209319236455485
"2140",126,"Streptococcus.sp..MP111F6_2",0.00227626401465386
"2141",126,"X.Clostridium..aldenense",-0.00118694751290604
"2142",126,"X.Ruminococcus..sp..MP14G5",0.000681181903928518
"2143",127,"Actinomyces.sp..HMSC035G02",0.000104150451079477
"2144",127,"Actinomyces.sp..ICM39",0.000621722341747954
"2145",127,"Anaerostipes.sp..992a",0.000489064419525675
"2146",127,"Bacteroides.ovatus",0.000295235891826451
"2147",127,"Enterobacter.cloacae",-0.0644318573176861
"2148",127,"Erysipelatoclostridium.sp..MP95D5",0.000315097800921649
"2149",127,"Intestinibacter.sp..MP113D11",0.000638660043478012
"2150",127,"Klebsiella.oxytoca",-0.00441394769586623
"2151",127,"Lachnospiraceae.bacterium.CAG.364",-0.00467975693754852
"2152",127,"Lactobacillus.paracasei",-0.0160689959302545
"2153",127,"Prevotella.buccae",0.000166018668096513
"2154",127,"Providencia.alcalifaciens",0.000741544849006459
"2155",127,"Roseburia.intestinalis",0.000527402356965467
"2156",127,"Streptococcus.infantis",0.000708895502611995
"2157",127,"Streptococcus.sp..MP111F6_2",0.000539759290404618
"2158",127,"X.Clostridium..aldenense",-0.00376502599101514
"2159",127,"X.Ruminococcus..sp..MP14G5",0.000400489050662145
"2160",128,"Actinomyces.sp..HMSC035G02",0.000563710957067087
"2161",128,"Actinomyces.sp..ICM39",0.00073968229116872
"2162",128,"Anaerostipes.sp..992a",0.000495211774250492
"2163",128,"Bacteroides.ovatus",0.000503391667734832
"2164",128,"Enterobacter.cloacae",-0.0101496852003038
"2165",128,"Erysipelatoclostridium.sp..MP95D5",0.000166248624736909
"2166",128,"Intestinibacter.sp..MP113D11",0.000574699079152197
"2167",128,"Klebsiella.oxytoca",0.000405657454393804
"2168",128,"Lachnospiraceae.bacterium.CAG.364",-0.000715741189196706
"2169",128,"Lactobacillus.paracasei",0.00434353318996727
"2170",128,"Prevotella.buccae",0.000163567616255023
"2171",128,"Providencia.alcalifaciens",0.00072352756978944
"2172",128,"Roseburia.intestinalis",0.000471539809950627
"2173",128,"Streptococcus.infantis",0.00160030601546168
"2174",128,"Streptococcus.sp..MP111F6_2",0.0021121819736436
"2175",128,"X.Clostridium..aldenense",-0.00103687279624864
"2176",128,"X.Ruminococcus..sp..MP14G5",0.000675970892189071
"2177",129,"Actinomyces.sp..HMSC035G02",0.000524638191564009
"2178",129,"Actinomyces.sp..ICM39",0.000216123764403164
"2179",129,"Anaerostipes.sp..992a",0.00128201459301636
"2180",129,"Bacteroides.ovatus",-0.000767566234571859
"2181",129,"Enterobacter.cloacae",0.0115707772783935
"2182",129,"Erysipelatoclostridium.sp..MP95D5",0.000180968454515096
"2183",129,"Intestinibacter.sp..MP113D11",0.000580987543798983
"2184",129,"Klebsiella.oxytoca",-0.000275192316621542
"2185",129,"Lachnospiraceae.bacterium.CAG.364",0.0011153140803799
"2186",129,"Lactobacillus.paracasei",0.00346467818599194
"2187",129,"Prevotella.buccae",0.000440870528109372
"2188",129,"Providencia.alcalifaciens",0.000780513160862029
"2189",129,"Roseburia.intestinalis",0.000608528906013817
"2190",129,"Streptococcus.infantis",0.00119244441157207
"2191",129,"Streptococcus.sp..MP111F6_2",0.00267554982565343
"2192",129,"X.Clostridium..aldenense",-0.000633469288004562
"2193",129,"X.Ruminococcus..sp..MP14G5",0.000566088943742216
"2194",130,"Actinomyces.sp..HMSC035G02",0.000131747299747076
"2195",130,"Actinomyces.sp..ICM39",0.00145041372161359
"2196",130,"Anaerostipes.sp..992a",0.00246436684392393
"2197",130,"Bacteroides.ovatus",-0.000780560047132894
"2198",130,"Enterobacter.cloacae",-0.00349702395033091
"2199",130,"Erysipelatoclostridium.sp..MP95D5",0.000190501748875249
"2200",130,"Intestinibacter.sp..MP113D11",0.000194078573258594
"2201",130,"Klebsiella.oxytoca",0.000541840883670375
"2202",130,"Lachnospiraceae.bacterium.CAG.364",0.00204748963005841
"2203",130,"Lactobacillus.paracasei",0.0052695544436574
"2204",130,"Prevotella.buccae",0.000551567645743489
"2205",130,"Providencia.alcalifaciens",0.00104153709253296
"2206",130,"Roseburia.intestinalis",-0.000480601273011416
"2207",130,"Streptococcus.infantis",0.000991422974038869
"2208",130,"Streptococcus.sp..MP111F6_2",0.00243322714231908
"2209",130,"X.Clostridium..aldenense",-0.000386150597478263
"2210",130,"X.Ruminococcus..sp..MP14G5",0.000789817830082029
"2211",131,"Actinomyces.sp..HMSC035G02",0.00049025914631784
"2212",131,"Actinomyces.sp..ICM39",0.001027368940413
"2213",131,"Anaerostipes.sp..992a",0.00136523187393323
"2214",131,"Bacteroides.ovatus",-0.000460139068309218
"2215",131,"Enterobacter.cloacae",0.0109702637419105
"2216",131,"Erysipelatoclostridium.sp..MP95D5",0.00023341565974988
"2217",131,"Intestinibacter.sp..MP113D11",0.000971706816926599
"2218",131,"Klebsiella.oxytoca",0.00142958050128073
"2219",131,"Lachnospiraceae.bacterium.CAG.364",-0.00160320213763043
"2220",131,"Lactobacillus.paracasei",0.00272648606915027
"2221",131,"Prevotella.buccae",0.000380848301574588
"2222",131,"Providencia.alcalifaciens",0.00082439201651141
"2223",131,"Roseburia.intestinalis",0.000621200131718069
"2224",131,"Streptococcus.infantis",0.000941976089961827
"2225",131,"Streptococcus.sp..MP111F6_2",0.00224889104720205
"2226",131,"X.Clostridium..aldenense",-0.00101768405875191
"2227",131,"X.Ruminococcus..sp..MP14G5",0.000170078623341396
"2228",132,"Actinomyces.sp..HMSC035G02",0.000126274957438
"2229",132,"Actinomyces.sp..ICM39",0.000870867690537125
"2230",132,"Anaerostipes.sp..992a",0.00158913189079612
"2231",132,"Bacteroides.ovatus",0.00029314387938939
"2232",132,"Enterobacter.cloacae",-0.118936035782099
"2233",132,"Erysipelatoclostridium.sp..MP95D5",0.000260702130617574
"2234",132,"Intestinibacter.sp..MP113D11",0.000647778040729463
"2235",132,"Klebsiella.oxytoca",-0.0034610660513863
"2236",132,"Lachnospiraceae.bacterium.CAG.364",0.000912724528461695
"2237",132,"Lactobacillus.paracasei",0.00260674546007067
"2238",132,"Prevotella.buccae",0.000360186764737591
"2239",132,"Providencia.alcalifaciens",0.000894124852493405
"2240",132,"Roseburia.intestinalis",0.000490448393975385
"2241",132,"Streptococcus.infantis",0.00108437874587253
"2242",132,"Streptococcus.sp..MP111F6_2",-0.037846339866519
"2243",132,"X.Clostridium..aldenense",-0.0019467212841846
"2244",132,"X.Ruminococcus..sp..MP14G5",0.000444726363639347
"2245",133,"Actinomyces.sp..HMSC035G02",0.000137862509291153
"2246",133,"Actinomyces.sp..ICM39",-0.0288951518014073
"2247",133,"Anaerostipes.sp..992a",0.00176129839383066
"2248",133,"Bacteroides.ovatus",0.000276470294920728
"2249",133,"Enterobacter.cloacae",-0.0303603215143085
"2250",133,"Erysipelatoclostridium.sp..MP95D5",0.000248794371145777
"2251",133,"Intestinibacter.sp..MP113D11",0.000659117707982659
"2252",133,"Klebsiella.oxytoca",-0.00380759546533227
"2253",133,"Lachnospiraceae.bacterium.CAG.364",0.00090879257186316
"2254",133,"Lactobacillus.paracasei",0.00257440120913088
"2255",133,"Prevotella.buccae",0.000328006004565395
"2256",133,"Providencia.alcalifaciens",0.000866547488840297
"2257",133,"Roseburia.intestinalis",0.000408539868658409
"2258",133,"Streptococcus.infantis",-0.0261357836425304
"2259",133,"Streptococcus.sp..MP111F6_2",0.00139308895450085
"2260",133,"X.Clostridium..aldenense",-0.00130811787676066
"2261",133,"X.Ruminococcus..sp..MP14G5",0.00036255965824239
"2262",134,"Actinomyces.sp..HMSC035G02",0.000527194672031328
"2263",134,"Actinomyces.sp..ICM39",-0.00487108994275331
"2264",134,"Anaerostipes.sp..992a",0.000977959134615958
"2265",134,"Bacteroides.ovatus",-0.00129215343622491
"2266",134,"Enterobacter.cloacae",0.00939084216952324
"2267",134,"Erysipelatoclostridium.sp..MP95D5",0.000241688969254028
"2268",134,"Intestinibacter.sp..MP113D11",-0.00118953018682078
"2269",134,"Klebsiella.oxytoca",0.00155715440632775
"2270",134,"Lachnospiraceae.bacterium.CAG.364",0.00111571396701038
"2271",134,"Lactobacillus.paracasei",0.00430054822936654
"2272",134,"Prevotella.buccae",0.000121435325127095
"2273",134,"Providencia.alcalifaciens",0.000887814298039302
"2274",134,"Roseburia.intestinalis",0.000541312823770568
"2275",134,"Streptococcus.infantis",-0.00281983113382012
"2276",134,"Streptococcus.sp..MP111F6_2",0.00138866697670892
"2277",134,"X.Clostridium..aldenense",-0.000441289390437305
"2278",134,"X.Ruminococcus..sp..MP14G5",-0.0050507215783
"2279",135,"Actinomyces.sp..HMSC035G02",0.000149133913510013
"2280",135,"Actinomyces.sp..ICM39",-0.0143645890057087
"2281",135,"Anaerostipes.sp..992a",0.000638350786175579
"2282",135,"Bacteroides.ovatus",0.000280950815067627
"2283",135,"Enterobacter.cloacae",0.0129363853484392
"2284",135,"Erysipelatoclostridium.sp..MP95D5",0.000164856224728283
"2285",135,"Intestinibacter.sp..MP113D11",0.000779111462179571
"2286",135,"Klebsiella.oxytoca",-0.00619975011795759
"2287",135,"Lachnospiraceae.bacterium.CAG.364",0.000837845145724714
"2288",135,"Lactobacillus.paracasei",0.00490190298296511
"2289",135,"Prevotella.buccae",0.00017884809494717
"2290",135,"Providencia.alcalifaciens",0.000782909221015871
"2291",135,"Roseburia.intestinalis",0.000342162835295312
"2292",135,"Streptococcus.infantis",0.000762579293223098
"2293",135,"Streptococcus.sp..MP111F6_2",6.79109507473186e-05
"2294",135,"X.Clostridium..aldenense",0.00186589971417561
"2295",135,"X.Ruminococcus..sp..MP14G5",0.000488877994939685
"2296",136,"Actinomyces.sp..HMSC035G02",0.000564331072382629
"2297",136,"Actinomyces.sp..ICM39",0.00133562023984268
"2298",136,"Anaerostipes.sp..992a",0.00135362945729867
"2299",136,"Bacteroides.ovatus",-0.000432567103416659
"2300",136,"Enterobacter.cloacae",0.0108808581717312
"2301",136,"Erysipelatoclostridium.sp..MP95D5",0.000254906815825962
"2302",136,"Intestinibacter.sp..MP113D11",0.000618939928244799
"2303",136,"Klebsiella.oxytoca",0.00153366423910484
"2304",136,"Lachnospiraceae.bacterium.CAG.364",0.00124369631521404
"2305",136,"Lactobacillus.paracasei",0.00381900754291564
"2306",136,"Prevotella.buccae",0.000449301456683315
"2307",136,"Providencia.alcalifaciens",0.000797087472165003
"2308",136,"Roseburia.intestinalis",-0.000221785237954464
"2309",136,"Streptococcus.infantis",0.000921360711799935
"2310",136,"Streptococcus.sp..MP111F6_2",0.00183301139622927
"2311",136,"X.Clostridium..aldenense",-0.00114996981574222
"2312",136,"X.Ruminococcus..sp..MP14G5",0.000701270328136161
"2313",137,"Actinomyces.sp..HMSC035G02",0.000533983460627496
"2314",137,"Actinomyces.sp..ICM39",0.00137206836370751
"2315",137,"Anaerostipes.sp..992a",0.00135838944697753
"2316",137,"Bacteroides.ovatus",0.00125998124713078
"2317",137,"Enterobacter.cloacae",0.0126809156499803
"2318",137,"Erysipelatoclostridium.sp..MP95D5",0.000313396478304639
"2319",137,"Intestinibacter.sp..MP113D11",0.000695803086273372
"2320",137,"Klebsiella.oxytoca",0.00175285717705265
"2321",137,"Lachnospiraceae.bacterium.CAG.364",0.00123727653408423
"2322",137,"Lactobacillus.paracasei",0.00390026473905891
"2323",137,"Prevotella.buccae",0.000449507759185508
"2324",137,"Providencia.alcalifaciens",0.000769198406487703
"2325",137,"Roseburia.intestinalis",-0.000246128904109355
"2326",137,"Streptococcus.infantis",0.00072215060936287
"2327",137,"Streptococcus.sp..MP111F6_2",0.00111936195753515
"2328",137,"X.Clostridium..aldenense",-0.00084276357665658
"2329",137,"X.Ruminococcus..sp..MP14G5",0.000791080266935751
"2330",138,"Actinomyces.sp..HMSC035G02",-0.00989265693351626
"2331",138,"Actinomyces.sp..ICM39",0.000414545196690597
"2332",138,"Anaerostipes.sp..992a",0.000273563608061522
"2333",138,"Bacteroides.ovatus",-0.000950162357185036
"2334",138,"Enterobacter.cloacae",-0.0256654629483819
"2335",138,"Erysipelatoclostridium.sp..MP95D5",0.000252679135883227
"2336",138,"Intestinibacter.sp..MP113D11",0.00023022524692351
"2337",138,"Klebsiella.oxytoca",-0.0042435354553163
"2338",138,"Lachnospiraceae.bacterium.CAG.364",0.0006490312225651
"2339",138,"Lactobacillus.paracasei",-0.00738648814149201
"2340",138,"Prevotella.buccae",0.000112273151898989
"2341",138,"Providencia.alcalifaciens",0.000282119202893227
"2342",138,"Roseburia.intestinalis",-3.20063372782897e-06
"2343",138,"Streptococcus.infantis",0.000581153290113434
"2344",138,"Streptococcus.sp..MP111F6_2",-0.000518481072504073
"2345",138,"X.Clostridium..aldenense",-0.000636193552054465
"2346",138,"X.Ruminococcus..sp..MP14G5",0.000365321160643362
"2347",139,"Actinomyces.sp..HMSC035G02",0.000505797215737402
"2348",139,"Actinomyces.sp..ICM39",0.00133488437859342
"2349",139,"Anaerostipes.sp..992a",0.0012948625953868
"2350",139,"Bacteroides.ovatus",0.00123736739624292
"2351",139,"Enterobacter.cloacae",0.00946768326684833
"2352",139,"Erysipelatoclostridium.sp..MP95D5",0.000246525291004218
"2353",139,"Intestinibacter.sp..MP113D11",0.000631901959422976
"2354",139,"Klebsiella.oxytoca",0.00110253901220858
"2355",139,"Lachnospiraceae.bacterium.CAG.364",0.000288750830804929
"2356",139,"Lactobacillus.paracasei",0.00323434977326542
"2357",139,"Prevotella.buccae",0.000426031634560786
"2358",139,"Providencia.alcalifaciens",0.00090160669060424
"2359",139,"Roseburia.intestinalis",-0.000307461014017463
"2360",139,"Streptococcus.infantis",0.000987644918495789
"2361",139,"Streptococcus.sp..MP111F6_2",0.00294727797154337
"2362",139,"X.Clostridium..aldenense",-0.00102240842534229
"2363",139,"X.Ruminococcus..sp..MP14G5",0.00023263564798981
"2364",140,"Actinomyces.sp..HMSC035G02",0.000147802995343227
"2365",140,"Actinomyces.sp..ICM39",0.000548478186829016
"2366",140,"Anaerostipes.sp..992a",0.000533046055352315
"2367",140,"Bacteroides.ovatus",-0.00460732658393681
"2368",140,"Enterobacter.cloacae",0.00476945145055652
"2369",140,"Erysipelatoclostridium.sp..MP95D5",0.000438632385339588
"2370",140,"Intestinibacter.sp..MP113D11",0.000299786042887717
"2371",140,"Klebsiella.oxytoca",-0.000593753939028829
"2372",140,"Lachnospiraceae.bacterium.CAG.364",0.000720904674381018
"2373",140,"Lactobacillus.paracasei",0.00576109113171697
"2374",140,"Prevotella.buccae",0.000143561403092463
"2375",140,"Providencia.alcalifaciens",0.000870907213538885
"2376",140,"Roseburia.intestinalis",0.000511275313328952
"2377",140,"Streptococcus.infantis",0.000795009604189545
"2378",140,"Streptococcus.sp..MP111F6_2",0.000710385444108397
"2379",140,"X.Clostridium..aldenense",-0.00172569404821843
"2380",140,"X.Ruminococcus..sp..MP14G5",0.000526602467289194
"2381",141,"Actinomyces.sp..HMSC035G02",-0.00699590402655303
"2382",141,"Actinomyces.sp..ICM39",0.00152403296669945
"2383",141,"Anaerostipes.sp..992a",0.0024935130495578
"2384",141,"Bacteroides.ovatus",0.000858162005897611
"2385",141,"Enterobacter.cloacae",0.0167618123814464
"2386",141,"Erysipelatoclostridium.sp..MP95D5",0.00024363916600123
"2387",141,"Intestinibacter.sp..MP113D11",0.000600343482801691
"2388",141,"Klebsiella.oxytoca",0.00234865606762469
"2389",141,"Lachnospiraceae.bacterium.CAG.364",0.00181856052950025
"2390",141,"Lactobacillus.paracasei",-0.0102734789252281
"2391",141,"Prevotella.buccae",0.000404363687266596
"2392",141,"Providencia.alcalifaciens",0.000847972027258947
"2393",141,"Roseburia.intestinalis",0.00041209752089344
"2394",141,"Streptococcus.infantis",0.00149206654168665
"2395",141,"Streptococcus.sp..MP111F6_2",0.00220062863081694
"2396",141,"X.Clostridium..aldenense",0.00286677770782262
"2397",141,"X.Ruminococcus..sp..MP14G5",0.000671995570883155
"2398",142,"Actinomyces.sp..HMSC035G02",0.000154862398630939
"2399",142,"Actinomyces.sp..ICM39",0.000423391204094514
"2400",142,"Anaerostipes.sp..992a",0.00029413093579933
"2401",142,"Bacteroides.ovatus",-0.000284817084320821
"2402",142,"Enterobacter.cloacae",-0.0638808347284794
"2403",142,"Erysipelatoclostridium.sp..MP95D5",0.000257571977272164
"2404",142,"Intestinibacter.sp..MP113D11",0.00018223853840027
"2405",142,"Klebsiella.oxytoca",-0.0048591720405966
"2406",142,"Lachnospiraceae.bacterium.CAG.364",0.000735466222977266
"2407",142,"Lactobacillus.paracasei",-0.00366606307215989
"2408",142,"Prevotella.buccae",9.51009715208784e-05
"2409",142,"Providencia.alcalifaciens",0.000314477700158022
"2410",142,"Roseburia.intestinalis",-3.20063372782897e-06
"2411",142,"Streptococcus.infantis",0.000585005880566314
"2412",142,"Streptococcus.sp..MP111F6_2",0.000340347061865032
"2413",142,"X.Clostridium..aldenense",-0.00114123988896608
"2414",142,"X.Ruminococcus..sp..MP14G5",0.000328166905092075
"2415",143,"Actinomyces.sp..HMSC035G02",0.00013130901788827
"2416",143,"Actinomyces.sp..ICM39",0.000556103914277628
"2417",143,"Anaerostipes.sp..992a",0.000667973625240847
"2418",143,"Bacteroides.ovatus",0.000461869844002649
"2419",143,"Enterobacter.cloacae",0.00604258035309613
"2420",143,"Erysipelatoclostridium.sp..MP95D5",0.000149589955981355
"2421",143,"Intestinibacter.sp..MP113D11",0.00072094111237675
"2422",143,"Klebsiella.oxytoca",0.00202397746033967
"2423",143,"Lachnospiraceae.bacterium.CAG.364",0.000860886881127954
"2424",143,"Lactobacillus.paracasei",0.00425985967740417
"2425",143,"Prevotella.buccae",0.000224164396058768
"2426",143,"Providencia.alcalifaciens",0.000711824191967025
"2427",143,"Roseburia.intestinalis",-0.00217029673513025
"2428",143,"Streptococcus.infantis",0.000779398280428723
"2429",143,"Streptococcus.sp..MP111F6_2",0.000742242293199524
"2430",143,"X.Clostridium..aldenense",0.00347479421179742
"2431",143,"X.Ruminococcus..sp..MP14G5",0.000481296781799756
"2432",144,"Actinomyces.sp..HMSC035G02",-0.0078543561976403
"2433",144,"Actinomyces.sp..ICM39",0.000456013978691772
"2434",144,"Anaerostipes.sp..992a",0.000321434490615502
"2435",144,"Bacteroides.ovatus",-6.10213210165966e-05
"2436",144,"Enterobacter.cloacae",-0.0644276477396488
"2437",144,"Erysipelatoclostridium.sp..MP95D5",0.000423030811361969
"2438",144,"Intestinibacter.sp..MP113D11",0.0001689345590421
"2439",144,"Klebsiella.oxytoca",-0.0036451353225857
"2440",144,"Lachnospiraceae.bacterium.CAG.364",8.43265661387704e-05
"2441",144,"Lactobacillus.paracasei",-0.0213313298299909
"2442",144,"Prevotella.buccae",0.00013777706772089
"2443",144,"Providencia.alcalifaciens",0.000288351366179995
"2444",144,"Roseburia.intestinalis",7.50261779103312e-06
"2445",144,"Streptococcus.infantis",0.000870061980094761
"2446",144,"Streptococcus.sp..MP111F6_2",0.000242302761762403
"2447",144,"X.Clostridium..aldenense",-7.67705514590489e-05
"2448",144,"X.Ruminococcus..sp..MP14G5",0.000340867132763378
"2449",145,"Actinomyces.sp..HMSC035G02",0.000120132921438199
"2450",145,"Actinomyces.sp..ICM39",0.00144847668707371
"2451",145,"Anaerostipes.sp..992a",0.00251000036951154
"2452",145,"Bacteroides.ovatus",0.000628072186373174
"2453",145,"Enterobacter.cloacae",0.0139142582193017
"2454",145,"Erysipelatoclostridium.sp..MP95D5",0.000252942249062471
"2455",145,"Intestinibacter.sp..MP113D11",8.40168431750499e-05
"2456",145,"Klebsiella.oxytoca",0.00139255810063332
"2457",145,"Lachnospiraceae.bacterium.CAG.364",-0.00182502705138177
"2458",145,"Lactobacillus.paracasei",0.00340267259161919
"2459",145,"Prevotella.buccae",0.000872229196829721
"2460",145,"Providencia.alcalifaciens",0.000866213900735602
"2461",145,"Roseburia.intestinalis",-0.000207663724722806
"2462",145,"Streptococcus.infantis",0.000660779420286417
"2463",145,"Streptococcus.sp..MP111F6_2",0.00315236952155828
"2464",145,"X.Clostridium..aldenense",-0.000909660186152905
"2465",145,"X.Ruminococcus..sp..MP14G5",0.000586916867177933
"2466",146,"Actinomyces.sp..HMSC035G02",-0.00691075017675757
"2467",146,"Actinomyces.sp..ICM39",0.000639966543531045
"2468",146,"Anaerostipes.sp..992a",0.000376114185201004
"2469",146,"Bacteroides.ovatus",0.000336979675921611
"2470",146,"Enterobacter.cloacae",-0.0737175233662128
"2471",146,"Erysipelatoclostridium.sp..MP95D5",0.000679033866617829
"2472",146,"Intestinibacter.sp..MP113D11",0.000230625097174197
"2473",146,"Klebsiella.oxytoca",0.00250340648926795
"2474",146,"Lachnospiraceae.bacterium.CAG.364",0.000588157010497525
"2475",146,"Lactobacillus.paracasei",-0.0284203570336103
"2476",146,"Prevotella.buccae",0.000110065779153956
"2477",146,"Providencia.alcalifaciens",0.000783363211667165
"2478",146,"Roseburia.intestinalis",0.000270331867795903
"2479",146,"Streptococcus.infantis",-0.0113003300502896
"2480",146,"Streptococcus.sp..MP111F6_2",0.00044598150998354
"2481",146,"X.Clostridium..aldenense",0.000986210710834712
"2482",146,"X.Ruminococcus..sp..MP14G5",0.000563641340704635
"2483",147,"Actinomyces.sp..HMSC035G02",0.000125469457998406
"2484",147,"Actinomyces.sp..ICM39",0.00136491091689095
"2485",147,"Anaerostipes.sp..992a",0.00249321921728551
"2486",147,"Bacteroides.ovatus",0.000570328236790374
"2487",147,"Enterobacter.cloacae",0.0193840647116303
"2488",147,"Erysipelatoclostridium.sp..MP95D5",0.00032974015630316
"2489",147,"Intestinibacter.sp..MP113D11",0.000735928391804919
"2490",147,"Klebsiella.oxytoca",0.00144700176315382
"2491",147,"Lachnospiraceae.bacterium.CAG.364",0.0020878897048533
"2492",147,"Lactobacillus.paracasei",0.00429008970968425
"2493",147,"Prevotella.buccae",0.000899490638403222
"2494",147,"Providencia.alcalifaciens",0.00101291429018602
"2495",147,"Roseburia.intestinalis",0.000424862751970068
"2496",147,"Streptococcus.infantis",0.00150271208258346
"2497",147,"Streptococcus.sp..MP111F6_2",-0.00554224476218224
"2498",147,"X.Clostridium..aldenense",0.00263326847925782
"2499",147,"X.Ruminococcus..sp..MP14G5",0.000450711508165114
"2500",148,"Actinomyces.sp..HMSC035G02",-0.00720170303247869
"2501",148,"Actinomyces.sp..ICM39",-0.0130789326503873
"2502",148,"Anaerostipes.sp..992a",0.000409823769587092
"2503",148,"Bacteroides.ovatus",0.000186307966941968
"2504",148,"Enterobacter.cloacae",-0.058411130681634
"2505",148,"Erysipelatoclostridium.sp..MP95D5",0.000762047595344484
"2506",148,"Intestinibacter.sp..MP113D11",4.31250591645949e-05
"2507",148,"Klebsiella.oxytoca",0.00196773669449612
"2508",148,"Lachnospiraceae.bacterium.CAG.364",0.000798397872131318
"2509",148,"Lactobacillus.paracasei",-0.0267228186130524
"2510",148,"Prevotella.buccae",0.000131337670609355
"2511",148,"Providencia.alcalifaciens",0.000803304632427171
"2512",148,"Roseburia.intestinalis",0.000212001184991095
"2513",148,"Streptococcus.infantis",0.000545258779311553
"2514",148,"Streptococcus.sp..MP111F6_2",0.000350109694409184
"2515",148,"X.Clostridium..aldenense",0.000979442906100303
"2516",148,"X.Ruminococcus..sp..MP14G5",0.000555717124370858
"2517",149,"Actinomyces.sp..HMSC035G02",0.000139293391839601
"2518",149,"Actinomyces.sp..ICM39",0.00067768499138765
"2519",149,"Anaerostipes.sp..992a",0.000662543985527009
"2520",149,"Bacteroides.ovatus",-0.00856594275683165
"2521",149,"Enterobacter.cloacae",0.00796169321984053
"2522",149,"Erysipelatoclostridium.sp..MP95D5",0.000146269710967317
"2523",149,"Intestinibacter.sp..MP113D11",0.000773103733081371
"2524",149,"Klebsiella.oxytoca",0.00041231386421714
"2525",149,"Lachnospiraceae.bacterium.CAG.364",0.000569518044358119
"2526",149,"Lactobacillus.paracasei",0.00431398209184408
"2527",149,"Prevotella.buccae",0.00019103437080048
"2528",149,"Providencia.alcalifaciens",0.000843094574520364
"2529",149,"Roseburia.intestinalis",0.000372117210645229
"2530",149,"Streptococcus.infantis",0.000796066276961938
"2531",149,"Streptococcus.sp..MP111F6_2",-0.0101163750514388
"2532",149,"X.Clostridium..aldenense",-0.00145995628554374
"2533",149,"X.Ruminococcus..sp..MP14G5",0.000472819185233675
"2534",150,"Actinomyces.sp..HMSC035G02",0.000173487023857888
"2535",150,"Actinomyces.sp..ICM39",0.000660007848637179
"2536",150,"Anaerostipes.sp..992a",0.000680105353239924
"2537",150,"Bacteroides.ovatus",0.000452410473371856
"2538",150,"Enterobacter.cloacae",0.0200264472514391
"2539",150,"Erysipelatoclostridium.sp..MP95D5",0.000569813710171729
"2540",150,"Intestinibacter.sp..MP113D11",0.000811008416349068
"2541",150,"Klebsiella.oxytoca",0.00628292304463685
"2542",150,"Lachnospiraceae.bacterium.CAG.364",0.00162566913058981
"2543",150,"Lactobacillus.paracasei",0.0082469591870904
"2544",150,"Prevotella.buccae",-0.00694786850363016
"2545",150,"Providencia.alcalifaciens",0.000874196266522631
"2546",150,"Roseburia.intestinalis",0.000703558907844126
"2547",150,"Streptococcus.infantis",0.00113601930206642
"2548",150,"Streptococcus.sp..MP111F6_2",0.000736397370928898
"2549",150,"X.Clostridium..aldenense",0.00458528241142631
"2550",150,"X.Ruminococcus..sp..MP14G5",0.000592005351791158
"2551",151,"Actinomyces.sp..HMSC035G02",0.000179085640411358
"2552",151,"Actinomyces.sp..ICM39",0.000608290632953867
"2553",151,"Anaerostipes.sp..992a",0.000612917705439031
"2554",151,"Bacteroides.ovatus",0.000488604186102748
"2555",151,"Enterobacter.cloacae",0.0189512642100453
"2556",151,"Erysipelatoclostridium.sp..MP95D5",0.0005657451110892
"2557",151,"Intestinibacter.sp..MP113D11",-0.0019256166415289
"2558",151,"Klebsiella.oxytoca",-0.0010928864357993
"2559",151,"Lachnospiraceae.bacterium.CAG.364",0.00131401518592611
"2560",151,"Lactobacillus.paracasei",0.00691413716413081
"2561",151,"Prevotella.buccae",-0.00636566104367375
"2562",151,"Providencia.alcalifaciens",0.000861458829604089
"2563",151,"Roseburia.intestinalis",0.000562753237318248
"2564",151,"Streptococcus.infantis",0.00110470049548894
"2565",151,"Streptococcus.sp..MP111F6_2",0.000977875664830208
"2566",151,"X.Clostridium..aldenense",0.00456062471494079
"2567",151,"X.Ruminococcus..sp..MP14G5",0.000582845241297036
"2568",152,"Actinomyces.sp..HMSC035G02",0.000158766706590541
"2569",152,"Actinomyces.sp..ICM39",0.000586775713600218
"2570",152,"Anaerostipes.sp..992a",0.00051052839262411
"2571",152,"Bacteroides.ovatus",0.000281799075310118
"2572",152,"Enterobacter.cloacae",0.000146224752825219
"2573",152,"Erysipelatoclostridium.sp..MP95D5",-0.00476122857071459
"2574",152,"Intestinibacter.sp..MP113D11",0.000106901134131476
"2575",152,"Klebsiella.oxytoca",-0.004380774917081
"2576",152,"Lachnospiraceae.bacterium.CAG.364",0.000560870044864714
"2577",152,"Lactobacillus.paracasei",-0.0214883079752326
"2578",152,"Prevotella.buccae",0.000100470013421727
"2579",152,"Providencia.alcalifaciens",0.000457693720818497
"2580",152,"Roseburia.intestinalis",1.87442328751786e-05
"2581",152,"Streptococcus.infantis",0.000686311715980992
"2582",152,"Streptococcus.sp..MP111F6_2",-0.011975125875324
"2583",152,"X.Clostridium..aldenense",0.000624771026195958
"2584",152,"X.Ruminococcus..sp..MP14G5",0.000388665401260369
"2585",153,"Actinomyces.sp..HMSC035G02",0.000455128596513532
"2586",153,"Actinomyces.sp..ICM39",0.000769263540860265
"2587",153,"Anaerostipes.sp..992a",0.000536970037501305
"2588",153,"Bacteroides.ovatus",0.00107118493178859
"2589",153,"Enterobacter.cloacae",0.00937832798808813
"2590",153,"Erysipelatoclostridium.sp..MP95D5",0.000232601872994564
"2591",153,"Intestinibacter.sp..MP113D11",0.000643456442048773
"2592",153,"Klebsiella.oxytoca",0.00192450446775183
"2593",153,"Lachnospiraceae.bacterium.CAG.364",0.00115530443144962
"2594",153,"Lactobacillus.paracasei",0.00452000903896987
"2595",153,"Prevotella.buccae",0.000168405276781414
"2596",153,"Providencia.alcalifaciens",0.000910739996470511
"2597",153,"Roseburia.intestinalis",-0.000275710102869198
"2598",153,"Streptococcus.infantis",-0.0022588170832023
"2599",153,"Streptococcus.sp..MP111F6_2",0.000615866883890703
"2600",153,"X.Clostridium..aldenense",-0.000989004940493032
"2601",153,"X.Ruminococcus..sp..MP14G5",0.000793193117715418
"2602",154,"Actinomyces.sp..HMSC035G02",0.00014896991342539
"2603",154,"Actinomyces.sp..ICM39",0.00082958786515519
"2604",154,"Anaerostipes.sp..992a",0.000639589998172596
"2605",154,"Bacteroides.ovatus",0.00117144489195198
"2606",154,"Enterobacter.cloacae",0.0114227659069002
"2607",154,"Erysipelatoclostridium.sp..MP95D5",5.54444231966045e-05
"2608",154,"Intestinibacter.sp..MP113D11",-0.00148327270289883
"2609",154,"Klebsiella.oxytoca",0.000638747587800026
"2610",154,"Lachnospiraceae.bacterium.CAG.364",-0.00212630676105618
"2611",154,"Lactobacillus.paracasei",0.00355474092066288
"2612",154,"Prevotella.buccae",0.000208346289582551
"2613",154,"Providencia.alcalifaciens",0.000928500783629715
"2614",154,"Roseburia.intestinalis",-0.000778180954512209
"2615",154,"Streptococcus.infantis",0.000901971943676472
"2616",154,"Streptococcus.sp..MP111F6_2",0.00207361276261508
"2617",154,"X.Clostridium..aldenense",-0.00130452442681417
"2618",154,"X.Ruminococcus..sp..MP14G5",0.000689104082994163
"2619",155,"Actinomyces.sp..HMSC035G02",0.000430479878559709
"2620",155,"Actinomyces.sp..ICM39",0.000781648501288146
"2621",155,"Anaerostipes.sp..992a",0.000531541183590889
"2622",155,"Bacteroides.ovatus",-0.000393027396057732
"2623",155,"Enterobacter.cloacae",0.00941231800243258
"2624",155,"Erysipelatoclostridium.sp..MP95D5",0.000262692527030595
"2625",155,"Intestinibacter.sp..MP113D11",0.000637545570498332
"2626",155,"Klebsiella.oxytoca",0.00179889833088964
"2627",155,"Lachnospiraceae.bacterium.CAG.364",0.00102284515742213
"2628",155,"Lactobacillus.paracasei",0.00470027374103665
"2629",155,"Prevotella.buccae",0.000167665995832067
"2630",155,"Providencia.alcalifaciens",0.000876443547895178
"2631",155,"Roseburia.intestinalis",-0.000428109677159227
"2632",155,"Streptococcus.infantis",0.000448290724307299
"2633",155,"Streptococcus.sp..MP111F6_2",0.00127269688528031
"2634",155,"X.Clostridium..aldenense",-0.000956218456849456
"2635",155,"X.Ruminococcus..sp..MP14G5",0.00101082937908359
"2636",156,"Actinomyces.sp..HMSC035G02",0.00011531937707332
"2637",156,"Actinomyces.sp..ICM39",-0.0298787308856845
"2638",156,"Anaerostipes.sp..992a",0.000902504631085321
"2639",156,"Bacteroides.ovatus",0.000263556517893448
"2640",156,"Enterobacter.cloacae",-0.156725876033306
"2641",156,"Erysipelatoclostridium.sp..MP95D5",0.00044945243280381
"2642",156,"Intestinibacter.sp..MP113D11",0.000272268618573435
"2643",156,"Klebsiella.oxytoca",0.00136612320784479
"2644",156,"Lachnospiraceae.bacterium.CAG.364",-0.00522328191436827
"2645",156,"Lactobacillus.paracasei",-0.0196455707773566
"2646",156,"Prevotella.buccae",0.000366541760740802
"2647",156,"Providencia.alcalifaciens",-0.000761536124628037
"2648",156,"Roseburia.intestinalis",0.000431184467743151
"2649",156,"Streptococcus.infantis",0.00116702041123062
"2650",156,"Streptococcus.sp..MP111F6_2",0.000741944299079478
"2651",156,"X.Clostridium..aldenense",-0.00180078955600038
"2652",156,"X.Ruminococcus..sp..MP14G5",0.000585407135076821
"2653",157,"Actinomyces.sp..HMSC035G02",0.000645825522951782
"2654",157,"Actinomyces.sp..ICM39",0.000666537845972925
"2655",157,"Anaerostipes.sp..992a",0.000493366474984214
"2656",157,"Bacteroides.ovatus",-0.00034942539059557
"2657",157,"Enterobacter.cloacae",0.00627591600641608
"2658",157,"Erysipelatoclostridium.sp..MP95D5",0.000173078857187647
"2659",157,"Intestinibacter.sp..MP113D11",0.000591970077948645
"2660",157,"Klebsiella.oxytoca",0.00056172299082391
"2661",157,"Lachnospiraceae.bacterium.CAG.364",-0.000780781439971179
"2662",157,"Lactobacillus.paracasei",0.00423582154326141
"2663",157,"Prevotella.buccae",0.000156695699843112
"2664",157,"Providencia.alcalifaciens",0.000676236726576462
"2665",157,"Roseburia.intestinalis",0.000400161399738863
"2666",157,"Streptococcus.infantis",0.00108164316043258
"2667",157,"Streptococcus.sp..MP111F6_2",0.00082745953113772
"2668",157,"X.Clostridium..aldenense",-0.000782776711275801
"2669",157,"X.Ruminococcus..sp..MP14G5",0.000261660854448564
"2670",158,"Actinomyces.sp..HMSC035G02",0.000422554439865053
"2671",158,"Actinomyces.sp..ICM39",0.000770350743550807
"2672",158,"Anaerostipes.sp..992a",0.000532244797796011
"2673",158,"Bacteroides.ovatus",0.00107292685424909
"2674",158,"Enterobacter.cloacae",0.00988844269886613
"2675",158,"Erysipelatoclostridium.sp..MP95D5",0.000203367933863774
"2676",158,"Intestinibacter.sp..MP113D11",0.000591144314967096
"2677",158,"Klebsiella.oxytoca",0.00212280789855868
"2678",158,"Lachnospiraceae.bacterium.CAG.364",0.000793726299889386
"2679",158,"Lactobacillus.paracasei",0.00427891290746629
"2680",158,"Prevotella.buccae",0.000177631663973443
"2681",158,"Providencia.alcalifaciens",0.000832659803563729
"2682",158,"Roseburia.intestinalis",0.00071276311064139
"2683",158,"Streptococcus.infantis",0.000471213104901835
"2684",158,"Streptococcus.sp..MP111F6_2",0.00130770041141659
"2685",158,"X.Clostridium..aldenense",-0.00159975688438863
"2686",158,"X.Ruminococcus..sp..MP14G5",0.000908297195564955
"2687",159,"Actinomyces.sp..HMSC035G02",0.000153093875269406
"2688",159,"Actinomyces.sp..ICM39",0.000443955766968429
"2689",159,"Anaerostipes.sp..992a",0.000534791819518432
"2690",159,"Bacteroides.ovatus",0.000177729409188032
"2691",159,"Enterobacter.cloacae",-0.0360510628670454
"2692",159,"Erysipelatoclostridium.sp..MP95D5",0.000513886043336242
"2693",159,"Intestinibacter.sp..MP113D11",0.000159724797413219
"2694",159,"Klebsiella.oxytoca",0.000570710224565119
"2695",159,"Lachnospiraceae.bacterium.CAG.364",0.000507840915815905
"2696",159,"Lactobacillus.paracasei",-0.0220561660826206
"2697",159,"Prevotella.buccae",-0.00745217711664736
"2698",159,"Providencia.alcalifaciens",0.000356097749317996
"2699",159,"Roseburia.intestinalis",1.87442328751786e-05
"2700",159,"Streptococcus.infantis",-0.0126892551779747
"2701",159,"Streptococcus.sp..MP111F6_2",0.000479302718304098
"2702",159,"X.Clostridium..aldenense",-0.000280495674815029
"2703",159,"X.Ruminococcus..sp..MP14G5",0.000307656577206217
"2704",160,"Actinomyces.sp..HMSC035G02",0.000121057331853081
"2705",160,"Actinomyces.sp..ICM39",0.000486203382024541
"2706",160,"Anaerostipes.sp..992a",0.000567913259146735
"2707",160,"Bacteroides.ovatus",0.000257772684562951
"2708",160,"Enterobacter.cloacae",0.0120680639520288
"2709",160,"Erysipelatoclostridium.sp..MP95D5",-0.00725534954108298
"2710",160,"Intestinibacter.sp..MP113D11",0.000546953786397353
"2711",160,"Klebsiella.oxytoca",-0.0167666124179959
"2712",160,"Lachnospiraceae.bacterium.CAG.364",0.00079609890235588
"2713",160,"Lactobacillus.paracasei",-0.0302576255053282
"2714",160,"Prevotella.buccae",0.000142959797813091
"2715",160,"Providencia.alcalifaciens",0.000788514444138855
"2716",160,"Roseburia.intestinalis",0.000456869092886336
"2717",160,"Streptococcus.infantis",0.000864670408191159
"2718",160,"Streptococcus.sp..MP111F6_2",0.000341060047503561
"2719",160,"X.Clostridium..aldenense",-0.00220917211845517
"2720",160,"X.Ruminococcus..sp..MP14G5",0.000437706563388929
"2721",161,"Actinomyces.sp..HMSC035G02",0.000138421295559965
"2722",161,"Actinomyces.sp..ICM39",0.000418242707382888
"2723",161,"Anaerostipes.sp..992a",0.000498925452120602
"2724",161,"Bacteroides.ovatus",0.000141825377795612
"2725",161,"Enterobacter.cloacae",-0.027000280097127
"2726",161,"Erysipelatoclostridium.sp..MP95D5",0.000448213584604673
"2727",161,"Intestinibacter.sp..MP113D11",0.0002519952977309
"2728",161,"Klebsiella.oxytoca",0.000512911239638925
"2729",161,"Lachnospiraceae.bacterium.CAG.364",0.000286749986116774
"2730",161,"Lactobacillus.paracasei",-0.0195420207455754
"2731",161,"Prevotella.buccae",0.000171982756000943
"2732",161,"Providencia.alcalifaciens",0.000314942139084451
"2733",161,"Roseburia.intestinalis",7.50261779103312e-06
"2734",161,"Streptococcus.infantis",-0.0116371782496572
"2735",161,"Streptococcus.sp..MP111F6_2",0.000439805502537638
"2736",161,"X.Clostridium..aldenense",-0.000532161357114092
"2737",161,"X.Ruminococcus..sp..MP14G5",0.000307656577206217
"2738",162,"Actinomyces.sp..HMSC035G02",0.000180817478394601
"2739",162,"Actinomyces.sp..ICM39",0.000561907567316666
"2740",162,"Anaerostipes.sp..992a",0.000607235328061506
"2741",162,"Bacteroides.ovatus",0.00031558916089125
"2742",162,"Enterobacter.cloacae",0.0121676870621741
"2743",162,"Erysipelatoclostridium.sp..MP95D5",0.000378502023522742
"2744",162,"Intestinibacter.sp..MP113D11",8.54556456033606e-05
"2745",162,"Klebsiella.oxytoca",-0.00698658311739564
"2746",162,"Lachnospiraceae.bacterium.CAG.364",0.000682349724229425
"2747",162,"Lactobacillus.paracasei",0.00584458326920867
"2748",162,"Prevotella.buccae",0.000184436634299345
"2749",162,"Providencia.alcalifaciens",0.000776508590206504
"2750",162,"Roseburia.intestinalis",0.000442810618551448
"2751",162,"Streptococcus.infantis",0.000837050378322601
"2752",162,"Streptococcus.sp..MP111F6_2",0.000536288556759246
"2753",162,"X.Clostridium..aldenense",-0.00278317311313003
"2754",162,"X.Ruminococcus..sp..MP14G5",0.000396242860006168
"2755",163,"Actinomyces.sp..HMSC035G02",0.000142756391142029
"2756",163,"Actinomyces.sp..ICM39",0.000615621800534427
"2757",163,"Anaerostipes.sp..992a",0.000556331884581596
"2758",163,"Bacteroides.ovatus",-0.00886592036113143
"2759",163,"Enterobacter.cloacae",0.00768831092864275
"2760",163,"Erysipelatoclostridium.sp..MP95D5",0.000160625000717118
"2761",163,"Intestinibacter.sp..MP113D11",0.000640007114270702
"2762",163,"Klebsiella.oxytoca",0.000540087814442813
"2763",163,"Lachnospiraceae.bacterium.CAG.364",0.000480541653814726
"2764",163,"Lactobacillus.paracasei",0.00433474872261286
"2765",163,"Prevotella.buccae",0.000173091786564328
"2766",163,"Providencia.alcalifaciens",0.000789543817518279
"2767",163,"Roseburia.intestinalis",0.000358357821824029
"2768",163,"Streptococcus.infantis",0.000771296297898516
"2769",163,"Streptococcus.sp..MP111F6_2",-0.0166062116622925
"2770",163,"X.Clostridium..aldenense",-0.00114755210233852
"2771",163,"X.Ruminococcus..sp..MP14G5",0.000534841237822548
"2772",164,"Actinomyces.sp..HMSC035G02",-0.00145370588870719
"2773",164,"Actinomyces.sp..ICM39",0.000158169896167237
"2774",164,"Anaerostipes.sp..992a",0.000377441465388983
"2775",164,"Bacteroides.ovatus",0.000386538740713149
"2776",164,"Enterobacter.cloacae",-0.0745095685124397
"2777",164,"Erysipelatoclostridium.sp..MP95D5",0.000560253713047132
"2778",164,"Intestinibacter.sp..MP113D11",0.000241320798522793
"2779",164,"Klebsiella.oxytoca",0.00114055583253503
"2780",164,"Lachnospiraceae.bacterium.CAG.364",0.000820440036477521
"2781",164,"Lactobacillus.paracasei",-0.0278299944475293
"2782",164,"Prevotella.buccae",0.000114415124699008
"2783",164,"Providencia.alcalifaciens",0.000752124382415786
"2784",164,"Roseburia.intestinalis",0.000188868267287035
"2785",164,"Streptococcus.infantis",0.000619585101958364
"2786",164,"Streptococcus.sp..MP111F6_2",0.000324001157423481
"2787",164,"X.Clostridium..aldenense",0.000902998435776681
"2788",164,"X.Ruminococcus..sp..MP14G5",0.000556237268028781
"2789",165,"Actinomyces.sp..HMSC035G02",0.000125977327115834
"2790",165,"Actinomyces.sp..ICM39",0.00151532411109656
"2791",165,"Anaerostipes.sp..992a",0.00254683021921664
"2792",165,"Bacteroides.ovatus",0.00042298377957195
"2793",165,"Enterobacter.cloacae",0.0215423814952374
"2794",165,"Erysipelatoclostridium.sp..MP95D5",0.000312062926241197
"2795",165,"Intestinibacter.sp..MP113D11",0.00112653424730524
"2796",165,"Klebsiella.oxytoca",0.00205165421357378
"2797",165,"Lachnospiraceae.bacterium.CAG.364",0.00202381517738104
"2798",165,"Lactobacillus.paracasei",-0.00640054047107697
"2799",165,"Prevotella.buccae",0.000954524526605383
"2800",165,"Providencia.alcalifaciens",0.000798341381596401
"2801",165,"Roseburia.intestinalis",-0.000177631620317698
"2802",165,"Streptococcus.infantis",0.00154921674402431
"2803",165,"Streptococcus.sp..MP111F6_2",0.000746749166864902
"2804",165,"X.Clostridium..aldenense",-0.0012086343485862
"2805",165,"X.Ruminococcus..sp..MP14G5",0.000712241744622588
"2806",166,"Actinomyces.sp..HMSC035G02",0.000446685517090373
"2807",166,"Actinomyces.sp..ICM39",0.00130548171000555
"2808",166,"Anaerostipes.sp..992a",0.0012760668178089
"2809",166,"Bacteroides.ovatus",0.00119345361599699
"2810",166,"Enterobacter.cloacae",0.0106469374150038
"2811",166,"Erysipelatoclostridium.sp..MP95D5",0.000255152815952897
"2812",166,"Intestinibacter.sp..MP113D11",-9.06020504771732e-05
"2813",166,"Klebsiella.oxytoca",0.00171721703372896
"2814",166,"Lachnospiraceae.bacterium.CAG.364",0.001228176523
"2815",166,"Lactobacillus.paracasei",-0.0133414859883487
"2816",166,"Prevotella.buccae",0.000387416046578437
"2817",166,"Providencia.alcalifaciens",0.00106202746974304
"2818",166,"Roseburia.intestinalis",-0.00145248736953363
"2819",166,"Streptococcus.infantis",0.0005898880190216
"2820",166,"Streptococcus.sp..MP111F6_2",0.00249544659163803
"2821",166,"X.Clostridium..aldenense",-0.000707267987309024
"2822",166,"X.Ruminococcus..sp..MP14G5",0.000563406618312001
"2823",167,"Actinomyces.sp..HMSC035G02",0.000528387754457071
"2824",167,"Actinomyces.sp..ICM39",0.00134844431886449
"2825",167,"Anaerostipes.sp..992a",0.00136621040292084
"2826",167,"Bacteroides.ovatus",0.00110532576218247
"2827",167,"Enterobacter.cloacae",0.00937292166054249
"2828",167,"Erysipelatoclostridium.sp..MP95D5",0.000249335047556087
"2829",167,"Intestinibacter.sp..MP113D11",0.00062347570201382
"2830",167,"Klebsiella.oxytoca",0.000482493691379204
"2831",167,"Lachnospiraceae.bacterium.CAG.364",0.00126966706011444
"2832",167,"Lactobacillus.paracasei",0.00297565432265401
"2833",167,"Prevotella.buccae",0.000227361844736151
"2834",167,"Providencia.alcalifaciens",0.000976181094301865
"2835",167,"Roseburia.intestinalis",-0.000477309746202081
"2836",167,"Streptococcus.infantis",0.000783916999353096
"2837",167,"Streptococcus.sp..MP111F6_2",0.00240043108351529
"2838",167,"X.Clostridium..aldenense",0.00240315543487668
"2839",167,"X.Ruminococcus..sp..MP14G5",0.000645136489765719
"2840",168,"Actinomyces.sp..HMSC035G02",0.000170072737091687
"2841",168,"Actinomyces.sp..ICM39",0.000441428826889023
"2842",168,"Anaerostipes.sp..992a",0.000304784756735899
"2843",168,"Bacteroides.ovatus",2.41801390075125e-05
"2844",168,"Enterobacter.cloacae",-0.00821589911356568
"2845",168,"Erysipelatoclostridium.sp..MP95D5",0.000315912941005081
"2846",168,"Intestinibacter.sp..MP113D11",0.000279593798040878
"2847",168,"Klebsiella.oxytoca",0.00148256961256266
"2848",168,"Lachnospiraceae.bacterium.CAG.364",0.00148504885146394
"2849",168,"Lactobacillus.paracasei",0.00132845866028219
"2850",168,"Prevotella.buccae",0.000137423136038706
"2851",168,"Providencia.alcalifaciens",0.000461954259662889
"2852",168,"Roseburia.intestinalis",2.72569559456315e-05
"2853",168,"Streptococcus.infantis",0.000798618770204484
"2854",168,"Streptococcus.sp..MP111F6_2",0.000851613353006542
"2855",168,"X.Clostridium..aldenense",0.000274732170510106
"2856",168,"X.Ruminococcus..sp..MP14G5",0.000356834396370687
"2857",169,"Actinomyces.sp..HMSC035G02",0.000136988288431894
"2858",169,"Actinomyces.sp..ICM39",0.000656007759971544
"2859",169,"Anaerostipes.sp..992a",0.000567400013096631
"2860",169,"Bacteroides.ovatus",0.000540084089152515
"2861",169,"Enterobacter.cloacae",-0.0139652602374554
"2862",169,"Erysipelatoclostridium.sp..MP95D5",-0.000550005468539894
"2863",169,"Intestinibacter.sp..MP113D11",0.000618950056377798
"2864",169,"Klebsiella.oxytoca",-0.000136866459797602
"2865",169,"Lachnospiraceae.bacterium.CAG.364",0.0013128102873452
"2866",169,"Lactobacillus.paracasei",-0.00823428109288216
"2867",169,"Prevotella.buccae",0.000179806229425594
"2868",169,"Providencia.alcalifaciens",0.000807080912636593
"2869",169,"Roseburia.intestinalis",1.22736473713303e-05
"2870",169,"Streptococcus.infantis",0.00124662340385839
"2871",169,"Streptococcus.sp..MP111F6_2",-0.0107158538885415
"2872",169,"X.Clostridium..aldenense",0.0062884574290365
"2873",169,"X.Ruminococcus..sp..MP14G5",0.000526796909980476
"2874",170,"Actinomyces.sp..HMSC035G02",0.000177327994606458
"2875",170,"Actinomyces.sp..ICM39",-0.00287386763375252
"2876",170,"Anaerostipes.sp..992a",0.00033622735645622
"2877",170,"Bacteroides.ovatus",-0.00020383112860145
"2878",170,"Enterobacter.cloacae",-0.0274575678631663
"2879",170,"Erysipelatoclostridium.sp..MP95D5",0.000347007022355683
"2880",170,"Intestinibacter.sp..MP113D11",0.000131517270347103
"2881",170,"Klebsiella.oxytoca",0.000374383525922894
"2882",170,"Lachnospiraceae.bacterium.CAG.364",0.000831168639706448
"2883",170,"Lactobacillus.paracasei",-0.00323602021671832
"2884",170,"Prevotella.buccae",0.000139077528729104
"2885",170,"Providencia.alcalifaciens",0.000300206898828037
"2886",170,"Roseburia.intestinalis",5.93659342484898e-06
"2887",170,"Streptococcus.infantis",0.000568441435461864
"2888",170,"Streptococcus.sp..MP111F6_2",0.000328557071043178
"2889",170,"X.Clostridium..aldenense",-0.000770739308791235
"2890",170,"X.Ruminococcus..sp..MP14G5",0.000317075551720336
"2891",171,"Actinomyces.sp..HMSC035G02",0.000151703650772106
"2892",171,"Actinomyces.sp..ICM39",0.000570812961086631
"2893",171,"Anaerostipes.sp..992a",0.000555047445232049
"2894",171,"Bacteroides.ovatus",0.000236699583183508
"2895",171,"Enterobacter.cloacae",-0.0330502353608608
"2896",171,"Erysipelatoclostridium.sp..MP95D5",0.000235611340031028
"2897",171,"Intestinibacter.sp..MP113D11",0.000667974294628948
"2898",171,"Klebsiella.oxytoca",-0.00779969175346196
"2899",171,"Lachnospiraceae.bacterium.CAG.364",0.000482702147564851
"2900",171,"Lactobacillus.paracasei",0.00544449128210545
"2901",171,"Prevotella.buccae",0.000150658030179329
"2902",171,"Providencia.alcalifaciens",0.000798116554506123
"2903",171,"Roseburia.intestinalis",0.000544336595339701
"2904",171,"Streptococcus.infantis",-0.0122667225077748
"2905",171,"Streptococcus.sp..MP111F6_2",-0.00179913471220061
"2906",171,"X.Clostridium..aldenense",0.00103564973687753
"2907",171,"X.Ruminococcus..sp..MP14G5",0.00047540565719828
"2908",172,"Actinomyces.sp..HMSC035G02",0.000442073564045131
"2909",172,"Actinomyces.sp..ICM39",0.00144516403088346
"2910",172,"Anaerostipes.sp..992a",0.00136070541338995
"2911",172,"Bacteroides.ovatus",0.00112026050919667
"2912",172,"Enterobacter.cloacae",0.00949080334976315
"2913",172,"Erysipelatoclostridium.sp..MP95D5",0.000185427197720855
"2914",172,"Intestinibacter.sp..MP113D11",0.000830752862384543
"2915",172,"Klebsiella.oxytoca",0.00135319074615836
"2916",172,"Lachnospiraceae.bacterium.CAG.364",-0.00155505666043609
"2917",172,"Lactobacillus.paracasei",0.00328779045958072
"2918",172,"Prevotella.buccae",0.000479535257909447
"2919",172,"Providencia.alcalifaciens",0.00105313444510102
"2920",172,"Roseburia.intestinalis",0.00049751196638681
"2921",172,"Streptococcus.infantis",0.000805114948889241
"2922",172,"Streptococcus.sp..MP111F6_2",0.00162401120178401
"2923",172,"X.Clostridium..aldenense",0.00241418473888189
"2924",172,"X.Ruminococcus..sp..MP14G5",0.000589211354963481
"2925",173,"Actinomyces.sp..HMSC035G02",-0.00703303515911102
"2926",173,"Actinomyces.sp..ICM39",0.00126627233112231
"2927",173,"Anaerostipes.sp..992a",0.00242765492293984
"2928",173,"Bacteroides.ovatus",0.000669380649924278
"2929",173,"Enterobacter.cloacae",0.0166308935731649
"2930",173,"Erysipelatoclostridium.sp..MP95D5",0.000396472169086337
"2931",173,"Intestinibacter.sp..MP113D11",0.000648606946924701
"2932",173,"Klebsiella.oxytoca",-0.0013818729785271
"2933",173,"Lachnospiraceae.bacterium.CAG.364",0.0020724346395582
"2934",173,"Lactobacillus.paracasei",0.00382715335581452
"2935",173,"Prevotella.buccae",0.000795966188888997
"2936",173,"Providencia.alcalifaciens",0.000843378686113283
"2937",173,"Roseburia.intestinalis",0.000552826299099252
"2938",173,"Streptococcus.infantis",-0.00474912906065583
"2939",173,"Streptococcus.sp..MP111F6_2",0.000801677466370165
"2940",173,"X.Clostridium..aldenense",0.00329097674693912
"2941",173,"X.Ruminococcus..sp..MP14G5",0.000630201102467254
"2942",174,"Actinomyces.sp..HMSC035G02",0.000128470543131698
"2943",174,"Actinomyces.sp..ICM39",0.000776106520788744
"2944",174,"Anaerostipes.sp..992a",0.000667745131067932
"2945",174,"Bacteroides.ovatus",0.000764880649512634
"2946",174,"Enterobacter.cloacae",0.0126353004015982
"2947",174,"Erysipelatoclostridium.sp..MP95D5",0.000231804362556431
"2948",174,"Intestinibacter.sp..MP113D11",0.000786705350037664
"2949",174,"Klebsiella.oxytoca",0.000954976276261732
"2950",174,"Lachnospiraceae.bacterium.CAG.364",0.00145474338205531
"2951",174,"Lactobacillus.paracasei",0.00458806357346475
"2952",174,"Prevotella.buccae",0.000190713726624381
"2953",174,"Providencia.alcalifaciens",0.00096763510373421
"2954",174,"Roseburia.intestinalis",-2.35249726756592e-05
"2955",174,"Streptococcus.infantis",0.00111922435462475
"2956",174,"Streptococcus.sp..MP111F6_2",0.00229623366612941
"2957",174,"X.Clostridium..aldenense",-0.00039252478745766
"2958",174,"X.Ruminococcus..sp..MP14G5",0.000781695183832198
"2959",175,"Actinomyces.sp..HMSC035G02",0.00014424115215661
"2960",175,"Actinomyces.sp..ICM39",0.000755366228986531
"2961",175,"Anaerostipes.sp..992a",0.000639842415694147
"2962",175,"Bacteroides.ovatus",0.000978014868451282
"2963",175,"Enterobacter.cloacae",0.010796737857163
"2964",175,"Erysipelatoclostridium.sp..MP95D5",0.000245531235123053
"2965",175,"Intestinibacter.sp..MP113D11",-0.00323033006861806
"2966",175,"Klebsiella.oxytoca",0.00190676742931828
"2967",175,"Lachnospiraceae.bacterium.CAG.364",0.00109580025309697
"2968",175,"Lactobacillus.paracasei",0.00488733453676105
"2969",175,"Prevotella.buccae",0.000215224979911
"2970",175,"Providencia.alcalifaciens",0.000901221297681332
"2971",175,"Roseburia.intestinalis",-0.000407597326557152
"2972",175,"Streptococcus.infantis",0.00074208906153217
"2973",175,"Streptococcus.sp..MP111F6_2",0.00240661308635026
"2974",175,"X.Clostridium..aldenense",-0.000807344709755853
"2975",175,"X.Ruminococcus..sp..MP14G5",0.000709412182914093
"2976",176,"Actinomyces.sp..HMSC035G02",-0.00787133234553039
"2977",176,"Actinomyces.sp..ICM39",0.000699638796504587
"2978",176,"Anaerostipes.sp..992a",0.000626902008662
"2979",176,"Bacteroides.ovatus",0.000797798216808587
"2980",176,"Enterobacter.cloacae",0.0123009686358273
"2981",176,"Erysipelatoclostridium.sp..MP95D5",0.00028363948513288
"2982",176,"Intestinibacter.sp..MP113D11",-0.00117078720359132
"2983",176,"Klebsiella.oxytoca",0.00291292718611658
"2984",176,"Lachnospiraceae.bacterium.CAG.364",0.0016444813227281
"2985",176,"Lactobacillus.paracasei",0.00537171098403633
"2986",176,"Prevotella.buccae",0.000208090183150489
"2987",176,"Providencia.alcalifaciens",0.000832716032164171
"2988",176,"Roseburia.intestinalis",-0.000237963336985558
"2989",176,"Streptococcus.infantis",0.000680632045259699
"2990",176,"Streptococcus.sp..MP111F6_2",0.000825747440103441
"2991",176,"X.Clostridium..aldenense",-0.00127372046699747
"2992",176,"X.Ruminococcus..sp..MP14G5",0.000632488896371797
"2993",177,"Actinomyces.sp..HMSC035G02",0.000148354476550594
"2994",177,"Actinomyces.sp..ICM39",0.00056801555911079
"2995",177,"Anaerostipes.sp..992a",0.000613580923527479
"2996",177,"Bacteroides.ovatus",-0.00829084077849984
"2997",177,"Enterobacter.cloacae",0.00821559084579349
"2998",177,"Erysipelatoclostridium.sp..MP95D5",8.96702113095671e-05
"2999",177,"Intestinibacter.sp..MP113D11",0.000683960824972019
"3000",177,"Klebsiella.oxytoca",0.00156154006253928
"3001",177,"Lachnospiraceae.bacterium.CAG.364",-0.00233907217625529
"3002",177,"Lactobacillus.paracasei",-0.00768566178157926
"3003",177,"Prevotella.buccae",0.000191316074051429
"3004",177,"Providencia.alcalifaciens",0.000684222584823146
"3005",177,"Roseburia.intestinalis",0.000174856089870445
"3006",177,"Streptococcus.infantis",0.000762294483138248
"3007",177,"Streptococcus.sp..MP111F6_2",-0.0152091439813375
"3008",177,"X.Clostridium..aldenense",-0.00162475620163605
"3009",177,"X.Ruminococcus..sp..MP14G5",0.000504588504554704
"3010",178,"Actinomyces.sp..HMSC035G02",0.000125469348859042
"3011",178,"Actinomyces.sp..ICM39",0.000771797873312607
"3012",178,"Anaerostipes.sp..992a",0.000617019279161468
"3013",178,"Bacteroides.ovatus",0.000585111847613007
"3014",178,"Enterobacter.cloacae",0.00574157433584332
"3015",178,"Erysipelatoclostridium.sp..MP95D5",0.000236340034462046
"3016",178,"Intestinibacter.sp..MP113D11",-0.00728982500731945
"3017",178,"Klebsiella.oxytoca",0.00142119167139754
"3018",178,"Lachnospiraceae.bacterium.CAG.364",-0.00356278289109468
"3019",178,"Lactobacillus.paracasei",0.00309602916240692
"3020",178,"Prevotella.buccae",0.000174229535332415
"3021",178,"Providencia.alcalifaciens",0.000767616584198549
"3022",178,"Roseburia.intestinalis",-0.00182356225559488
"3023",178,"Streptococcus.infantis",0.000656571035506204
"3024",178,"Streptococcus.sp..MP111F6_2",-0.00276257249061018
"3025",178,"X.Clostridium..aldenense",-0.00298308662604541
"3026",178,"X.Ruminococcus..sp..MP14G5",0.000538382912054658
"3027",179,"Actinomyces.sp..HMSC035G02",0.00013462761125993
"3028",179,"Actinomyces.sp..ICM39",0.000922377657843754
"3029",179,"Anaerostipes.sp..992a",-0.0773555561900139
"3030",179,"Bacteroides.ovatus",0.00043608840496745
"3031",179,"Enterobacter.cloacae",0.0139742372557521
"3032",179,"Erysipelatoclostridium.sp..MP95D5",0.000166747711773496
"3033",179,"Intestinibacter.sp..MP113D11",-0.00288810860365629
"3034",179,"Klebsiella.oxytoca",0.00129012973047793
"3035",179,"Lachnospiraceae.bacterium.CAG.364",-0.047819210216403
"3036",179,"Lactobacillus.paracasei",0.00223770458251238
"3037",179,"Prevotella.buccae",0.000517706735990942
"3038",179,"Providencia.alcalifaciens",0.000707566476194188
"3039",179,"Roseburia.intestinalis",0.000227703218115494
"3040",179,"Streptococcus.infantis",0.00133496598573402
"3041",179,"Streptococcus.sp..MP111F6_2",0.000819660286651924
"3042",179,"X.Clostridium..aldenense",-0.00291847949847579
"3043",179,"X.Ruminococcus..sp..MP14G5",0.000378847209503874
"3044",180,"Actinomyces.sp..HMSC035G02",0.000139156232762616
"3045",180,"Actinomyces.sp..ICM39",0.000693302426952869
"3046",180,"Anaerostipes.sp..992a",-0.0177693236619234
"3047",180,"Bacteroides.ovatus",0.00086308634490706
"3048",180,"Enterobacter.cloacae",0.0128555968403816
"3049",180,"Erysipelatoclostridium.sp..MP95D5",0.000452250154921785
"3050",180,"Intestinibacter.sp..MP113D11",-0.00191549409646541
"3051",180,"Klebsiella.oxytoca",0.00130225205793977
"3052",180,"Lachnospiraceae.bacterium.CAG.364",-0.00471100327558815
"3053",180,"Lactobacillus.paracasei",0.0040721099358052
"3054",180,"Prevotella.buccae",0.000205475211259909
"3055",180,"Providencia.alcalifaciens",0.000837703031720594
"3056",180,"Roseburia.intestinalis",-5.13267004862428e-05
"3057",180,"Streptococcus.infantis",0.000823691982077435
"3058",180,"Streptococcus.sp..MP111F6_2",0.00182390346890315
"3059",180,"X.Clostridium..aldenense",-0.000998313975287601
"3060",180,"X.Ruminococcus..sp..MP14G5",0.000729515828425065
"3061",181,"Actinomyces.sp..HMSC035G02",8.17807886051014e-05
"3062",181,"Actinomyces.sp..ICM39",0.000541812391020358
"3063",181,"Anaerostipes.sp..992a",0.000563515844987705
"3064",181,"Bacteroides.ovatus",0.00033953097590711
"3065",181,"Enterobacter.cloacae",-0.0232025170698762
"3066",181,"Erysipelatoclostridium.sp..MP95D5",0.000407991785323247
"3067",181,"Intestinibacter.sp..MP113D11",0.000308049711748026
"3068",181,"Klebsiella.oxytoca",-0.00676131853833795
"3069",181,"Lachnospiraceae.bacterium.CAG.364",0.000762066018069163
"3070",181,"Lactobacillus.paracasei",-0.0311838546767831
"3071",181,"Prevotella.buccae",0.000139438823680393
"3072",181,"Providencia.alcalifaciens",0.000831508747069165
"3073",181,"Roseburia.intestinalis",0.000369283501640894
"3074",181,"Streptococcus.infantis",0.000943647639360279
"3075",181,"Streptococcus.sp..MP111F6_2",0.000149391977174673
"3076",181,"X.Clostridium..aldenense",0.00135408045025542
"3077",181,"X.Ruminococcus..sp..MP14G5",0.000628697627689689
"3078",182,"Actinomyces.sp..HMSC035G02",0.000160531271831132
"3079",182,"Actinomyces.sp..ICM39",0.00126433931291103
"3080",182,"Anaerostipes.sp..992a",0.00239027920179069
"3081",182,"Bacteroides.ovatus",0.000495501997647807
"3082",182,"Enterobacter.cloacae",0.0159853082150221
"3083",182,"Erysipelatoclostridium.sp..MP95D5",0.000598677172092721
"3084",182,"Intestinibacter.sp..MP113D11",0.000354674019035883
"3085",182,"Klebsiella.oxytoca",0.00201845692936331
"3086",182,"Lachnospiraceae.bacterium.CAG.364",0.00183757045306265
"3087",182,"Lactobacillus.paracasei",-0.0115429484285414
"3088",182,"Prevotella.buccae",0.000833318947115913
"3089",182,"Providencia.alcalifaciens",0.000892308511538431
"3090",182,"Roseburia.intestinalis",0.000557519524591044
"3091",182,"Streptococcus.infantis",0.00156116369180381
"3092",182,"Streptococcus.sp..MP111F6_2",0
"3093",182,"X.Clostridium..aldenense",-0.000729914696421474
"3094",182,"X.Ruminococcus..sp..MP14G5",0.000649378460366279
"3095",183,"Actinomyces.sp..HMSC035G02",-0.00750475120730698
"3096",183,"Actinomyces.sp..ICM39",0.000569826748687774
"3097",183,"Anaerostipes.sp..992a",0.000565952766919509
"3098",183,"Bacteroides.ovatus",0.000440723350038752
"3099",183,"Enterobacter.cloacae",-0.0264570349827409
"3100",183,"Erysipelatoclostridium.sp..MP95D5",0.000304297485854477
"3101",183,"Intestinibacter.sp..MP113D11",0.000650962756481022
"3102",183,"Klebsiella.oxytoca",0.000664447376038879
"3103",183,"Lachnospiraceae.bacterium.CAG.364",-0.0237360093742609
"3104",183,"Lactobacillus.paracasei",0.00327702274080366
"3105",183,"Prevotella.buccae",0.000172096479218453
"3106",183,"Providencia.alcalifaciens",0.000747099780710414
"3107",183,"Roseburia.intestinalis",0.000373628630768508
"3108",183,"Streptococcus.infantis",0.000706737802829593
"3109",183,"Streptococcus.sp..MP111F6_2",0.000823371403384954
"3110",183,"X.Clostridium..aldenense",-0.00204987009055912
"3111",183,"X.Ruminococcus..sp..MP14G5",0.00056439419859089
"3112",184,"Actinomyces.sp..HMSC035G02",0.000138421295559965
"3113",184,"Actinomyces.sp..ICM39",0.000378246957552619
"3114",184,"Anaerostipes.sp..992a",0.000336919823894277
"3115",184,"Bacteroides.ovatus",-0.000239102184423245
"3116",184,"Enterobacter.cloacae",-0.0260697193443775
"3117",184,"Erysipelatoclostridium.sp..MP95D5",0.000200804519408848
"3118",184,"Intestinibacter.sp..MP113D11",0.000195085100131109
"3119",184,"Klebsiella.oxytoca",0.000823432026663795
"3120",184,"Lachnospiraceae.bacterium.CAG.364",0.000540140288649127
"3121",184,"Lactobacillus.paracasei",-0.0259679369628429
"3122",184,"Prevotella.buccae",0.000126946564705577
"3123",184,"Providencia.alcalifaciens",0.000250918499659747
"3124",184,"Roseburia.intestinalis",9.54708366407431e-06
"3125",184,"Streptococcus.infantis",0.000599324936047196
"3126",184,"Streptococcus.sp..MP111F6_2",0.00019367880304344
"3127",184,"X.Clostridium..aldenense",-0.00154592230683193
"3128",184,"X.Ruminococcus..sp..MP14G5",0.000310539791826159
"3129",185,"Actinomyces.sp..HMSC035G02",0.000124432030133903
"3130",185,"Actinomyces.sp..ICM39",0.00144126982195303
"3131",185,"Anaerostipes.sp..992a",0.00249575404450297
"3132",185,"Bacteroides.ovatus",0.000584964698646218
"3133",185,"Enterobacter.cloacae",0.0204603523015976
"3134",185,"Erysipelatoclostridium.sp..MP95D5",0.000384974962798879
"3135",185,"Intestinibacter.sp..MP113D11",0.000887111178599298
"3136",185,"Klebsiella.oxytoca",-0.00116366206202656
"3137",185,"Lachnospiraceae.bacterium.CAG.364",0.00161079381359741
"3138",185,"Lactobacillus.paracasei",0.00451238453388214
"3139",185,"Prevotella.buccae",0.000850911863381043
"3140",185,"Providencia.alcalifaciens",0.00100860337261111
"3141",185,"Roseburia.intestinalis",0.000470735612907447
"3142",185,"Streptococcus.infantis",0.00159702287055552
"3143",185,"Streptococcus.sp..MP111F6_2",-0.00203973532188684
"3144",185,"X.Clostridium..aldenense",0.00242512545082718
"3145",185,"X.Ruminococcus..sp..MP14G5",0.000464072727481835
"3146",186,"Actinomyces.sp..HMSC035G02",0.000617060577496886
"3147",186,"Actinomyces.sp..ICM39",0.000779189955210313
"3148",186,"Anaerostipes.sp..992a",0.000515337014803663
"3149",186,"Bacteroides.ovatus",0.00129931350238621
"3150",186,"Enterobacter.cloacae",0.0111057362519205
"3151",186,"Erysipelatoclostridium.sp..MP95D5",0.000267265408183448
"3152",186,"Intestinibacter.sp..MP113D11",0.00064710431615822
"3153",186,"Klebsiella.oxytoca",0.00189128244528547
"3154",186,"Lachnospiraceae.bacterium.CAG.364",0.000726917933207005
"3155",186,"Lactobacillus.paracasei",0.0037640614900738
"3156",186,"Prevotella.buccae",0.000166192025062628
"3157",186,"Providencia.alcalifaciens",0.000834018283057958
"3158",186,"Roseburia.intestinalis",-0.000182475574547425
"3159",186,"Streptococcus.infantis",0.00145054381573573
"3160",186,"Streptococcus.sp..MP111F6_2",0.0018239981145598
"3161",186,"X.Clostridium..aldenense",-0.00100928981555626
"3162",186,"X.Ruminococcus..sp..MP14G5",0.000413635250879452
"3163",187,"Actinomyces.sp..HMSC035G02",0.00014003760588821
"3164",187,"Actinomyces.sp..ICM39",0.000820155517430976
"3165",187,"Anaerostipes.sp..992a",0.00245724990963936
"3166",187,"Bacteroides.ovatus",0.000382564830943011
"3167",187,"Enterobacter.cloacae",-0.00486355926841497
"3168",187,"Erysipelatoclostridium.sp..MP95D5",0.000320647872285917
"3169",187,"Intestinibacter.sp..MP113D11",0.000960367760853842
"3170",187,"Klebsiella.oxytoca",-0.00114558753557503
"3171",187,"Lachnospiraceae.bacterium.CAG.364",0.00152589415665716
"3172",187,"Lactobacillus.paracasei",0.0039257804164663
"3173",187,"Prevotella.buccae",0.000695733528118581
"3174",187,"Providencia.alcalifaciens",0.00109933642670512
"3175",187,"Roseburia.intestinalis",0.000460110532003455
"3176",187,"Streptococcus.infantis",0.00146161712473258
"3177",187,"Streptococcus.sp..MP111F6_2",0.00186230638064444
"3178",187,"X.Clostridium..aldenense",-0.00128744367975742
"3179",187,"X.Ruminococcus..sp..MP14G5",0.000524109782418236
"3180",188,"Actinomyces.sp..HMSC035G02",0.000137770686706062
"3181",188,"Actinomyces.sp..ICM39",0.000749581347918138
"3182",188,"Anaerostipes.sp..992a",0.000598566664848477
"3183",188,"Bacteroides.ovatus",-0.00620605633594096
"3184",188,"Enterobacter.cloacae",-0.00883130403235555
"3185",188,"Erysipelatoclostridium.sp..MP95D5",0.000319342536386102
"3186",188,"Intestinibacter.sp..MP113D11",-0.000924886320717633
"3187",188,"Klebsiella.oxytoca",0.0025567936245352
"3188",188,"Lachnospiraceae.bacterium.CAG.364",0.00143819546792656
"3189",188,"Lactobacillus.paracasei",0.00713712116703391
"3190",188,"Prevotella.buccae",0.000189662147022318
"3191",188,"Providencia.alcalifaciens",0.000790243473602459
"3192",188,"Roseburia.intestinalis",0.000505300326040015
"3193",188,"Streptococcus.infantis",0.00112423527752981
"3194",188,"Streptococcus.sp..MP111F6_2",0.000730865460354835
"3195",188,"X.Clostridium..aldenense",0.00667304126545787
"3196",188,"X.Ruminococcus..sp..MP14G5",0.000657950760796666
"3197",189,"Actinomyces.sp..HMSC035G02",0.000159723844262771
"3198",189,"Actinomyces.sp..ICM39",0.00079919450217858
"3199",189,"Anaerostipes.sp..992a",0.00194493413437158
"3200",189,"Bacteroides.ovatus",0.000268586518359371
"3201",189,"Enterobacter.cloacae",0.0144638521596789
"3202",189,"Erysipelatoclostridium.sp..MP95D5",0.000691645196639001
"3203",189,"Intestinibacter.sp..MP113D11",0.00010731834845501
"3204",189,"Klebsiella.oxytoca",-0.00742975668981671
"3205",189,"Lachnospiraceae.bacterium.CAG.364",0.0013501979992725
"3206",189,"Lactobacillus.paracasei",0.00388083094730973
"3207",189,"Prevotella.buccae",0.000566247443202883
"3208",189,"Providencia.alcalifaciens",0.000736801157472655
"3209",189,"Roseburia.intestinalis",0.000110940403828863
"3210",189,"Streptococcus.infantis",0.0011425589909777
"3211",189,"Streptococcus.sp..MP111F6_2",0.00149552681250498
"3212",189,"X.Clostridium..aldenense",-0.00176343659404665
"3213",189,"X.Ruminococcus..sp..MP14G5",0.000441232215962373
"3214",190,"Actinomyces.sp..HMSC035G02",0.000155020679812878
"3215",190,"Actinomyces.sp..ICM39",0.00113814021460712
"3216",190,"Anaerostipes.sp..992a",0.00213695992715657
"3217",190,"Bacteroides.ovatus",0.000312356540234759
"3218",190,"Enterobacter.cloacae",0.0137899653054774
"3219",190,"Erysipelatoclostridium.sp..MP95D5",0.000621458981186152
"3220",190,"Intestinibacter.sp..MP113D11",0.000198325215023942
"3221",190,"Klebsiella.oxytoca",-0.0012863950105384
"3222",190,"Lachnospiraceae.bacterium.CAG.364",0.00137793913017958
"3223",190,"Lactobacillus.paracasei",0.00225685350596905
"3224",190,"Prevotella.buccae",0.000794562918599695
"3225",190,"Providencia.alcalifaciens",0.000478301823022775
"3226",190,"Roseburia.intestinalis",-3.20063372782897e-06
"3227",190,"Streptococcus.infantis",0.00125630013644695
"3228",190,"Streptococcus.sp..MP111F6_2",0.00130082777468488
"3229",190,"X.Clostridium..aldenense",-0.00137886917218566
"3230",190,"X.Ruminococcus..sp..MP14G5",0.000428248487878591
"3231",191,"Actinomyces.sp..HMSC035G02",0.000155020679812878
"3232",191,"Actinomyces.sp..ICM39",0.00109970982884988
"3233",191,"Anaerostipes.sp..992a",0.00213074893690646
"3234",191,"Bacteroides.ovatus",0.000274754609563388
"3235",191,"Enterobacter.cloacae",0.0138377766124904
"3236",191,"Erysipelatoclostridium.sp..MP95D5",0.000542423775186762
"3237",191,"Intestinibacter.sp..MP113D11",0.000269831856712699
"3238",191,"Klebsiella.oxytoca",-0.000619210302829742
"3239",191,"Lachnospiraceae.bacterium.CAG.364",0.00122962408931926
"3240",191,"Lactobacillus.paracasei",0.00246403203345835
"3241",191,"Prevotella.buccae",0.000742687232559547
"3242",191,"Providencia.alcalifaciens",0.000565524300327525
"3243",191,"Roseburia.intestinalis",1.94581125469995e-05
"3244",191,"Streptococcus.infantis",0.0012433105148375
"3245",191,"Streptococcus.sp..MP111F6_2",0.0011510185431689
"3246",191,"X.Clostridium..aldenense",-0.00305531534831971
"3247",191,"X.Ruminococcus..sp..MP14G5",0.000410103879403323
"3248",192,"Actinomyces.sp..HMSC035G02",0.000169186481798533
"3249",192,"Actinomyces.sp..ICM39",0.000417189701693133
"3250",192,"Anaerostipes.sp..992a",0.000253856349445414
"3251",192,"Bacteroides.ovatus",-0.000932457012822852
"3252",192,"Enterobacter.cloacae",-0.0246079815551639
"3253",192,"Erysipelatoclostridium.sp..MP95D5",0.000345515029039234
"3254",192,"Intestinibacter.sp..MP113D11",0.000243630522163585
"3255",192,"Klebsiella.oxytoca",-0.00453763478435576
"3256",192,"Lachnospiraceae.bacterium.CAG.364",0.000577327533392236
"3257",192,"Lactobacillus.paracasei",-0.0062945771496743
"3258",192,"Prevotella.buccae",0.000124720121675637
"3259",192,"Providencia.alcalifaciens",0.000267770345089957
"3260",192,"Roseburia.intestinalis",-3.20063372782897e-06
"3261",192,"Streptococcus.infantis",0.000597749400185421
"3262",192,"Streptococcus.sp..MP111F6_2",0.000438140035839751
"3263",192,"X.Clostridium..aldenense",-0.00135452533140779
"3264",192,"X.Ruminococcus..sp..MP14G5",0.000321182815241627
"3265",193,"Actinomyces.sp..HMSC035G02",0.000154578468936961
"3266",193,"Actinomyces.sp..ICM39",0.00050844406359829
"3267",193,"Anaerostipes.sp..992a",0.000590724463108927
"3268",193,"Bacteroides.ovatus",0.000358667108230293
"3269",193,"Enterobacter.cloacae",0.00599027657881379
"3270",193,"Erysipelatoclostridium.sp..MP95D5",0.000549482501810417
"3271",193,"Intestinibacter.sp..MP113D11",-0.00479383394122124
"3272",193,"Klebsiella.oxytoca",0.000367957312846556
"3273",193,"Lachnospiraceae.bacterium.CAG.364",0.000594723416725174
"3274",193,"Lactobacillus.paracasei",0.00299580674618483
"3275",193,"Prevotella.buccae",0.000126241509860847
"3276",193,"Providencia.alcalifaciens",0.000815690553281456
"3277",193,"Roseburia.intestinalis",0.000294162455247715
"3278",193,"Streptococcus.infantis",0.000753640750190243
"3279",193,"Streptococcus.sp..MP111F6_2",0.000720386015018448
"3280",193,"X.Clostridium..aldenense",-0.00145293539389968
"3281",193,"X.Ruminococcus..sp..MP14G5",0.000544450042070821
"3282",194,"Actinomyces.sp..HMSC035G02",-0.00727997440844774
"3283",194,"Actinomyces.sp..ICM39",0.000663137441733852
"3284",194,"Anaerostipes.sp..992a",0.000413837769883685
"3285",194,"Bacteroides.ovatus",0.000186552526429296
"3286",194,"Enterobacter.cloacae",-0.0601065587252378
"3287",194,"Erysipelatoclostridium.sp..MP95D5",0.000406556835514493
"3288",194,"Intestinibacter.sp..MP113D11",9.60045581450686e-05
"3289",194,"Klebsiella.oxytoca",-0.00595007720403373
"3290",194,"Lachnospiraceae.bacterium.CAG.364",0.000270717981038615
"3291",194,"Lactobacillus.paracasei",-0.0294123729690909
"3292",194,"Prevotella.buccae",0.000114209029561607
"3293",194,"Providencia.alcalifaciens",0.000462053969386034
"3294",194,"Roseburia.intestinalis",6.77141615597066e-05
"3295",194,"Streptococcus.infantis",-0.0112812449224293
"3296",194,"Streptococcus.sp..MP111F6_2",0.000577592407353222
"3297",194,"X.Clostridium..aldenense",0.00029801158234477
"3298",194,"X.Ruminococcus..sp..MP14G5",0.000330625538481399
"3299",195,"Actinomyces.sp..HMSC035G02",-0.00720170303247869
"3300",195,"Actinomyces.sp..ICM39",0.000443603654275648
"3301",195,"Anaerostipes.sp..992a",0.000341341699822806
"3302",195,"Bacteroides.ovatus",-6.10213210165966e-05
"3303",195,"Enterobacter.cloacae",-0.0614248849451542
"3304",195,"Erysipelatoclostridium.sp..MP95D5",0.000487231445731595
"3305",195,"Intestinibacter.sp..MP113D11",0.000119178788736463
"3306",195,"Klebsiella.oxytoca",-0.00468111573718488
"3307",195,"Lachnospiraceae.bacterium.CAG.364",0.000288435017864686
"3308",195,"Lactobacillus.paracasei",-0.0257592787966132
"3309",195,"Prevotella.buccae",0.000155594840180129
"3310",195,"Providencia.alcalifaciens",0.000343467982020229
"3311",195,"Roseburia.intestinalis",7.50261779103312e-06
"3312",195,"Streptococcus.infantis",0.000754505803342909
"3313",195,"Streptococcus.sp..MP111F6_2",0.00030671723652631
"3314",195,"X.Clostridium..aldenense",-0.000216554504731903
"3315",195,"X.Ruminococcus..sp..MP14G5",0.000331051967805251
"3316",196,"Actinomyces.sp..HMSC035G02",0.000614105199929327
"3317",196,"Actinomyces.sp..ICM39",0.000706756487488747
"3318",196,"Anaerostipes.sp..992a",0.000469778955448419
"3319",196,"Bacteroides.ovatus",0.00111181288957596
"3320",196,"Enterobacter.cloacae",-0.00539733353070915
"3321",196,"Erysipelatoclostridium.sp..MP95D5",8.56448605190963e-06
"3322",196,"Intestinibacter.sp..MP113D11",-0.000724380486644804
"3323",196,"Klebsiella.oxytoca",0.0018107311334461
"3324",196,"Lachnospiraceae.bacterium.CAG.364",0.000173962383996695
"3325",196,"Lactobacillus.paracasei",0.00281331606674939
"3326",196,"Prevotella.buccae",1.2588728168339e-05
"3327",196,"Providencia.alcalifaciens",0.000940228579565883
"3328",196,"Roseburia.intestinalis",1.91278995771427e-05
"3329",196,"Streptococcus.infantis",0.00108041940256953
"3330",196,"Streptococcus.sp..MP111F6_2",0.00183008494786918
"3331",196,"X.Clostridium..aldenense",-0.00141326745506376
"3332",196,"X.Ruminococcus..sp..MP14G5",0.000172797765117139
"3333",197,"Actinomyces.sp..HMSC035G02",0.000121409808343742
"3334",197,"Actinomyces.sp..ICM39",0.000712627515895292
"3335",197,"Anaerostipes.sp..992a",0.000552985904505476
"3336",197,"Bacteroides.ovatus",0.00060880440287292
"3337",197,"Enterobacter.cloacae",-0.0360267050564289
"3338",197,"Erysipelatoclostridium.sp..MP95D5",0.000286109643639065
"3339",197,"Intestinibacter.sp..MP113D11",0.00019816627172986
"3340",197,"Klebsiella.oxytoca",0.00164622603915632
"3341",197,"Lachnospiraceae.bacterium.CAG.364",0.000929413072299212
"3342",197,"Lactobacillus.paracasei",0.00482023204676807
"3343",197,"Prevotella.buccae",0.000210083235288039
"3344",197,"Providencia.alcalifaciens",0.00107450498035178
"3345",197,"Roseburia.intestinalis",-0.000736814079573378
"3346",197,"Streptococcus.infantis",0.000525798997841775
"3347",197,"Streptococcus.sp..MP111F6_2",0.00186987197957933
"3348",197,"X.Clostridium..aldenense",-0.000272920020506717
"3349",197,"X.Ruminococcus..sp..MP14G5",0.000552116136532277
"3350",198,"Actinomyces.sp..HMSC035G02",0.000654400821076706
"3351",198,"Actinomyces.sp..ICM39",0.000701002165442333
"3352",198,"Anaerostipes.sp..992a",0.000439437077147886
"3353",198,"Bacteroides.ovatus",0.0015228446573019
"3354",198,"Enterobacter.cloacae",-0.0296430168673396
"3355",198,"Erysipelatoclostridium.sp..MP95D5",0.000258064101217315
"3356",198,"Intestinibacter.sp..MP113D11",0.000699511467246339
"3357",198,"Klebsiella.oxytoca",0.00057337962789461
"3358",198,"Lachnospiraceae.bacterium.CAG.364",0.00125668366672471
"3359",198,"Lactobacillus.paracasei",0.00359867420047522
"3360",198,"Prevotella.buccae",-2.09712343348656e-05
"3361",198,"Providencia.alcalifaciens",0.00109903694828972
"3362",198,"Roseburia.intestinalis",0.000477570050861686
"3363",198,"Streptococcus.infantis",0.00133797765010968
"3364",198,"Streptococcus.sp..MP111F6_2",0.00166439160238951
"3365",198,"X.Clostridium..aldenense",0.00181284046266228
"3366",198,"X.Ruminococcus..sp..MP14G5",0.000668501277687028
"3367",199,"Actinomyces.sp..HMSC035G02",0.000132200715597719
"3368",199,"Actinomyces.sp..ICM39",0.000757963513024151
"3369",199,"Anaerostipes.sp..992a",0.000596447760472074
"3370",199,"Bacteroides.ovatus",0.00112819770583883
"3371",199,"Enterobacter.cloacae",0.00948584405705333
"3372",199,"Erysipelatoclostridium.sp..MP95D5",0.000197242727153935
"3373",199,"Intestinibacter.sp..MP113D11",0.000586718699196354
"3374",199,"Klebsiella.oxytoca",0.0019256699597463
"3375",199,"Lachnospiraceae.bacterium.CAG.364",0.00201130274217576
"3376",199,"Lactobacillus.paracasei",0.00459054159000516
"3377",199,"Prevotella.buccae",0.000191882652870845
"3378",199,"Providencia.alcalifaciens",0.00109092495404184
"3379",199,"Roseburia.intestinalis",0.00062503878143616
"3380",199,"Streptococcus.infantis",0.000593672244576737
"3381",199,"Streptococcus.sp..MP111F6_2",0.00193509663222358
"3382",199,"X.Clostridium..aldenense",-0.000400416349293664
"3383",199,"X.Ruminococcus..sp..MP14G5",0.000681558653013781
"3384",200,"Actinomyces.sp..HMSC035G02",0.000579879968427122
"3385",200,"Actinomyces.sp..ICM39",0.000620288192294538
"3386",200,"Anaerostipes.sp..992a",0.000459077942650765
"3387",200,"Bacteroides.ovatus",0.00115288200322539
"3388",200,"Enterobacter.cloacae",-0.00864329375326633
"3389",200,"Erysipelatoclostridium.sp..MP95D5",9.13990006665699e-05
"3390",200,"Intestinibacter.sp..MP113D11",0.000535051920451224
"3391",200,"Klebsiella.oxytoca",0.00170557835372165
"3392",200,"Lachnospiraceae.bacterium.CAG.364",0.00109253142727539
"3393",200,"Lactobacillus.paracasei",0.00327470002230257
"3394",200,"Prevotella.buccae",0.000176574423676357
"3395",200,"Providencia.alcalifaciens",0.00015666908439016
"3396",200,"Roseburia.intestinalis",0.000561584427487105
"3397",200,"Streptococcus.infantis",0.00104055088013411
"3398",200,"Streptococcus.sp..MP111F6_2",0.00175695854704827
"3399",200,"X.Clostridium..aldenense",-0.00106444337870926
"3400",200,"X.Ruminococcus..sp..MP14G5",0.000142323995532934
"3401",201,"Actinomyces.sp..HMSC035G02",0.000141349097248167
"3402",201,"Actinomyces.sp..ICM39",0.000643919542199001
"3403",201,"Anaerostipes.sp..992a",0.000578230450628325
"3404",201,"Bacteroides.ovatus",0.00086228534928523
"3405",201,"Enterobacter.cloacae",0.0107972137629986
"3406",201,"Erysipelatoclostridium.sp..MP95D5",0.000286504553514533
"3407",201,"Intestinibacter.sp..MP113D11",0.000561292836209759
"3408",201,"Klebsiella.oxytoca",0.00176146219018847
"3409",201,"Lachnospiraceae.bacterium.CAG.364",0.00220058800186962
"3410",201,"Lactobacillus.paracasei",0.00372773129492998
"3411",201,"Prevotella.buccae",0.000190634076716378
"3412",201,"Providencia.alcalifaciens",0.00114838726585731
"3413",201,"Roseburia.intestinalis",0.000538309977855533
"3414",201,"Streptococcus.infantis",0.000584297871682793
"3415",201,"Streptococcus.sp..MP111F6_2",0.00185955583583564
"3416",201,"X.Clostridium..aldenense",-0.000710555439582095
"3417",201,"X.Ruminococcus..sp..MP14G5",0.00065731955692172
"3418",202,"Actinomyces.sp..HMSC035G02",0.000137084127345588
"3419",202,"Actinomyces.sp..ICM39",0.00027492867957335
"3420",202,"Anaerostipes.sp..992a",0.00050851859850809
"3421",202,"Bacteroides.ovatus",0.000739864102797583
"3422",202,"Enterobacter.cloacae",-0.0115624135360122
"3423",202,"Erysipelatoclostridium.sp..MP95D5",0.000318875347147696
"3424",202,"Intestinibacter.sp..MP113D11",0.000500491354614496
"3425",202,"Klebsiella.oxytoca",-0.00284846685826778
"3426",202,"Lachnospiraceae.bacterium.CAG.364",0.00127689546206966
"3427",202,"Lactobacillus.paracasei",0.00512484065257013
"3428",202,"Prevotella.buccae",0.000203803007025272
"3429",202,"Providencia.alcalifaciens",0.000718059192877263
"3430",202,"Roseburia.intestinalis",0.000609716487815604
"3431",202,"Streptococcus.infantis",-0.0053574163466692
"3432",202,"Streptococcus.sp..MP111F6_2",-0.0123086776584387
"3433",202,"X.Clostridium..aldenense",0.00476497248746455
"3434",202,"X.Ruminococcus..sp..MP14G5",0.000633463583653793
"3435",203,"Actinomyces.sp..HMSC035G02",0.000178958856849931
"3436",203,"Actinomyces.sp..ICM39",0.000785731099313125
"3437",203,"Anaerostipes.sp..992a",0.000612705916864797
"3438",203,"Bacteroides.ovatus",0.000420423879404552
"3439",203,"Enterobacter.cloacae",0.0203393008559942
"3440",203,"Erysipelatoclostridium.sp..MP95D5",0.000346063054166734
"3441",203,"Intestinibacter.sp..MP113D11",0.000791379512520507
"3442",203,"Klebsiella.oxytoca",-0.00337138574104756
"3443",203,"Lachnospiraceae.bacterium.CAG.364",0.00103631214005873
"3444",203,"Lactobacillus.paracasei",0.00876367744058371
"3445",203,"Prevotella.buccae",0.000182290867087431
"3446",203,"Providencia.alcalifaciens",0.000717074144631624
"3447",203,"Roseburia.intestinalis",0.000626427325187251
"3448",203,"Streptococcus.infantis",-0.0105100451037288
"3449",203,"Streptococcus.sp..MP111F6_2",0.000748506048694253
"3450",203,"X.Clostridium..aldenense",0.00591200031340122
"3451",203,"X.Ruminococcus..sp..MP14G5",0.000495907544973306
"3452",204,"Actinomyces.sp..HMSC035G02",0.000158617142005824
"3453",204,"Actinomyces.sp..ICM39",0.000546478840988129
"3454",204,"Anaerostipes.sp..992a",0.000604183238465339
"3455",204,"Bacteroides.ovatus",0.000536062492756173
"3456",204,"Enterobacter.cloacae",0.0254500191658735
"3457",204,"Erysipelatoclostridium.sp..MP95D5",0.000410266715334728
"3458",204,"Intestinibacter.sp..MP113D11",0.000889096525497735
"3459",204,"Klebsiella.oxytoca",-0.000597591657424346
"3460",204,"Lachnospiraceae.bacterium.CAG.364",0.00126833142712712
"3461",204,"Lactobacillus.paracasei",-0.00322775624226779
"3462",204,"Prevotella.buccae",0.00013358529395191
"3463",204,"Providencia.alcalifaciens",0.000830254080938175
"3464",204,"Roseburia.intestinalis",0.000871824158821255
"3465",204,"Streptococcus.infantis",0.00109689636155963
"3466",204,"Streptococcus.sp..MP111F6_2",0.000715062458766624
"3467",204,"X.Clostridium..aldenense",0.00378049933351576
"3468",204,"X.Ruminococcus..sp..MP14G5",0.000529243785422295
"3469",205,"Actinomyces.sp..HMSC035G02",0.000132405089971144
"3470",205,"Actinomyces.sp..ICM39",0.00043057749280706
"3471",205,"Anaerostipes.sp..992a",0.000525737676071003
"3472",205,"Bacteroides.ovatus",0.00129738362738863
"3473",205,"Enterobacter.cloacae",-0.00714110024273396
"3474",205,"Erysipelatoclostridium.sp..MP95D5",0.000291240168735385
"3475",205,"Intestinibacter.sp..MP113D11",0.000673207454383373
"3476",205,"Klebsiella.oxytoca",0.00070352602051571
"3477",205,"Lachnospiraceae.bacterium.CAG.364",0.00296335481107235
"3478",205,"Lactobacillus.paracasei",0.00539187924005091
"3479",205,"Prevotella.buccae",-0.000161359799676575
"3480",205,"Providencia.alcalifaciens",0.000730758678400889
"3481",205,"Roseburia.intestinalis",-0.000217315486224834
"3482",205,"Streptococcus.infantis",0.000846095063025132
"3483",205,"Streptococcus.sp..MP111F6_2",0.00189581589074805
"3484",205,"X.Clostridium..aldenense",-0.000620612176135182
"3485",205,"X.Ruminococcus..sp..MP14G5",0.000714648049324751
"3486",206,"Actinomyces.sp..HMSC035G02",0.000120812801469583
"3487",206,"Actinomyces.sp..ICM39",0.0014994204393588
"3488",206,"Anaerostipes.sp..992a",0.00240605266299099
"3489",206,"Bacteroides.ovatus",0.000802835740614682
"3490",206,"Enterobacter.cloacae",0.0156317935325205
"3491",206,"Erysipelatoclostridium.sp..MP95D5",0.000283735280390829
"3492",206,"Intestinibacter.sp..MP113D11",0.000759000860853121
"3493",206,"Klebsiella.oxytoca",0.00153475475963205
"3494",206,"Lachnospiraceae.bacterium.CAG.364",0.00191142718540505
"3495",206,"Lactobacillus.paracasei",0.00322385714389384
"3496",206,"Prevotella.buccae",0.000662638223730028
"3497",206,"Providencia.alcalifaciens",-0.000153318695083726
"3498",206,"Roseburia.intestinalis",0.000861548323882744
"3499",206,"Streptococcus.infantis",0.000730263360310346
"3500",206,"Streptococcus.sp..MP111F6_2",-0.00172651611501351
"3501",206,"X.Clostridium..aldenense",-0.00140878744423389
"3502",206,"X.Ruminococcus..sp..MP14G5",0.000632047100225464
"3503",207,"Actinomyces.sp..HMSC035G02",0.000117454535939032
"3504",207,"Actinomyces.sp..ICM39",0.00142758328001946
"3505",207,"Anaerostipes.sp..992a",0.00250652688555419
"3506",207,"Bacteroides.ovatus",0.000739099166821688
"3507",207,"Enterobacter.cloacae",-0.0041244748281315
"3508",207,"Erysipelatoclostridium.sp..MP95D5",-0.000163563439855352
"3509",207,"Intestinibacter.sp..MP113D11",0.000916019576834515
"3510",207,"Klebsiella.oxytoca",0.00174950389191508
"3511",207,"Lachnospiraceae.bacterium.CAG.364",-0.0017018478247337
"3512",207,"Lactobacillus.paracasei",0.0029572470812127
"3513",207,"Prevotella.buccae",0.000846579787321389
"3514",207,"Providencia.alcalifaciens",0.000788200442912057
"3515",207,"Roseburia.intestinalis",0.000442530435975641
"3516",207,"Streptococcus.infantis",0.0013044880470261
"3517",207,"Streptococcus.sp..MP111F6_2",0.00338789843954146
"3518",207,"X.Clostridium..aldenense",-0.000256289626122452
"3519",207,"X.Ruminococcus..sp..MP14G5",-0.0050397056620568
"3520",208,"Actinomyces.sp..HMSC035G02",0.00014448472938966
"3521",208,"Actinomyces.sp..ICM39",0.00053831611876376
"3522",208,"Anaerostipes.sp..992a",-0.0114869079552591
"3523",208,"Bacteroides.ovatus",-0.00272965698968619
"3524",208,"Enterobacter.cloacae",0.00377688382286578
"3525",208,"Erysipelatoclostridium.sp..MP95D5",0.000152975713717751
"3526",208,"Intestinibacter.sp..MP113D11",1.79116705112392e-05
"3527",208,"Klebsiella.oxytoca",0.000185082077223342
"3528",208,"Lachnospiraceae.bacterium.CAG.364",-0.00705609912984073
"3529",208,"Lactobacillus.paracasei",0.00361805211286992
"3530",208,"Prevotella.buccae",2.48871820076602e-05
"3531",208,"Providencia.alcalifaciens",0.00061311962781474
"3532",208,"Roseburia.intestinalis",-0.0018957438878715
"3533",208,"Streptococcus.infantis",0.000580997788347304
"3534",208,"Streptococcus.sp..MP111F6_2",-0.0205661021173
"3535",208,"X.Clostridium..aldenense",-0.00202623242512345
"3536",208,"X.Ruminococcus..sp..MP14G5",0.000459772360045463
"3537",209,"Actinomyces.sp..HMSC035G02",0.000136775925057009
"3538",209,"Actinomyces.sp..ICM39",0.000753475062083453
"3539",209,"Anaerostipes.sp..992a",0.000105392078694422
"3540",209,"Bacteroides.ovatus",-0.000478296657092869
"3541",209,"Enterobacter.cloacae",0.00272139336448163
"3542",209,"Erysipelatoclostridium.sp..MP95D5",0.000250776778557338
"3543",209,"Intestinibacter.sp..MP113D11",-6.14107921137474e-05
"3544",209,"Klebsiella.oxytoca",0.000790295423939824
"3545",209,"Lachnospiraceae.bacterium.CAG.364",0.00200842798221856
"3546",209,"Lactobacillus.paracasei",0.00591946044005454
"3547",209,"Prevotella.buccae",0.000217688255361281
"3548",209,"Providencia.alcalifaciens",0.000725253688869998
"3549",209,"Roseburia.intestinalis",-0.000263756381173152
"3550",209,"Streptococcus.infantis",0.000688162021106109
"3551",209,"Streptococcus.sp..MP111F6_2",0.000957146985456347
"3552",209,"X.Clostridium..aldenense",-0.000477092733490281
"3553",209,"X.Ruminococcus..sp..MP14G5",0.000834602047689259
"3554",210,"Actinomyces.sp..HMSC035G02",0.000126646322314627
"3555",210,"Actinomyces.sp..ICM39",0.000769044418120757
"3556",210,"Anaerostipes.sp..992a",0.00225073576439172
"3557",210,"Bacteroides.ovatus",0.00087249799980782
"3558",210,"Enterobacter.cloacae",0.0163519224151969
"3559",210,"Erysipelatoclostridium.sp..MP95D5",0.000260945278569125
"3560",210,"Intestinibacter.sp..MP113D11",0.000680700817611068
"3561",210,"Klebsiella.oxytoca",-0.00024412949278485
"3562",210,"Lachnospiraceae.bacterium.CAG.364",0.00266579119488597
"3563",210,"Lactobacillus.paracasei",0.00336336786858737
"3564",210,"Prevotella.buccae",0.000420546915847808
"3565",210,"Providencia.alcalifaciens",-0.0239138901233673
"3566",210,"Roseburia.intestinalis",0.000717089686077088
"3567",210,"Streptococcus.infantis",-0.000597240257775411
"3568",210,"Streptococcus.sp..MP111F6_2",0.000347165943821892
"3569",210,"X.Clostridium..aldenense",0.00325108750257641
"3570",210,"X.Ruminococcus..sp..MP14G5",0.00064139359164983
"3571",211,"Actinomyces.sp..HMSC035G02",0.000135146343382075
"3572",211,"Actinomyces.sp..ICM39",0.00101468391949311
"3573",211,"Anaerostipes.sp..992a",0.0023254178231582
"3574",211,"Bacteroides.ovatus",0.00042207571095787
"3575",211,"Enterobacter.cloacae",0.025040416046977
"3576",211,"Erysipelatoclostridium.sp..MP95D5",-0.00114915845915675
"3577",211,"Intestinibacter.sp..MP113D11",0.000871757336426526
"3578",211,"Klebsiella.oxytoca",0.000620830163825303
"3579",211,"Lachnospiraceae.bacterium.CAG.364",0.00129626673879102
"3580",211,"Lactobacillus.paracasei",-0.00577535689808428
"3581",211,"Prevotella.buccae",0.000614216056419536
"3582",211,"Providencia.alcalifaciens",0.000815869774669409
"3583",211,"Roseburia.intestinalis",0.000468027603346854
"3584",211,"Streptococcus.infantis",0.00150247872807086
"3585",211,"Streptococcus.sp..MP111F6_2",0.0018922325107269
"3586",211,"X.Clostridium..aldenense",-0.000953016948187724
"3587",211,"X.Ruminococcus..sp..MP14G5",0.000664860475808382
"3588",212,"Actinomyces.sp..HMSC035G02",0.000140400814416353
"3589",212,"Actinomyces.sp..ICM39",0.000580296444240957
"3590",212,"Anaerostipes.sp..992a",0.000595553428865969
"3591",212,"Bacteroides.ovatus",-0.00400507939048111
"3592",212,"Enterobacter.cloacae",0.00733788101933897
"3593",212,"Erysipelatoclostridium.sp..MP95D5",0.000220552319660783
"3594",212,"Intestinibacter.sp..MP113D11",-0.00960435159504414
"3595",212,"Klebsiella.oxytoca",0.00103658175794408
"3596",212,"Lachnospiraceae.bacterium.CAG.364",0.00102088961284608
"3597",212,"Lactobacillus.paracasei",0.00301356241106987
"3598",212,"Prevotella.buccae",-1.65613473654957e-05
"3599",212,"Providencia.alcalifaciens",0.000793515093391761
"3600",212,"Roseburia.intestinalis",0.000305215187836438
"3601",212,"Streptococcus.infantis",0.000526281597558409
"3602",212,"Streptococcus.sp..MP111F6_2",0.00123740686103702
"3603",212,"X.Clostridium..aldenense",-0.00105353401158936
"3604",212,"X.Ruminococcus..sp..MP14G5",0.000448270264314488
"3605",213,"Actinomyces.sp..HMSC035G02",0.000119994518172462
"3606",213,"Actinomyces.sp..ICM39",0.00135413563111797
"3607",213,"Anaerostipes.sp..992a",0.00245796702802181
"3608",213,"Bacteroides.ovatus",0.000930746959056705
"3609",213,"Enterobacter.cloacae",0.0174664789810777
"3610",213,"Erysipelatoclostridium.sp..MP95D5",0.000206898781470954
"3611",213,"Intestinibacter.sp..MP113D11",-0.0027925637550652
"3612",213,"Klebsiella.oxytoca",0.00143852265318856
"3613",213,"Lachnospiraceae.bacterium.CAG.364",0.00203943357337266
"3614",213,"Lactobacillus.paracasei",0.00417640781961381
"3615",213,"Prevotella.buccae",0.000527334748767316
"3616",213,"Providencia.alcalifaciens",0.000770091719459742
"3617",213,"Roseburia.intestinalis",0.000495383341331035
"3618",213,"Streptococcus.infantis",0.00110209052218124
"3619",213,"Streptococcus.sp..MP111F6_2",0.00270316388923675
"3620",213,"X.Clostridium..aldenense",-0.00116896670078859
"3621",213,"X.Ruminococcus..sp..MP14G5",0.000599607650656253
"3622",214,"Actinomyces.sp..HMSC035G02",0.000119261465442833
"3623",214,"Actinomyces.sp..ICM39",0.00112750579137355
"3624",214,"Anaerostipes.sp..992a",0.00219616200774908
"3625",214,"Bacteroides.ovatus",0.00154717697296292
"3626",214,"Enterobacter.cloacae",0.0153234237805009
"3627",214,"Erysipelatoclostridium.sp..MP95D5",0.000290080235572532
"3628",214,"Intestinibacter.sp..MP113D11",0.000988200365100056
"3629",214,"Klebsiella.oxytoca",0.00119265750981867
"3630",214,"Lachnospiraceae.bacterium.CAG.364",0.0019123176462017
"3631",214,"Lactobacillus.paracasei",0.00317464419640601
"3632",214,"Prevotella.buccae",0.000451386615168303
"3633",214,"Providencia.alcalifaciens",0.000939601159188896
"3634",214,"Roseburia.intestinalis",0.000556791172130033
"3635",214,"Streptococcus.infantis",0.00112359272316098
"3636",214,"Streptococcus.sp..MP111F6_2",0.00264315621461719
"3637",214,"X.Clostridium..aldenense",-0.000209176332646166
"3638",214,"X.Ruminococcus..sp..MP14G5",0.0005873168411199
"3639",215,"Actinomyces.sp..HMSC035G02",0.000136213231598958
"3640",215,"Actinomyces.sp..ICM39",0.000600188941461965
"3641",215,"Anaerostipes.sp..992a",0.000563965266337618
"3642",215,"Bacteroides.ovatus",0.000802413851488382
"3643",215,"Enterobacter.cloacae",0.0131536358967423
"3644",215,"Erysipelatoclostridium.sp..MP95D5",0.00076861577690579
"3645",215,"Intestinibacter.sp..MP113D11",0.000756628578528762
"3646",215,"Klebsiella.oxytoca",0.0032124612480402
"3647",215,"Lachnospiraceae.bacterium.CAG.364",0.0013287880574353
"3648",215,"Lactobacillus.paracasei",0.00549202947877347
"3649",215,"Prevotella.buccae",7.21732758393046e-05
"3650",215,"Providencia.alcalifaciens",0.00113823445281014
"3651",215,"Roseburia.intestinalis",0.000834377045975998
"3652",215,"Streptococcus.infantis",0.000922566134249792
"3653",215,"Streptococcus.sp..MP111F6_2",0.00138756551314145
"3654",215,"X.Clostridium..aldenense",-0.00131756940390915
"3655",215,"X.Ruminococcus..sp..MP14G5",0.000559448730200529
"3656",216,"Actinomyces.sp..HMSC035G02",0.000613482436165214
"3657",216,"Actinomyces.sp..ICM39",0.00120541645446792
"3658",216,"Anaerostipes.sp..992a",0.0013822425971739
"3659",216,"Bacteroides.ovatus",0.000941043545026332
"3660",216,"Enterobacter.cloacae",0.015993376262486
"3661",216,"Erysipelatoclostridium.sp..MP95D5",0.00037873575638514
"3662",216,"Intestinibacter.sp..MP113D11",0.000945167994359508
"3663",216,"Klebsiella.oxytoca",0.0017980036791414
"3664",216,"Lachnospiraceae.bacterium.CAG.364",0.0012782855774276
"3665",216,"Lactobacillus.paracasei",0.00271468295250088
"3666",216,"Prevotella.buccae",0.000420985379605554
"3667",216,"Providencia.alcalifaciens",0.000762343610404059
"3668",216,"Roseburia.intestinalis",-0.00119721970986575
"3669",216,"Streptococcus.infantis",0.00169679732061923
"3670",216,"Streptococcus.sp..MP111F6_2",0.00148837739834562
"3671",216,"X.Clostridium..aldenense",-0.000893675838597119
"3672",216,"X.Ruminococcus..sp..MP14G5",0.000508943528984673
"3673",217,"Actinomyces.sp..HMSC035G02",0.000149588253407273
"3674",217,"Actinomyces.sp..ICM39",0.00107644899981096
"3675",217,"Anaerostipes.sp..992a",0.00248656515032053
"3676",217,"Bacteroides.ovatus",0.000436536327470094
"3677",217,"Enterobacter.cloacae",0.0198436537757516
"3678",217,"Erysipelatoclostridium.sp..MP95D5",0.00043726789590437
"3679",217,"Intestinibacter.sp..MP113D11",0.000760139577323571
"3680",217,"Klebsiella.oxytoca",0.00345705612562597
"3681",217,"Lachnospiraceae.bacterium.CAG.364",0.00236599007621408
"3682",217,"Lactobacillus.paracasei",-0.010289404541254
"3683",217,"Prevotella.buccae",0.000830549455713481
"3684",217,"Providencia.alcalifaciens",0.000878006569109857
"3685",217,"Roseburia.intestinalis",0.000574508216232061
"3686",217,"Streptococcus.infantis",0.00143898982787505
"3687",217,"Streptococcus.sp..MP111F6_2",0.00168960721930489
"3688",217,"X.Clostridium..aldenense",-0.00178567931288853
"3689",217,"X.Ruminococcus..sp..MP14G5",0.000555485457880422
"3690",218,"Actinomyces.sp..HMSC035G02",0.000156427784531843
"3691",218,"Actinomyces.sp..ICM39",0.000485043856315315
"3692",218,"Anaerostipes.sp..992a",0.000359197030775249
"3693",218,"Bacteroides.ovatus",0.000129403855680721
"3694",218,"Enterobacter.cloacae",-0.0345080755650997
"3695",218,"Erysipelatoclostridium.sp..MP95D5",0.000468609694507904
"3696",218,"Intestinibacter.sp..MP113D11",0.000341374558047391
"3697",218,"Klebsiella.oxytoca",-0.00188463897211477
"3698",218,"Lachnospiraceae.bacterium.CAG.364",0.000761658127885312
"3699",218,"Lactobacillus.paracasei",0.00319198449142277
"3700",218,"Prevotella.buccae",0.000150547180965077
"3701",218,"Providencia.alcalifaciens",0.000339488222380169
"3702",218,"Roseburia.intestinalis",8.70625663083047e-05
"3703",218,"Streptococcus.infantis",0.000824057060526684
"3704",218,"Streptococcus.sp..MP111F6_2",0.000548179348697886
"3705",218,"X.Clostridium..aldenense",0.0026011586887762
"3706",218,"X.Ruminococcus..sp..MP14G5",0.000395748327719048
"3707",219,"Actinomyces.sp..HMSC035G02",0.00016531023720745
"3708",219,"Actinomyces.sp..ICM39",0.000388605869375169
"3709",219,"Anaerostipes.sp..992a",0.000500102643854916
"3710",219,"Bacteroides.ovatus",0.000306784495478496
"3711",219,"Enterobacter.cloacae",-0.000533924699993804
"3712",219,"Erysipelatoclostridium.sp..MP95D5",0.000384054495953023
"3713",219,"Intestinibacter.sp..MP113D11",0.000255516497418284
"3714",219,"Klebsiella.oxytoca",0.000631438626442105
"3715",219,"Lachnospiraceae.bacterium.CAG.364",0.000487546436488628
"3716",219,"Lactobacillus.paracasei",0.00133641198044643
"3717",219,"Prevotella.buccae",0.000137565133627504
"3718",219,"Providencia.alcalifaciens",0.000341839884640649
"3719",219,"Roseburia.intestinalis",1.24071789286972e-05
"3720",219,"Streptococcus.infantis",-0.0101384399458766
"3721",219,"Streptococcus.sp..MP111F6_2",-0.0053304135799408
"3722",219,"X.Clostridium..aldenense",0.000305727851809934
"3723",219,"X.Ruminococcus..sp..MP14G5",0.00033371766039636
"3724",220,"Actinomyces.sp..HMSC035G02",0.000158681956236251
"3725",220,"Actinomyces.sp..ICM39",0.000552860874449834
"3726",220,"Anaerostipes.sp..992a",0.000506912532728165
"3727",220,"Bacteroides.ovatus",-0.0116297248750925
"3728",220,"Enterobacter.cloacae",0.00373837177176028
"3729",220,"Erysipelatoclostridium.sp..MP95D5",0.00046690326416865
"3730",220,"Intestinibacter.sp..MP113D11",0.00019426345534157
"3731",220,"Klebsiella.oxytoca",0.000243567643337883
"3732",220,"Lachnospiraceae.bacterium.CAG.364",0.000390167697332799
"3733",220,"Lactobacillus.paracasei",0.00473353895358741
"3734",220,"Prevotella.buccae",0.000146426442370284
"3735",220,"Providencia.alcalifaciens",0.000733494380256161
"3736",220,"Roseburia.intestinalis",0.000303049964713864
"3737",220,"Streptococcus.infantis",0.000911639130208641
"3738",220,"Streptococcus.sp..MP111F6_2",0.000526353949680924
"3739",220,"X.Clostridium..aldenense",0.000935376127017662
"3740",220,"X.Ruminococcus..sp..MP14G5",0.000491629281896167
"3741",221,"Actinomyces.sp..HMSC035G02",9.77277268248145e-05
"3742",221,"Actinomyces.sp..ICM39",0.000639651087112725
"3743",221,"Anaerostipes.sp..992a",0.000578985142055899
"3744",221,"Bacteroides.ovatus",0.000375260118744336
"3745",221,"Enterobacter.cloacae",-0.0323313809931278
"3746",221,"Erysipelatoclostridium.sp..MP95D5",0.000261372711975127
"3747",221,"Intestinibacter.sp..MP113D11",0.000685149250784889
"3748",221,"Klebsiella.oxytoca",-0.00751294870860875
"3749",221,"Lachnospiraceae.bacterium.CAG.364",0.000836529565276578
"3750",221,"Lactobacillus.paracasei",-0.0253667943179607
"3751",221,"Prevotella.buccae",0.000171332212630659
"3752",221,"Providencia.alcalifaciens",0.00064565017237328
"3753",221,"Roseburia.intestinalis",0.000447298269136809
"3754",221,"Streptococcus.infantis",0.000944171973969787
"3755",221,"Streptococcus.sp..MP111F6_2",0.00066329725086689
"3756",221,"X.Clostridium..aldenense",0.00222495885100216
"3757",221,"X.Ruminococcus..sp..MP14G5",0.000449802988441661
"3758",222,"Actinomyces.sp..HMSC035G02",0.000592605210840702
"3759",222,"Actinomyces.sp..ICM39",0.00133796606678516
"3760",222,"Anaerostipes.sp..992a",0.00138485402567312
"3761",222,"Bacteroides.ovatus",-0.00107528455555439
"3762",222,"Enterobacter.cloacae",-0.00371029181405902
"3763",222,"Erysipelatoclostridium.sp..MP95D5",0.000239237051573582
"3764",222,"Intestinibacter.sp..MP113D11",0.000617318408330902
"3765",222,"Klebsiella.oxytoca",0.000281672429991886
"3766",222,"Lachnospiraceae.bacterium.CAG.364",0.00108834716957062
"3767",222,"Lactobacillus.paracasei",0.00386297237128019
"3768",222,"Prevotella.buccae",0.000387957668863237
"3769",222,"Providencia.alcalifaciens",0.000975980830844492
"3770",222,"Roseburia.intestinalis",0.000358498509740457
"3771",222,"Streptococcus.infantis",0.000771316175814718
"3772",222,"Streptococcus.sp..MP111F6_2",0.00127486395649612
"3773",222,"X.Clostridium..aldenense",-0.00109731376869604
"3774",222,"X.Ruminococcus..sp..MP14G5",0.00065695759258233
"3775",223,"Actinomyces.sp..HMSC035G02",0.000154578468936961
"3776",223,"Actinomyces.sp..ICM39",0.000529734650626779
"3777",223,"Anaerostipes.sp..992a",0.000463943026261404
"3778",223,"Bacteroides.ovatus",0.000492477673105896
"3779",223,"Enterobacter.cloacae",0.00554631324484944
"3780",223,"Erysipelatoclostridium.sp..MP95D5",0.000464589305920526
"3781",223,"Intestinibacter.sp..MP113D11",0.000251148652750999
"3782",223,"Klebsiella.oxytoca",0.00113242043880746
"3783",223,"Lachnospiraceae.bacterium.CAG.364",-0.00360489368904382
"3784",223,"Lactobacillus.paracasei",0.00488255987875164
"3785",223,"Prevotella.buccae",0.000129566746181808
"3786",223,"Providencia.alcalifaciens",0.000684703176375479
"3787",223,"Roseburia.intestinalis",0.000189573198440485
"3788",223,"Streptococcus.infantis",0.000623034924501553
"3789",223,"Streptococcus.sp..MP111F6_2",0.000198465189896524
"3790",223,"X.Clostridium..aldenense",0.0015071140951477
"3791",223,"X.Ruminococcus..sp..MP14G5",0.000438860573922284
"3792",224,"Actinomyces.sp..HMSC035G02",0.000280645705061033
"3793",224,"Actinomyces.sp..ICM39",0.000632988347206265
"3794",224,"Anaerostipes.sp..992a",0.000488490797579288
"3795",224,"Bacteroides.ovatus",-0.00137402553809807
"3796",224,"Enterobacter.cloacae",0.00599228031933308
"3797",224,"Erysipelatoclostridium.sp..MP95D5",0.000177908332261723
"3798",224,"Intestinibacter.sp..MP113D11",0.000528415403096005
"3799",224,"Klebsiella.oxytoca",0.00143013976048678
"3800",224,"Lachnospiraceae.bacterium.CAG.364",0.000530778692336753
"3801",224,"Lactobacillus.paracasei",0.00261964555829763
"3802",224,"Prevotella.buccae",0.000169265520526096
"3803",224,"Providencia.alcalifaciens",0.000611828290857375
"3804",224,"Roseburia.intestinalis",-0.00115627323975787
"3805",224,"Streptococcus.infantis",0.000511869031470269
"3806",224,"Streptococcus.sp..MP111F6_2",0.00122236210154369
"3807",224,"X.Clostridium..aldenense",-0.00383663561660796
"3808",224,"X.Ruminococcus..sp..MP14G5",-0.00818632496520877
"3809",225,"Actinomyces.sp..HMSC035G02",0.000133499284856953
"3810",225,"Actinomyces.sp..ICM39",0.000461308169178665
"3811",225,"Anaerostipes.sp..992a",0.000428336585173383
"3812",225,"Bacteroides.ovatus",0.000268656440312043
"3813",225,"Enterobacter.cloacae",-0.0216053882613778
"3814",225,"Erysipelatoclostridium.sp..MP95D5",0.000529003969859332
"3815",225,"Intestinibacter.sp..MP113D11",7.24388664821163e-05
"3816",225,"Klebsiella.oxytoca",-0.00645751925185323
"3817",225,"Lachnospiraceae.bacterium.CAG.364",0.000544316979357973
"3818",225,"Lactobacillus.paracasei",0.00399129465222359
"3819",225,"Prevotella.buccae",0.000107891035440844
"3820",225,"Providencia.alcalifaciens",0.000729976396542042
"3821",225,"Roseburia.intestinalis",-0.000372378577594645
"3822",225,"Streptococcus.infantis",0.000638360244920477
"3823",225,"Streptococcus.sp..MP111F6_2",0.000266731600277126
"3824",225,"X.Clostridium..aldenense",0.00184221169911325
"3825",225,"X.Ruminococcus..sp..MP14G5",0.000476526896818541
"3826",226,"Actinomyces.sp..HMSC035G02",0.000150661209772807
"3827",226,"Actinomyces.sp..ICM39",0.000247754040174186
"3828",226,"Anaerostipes.sp..992a",0.000579895451664925
"3829",226,"Bacteroides.ovatus",0.000341298393323086
"3830",226,"Enterobacter.cloacae",0.00659564509987831
"3831",226,"Erysipelatoclostridium.sp..MP95D5",0.0003182323416695
"3832",226,"Intestinibacter.sp..MP113D11",0.000884121051058173
"3833",226,"Klebsiella.oxytoca",0.00187845283653587
"3834",226,"Lachnospiraceae.bacterium.CAG.364",-0.00318170071113855
"3835",226,"Lactobacillus.paracasei",0.00364801322575659
"3836",226,"Prevotella.buccae",0.00017559379193699
"3837",226,"Providencia.alcalifaciens",0.000695187103701755
"3838",226,"Roseburia.intestinalis",0.000523633672855794
"3839",226,"Streptococcus.infantis",0.000955933530349284
"3840",226,"Streptococcus.sp..MP111F6_2",-0.0142051563598216
"3841",226,"X.Clostridium..aldenense",-0.00189649825915694
"3842",226,"X.Ruminococcus..sp..MP14G5",-0.00838147290050983
"3843",227,"Actinomyces.sp..HMSC035G02",0.000145023375807796
"3844",227,"Actinomyces.sp..ICM39",0.000703293830156326
"3845",227,"Anaerostipes.sp..992a",0.0014318156754598
"3846",227,"Bacteroides.ovatus",0.000398862757720053
"3847",227,"Enterobacter.cloacae",0.00970145501196384
"3848",227,"Erysipelatoclostridium.sp..MP95D5",-0.00536645716056228
"3849",227,"Intestinibacter.sp..MP113D11",0.000396105111576617
"3850",227,"Klebsiella.oxytoca",0.00104903429746628
"3851",227,"Lachnospiraceae.bacterium.CAG.364",0.000830266770208254
"3852",227,"Lactobacillus.paracasei",0.00260304310359061
"3853",227,"Prevotella.buccae",0.000322835156111978
"3854",227,"Providencia.alcalifaciens",0.000856290076626465
"3855",227,"Roseburia.intestinalis",0.000519909983268008
"3856",227,"Streptococcus.infantis",0.000943338091019541
"3857",227,"Streptococcus.sp..MP111F6_2",0.00107676693005487
"3858",227,"X.Clostridium..aldenense",-0.000399969052523375
"3859",227,"X.Ruminococcus..sp..MP14G5",0.00039186081266962
"3860",228,"Actinomyces.sp..HMSC035G02",0.000552132172742859
"3861",228,"Actinomyces.sp..ICM39",0.00076782435644418
"3862",228,"Anaerostipes.sp..992a",0.000511473976075649
"3863",228,"Bacteroides.ovatus",0.00123891851399094
"3864",228,"Enterobacter.cloacae",0.0094649912789464
"3865",228,"Erysipelatoclostridium.sp..MP95D5",0.000230182340601459
"3866",228,"Intestinibacter.sp..MP113D11",0.000676560564897954
"3867",228,"Klebsiella.oxytoca",0.00172774429665878
"3868",228,"Lachnospiraceae.bacterium.CAG.364",-0.000639218545984477
"3869",228,"Lactobacillus.paracasei",0.00415339134633541
"3870",228,"Prevotella.buccae",5.27550510014407e-05
"3871",228,"Providencia.alcalifaciens",0.000858876417623833
"3872",228,"Roseburia.intestinalis",-0.000450287130661309
"3873",228,"Streptococcus.infantis",0.000921069760806859
"3874",228,"Streptococcus.sp..MP111F6_2",0.00190524774370715
"3875",228,"X.Clostridium..aldenense",-0.000657465832773596
"3876",228,"X.Ruminococcus..sp..MP14G5",0.000627668399829417
"3877",229,"Actinomyces.sp..HMSC035G02",0.000173679356521461
"3878",229,"Actinomyces.sp..ICM39",0.000457457601442002
"3879",229,"Anaerostipes.sp..992a",0.00051052839262411
"3880",229,"Bacteroides.ovatus",0.000279088417300954
"3881",229,"Enterobacter.cloacae",-0.000429863415774889
"3882",229,"Erysipelatoclostridium.sp..MP95D5",0.000487544457428157
"3883",229,"Intestinibacter.sp..MP113D11",0.000187717014341615
"3884",229,"Klebsiella.oxytoca",-0.00408136239275336
"3885",229,"Lachnospiraceae.bacterium.CAG.364",0.000787166878581047
"3886",229,"Lactobacillus.paracasei",0.00124400161439553
"3887",229,"Prevotella.buccae",0.000139438823680393
"3888",229,"Providencia.alcalifaciens",0.000481430077343248
"3889",229,"Roseburia.intestinalis",1.87442328751786e-05
"3890",229,"Streptococcus.infantis",-0.00947724794968963
"3891",229,"Streptococcus.sp..MP111F6_2",0.000475504944915883
"3892",229,"X.Clostridium..aldenense",0.000325557077303529
"3893",229,"X.Ruminococcus..sp..MP14G5",0.000339855687343515
"3894",230,"Actinomyces.sp..HMSC035G02",0.000144868667121045
"3895",230,"Actinomyces.sp..ICM39",0.000634604395600036
"3896",230,"Anaerostipes.sp..992a",0.000614805816439912
"3897",230,"Bacteroides.ovatus",-0.00161313131684437
"3898",230,"Enterobacter.cloacae",0.00832895515486598
"3899",230,"Erysipelatoclostridium.sp..MP95D5",0.000218106419197284
"3900",230,"Intestinibacter.sp..MP113D11",0.000530575140146539
"3901",230,"Klebsiella.oxytoca",0.00139851728454232
"3902",230,"Lachnospiraceae.bacterium.CAG.364",0.000703710276866332
"3903",230,"Lactobacillus.paracasei",0.00367975153494626
"3904",230,"Prevotella.buccae",0.000198868801817298
"3905",230,"Providencia.alcalifaciens",0.000667122862068936
"3906",230,"Roseburia.intestinalis",-0.000697486975695938
"3907",230,"Streptococcus.infantis",0.000482173389173113
"3908",230,"Streptococcus.sp..MP111F6_2",0.00121380423661321
"3909",230,"X.Clostridium..aldenense",-0.00256212684325874
"3910",230,"X.Ruminococcus..sp..MP14G5",0.00056111000594683
"3911",231,"Actinomyces.sp..HMSC035G02",0.000157334201503545
"3912",231,"Actinomyces.sp..ICM39",0.000620730890659615
"3913",231,"Anaerostipes.sp..992a",0.000602089858148247
"3914",231,"Bacteroides.ovatus",0.000503226649016142
"3915",231,"Enterobacter.cloacae",-0.0196375753730536
"3916",231,"Erysipelatoclostridium.sp..MP95D5",0.000213861087104306
"3917",231,"Intestinibacter.sp..MP113D11",-0.00260177627205849
"3918",231,"Klebsiella.oxytoca",0.00139799481257796
"3919",231,"Lachnospiraceae.bacterium.CAG.364",-0.000252944577368908
"3920",231,"Lactobacillus.paracasei",0.00285668461583555
"3921",231,"Prevotella.buccae",0.000186057462997269
"3922",231,"Providencia.alcalifaciens",0.000679282384226099
"3923",231,"Roseburia.intestinalis",0.000344965781550854
"3924",231,"Streptococcus.infantis",0.000608153262874112
"3925",231,"Streptococcus.sp..MP111F6_2",-0.00928796967491508
"3926",231,"X.Clostridium..aldenense",-0.000981300254352391
"3927",231,"X.Ruminococcus..sp..MP14G5",0.000479058959172107
"3928",232,"Actinomyces.sp..HMSC035G02",0.000234259416174609
"3929",232,"Actinomyces.sp..ICM39",0.000643259059870616
"3930",232,"Anaerostipes.sp..992a",0.000599254359258339
"3931",232,"Bacteroides.ovatus",0.000775840133428574
"3932",232,"Enterobacter.cloacae",0.0131877539679408
"3933",232,"Erysipelatoclostridium.sp..MP95D5",0.000354136631358415
"3934",232,"Intestinibacter.sp..MP113D11",0.000658766890410334
"3935",232,"Klebsiella.oxytoca",0.00330452702473849
"3936",232,"Lachnospiraceae.bacterium.CAG.364",0.000947538472246379
"3937",232,"Lactobacillus.paracasei",0.00605730712413788
"3938",232,"Prevotella.buccae",6.40322905383073e-05
"3939",232,"Providencia.alcalifaciens",0.000816062063677236
"3940",232,"Roseburia.intestinalis",0.000594739656662568
"3941",232,"Streptococcus.infantis",0.00150097487494349
"3942",232,"Streptococcus.sp..MP111F6_2",0.00129702291451395
"3943",232,"X.Clostridium..aldenense",0.00364532321691513
"3944",232,"X.Ruminococcus..sp..MP14G5",-0.00053015150479041
"3945",233,"Actinomyces.sp..HMSC035G02",0.000147609658597503
"3946",233,"Actinomyces.sp..ICM39",0.000532970181666315
"3947",233,"Anaerostipes.sp..992a",0.000600398605456576
"3948",233,"Bacteroides.ovatus",0.000244205162744038
"3949",233,"Enterobacter.cloacae",-0.0363108832389116
"3950",233,"Erysipelatoclostridium.sp..MP95D5",0.000356036063749343
"3951",233,"Intestinibacter.sp..MP113D11",0.000762049312470481
"3952",233,"Klebsiella.oxytoca",-0.0120473238639534
"3953",233,"Lachnospiraceae.bacterium.CAG.364",0.000955837342189625
"3954",233,"Lactobacillus.paracasei",-0.0252182446420193
"3955",233,"Prevotella.buccae",4.13156321883434e-05
"3956",233,"Providencia.alcalifaciens",0.000632835057331249
"3957",233,"Roseburia.intestinalis",0.000622350868070498
"3958",233,"Streptococcus.infantis",0.00080258259549737
"3959",233,"Streptococcus.sp..MP111F6_2",0.00072148724575527
"3960",233,"X.Clostridium..aldenense",0.00138681964017451
"3961",233,"X.Ruminococcus..sp..MP14G5",0.000408189094741829
"3962",234,"Actinomyces.sp..HMSC035G02",0.000142532961035613
"3963",234,"Actinomyces.sp..ICM39",0.000585615343879908
"3964",234,"Anaerostipes.sp..992a",0.000599201011937112
"3965",234,"Bacteroides.ovatus",0.000539027532795444
"3966",234,"Enterobacter.cloacae",0.0100620379671454
"3967",234,"Erysipelatoclostridium.sp..MP95D5",0.000225149604375474
"3968",234,"Intestinibacter.sp..MP113D11",0.000773707055486739
"3969",234,"Klebsiella.oxytoca",0.00191924214595929
"3970",234,"Lachnospiraceae.bacterium.CAG.364",0.000937303761020303
"3971",234,"Lactobacillus.paracasei",0.00431858445517719
"3972",234,"Prevotella.buccae",0.000198868801817298
"3973",234,"Providencia.alcalifaciens",0.000723299570381641
"3974",234,"Roseburia.intestinalis",-0.00029898552747909
"3975",234,"Streptococcus.infantis",0.000764027412515134
"3976",234,"Streptococcus.sp..MP111F6_2",0.000890389725100249
"3977",234,"X.Clostridium..aldenense",-0.00197540532099083
"3978",234,"X.Ruminococcus..sp..MP14G5",0.000463078860775568
"3979",235,"Actinomyces.sp..HMSC035G02",0.000215847045183182
"3980",235,"Actinomyces.sp..ICM39",0.00157022819621488
"3981",235,"Anaerostipes.sp..992a",0.00249120744410902
"3982",235,"Bacteroides.ovatus",-0.00068367799394764
"3983",235,"Enterobacter.cloacae",0.01656982768327
"3984",235,"Erysipelatoclostridium.sp..MP95D5",0.000176579284016043
"3985",235,"Intestinibacter.sp..MP113D11",0.000808820885140449
"3986",235,"Klebsiella.oxytoca",0.0012485163169913
"3987",235,"Lachnospiraceae.bacterium.CAG.364",0.000287693270365708
"3988",235,"Lactobacillus.paracasei",0.00384687760379165
"3989",235,"Prevotella.buccae",0.00075603072764352
"3990",235,"Providencia.alcalifaciens",0.000862677814438939
"3991",235,"Roseburia.intestinalis",-0.000274131743935868
"3992",235,"Streptococcus.infantis",0.00116063113091514
"3993",235,"Streptococcus.sp..MP111F6_2",0.00307502900250256
"3994",235,"X.Clostridium..aldenense",-0.000956810166826472
"3995",235,"X.Ruminococcus..sp..MP14G5",0.000684998696669936
"3996",236,"Actinomyces.sp..HMSC035G02",0.000739412673283368
"3997",236,"Actinomyces.sp..ICM39",0.000549718941329047
"3998",236,"Anaerostipes.sp..992a",0.000420265627326444
"3999",236,"Bacteroides.ovatus",0.000893265329068527
"4000",236,"Enterobacter.cloacae",0.00307022966444492
"4001",236,"Erysipelatoclostridium.sp..MP95D5",0.000495206826599315
"4002",236,"Intestinibacter.sp..MP113D11",0.0002519952977309
"4003",236,"Klebsiella.oxytoca",-0.000662965379888192
"4004",236,"Lachnospiraceae.bacterium.CAG.364",0.000331417104462162
"4005",236,"Lactobacillus.paracasei",0.00549327163025737
"4006",236,"Prevotella.buccae",0.000110343160486082
"4007",236,"Providencia.alcalifaciens",0.000616175791947171
"4008",236,"Roseburia.intestinalis",3.1890860554995e-05
"4009",236,"Streptococcus.infantis",0.00119665317470208
"4010",236,"Streptococcus.sp..MP111F6_2",0.000874930497957394
"4011",236,"X.Clostridium..aldenense",0.000307108370179776
"4012",236,"X.Ruminococcus..sp..MP14G5",0.000464547978481278
"4013",237,"Actinomyces.sp..HMSC035G02",0.000158766706590541
"4014",237,"Actinomyces.sp..ICM39",0.000610044080531225
"4015",237,"Anaerostipes.sp..992a",0.000426706988946535
"4016",237,"Bacteroides.ovatus",0.000418968513258733
"4017",237,"Enterobacter.cloacae",0.0123188337311149
"4018",237,"Erysipelatoclostridium.sp..MP95D5",-0.003477155813016
"4019",237,"Intestinibacter.sp..MP113D11",0.000384158978704363
"4020",237,"Klebsiella.oxytoca",0.00177438685204834
"4021",237,"Lachnospiraceae.bacterium.CAG.364",0.000717218092177063
"4022",237,"Lactobacillus.paracasei",0.0089345620945096
"4023",237,"Prevotella.buccae",0.000130268970679026
"4024",237,"Providencia.alcalifaciens",0.000781797047238797
"4025",237,"Roseburia.intestinalis",0.000599723658524454
"4026",237,"Streptococcus.infantis",0.000713876710506156
"4027",237,"Streptococcus.sp..MP111F6_2",0.000803825765615329
"4028",237,"X.Clostridium..aldenense",0.00347766291815788
"4029",237,"X.Ruminococcus..sp..MP14G5",0.000565170630579814
"4030",238,"Actinomyces.sp..HMSC035G02",0.000151703650772106
"4031",238,"Actinomyces.sp..ICM39",0.000491126513225026
"4032",238,"Anaerostipes.sp..992a",0.000592316209804267
"4033",238,"Bacteroides.ovatus",0.000376971438527107
"4034",238,"Enterobacter.cloacae",0.00895173754543066
"4035",238,"Erysipelatoclostridium.sp..MP95D5",0.000429043037001975
"4036",238,"Intestinibacter.sp..MP113D11",0.000516109343152493
"4037",238,"Klebsiella.oxytoca",0.0014985203742981
"4038",238,"Lachnospiraceae.bacterium.CAG.364",0.000529108423506841
"4039",238,"Lactobacillus.paracasei",0.00261377799324691
"4040",238,"Prevotella.buccae",0.0001454488519812
"4041",238,"Providencia.alcalifaciens",0.000853252393426374
"4042",238,"Roseburia.intestinalis",0.00050572311738506
"4043",238,"Streptococcus.infantis",0.000853172969073057
"4044",238,"Streptococcus.sp..MP111F6_2",0.000811959849670529
"4045",238,"X.Clostridium..aldenense",0.000810730474768206
"4046",238,"X.Ruminococcus..sp..MP14G5",0.000410206484957598
"4047",239,"Actinomyces.sp..HMSC035G02",0.000135443529870827
"4048",239,"Actinomyces.sp..ICM39",0.000566347647691146
"4049",239,"Anaerostipes.sp..992a",0.000609949347563088
"4050",239,"Bacteroides.ovatus",-0.00173142732819542
"4051",239,"Enterobacter.cloacae",-0.0214047050103545
"4052",239,"Erysipelatoclostridium.sp..MP95D5",2.82153732769075e-05
"4053",239,"Intestinibacter.sp..MP113D11",0.000581444299314171
"4054",239,"Klebsiella.oxytoca",0.00164270674576983
"4055",239,"Lachnospiraceae.bacterium.CAG.364",0.00107582617783919
"4056",239,"Lactobacillus.paracasei",0.00313168438151479
"4057",239,"Prevotella.buccae",0.000210257843718864
"4058",239,"Providencia.alcalifaciens",0.000647078355541453
"4059",239,"Roseburia.intestinalis",-0.000235058345424477
"4060",239,"Streptococcus.infantis",0.000577386002987623
"4061",239,"Streptococcus.sp..MP111F6_2",-0.00199517299188301
"4062",239,"X.Clostridium..aldenense",-0.00112193473614752
"4063",239,"X.Ruminococcus..sp..MP14G5",0.000443644123151898
"4064",240,"Actinomyces.sp..HMSC035G02",0.000141074728162494
"4065",240,"Actinomyces.sp..ICM39",0.000656389922369272
"4066",240,"Anaerostipes.sp..992a",0.000555416889255866
"4067",240,"Bacteroides.ovatus",0.000620814302237704
"4068",240,"Enterobacter.cloacae",0.018010743893683
"4069",240,"Erysipelatoclostridium.sp..MP95D5",0.000390030341804959
"4070",240,"Intestinibacter.sp..MP113D11",0.000690911110723391
"4071",240,"Klebsiella.oxytoca",-0.00053201979608275
"4072",240,"Lachnospiraceae.bacterium.CAG.364",0.00114276254316792
"4073",240,"Lactobacillus.paracasei",0.00740133854560554
"4074",240,"Prevotella.buccae",0.000171469277120195
"4075",240,"Providencia.alcalifaciens",0.000709748012013733
"4076",240,"Roseburia.intestinalis",0.000735953595722094
"4077",240,"Streptococcus.infantis",0.00111804931657389
"4078",240,"Streptococcus.sp..MP111F6_2",-0.0110946563072503
"4079",240,"X.Clostridium..aldenense",0.00577167118899524
"4080",240,"X.Ruminococcus..sp..MP14G5",0.000584416527999565
"4081",241,"Actinomyces.sp..HMSC035G02",0.000157724964083172
"4082",241,"Actinomyces.sp..ICM39",0.000617015350144356
"4083",241,"Anaerostipes.sp..992a",0.00051052839262411
"4084",241,"Bacteroides.ovatus",0.000465647841338068
"4085",241,"Enterobacter.cloacae",0.0110795819200575
"4086",241,"Erysipelatoclostridium.sp..MP95D5",0.00157659419346601
"4087",241,"Intestinibacter.sp..MP113D11",0.00016807604697533
"4088",241,"Klebsiella.oxytoca",0.00611217739060521
"4089",241,"Lachnospiraceae.bacterium.CAG.364",0.00107810209738091
"4090",241,"Lactobacillus.paracasei",0.00704915914684534
"4091",241,"Prevotella.buccae",0.000153759261593223
"4092",241,"Providencia.alcalifaciens",0.00119768263539299
"4093",241,"Roseburia.intestinalis",0.000632342678727582
"4094",241,"Streptococcus.infantis",0.000753639120375738
"4095",241,"Streptococcus.sp..MP111F6_2",0.00074696057708934
"4096",241,"X.Clostridium..aldenense",0.00393681146670133
"4097",241,"X.Ruminococcus..sp..MP14G5",0.00066475328640081
"4098",242,"Actinomyces.sp..HMSC035G02",0.000160956056788564
"4099",242,"Actinomyces.sp..ICM39",0.00058377007371746
"4100",242,"Anaerostipes.sp..992a",0.000483578027342446
"4101",242,"Bacteroides.ovatus",0.000465117002022453
"4102",242,"Enterobacter.cloacae",0.013412089087069
"4103",242,"Erysipelatoclostridium.sp..MP95D5",0.000727259990526363
"4104",242,"Intestinibacter.sp..MP113D11",0.000243284237512853
"4105",242,"Klebsiella.oxytoca",0.00224710290785879
"4106",242,"Lachnospiraceae.bacterium.CAG.364",-0.00209550373256207
"4107",242,"Lactobacillus.paracasei",0.00757612404413521
"4108",242,"Prevotella.buccae",0.000151792715769261
"4109",242,"Providencia.alcalifaciens",0.000663235143292695
"4110",242,"Roseburia.intestinalis",0.000441854033851996
"4111",242,"Streptococcus.infantis",0.000774041807744652
"4112",242,"Streptococcus.sp..MP111F6_2",-0.0101879094727337
"4113",242,"X.Clostridium..aldenense",0.0030662800418213
"4114",242,"X.Ruminococcus..sp..MP14G5",0.000587609800277278
"4115",243,"Actinomyces.sp..HMSC035G02",0.000356984804966487
"4116",243,"Actinomyces.sp..ICM39",0.000763403775636107
"4117",243,"Anaerostipes.sp..992a",0.000514237704919651
"4118",243,"Bacteroides.ovatus",0.00112265028292313
"4119",243,"Enterobacter.cloacae",0.007367676589638
"4120",243,"Erysipelatoclostridium.sp..MP95D5",0.000259335734881461
"4121",243,"Intestinibacter.sp..MP113D11",0.000328543639625423
"4122",243,"Klebsiella.oxytoca",0.00089938344899565
"4123",243,"Lachnospiraceae.bacterium.CAG.364",-0.000912763003725559
"4124",243,"Lactobacillus.paracasei",0.00398867798503488
"4125",243,"Prevotella.buccae",0.000157266687892843
"4126",243,"Providencia.alcalifaciens",0.00102101056836545
"4127",243,"Roseburia.intestinalis",-0.000582884793402627
"4128",243,"Streptococcus.infantis",0.000587805814575404
"4129",243,"Streptococcus.sp..MP111F6_2",0.0024722449015826
"4130",243,"X.Clostridium..aldenense",-0.000631797767709941
"4131",243,"X.Ruminococcus..sp..MP14G5",0.000610276882071048
"4132",244,"Actinomyces.sp..HMSC035G02",0.000442066375399008
"4133",244,"Actinomyces.sp..ICM39",0.000738558650482446
"4134",244,"Anaerostipes.sp..992a",0.000531427474925295
"4135",244,"Bacteroides.ovatus",-0.000650624569971114
"4136",244,"Enterobacter.cloacae",0.00848570931702852
"4137",244,"Erysipelatoclostridium.sp..MP95D5",0.000198230685782619
"4138",244,"Intestinibacter.sp..MP113D11",0.000775983236962929
"4139",244,"Klebsiella.oxytoca",0.00156659045023844
"4140",244,"Lachnospiraceae.bacterium.CAG.364",0.000201959825062659
"4141",244,"Lactobacillus.paracasei",0.00450798426754773
"4142",244,"Prevotella.buccae",0.000157856578880455
"4143",244,"Providencia.alcalifaciens",0.000905140157556161
"4144",244,"Roseburia.intestinalis",0.000632755341939628
"4145",244,"Streptococcus.infantis",0.000564143090741709
"4146",244,"Streptococcus.sp..MP111F6_2",0.00181644165422767
"4147",244,"X.Clostridium..aldenense",-0.00080986344255507
"4148",244,"X.Ruminococcus..sp..MP14G5",0.00068005922366865
"4149",245,"Actinomyces.sp..HMSC035G02",0.000143891549669206
"4150",245,"Actinomyces.sp..ICM39",0.00108755653491244
"4151",245,"Anaerostipes.sp..992a",0.0022578255739063
"4152",245,"Bacteroides.ovatus",0.000341298393323086
"4153",245,"Enterobacter.cloacae",0.0148381660692394
"4154",245,"Erysipelatoclostridium.sp..MP95D5",0.000565588183235377
"4155",245,"Intestinibacter.sp..MP113D11",0.000187717014341615
"4156",245,"Klebsiella.oxytoca",-0.000704749050782993
"4157",245,"Lachnospiraceae.bacterium.CAG.364",0.00152227596845478
"4158",245,"Lactobacillus.paracasei",0.00500363251194358
"4159",245,"Prevotella.buccae",0.000794562918599695
"4160",245,"Providencia.alcalifaciens",0.000595829827943817
"4161",245,"Roseburia.intestinalis",5.62336281291209e-05
"4162",245,"Streptococcus.infantis",0.00147863896563649
"4163",245,"Streptococcus.sp..MP111F6_2",0.00161856843624264
"4164",245,"X.Clostridium..aldenense",0.00130858685588464
"4165",245,"X.Ruminococcus..sp..MP14G5",0.000448884195066057
"4166",246,"Actinomyces.sp..HMSC035G02",-0.00855399714782834
"4167",246,"Actinomyces.sp..ICM39",0.000418062132666819
"4168",246,"Anaerostipes.sp..992a",0.000311849391437136
"4169",246,"Bacteroides.ovatus",-0.000262843175732996
"4170",246,"Enterobacter.cloacae",-0.0269046109169722
"4171",246,"Erysipelatoclostridium.sp..MP95D5",0.000327683606883511
"4172",246,"Intestinibacter.sp..MP113D11",0.000254278871580027
"4173",246,"Klebsiella.oxytoca",-0.00440009590238333
"4174",246,"Lachnospiraceae.bacterium.CAG.364",0.000706031889421865
"4175",246,"Lactobacillus.paracasei",-0.00308282487094402
"4176",246,"Prevotella.buccae",0.00010684451990528
"4177",246,"Providencia.alcalifaciens",0.000324761786032468
"4178",246,"Roseburia.intestinalis",-3.20063372782897e-06
"4179",246,"Streptococcus.infantis",-0.00974393775686622
"4180",246,"Streptococcus.sp..MP111F6_2",-0.000559706975764129
"4181",246,"X.Clostridium..aldenense",-0.000868616334628314
"4182",246,"X.Ruminococcus..sp..MP14G5",0.000319764425512403
"4183",247,"Actinomyces.sp..HMSC035G02",0.000149815845361445
"4184",247,"Actinomyces.sp..ICM39",0.00115825817920268
"4185",247,"Anaerostipes.sp..992a",0.00237732788082212
"4186",247,"Bacteroides.ovatus",0.000323586500599049
"4187",247,"Enterobacter.cloacae",0.0127868023701012
"4188",247,"Erysipelatoclostridium.sp..MP95D5",0.000528707343619317
"4189",247,"Intestinibacter.sp..MP113D11",0.000249128483119421
"4190",247,"Klebsiella.oxytoca",-0.000226209849643055
"4191",247,"Lachnospiraceae.bacterium.CAG.364",0.00132927857339382
"4192",247,"Lactobacillus.paracasei",0.00443750573322177
"4193",247,"Prevotella.buccae",0.00082260137423873
"4194",247,"Providencia.alcalifaciens",0.000709295825799927
"4195",247,"Roseburia.intestinalis",1.94581125469995e-05
"4196",247,"Streptococcus.infantis",0.0011791487922892
"4197",247,"Streptococcus.sp..MP111F6_2",0.0017198002897203
"4198",247,"X.Clostridium..aldenense",-0.00174261600477621
"4199",247,"X.Ruminococcus..sp..MP14G5",0.000546252471394837
"4200",248,"Actinomyces.sp..HMSC035G02",0.00015166692173807
"4201",248,"Actinomyces.sp..ICM39",0.000603359279921278
"4202",248,"Anaerostipes.sp..992a",0.00051052839262411
"4203",248,"Bacteroides.ovatus",0.000458418537164107
"4204",248,"Enterobacter.cloacae",0.0129355234093964
"4205",248,"Erysipelatoclostridium.sp..MP95D5",0.0010310712386854
"4206",248,"Intestinibacter.sp..MP113D11",2.93992534352583e-05
"4207",248,"Klebsiella.oxytoca",0.00475415121763945
"4208",248,"Lachnospiraceae.bacterium.CAG.364",0.00084782502381131
"4209",248,"Lactobacillus.paracasei",0.00621131993830204
"4210",248,"Prevotella.buccae",0.000142528391734231
"4211",248,"Providencia.alcalifaciens",0.00116847542813048
"4212",248,"Roseburia.intestinalis",0.000363751561962999
"4213",248,"Streptococcus.infantis",0.000705358223058283
"4214",248,"Streptococcus.sp..MP111F6_2",0.000714965659426525
"4215",248,"X.Clostridium..aldenense",0.00278120359871536
"4216",248,"X.Ruminococcus..sp..MP14G5",0.000557633436983451
"4217",249,"Actinomyces.sp..HMSC035G02",0.000152473206981085
"4218",249,"Actinomyces.sp..ICM39",0.000495885848067701
"4219",249,"Anaerostipes.sp..992a",0.000577020633500069
"4220",249,"Bacteroides.ovatus",0.000478305664728396
"4221",249,"Enterobacter.cloacae",0.0130883632227778
"4222",249,"Erysipelatoclostridium.sp..MP95D5",0.000429528416134417
"4223",249,"Intestinibacter.sp..MP113D11",-0.0102678001858294
"4224",249,"Klebsiella.oxytoca",0.000396300121792592
"4225",249,"Lachnospiraceae.bacterium.CAG.364",0.0007376903668046
"4226",249,"Lactobacillus.paracasei",-0.0268738744780421
"4227",249,"Prevotella.buccae",0.000125654816656606
"4228",249,"Providencia.alcalifaciens",0.000862987333675846
"4229",249,"Roseburia.intestinalis",0.000493220548378304
"4230",249,"Streptococcus.infantis",0.000841043540276587
"4231",249,"Streptococcus.sp..MP111F6_2",0.000821705005364493
"4232",249,"X.Clostridium..aldenense",-0.00192369287833571
"4233",249,"X.Ruminococcus..sp..MP14G5",0.000524494098499417
"4234",250,"Actinomyces.sp..HMSC035G02",0.000134077301481739
"4235",250,"Actinomyces.sp..ICM39",0.000731494917999953
"4236",250,"Anaerostipes.sp..992a",0.000507185410242528
"4237",250,"Bacteroides.ovatus",0.000709180982084945
"4238",250,"Enterobacter.cloacae",0.0126604945398867
"4239",250,"Erysipelatoclostridium.sp..MP95D5",0.000345706677762792
"4240",250,"Intestinibacter.sp..MP113D11",0.000890190392965451
"4241",250,"Klebsiella.oxytoca",-0.00024615661095595
"4242",250,"Lachnospiraceae.bacterium.CAG.364",0.00213980907574296
"4243",250,"Lactobacillus.paracasei",0.00562823237851262
"4244",250,"Prevotella.buccae",0.000179005648533348
"4245",250,"Providencia.alcalifaciens",0.00117008382221684
"4246",250,"Roseburia.intestinalis",0.000812849379144609
"4247",250,"Streptococcus.infantis",0.000967189203947783
"4248",250,"Streptococcus.sp..MP111F6_2",0.00184662058018148
"4249",250,"X.Clostridium..aldenense",-0.000860846717841923
"4250",250,"X.Ruminococcus..sp..MP14G5",0.000725995196262375
"4251",251,"Actinomyces.sp..HMSC035G02",0.000118408195703523
"4252",251,"Actinomyces.sp..ICM39",0.00155008176807314
"4253",251,"Anaerostipes.sp..992a",0.00254951138049364
"4254",251,"Bacteroides.ovatus",0.000756858440581709
"4255",251,"Enterobacter.cloacae",0.0222893180325627
"4256",251,"Erysipelatoclostridium.sp..MP95D5",0.000327788817230612
"4257",251,"Intestinibacter.sp..MP113D11",0.000841410364955664
"4258",251,"Klebsiella.oxytoca",0.00174370472086594
"4259",251,"Lachnospiraceae.bacterium.CAG.364",0.00178301532287151
"4260",251,"Lactobacillus.paracasei",0.00190830748761073
"4261",251,"Prevotella.buccae",0.000837073050206527
"4262",251,"Providencia.alcalifaciens",0.000887797854375094
"4263",251,"Roseburia.intestinalis",0.000409886633860879
"4264",251,"Streptococcus.infantis",0.00153554632561281
"4265",251,"Streptococcus.sp..MP111F6_2",0.00181059259921312
"4266",251,"X.Clostridium..aldenense",-0.000654026196571067
"4267",251,"X.Ruminococcus..sp..MP14G5",0.000448103237431496
"4268",252,"Actinomyces.sp..HMSC035G02",0.000125909820781089
"4269",252,"Actinomyces.sp..ICM39",0.00144847668707371
"4270",252,"Anaerostipes.sp..992a",0.00249878340400755
"4271",252,"Bacteroides.ovatus",-0.00507238227874041
"4272",252,"Enterobacter.cloacae",-0.00343329983297735
"4273",252,"Erysipelatoclostridium.sp..MP95D5",0.000246350253291894
"4274",252,"Intestinibacter.sp..MP113D11",0.000700898963259533
"4275",252,"Klebsiella.oxytoca",0.000458202324807644
"4276",252,"Lachnospiraceae.bacterium.CAG.364",0.00185384077485651
"4277",252,"Lactobacillus.paracasei",0.00529625383205712
"4278",252,"Prevotella.buccae",0.000846111914142966
"4279",252,"Providencia.alcalifaciens",0.00080559158232063
"4280",252,"Roseburia.intestinalis",0.000577493745367974
"4281",252,"Streptococcus.infantis",0.00147360237315297
"4282",252,"Streptococcus.sp..MP111F6_2",-0.00713355885818601
"4283",252,"X.Clostridium..aldenense",-0.00116947438800707
"4284",252,"X.Ruminococcus..sp..MP14G5",0.000624516193056479
"4285",253,"Actinomyces.sp..HMSC035G02",0.000135909154778346
"4286",253,"Actinomyces.sp..ICM39",0.000659749726764858
"4287",253,"Anaerostipes.sp..992a",0.000560396030778065
"4288",253,"Bacteroides.ovatus",0.000566885515581816
"4289",253,"Enterobacter.cloacae",0.00619313004426658
"4290",253,"Erysipelatoclostridium.sp..MP95D5",0.000125818918604637
"4291",253,"Intestinibacter.sp..MP113D11",0.000493728410219774
"4292",253,"Klebsiella.oxytoca",0.000232769816648215
"4293",253,"Lachnospiraceae.bacterium.CAG.364",-0.00258516508620232
"4294",253,"Lactobacillus.paracasei",0.00269694672897458
"4295",253,"Prevotella.buccae",0.000192981118743774
"4296",253,"Providencia.alcalifaciens",0.000745392084354535
"4297",253,"Roseburia.intestinalis",0.000450314721092582
"4298",253,"Streptococcus.infantis",-0.00335309922229499
"4299",253,"Streptococcus.sp..MP111F6_2",-0.00101393274962902
"4300",253,"X.Clostridium..aldenense",0.00191883894149214
"4301",253,"X.Ruminococcus..sp..MP14G5",0.000485443844809197
"4302",254,"Actinomyces.sp..HMSC035G02",0.00015891974180704
"4303",254,"Actinomyces.sp..ICM39",-0.0128028867766261
"4304",254,"Anaerostipes.sp..992a",0.000483933647046797
"4305",254,"Bacteroides.ovatus",0.000154828427184839
"4306",254,"Enterobacter.cloacae",-0.0104243019595742
"4307",254,"Erysipelatoclostridium.sp..MP95D5",0.000482699397252873
"4308",254,"Intestinibacter.sp..MP113D11",0.000243630522163585
"4309",254,"Klebsiella.oxytoca",0.000687994383042678
"4310",254,"Lachnospiraceae.bacterium.CAG.364",0.00076467075268738
"4311",254,"Lactobacillus.paracasei",-0.000854520534630865
"4312",254,"Prevotella.buccae",0.000156398768012878
"4313",254,"Providencia.alcalifaciens",0.000440744217485189
"4314",254,"Roseburia.intestinalis",1.87442328751786e-05
"4315",254,"Streptococcus.infantis",0.000735754903871566
"4316",254,"Streptococcus.sp..MP111F6_2",0.000366461565135978
"4317",254,"X.Clostridium..aldenense",-0.00374342140275985
"4318",254,"X.Ruminococcus..sp..MP14G5",0.000342947692843154
"4319",255,"Actinomyces.sp..HMSC035G02",0.000126310951600317
"4320",255,"Actinomyces.sp..ICM39",0.00086061516776681
"4321",255,"Anaerostipes.sp..992a",0.0014030187157914
"4322",255,"Bacteroides.ovatus",0.000461161369457841
"4323",255,"Enterobacter.cloacae",0.0125151546671987
"4324",255,"Erysipelatoclostridium.sp..MP95D5",0.000190235929039773
"4325",255,"Intestinibacter.sp..MP113D11",-0.00872525153681636
"4326",255,"Klebsiella.oxytoca",0.00123067933600396
"4327",255,"Lachnospiraceae.bacterium.CAG.364",0.00098536693258211
"4328",255,"Lactobacillus.paracasei",-0.0208221096545458
"4329",255,"Prevotella.buccae",0.000390454224543646
"4330",255,"Providencia.alcalifaciens",0.000828353891847655
"4331",255,"Roseburia.intestinalis",0.000433132343459874
"4332",255,"Streptococcus.infantis",0.000919828453334048
"4333",255,"Streptococcus.sp..MP111F6_2",0.00103762053186074
"4334",255,"X.Clostridium..aldenense",-0.00277098023798317
"4335",255,"X.Ruminococcus..sp..MP14G5",0.000391675552236848
"4336",256,"Actinomyces.sp..HMSC035G02",0.000654102681437507
"4337",256,"Actinomyces.sp..ICM39",0.00074567727278918
"4338",256,"Anaerostipes.sp..992a",0.000530174642335624
"4339",256,"Bacteroides.ovatus",0.00112897163489833
"4340",256,"Enterobacter.cloacae",0.00941790314391255
"4341",256,"Erysipelatoclostridium.sp..MP95D5",0.000205093107069843
"4342",256,"Intestinibacter.sp..MP113D11",0.000698574498528615
"4343",256,"Klebsiella.oxytoca",0.00168203859357163
"4344",256,"Lachnospiraceae.bacterium.CAG.364",0.000845852424390614
"4345",256,"Lactobacillus.paracasei",0.00442113843746483
"4346",256,"Prevotella.buccae",0.000179311398824211
"4347",256,"Providencia.alcalifaciens",0.000972250272752717
"4348",256,"Roseburia.intestinalis",-0.000268736934231129
"4349",256,"Streptococcus.infantis",0.00091079535195604
"4350",256,"Streptococcus.sp..MP111F6_2",0.00177148205693811
"4351",256,"X.Clostridium..aldenense",-0.000665611209115013
"4352",256,"X.Ruminococcus..sp..MP14G5",0.000320775623549707
"4353",257,"Actinomyces.sp..HMSC035G02",0.000127002567751333
"4354",257,"Actinomyces.sp..ICM39",0.000603219115873799
"4355",257,"Anaerostipes.sp..992a",0.000620300066657364
"4356",257,"Bacteroides.ovatus",0.000687398656737059
"4357",257,"Enterobacter.cloacae",0.00614729803055525
"4358",257,"Erysipelatoclostridium.sp..MP95D5",0.000191351675312035
"4359",257,"Intestinibacter.sp..MP113D11",-0.00314968579914421
"4360",257,"Klebsiella.oxytoca",0.00128526182379574
"4361",257,"Lachnospiraceae.bacterium.CAG.364",0.00100599322468042
"4362",257,"Lactobacillus.paracasei",0.00342256494332105
"4363",257,"Prevotella.buccae",0.000196637978660874
"4364",257,"Providencia.alcalifaciens",0.000765513657825068
"4365",257,"Roseburia.intestinalis",-0.00298810994718224
"4366",257,"Streptococcus.infantis",0.000630757509497926
"4367",257,"Streptococcus.sp..MP111F6_2",0.00146888324525207
"4368",257,"X.Clostridium..aldenense",-0.00151904235826805
"4369",257,"X.Ruminococcus..sp..MP14G5",0.000473974563647062
"4370",258,"Actinomyces.sp..HMSC035G02",0.000116526363854064
"4371",258,"Actinomyces.sp..ICM39",0.0003674209874589
"4372",258,"Anaerostipes.sp..992a",7.49803639337188e-05
"4373",258,"Bacteroides.ovatus",-0.00161777628818527
"4374",258,"Enterobacter.cloacae",-0.0240577701479197
"4375",258,"Erysipelatoclostridium.sp..MP95D5",0.000207828867132775
"4376",258,"Intestinibacter.sp..MP113D11",0.000232286882237531
"4377",258,"Klebsiella.oxytoca",-0.0042787310667336
"4378",258,"Lachnospiraceae.bacterium.CAG.364",0.000635215837974101
"4379",258,"Lactobacillus.paracasei",-0.0109268561936915
"4380",258,"Prevotella.buccae",0.000143561403092463
"4381",258,"Providencia.alcalifaciens",0.000134064510348253
"4382",258,"Roseburia.intestinalis",1.24071789286972e-05
"4383",258,"Streptococcus.infantis",0.000428758052294143
"4384",258,"Streptococcus.sp..MP111F6_2",0.000545862189028412
"4385",258,"X.Clostridium..aldenense",-0.00148052087752149
"4386",258,"X.Ruminococcus..sp..MP14G5",0.000358280391083099
"4387",259,"Actinomyces.sp..HMSC035G02",0.000124469996080734
"4388",259,"Actinomyces.sp..ICM39",0.00065024447394535
"4389",259,"Anaerostipes.sp..992a",0.000596635189140216
"4390",259,"Bacteroides.ovatus",-0.00138172769220546
"4391",259,"Enterobacter.cloacae",-0.0111005054786801
"4392",259,"Erysipelatoclostridium.sp..MP95D5",0.000210195066756569
"4393",259,"Intestinibacter.sp..MP113D11",0.000562735018320382
"4394",259,"Klebsiella.oxytoca",0.00178067822707817
"4395",259,"Lachnospiraceae.bacterium.CAG.364",0.000664163817418739
"4396",259,"Lactobacillus.paracasei",0.00342273071873933
"4397",259,"Prevotella.buccae",0.000213184423046187
"4398",259,"Providencia.alcalifaciens",0.000665206142002717
"4399",259,"Roseburia.intestinalis",-0.000323728701914661
"4400",259,"Streptococcus.infantis",0.000462178824818693
"4401",259,"Streptococcus.sp..MP111F6_2",0.00126252480549738
"4402",259,"X.Clostridium..aldenense",-0.00171241053612903
"4403",259,"X.Ruminococcus..sp..MP14G5",0.000182943986146711
"4404",260,"Actinomyces.sp..HMSC035G02",0.000143108896736521
"4405",260,"Actinomyces.sp..ICM39",0.000734464963898063
"4406",260,"Anaerostipes.sp..992a",0.000715119793312624
"4407",260,"Bacteroides.ovatus",0.000401990342652425
"4408",260,"Enterobacter.cloacae",0.0156280579976737
"4409",260,"Erysipelatoclostridium.sp..MP95D5",0.000282259483356029
"4410",260,"Intestinibacter.sp..MP113D11",0.000864925124915317
"4411",260,"Klebsiella.oxytoca",0.00238187529612333
"4412",260,"Lachnospiraceae.bacterium.CAG.364",0.00116199586773291
"4413",260,"Lactobacillus.paracasei",0.00615129480138421
"4414",260,"Prevotella.buccae",0.000199085312488023
"4415",260,"Providencia.alcalifaciens",0.000913050142116845
"4416",260,"Roseburia.intestinalis",0.000506587297422811
"4417",260,"Streptococcus.infantis",0.00115628953790292
"4418",260,"Streptococcus.sp..MP111F6_2",0.00118096679216251
"4419",260,"X.Clostridium..aldenense",-0.000343474501278251
"4420",260,"X.Ruminococcus..sp..MP14G5",0.000624845473794267
"4421",261,"Actinomyces.sp..HMSC035G02",0.000181273368070833
"4422",261,"Actinomyces.sp..ICM39",0.000434385699918494
"4423",261,"Anaerostipes.sp..992a",0.000311849391437136
"4424",261,"Bacteroides.ovatus",-8.4797491581412e-05
"4425",261,"Enterobacter.cloacae",-0.0246067000553012
"4426",261,"Erysipelatoclostridium.sp..MP95D5",0.000288188282866031
"4427",261,"Intestinibacter.sp..MP113D11",0.000168609869433567
"4428",261,"Klebsiella.oxytoca",0.000221800415602047
"4429",261,"Lachnospiraceae.bacterium.CAG.364",0.00074213431798853
"4430",261,"Lactobacillus.paracasei",0.000366294261766598
"4431",261,"Prevotella.buccae",0.000116000206617173
"4432",261,"Providencia.alcalifaciens",0.0003287785948487
"4433",261,"Roseburia.intestinalis",5.93659342484898e-06
"4434",261,"Streptococcus.infantis",-0.00588893867097795
"4435",261,"Streptococcus.sp..MP111F6_2",0.000494899868499488
"4436",261,"X.Clostridium..aldenense",-0.000856779020978138
"4437",261,"X.Ruminococcus..sp..MP14G5",0.000341977458447218
"4438",262,"Actinomyces.sp..HMSC035G02",0.000128607731312513
"4439",262,"Actinomyces.sp..ICM39",-0.015278494451195
"4440",262,"Anaerostipes.sp..992a",0.000453250031569041
"4441",262,"Bacteroides.ovatus",0.000545134884305298
"4442",262,"Enterobacter.cloacae",-0.0602939780801535
"4443",262,"Erysipelatoclostridium.sp..MP95D5",0.000306888221530244
"4444",262,"Intestinibacter.sp..MP113D11",-0.000111902358185034
"4445",262,"Klebsiella.oxytoca",0.00032301562896464
"4446",262,"Lachnospiraceae.bacterium.CAG.364",-0.00229716813191772
"4447",262,"Lactobacillus.paracasei",0.0034100814955309
"4448",262,"Prevotella.buccae",-1.84062992047984e-06
"4449",262,"Providencia.alcalifaciens",0.000670537614496425
"4450",262,"Roseburia.intestinalis",0.000471088278573006
"4451",262,"Streptococcus.infantis",0.000822315632831305
"4452",262,"Streptococcus.sp..MP111F6_2",-0.00549101224169135
"4453",262,"X.Clostridium..aldenense",-0.00346446759067476
"4454",262,"X.Ruminococcus..sp..MP14G5",-0.00637741922400892
"4455",263,"Actinomyces.sp..HMSC035G02",0.000158766706590541
"4456",263,"Actinomyces.sp..ICM39",0.00065660520340316
"4457",263,"Anaerostipes.sp..992a",0.00051052839262411
"4458",263,"Bacteroides.ovatus",0.00061744247796014
"4459",263,"Enterobacter.cloacae",0.0134744928218424
"4460",263,"Erysipelatoclostridium.sp..MP95D5",0.000629534886684269
"4461",263,"Intestinibacter.sp..MP113D11",0.000500679976539686
"4462",263,"Klebsiella.oxytoca",0.00268591579515487
"4463",263,"Lachnospiraceae.bacterium.CAG.364",0.000666964391712099
"4464",263,"Lactobacillus.paracasei",0.00800584210082889
"4465",263,"Prevotella.buccae",0.000201302180357743
"4466",263,"Providencia.alcalifaciens",0.00081581124686636
"4467",263,"Roseburia.intestinalis",0.0006471878150478
"4468",263,"Streptococcus.infantis",0.000869163894094527
"4469",263,"Streptococcus.sp..MP111F6_2",0.000834930338896811
"4470",263,"X.Clostridium..aldenense",-0.000802313501480967
"4471",263,"X.Ruminococcus..sp..MP14G5",0.000678564392728731
"4472",264,"Actinomyces.sp..HMSC035G02",0.00013858614693163
"4473",264,"Actinomyces.sp..ICM39",0.0011267454829067
"4474",264,"Anaerostipes.sp..992a",0.00237732788082212
"4475",264,"Bacteroides.ovatus",0.00043232468306087
"4476",264,"Enterobacter.cloacae",0.0187361789867282
"4477",264,"Erysipelatoclostridium.sp..MP95D5",0.000668478285660967
"4478",264,"Intestinibacter.sp..MP113D11",0.000401874087401666
"4479",264,"Klebsiella.oxytoca",0.000398363350541331
"4480",264,"Lachnospiraceae.bacterium.CAG.364",0.0012867646291852
"4481",264,"Lactobacillus.paracasei",0.00777665176428854
"4482",264,"Prevotella.buccae",0.00083194684702903
"4483",264,"Providencia.alcalifaciens",0.00103215599665418
"4484",264,"Roseburia.intestinalis",0.000189808022696525
"4485",264,"Streptococcus.infantis",0.00141651125159115
"4486",264,"Streptococcus.sp..MP111F6_2",0.00170552352210507
"4487",264,"X.Clostridium..aldenense",-0.00114974688040093
"4488",264,"X.Ruminococcus..sp..MP14G5",0.000705541635397822
"4489",265,"Actinomyces.sp..HMSC035G02",0.000124584010336548
"4490",265,"Actinomyces.sp..ICM39",0.00137090403586626
"4491",265,"Anaerostipes.sp..992a",0.00225979101378471
"4492",265,"Bacteroides.ovatus",0.00042319310887251
"4493",265,"Enterobacter.cloacae",0.0164598505944014
"4494",265,"Erysipelatoclostridium.sp..MP95D5",0.000657530676107854
"4495",265,"Intestinibacter.sp..MP113D11",0.000337709730956703
"4496",265,"Klebsiella.oxytoca",0.00221897382289171
"4497",265,"Lachnospiraceae.bacterium.CAG.364",0.00133545522112399
"4498",265,"Lactobacillus.paracasei",0.00587902055121958
"4499",265,"Prevotella.buccae",0.000834932870930061
"4500",265,"Providencia.alcalifaciens",0.000729009654605761
"4501",265,"Roseburia.intestinalis",0.000431774897151627
"4502",265,"Streptococcus.infantis",0.00128767715068534
"4503",265,"Streptococcus.sp..MP111F6_2",0.00159614917356521
"4504",265,"X.Clostridium..aldenense",0.0024314682232216
"4505",265,"X.Ruminococcus..sp..MP14G5",0.000560116226552054
"4506",266,"Actinomyces.sp..HMSC035G02",0.000749777158489451
"4507",266,"Actinomyces.sp..ICM39",0.000561012260732241
"4508",266,"Anaerostipes.sp..992a",0.000934914773097262
"4509",266,"Bacteroides.ovatus",0.000912404881091788
"4510",266,"Enterobacter.cloacae",-0.0553548950701952
"4511",266,"Erysipelatoclostridium.sp..MP95D5",0.000593974167713895
"4512",266,"Intestinibacter.sp..MP113D11",0.000258917498285882
"4513",266,"Klebsiella.oxytoca",0.00182113039772958
"4514",266,"Lachnospiraceae.bacterium.CAG.364",0.00119701819494367
"4515",266,"Lactobacillus.paracasei",-0.0089447139762342
"4516",266,"Prevotella.buccae",0.00038139836397022
"4517",266,"Providencia.alcalifaciens",0.000849906966323033
"4518",266,"Roseburia.intestinalis",0.00032782404741738
"4519",266,"Streptococcus.infantis",0.00111275224480778
"4520",266,"Streptococcus.sp..MP111F6_2",0.00116193725261837
"4521",266,"X.Clostridium..aldenense",-0.00142179167596623
"4522",266,"X.Ruminococcus..sp..MP14G5",0.000494743027957156
"4523",267,"Actinomyces.sp..HMSC035G02",0.000592605210840702
"4524",267,"Actinomyces.sp..ICM39",0.00133791693951935
"4525",267,"Anaerostipes.sp..992a",0.00136593839852139
"4526",267,"Bacteroides.ovatus",-0.0167468413710594
"4527",267,"Enterobacter.cloacae",-0.00366610463242978
"4528",267,"Erysipelatoclostridium.sp..MP95D5",0.00032276235288009
"4529",267,"Intestinibacter.sp..MP113D11",0.000618255289737135
"4530",267,"Klebsiella.oxytoca",0.000351890121237375
"4531",267,"Lachnospiraceae.bacterium.CAG.364",0.00115715421270579
"4532",267,"Lactobacillus.paracasei",0.00398989953100681
"4533",267,"Prevotella.buccae",0.000476842527859844
"4534",267,"Providencia.alcalifaciens",0.000969599786913022
"4535",267,"Roseburia.intestinalis",0.00040242334944196
"4536",267,"Streptococcus.infantis",0.000790089194197208
"4537",267,"Streptococcus.sp..MP111F6_2",0.00104211311554536
"4538",267,"X.Clostridium..aldenense",-0.00100834568729624
"4539",267,"X.Ruminococcus..sp..MP14G5",0.000621173705440015
"4540",268,"Actinomyces.sp..HMSC035G02",0.00014437131176237
"4541",268,"Actinomyces.sp..ICM39",-0.014367176219821
"4542",268,"Anaerostipes.sp..992a",0.000434969129855745
"4543",268,"Bacteroides.ovatus",0.000359748300979845
"4544",268,"Enterobacter.cloacae",0.00497012445703149
"4545",268,"Erysipelatoclostridium.sp..MP95D5",0.000402180085075088
"4546",268,"Intestinibacter.sp..MP113D11",0.000265651004156098
"4547",268,"Klebsiella.oxytoca",0.00167299463646486
"4548",268,"Lachnospiraceae.bacterium.CAG.364",0.000721525779226795
"4549",268,"Lactobacillus.paracasei",-0.0319505371153355
"4550",268,"Prevotella.buccae",0.000132121538626961
"4551",268,"Providencia.alcalifaciens",0.000714929134119302
"4552",268,"Roseburia.intestinalis",0.000564238842343912
"4553",268,"Streptococcus.infantis",-0.0139284813776612
"4554",268,"Streptococcus.sp..MP111F6_2",0.000610667193541303
"4555",268,"X.Clostridium..aldenense",0.00126627250574529
"4556",268,"X.Ruminococcus..sp..MP14G5",0.000618359277723357
"4557",269,"Actinomyces.sp..HMSC035G02",0.00013885064254282
"4558",269,"Actinomyces.sp..ICM39",0.00151209934847429
"4559",269,"Anaerostipes.sp..992a",0.00243448314722627
"4560",269,"Bacteroides.ovatus",0.000420817319536582
"4561",269,"Enterobacter.cloacae",0.0245184004306793
"4562",269,"Erysipelatoclostridium.sp..MP95D5",0.000271209537459072
"4563",269,"Intestinibacter.sp..MP113D11",0.000918959849514067
"4564",269,"Klebsiella.oxytoca",0.00193586340174079
"4565",269,"Lachnospiraceae.bacterium.CAG.364",-0.000981362070888281
"4566",269,"Lactobacillus.paracasei",0.00417746743187308
"4567",269,"Prevotella.buccae",0.000835048849694431
"4568",269,"Providencia.alcalifaciens",0.000871297990670428
"4569",269,"Roseburia.intestinalis",0.000650945119559765
"4570",269,"Streptococcus.infantis",0.00138396013062447
"4571",269,"Streptococcus.sp..MP111F6_2",0.00177086313487962
"4572",269,"X.Clostridium..aldenense",0.00239987077657133
"4573",269,"X.Ruminococcus..sp..MP14G5",0.000457399350125343
"4574",270,"Actinomyces.sp..HMSC035G02",0.000116460480057867
"4575",270,"Actinomyces.sp..ICM39",0.00143536302493885
"4576",270,"Anaerostipes.sp..992a",0.00244073232170194
"4577",270,"Bacteroides.ovatus",0.000778426154283807
"4578",270,"Enterobacter.cloacae",0.0193309513852
"4579",270,"Erysipelatoclostridium.sp..MP95D5",1.15167922558612e-05
"4580",270,"Intestinibacter.sp..MP113D11",0.000792920618550852
"4581",270,"Klebsiella.oxytoca",0.000505426432937384
"4582",270,"Lachnospiraceae.bacterium.CAG.364",0.00175197893986478
"4583",270,"Lactobacillus.paracasei",-0.00216837076004595
"4584",270,"Prevotella.buccae",0.000569725350942463
"4585",270,"Providencia.alcalifaciens",0.00113624992081895
"4586",270,"Roseburia.intestinalis",-0.00057939364342019
"4587",270,"Streptococcus.infantis",0.000909589900402352
"4588",270,"Streptococcus.sp..MP111F6_2",0.00240904930979013
"4589",270,"X.Clostridium..aldenense",-0.00102962180972099
"4590",270,"X.Ruminococcus..sp..MP14G5",0.000597753736656159
"4591",271,"Actinomyces.sp..HMSC035G02",0.000692555884597823
"4592",271,"Actinomyces.sp..ICM39",0.000654640869470313
"4593",271,"Anaerostipes.sp..992a",0.000426826270995662
"4594",271,"Bacteroides.ovatus",0.000272384146228433
"4595",271,"Enterobacter.cloacae",-0.0383283961564302
"4596",271,"Erysipelatoclostridium.sp..MP95D5",0.000220178044401109
"4597",271,"Intestinibacter.sp..MP113D11",0.000644182116957381
"4598",271,"Klebsiella.oxytoca",0.00464216526597738
"4599",271,"Lachnospiraceae.bacterium.CAG.364",0.00103867979487404
"4600",271,"Lactobacillus.paracasei",0.00526304356753826
"4601",271,"Prevotella.buccae",0.000153374166984577
"4602",271,"Providencia.alcalifaciens",0.000873045268235728
"4603",271,"Roseburia.intestinalis",0.00068368625943549
"4604",271,"Streptococcus.infantis",0.00153502740431577
"4605",271,"Streptococcus.sp..MP111F6_2",0.000982465513516217
"4606",271,"X.Clostridium..aldenense",0.00241185538470745
"4607",271,"X.Ruminococcus..sp..MP14G5",0.000541472778422758
"4608",272,"Actinomyces.sp..HMSC035G02",0.000512177328346297
"4609",272,"Actinomyces.sp..ICM39",0.00140286120586097
"4610",272,"Anaerostipes.sp..992a",0.00131578807486221
"4611",272,"Bacteroides.ovatus",0.00154811737593263
"4612",272,"Enterobacter.cloacae",0.01110317138955
"4613",272,"Erysipelatoclostridium.sp..MP95D5",0.000118686686619185
"4614",272,"Intestinibacter.sp..MP113D11",0.000544059759704396
"4615",272,"Klebsiella.oxytoca",0.00113659881753847
"4616",272,"Lachnospiraceae.bacterium.CAG.364",0.00123614503536373
"4617",272,"Lactobacillus.paracasei",0.00362998433411121
"4618",272,"Prevotella.buccae",0.000254407743341289
"4619",272,"Providencia.alcalifaciens",0.000930303969653323
"4620",272,"Roseburia.intestinalis",-0.000161808187840506
"4621",272,"Streptococcus.infantis",-0.01347700599581
"4622",272,"Streptococcus.sp..MP111F6_2",0.00234037591144443
"4623",272,"X.Clostridium..aldenense",-0.000689530657837167
"4624",272,"X.Ruminococcus..sp..MP14G5",0.000559381413040683
"4625",273,"Actinomyces.sp..HMSC035G02",0.000657828903058544
"4626",273,"Actinomyces.sp..ICM39",0.000816222309367731
"4627",273,"Anaerostipes.sp..992a",0.000487557583255693
"4628",273,"Bacteroides.ovatus",-0.000394695598515682
"4629",273,"Enterobacter.cloacae",0.00616029556840658
"4630",273,"Erysipelatoclostridium.sp..MP95D5",0.00017532822676003
"4631",273,"Intestinibacter.sp..MP113D11",0.000617761688772589
"4632",273,"Klebsiella.oxytoca",0.00135747075546533
"4633",273,"Lachnospiraceae.bacterium.CAG.364",0.000902916071936488
"4634",273,"Lactobacillus.paracasei",-0.00303940835874528
"4635",273,"Prevotella.buccae",0.00016434501594631
"4636",273,"Providencia.alcalifaciens",0.000737930531613529
"4637",273,"Roseburia.intestinalis",0.000435860434663482
"4638",273,"Streptococcus.infantis",0.00131328130373731
"4639",273,"Streptococcus.sp..MP111F6_2",0.00132111122366041
"4640",273,"X.Clostridium..aldenense",-0.00112661701859906
"4641",273,"X.Ruminococcus..sp..MP14G5",0.000680336030200124
"4642",274,"Actinomyces.sp..HMSC035G02",0.000558229745365679
"4643",274,"Actinomyces.sp..ICM39",0.000771689403336495
"4644",274,"Anaerostipes.sp..992a",0.000539947213837877
"4645",274,"Bacteroides.ovatus",-0.000316192817990668
"4646",274,"Enterobacter.cloacae",-0.00823315745219588
"4647",274,"Erysipelatoclostridium.sp..MP95D5",0.000298890023259446
"4648",274,"Intestinibacter.sp..MP113D11",0.000611425377428532
"4649",274,"Klebsiella.oxytoca",0.000308638278511353
"4650",274,"Lachnospiraceae.bacterium.CAG.364",0.000828856427688152
"4651",274,"Lactobacillus.paracasei",0.00411630375310779
"4652",274,"Prevotella.buccae",0.000170529179740697
"4653",274,"Providencia.alcalifaciens",0.00103069949545898
"4654",274,"Roseburia.intestinalis",-0.000606454384978861
"4655",274,"Streptococcus.infantis",0.000615500350249931
"4656",274,"Streptococcus.sp..MP111F6_2",0.00157091120490804
"4657",274,"X.Clostridium..aldenense",0.00219474767800421
"4658",274,"X.Ruminococcus..sp..MP14G5",0.000693732727086172
"4659",275,"Actinomyces.sp..HMSC035G02",0.000130190623167437
"4660",275,"Actinomyces.sp..ICM39",0.00071979544009082
"4661",275,"Anaerostipes.sp..992a",0.000552362587768584
"4662",275,"Bacteroides.ovatus",0.000485177326481789
"4663",275,"Enterobacter.cloacae",-0.0128941698931158
"4664",275,"Erysipelatoclostridium.sp..MP95D5",0.000216095802898053
"4665",275,"Intestinibacter.sp..MP113D11",0.000557690247660503
"4666",275,"Klebsiella.oxytoca",0.00110309524461627
"4667",275,"Lachnospiraceae.bacterium.CAG.364",0.000771815597545356
"4668",275,"Lactobacillus.paracasei",0.00270330172497779
"4669",275,"Prevotella.buccae",0.000168455502716824
"4670",275,"Providencia.alcalifaciens",0.000592235679505393
"4671",275,"Roseburia.intestinalis",-0.00132655608467758
"4672",275,"Streptococcus.infantis",0.000533436279511079
"4673",275,"Streptococcus.sp..MP111F6_2",-0.0154285691678524
"4674",275,"X.Clostridium..aldenense",-0.00445330399088562
"4675",275,"X.Ruminococcus..sp..MP14G5",0.00044028322736267
"4676",276,"Actinomyces.sp..HMSC035G02",0.000151703650772106
"4677",276,"Actinomyces.sp..ICM39",0.000597316742641851
"4678",276,"Anaerostipes.sp..992a",0.000707722443621606
"4679",276,"Bacteroides.ovatus",0.000383441656595096
"4680",276,"Enterobacter.cloacae",0.0132287656888366
"4681",276,"Erysipelatoclostridium.sp..MP95D5",0.000242524605710059
"4682",276,"Intestinibacter.sp..MP113D11",0.000860105181345716
"4683",276,"Klebsiella.oxytoca",-0.00896881334483624
"4684",276,"Lachnospiraceae.bacterium.CAG.364",0.000960563804255798
"4685",276,"Lactobacillus.paracasei",0.00412518833763897
"4686",276,"Prevotella.buccae",0.000185897319170181
"4687",276,"Providencia.alcalifaciens",0.000740391988074407
"4688",276,"Roseburia.intestinalis",0.000569644791539758
"4689",276,"Streptococcus.infantis",0.000877030048286542
"4690",276,"Streptococcus.sp..MP111F6_2",0.000795743864728138
"4691",276,"X.Clostridium..aldenense",-0.00180161162279546
"4692",276,"X.Ruminococcus..sp..MP14G5",0.000514151761308312
"4693",277,"Actinomyces.sp..HMSC035G02",0.000149183033499867
"4694",277,"Actinomyces.sp..ICM39",0.000630880444077775
"4695",277,"Anaerostipes.sp..992a",0.000467918784124777
"4696",277,"Bacteroides.ovatus",0.000339749502018094
"4697",277,"Enterobacter.cloacae",0.00737400469370186
"4698",277,"Erysipelatoclostridium.sp..MP95D5",0.000498744571814314
"4699",277,"Intestinibacter.sp..MP113D11",-0.00308299041353166
"4700",277,"Klebsiella.oxytoca",0.00137238198658451
"4701",277,"Lachnospiraceae.bacterium.CAG.364",0.000642794359009713
"4702",277,"Lactobacillus.paracasei",-0.0327401291579008
"4703",277,"Prevotella.buccae",0.000136740680318326
"4704",277,"Providencia.alcalifaciens",0.000773625040892512
"4705",277,"Roseburia.intestinalis",-0.000856973230838776
"4706",277,"Streptococcus.infantis",0.000791052909335122
"4707",277,"Streptococcus.sp..MP111F6_2",0.000492839913931675
"4708",277,"X.Clostridium..aldenense",-0.00241484632715583
"4709",277,"X.Ruminococcus..sp..MP14G5",0.000480752918520011
"4710",278,"Actinomyces.sp..HMSC035G02",0.000132482695335057
"4711",278,"Actinomyces.sp..ICM39",0.001424879883416
"4712",278,"Anaerostipes.sp..992a",0.00256016303319484
"4713",278,"Bacteroides.ovatus",0.000679288903484121
"4714",278,"Enterobacter.cloacae",0.0179375037550926
"4715",278,"Erysipelatoclostridium.sp..MP95D5",0.000287012488115579
"4716",278,"Intestinibacter.sp..MP113D11",0.000849375617690384
"4717",278,"Klebsiella.oxytoca",0.000441441094153561
"4718",278,"Lachnospiraceae.bacterium.CAG.364",0.00168908067280427
"4719",278,"Lactobacillus.paracasei",0.00333575624972582
"4720",278,"Prevotella.buccae",0.000851992634125054
"4721",278,"Providencia.alcalifaciens",0.000999024661723524
"4722",278,"Roseburia.intestinalis",-0.000866435788339004
"4723",278,"Streptococcus.infantis",0.00126148969866335
"4724",278,"Streptococcus.sp..MP111F6_2",0.00246711913496256
"4725",278,"X.Clostridium..aldenense",-0.000416869894252159
"4726",278,"X.Ruminococcus..sp..MP14G5",0.000623844360234216
"4727",279,"Actinomyces.sp..HMSC035G02",0.000136890907015186
"4728",279,"Actinomyces.sp..ICM39",0.000600765954004601
"4729",279,"Anaerostipes.sp..992a",0.000609318813076243
"4730",279,"Bacteroides.ovatus",0.000471065446618013
"4731",279,"Enterobacter.cloacae",-0.0250193933025002
"4732",279,"Erysipelatoclostridium.sp..MP95D5",4.76297027489636e-05
"4733",279,"Intestinibacter.sp..MP113D11",0.000538848573341966
"4734",279,"Klebsiella.oxytoca",0.000331678660586476
"4735",279,"Lachnospiraceae.bacterium.CAG.364",0.000851739081554115
"4736",279,"Lactobacillus.paracasei",0.00334481941536069
"4737",279,"Prevotella.buccae",0.000192666215298232
"4738",279,"Providencia.alcalifaciens",0.000665543280774727
"4739",279,"Roseburia.intestinalis",0.000605304114287719
"4740",279,"Streptococcus.infantis",0.00051287331734784
"4741",279,"Streptococcus.sp..MP111F6_2",-0.011147778481245
"4742",279,"X.Clostridium..aldenense",-0.00102238560793921
"4743",279,"X.Ruminococcus..sp..MP14G5",0.00046173705777619
"4744",280,"Actinomyces.sp..HMSC035G02",0.000487368670292199
"4745",280,"Actinomyces.sp..ICM39",0.00105259317206219
"4746",280,"Anaerostipes.sp..992a",-0.0128066656179726
"4747",280,"Bacteroides.ovatus",0.00126326753525063
"4748",280,"Enterobacter.cloacae",0.0109285521320999
"4749",280,"Erysipelatoclostridium.sp..MP95D5",0.000226696327445097
"4750",280,"Intestinibacter.sp..MP113D11",0.000225124596909154
"4751",280,"Klebsiella.oxytoca",0.00142775214044377
"4752",280,"Lachnospiraceae.bacterium.CAG.364",-0.00120667822193354
"4753",280,"Lactobacillus.paracasei",0.0031231795437634
"4754",280,"Prevotella.buccae",0.000442568401922472
"4755",280,"Providencia.alcalifaciens",0.000889575894689187
"4756",280,"Roseburia.intestinalis",-0.000169256236404181
"4757",280,"Streptococcus.infantis",0.00105862430064008
"4758",280,"Streptococcus.sp..MP111F6_2",0.00261489022523165
"4759",280,"X.Clostridium..aldenense",-0.000917426455998793
"4760",280,"X.Ruminococcus..sp..MP14G5",0.000592746218899265
"4761",281,"Actinomyces.sp..HMSC035G02",0.000552241603145376
"4762",281,"Actinomyces.sp..ICM39",0.0014280141913332
"4763",281,"Anaerostipes.sp..992a",0.0013527242699638
"4764",281,"Bacteroides.ovatus",0.0015998033923097
"4765",281,"Enterobacter.cloacae",0.00844463193789124
"4766",281,"Erysipelatoclostridium.sp..MP95D5",0.00023298425367102
"4767",281,"Intestinibacter.sp..MP113D11",-0.00165873824153095
"4768",281,"Klebsiella.oxytoca",0.00120076345046982
"4769",281,"Lachnospiraceae.bacterium.CAG.364",0.0012807403691113
"4770",281,"Lactobacillus.paracasei",0.00331388600170612
"4771",281,"Prevotella.buccae",0.000467398669570684
"4772",281,"Providencia.alcalifaciens",0.000786408956628293
"4773",281,"Roseburia.intestinalis",0.000496874592499807
"4774",281,"Streptococcus.infantis",0.00125929230125621
"4775",281,"Streptococcus.sp..MP111F6_2",0.00274066207930446
"4776",281,"X.Clostridium..aldenense",-0.00110050168586895
"4777",281,"X.Ruminococcus..sp..MP14G5",0.000598430371610448
"4778",282,"Actinomyces.sp..HMSC035G02",0.000134342531964649
"4779",282,"Actinomyces.sp..ICM39",0.000614955701166764
"4780",282,"Anaerostipes.sp..992a",0.000583307381020859
"4781",282,"Bacteroides.ovatus",0.000509379751747474
"4782",282,"Enterobacter.cloacae",-0.0260274400934577
"4783",282,"Erysipelatoclostridium.sp..MP95D5",0.000250788783887401
"4784",282,"Intestinibacter.sp..MP113D11",0.000550619355635718
"4785",282,"Klebsiella.oxytoca",0.00105253490619361
"4786",282,"Lachnospiraceae.bacterium.CAG.364",-0.000490202641231008
"4787",282,"Lactobacillus.paracasei",0.00278315891046077
"4788",282,"Prevotella.buccae",0.00017631195805734
"4789",282,"Providencia.alcalifaciens",0.000573477707803249
"4790",282,"Roseburia.intestinalis",0.000505880350829102
"4791",282,"Streptococcus.infantis",0.000568700459552929
"4792",282,"Streptococcus.sp..MP111F6_2",0.00115450611338019
"4793",282,"X.Clostridium..aldenense",0.00205349794123322
"4794",282,"X.Ruminococcus..sp..MP14G5",0.000439395415014587
"4795",283,"Actinomyces.sp..HMSC035G02",0.000861108652316034
"4796",283,"Actinomyces.sp..ICM39",0.000557122082682326
"4797",283,"Anaerostipes.sp..992a",0.000511460064444691
"4798",283,"Bacteroides.ovatus",0.000954345130594447
"4799",283,"Enterobacter.cloacae",0.012857892550528
"4800",283,"Erysipelatoclostridium.sp..MP95D5",0.000406813371228054
"4801",283,"Intestinibacter.sp..MP113D11",0.000765990756917745
"4802",283,"Klebsiella.oxytoca",-0.0029052970930934
"4803",283,"Lachnospiraceae.bacterium.CAG.364",0.000882117019500583
"4804",283,"Lactobacillus.paracasei",0.00498481653630733
"4805",283,"Prevotella.buccae",0.000135335023514926
"4806",283,"Providencia.alcalifaciens",0.000704393343767151
"4807",283,"Roseburia.intestinalis",0.000650365080218762
"4808",283,"Streptococcus.infantis",0.00164231203962117
"4809",283,"Streptococcus.sp..MP111F6_2",0.000739597482606769
"4810",283,"X.Clostridium..aldenense",-0.00101544248173013
"4811",283,"X.Ruminococcus..sp..MP14G5",0.000588727940339595
"4812",284,"Actinomyces.sp..HMSC035G02",0.000169907863892149
"4813",284,"Actinomyces.sp..ICM39",-0.0122771365568042
"4814",284,"Anaerostipes.sp..992a",0.000408946289098822
"4815",284,"Bacteroides.ovatus",9.19171070563607e-05
"4816",284,"Enterobacter.cloacae",-0.0637919865548611
"4817",284,"Erysipelatoclostridium.sp..MP95D5",0.000459445363958366
"4818",284,"Intestinibacter.sp..MP113D11",0.000156652538862545
"4819",284,"Klebsiella.oxytoca",-0.00591055187396705
"4820",284,"Lachnospiraceae.bacterium.CAG.364",0.000495542291901074
"4821",284,"Lactobacillus.paracasei",0.00159203464863822
"4822",284,"Prevotella.buccae",0.000119952845125226
"4823",284,"Providencia.alcalifaciens",0.000404770762543194
"4824",284,"Roseburia.intestinalis",1.87442328751786e-05
"4825",284,"Streptococcus.infantis",0.000737385562388226
"4826",284,"Streptococcus.sp..MP111F6_2",0.000479192167404108
"4827",284,"X.Clostridium..aldenense",-0.000212288970942609
"4828",284,"X.Ruminococcus..sp..MP14G5",0.000329911708831787
"4829",285,"Actinomyces.sp..HMSC035G02",0.000160531271831132
"4830",285,"Actinomyces.sp..ICM39",0.000566481612622738
"4831",285,"Anaerostipes.sp..992a",0.000658644712530077
"4832",285,"Bacteroides.ovatus",0.000401159762986936
"4833",285,"Enterobacter.cloacae",0.0126947062090039
"4834",285,"Erysipelatoclostridium.sp..MP95D5",0.000331898860167712
"4835",285,"Intestinibacter.sp..MP113D11",0.000581968983169645
"4836",285,"Klebsiella.oxytoca",0.000581751111894846
"4837",285,"Lachnospiraceae.bacterium.CAG.364",-0.0165709182620049
"4838",285,"Lactobacillus.paracasei",0.00278945511672646
"4839",285,"Prevotella.buccae",0.000139438823680393
"4840",285,"Providencia.alcalifaciens",0.0008048421877902
"4841",285,"Roseburia.intestinalis",0.000656116055324674
"4842",285,"Streptococcus.infantis",-0.00393929611891508
"4843",285,"Streptococcus.sp..MP111F6_2",0.000709546817233786
"4844",285,"X.Clostridium..aldenense",0.000928648398257792
"4845",285,"X.Ruminococcus..sp..MP14G5",0.000440095187514089
"4846",286,"Actinomyces.sp..HMSC035G02",0.000158681956236251
"4847",286,"Actinomyces.sp..ICM39",0.000559853826416656
"4848",286,"Anaerostipes.sp..992a",0.000508205499500036
"4849",286,"Bacteroides.ovatus",0.000462576150312088
"4850",286,"Enterobacter.cloacae",0.00583399622701108
"4851",286,"Erysipelatoclostridium.sp..MP95D5",0.000552144600078464
"4852",286,"Intestinibacter.sp..MP113D11",0.000264850241364911
"4853",286,"Klebsiella.oxytoca",-0.000164386496180668
"4854",286,"Lachnospiraceae.bacterium.CAG.364",0.000806491152616218
"4855",286,"Lactobacillus.paracasei",0.00383718020748347
"4856",286,"Prevotella.buccae",0.000152841115777846
"4857",286,"Providencia.alcalifaciens",0.00090885313693434
"4858",286,"Roseburia.intestinalis",0.000425213234848343
"4859",286,"Streptococcus.infantis",0.000878958468092605
"4860",286,"Streptococcus.sp..MP111F6_2",0.000695820228429511
"4861",286,"X.Clostridium..aldenense",-0.00167171680368483
"4862",286,"X.Ruminococcus..sp..MP14G5",0.000410594831919298
"4863",287,"Actinomyces.sp..HMSC035G02",0.000100274177384563
"4864",287,"Actinomyces.sp..ICM39",0.000560863671125844
"4865",287,"Anaerostipes.sp..992a",0.000672063848469406
"4866",287,"Bacteroides.ovatus",0.00050445445231162
"4867",287,"Enterobacter.cloacae",0.00693770567886531
"4868",287,"Erysipelatoclostridium.sp..MP95D5",0.000419772157329135
"4869",287,"Intestinibacter.sp..MP113D11",0.000499060115544125
"4870",287,"Klebsiella.oxytoca",0.00174289109418169
"4871",287,"Lachnospiraceae.bacterium.CAG.364",0.000825337920105085
"4872",287,"Lactobacillus.paracasei",0.00257694546598941
"4873",287,"Prevotella.buccae",0.000169348139024805
"4874",287,"Providencia.alcalifaciens",0.000781684240791947
"4875",287,"Roseburia.intestinalis",0.000359486002707854
"4876",287,"Streptococcus.infantis",0.000905456836335361
"4877",287,"Streptococcus.sp..MP111F6_2",0.000684306403854862
"4878",287,"X.Clostridium..aldenense",-0.00109457317739725
"4879",287,"X.Ruminococcus..sp..MP14G5",0.00046410811773967
"4880",288,"Actinomyces.sp..HMSC035G02",0.000621820479864255
"4881",288,"Actinomyces.sp..ICM39",0.000666231091599911
"4882",288,"Anaerostipes.sp..992a",0.000481638082419522
"4883",288,"Bacteroides.ovatus",0.0014559940318577
"4884",288,"Enterobacter.cloacae",0.0101129710674286
"4885",288,"Erysipelatoclostridium.sp..MP95D5",0.000238569860812277
"4886",288,"Intestinibacter.sp..MP113D11",0.000655727228149772
"4887",288,"Klebsiella.oxytoca",0.00022790417278884
"4888",288,"Lachnospiraceae.bacterium.CAG.364",0.000954348215600476
"4889",288,"Lactobacillus.paracasei",0.00423436588607728
"4890",288,"Prevotella.buccae",0.000163455602887552
"4891",288,"Providencia.alcalifaciens",0.000792778067989275
"4892",288,"Roseburia.intestinalis",0.0005537552642636
"4893",288,"Streptococcus.infantis",0.00156422704458237
"4894",288,"Streptococcus.sp..MP111F6_2",0.00150139076868072
"4895",288,"X.Clostridium..aldenense",-0.000508006458403543
"4896",288,"X.Ruminococcus..sp..MP14G5",0.000696621369570494
"4897",289,"Actinomyces.sp..HMSC035G02",0.000144627883855719
"4898",289,"Actinomyces.sp..ICM39",0.000395377443055622
"4899",289,"Anaerostipes.sp..992a",0.000253856349445414
"4900",289,"Bacteroides.ovatus",-0.000884888606378809
"4901",289,"Enterobacter.cloacae",-0.0276235258206725
"4902",289,"Erysipelatoclostridium.sp..MP95D5",0.000234024329984095
"4903",289,"Intestinibacter.sp..MP113D11",0.000266059243585914
"4904",289,"Klebsiella.oxytoca",0.000254146914812736
"4905",289,"Lachnospiraceae.bacterium.CAG.364",0.00059888168470934
"4906",289,"Lactobacillus.paracasei",-0.00660510594025254
"4907",289,"Prevotella.buccae",0.000109323958895402
"4908",289,"Providencia.alcalifaciens",0.000282119202893227
"4909",289,"Roseburia.intestinalis",-3.20063372782897e-06
"4910",289,"Streptococcus.infantis",-0.00372877751942724
"4911",289,"Streptococcus.sp..MP111F6_2",0.000627598783466965
"4912",289,"X.Clostridium..aldenense",-0.000536109408130869
"4913",289,"X.Ruminococcus..sp..MP14G5",0.000329620961565524
"4914",290,"Actinomyces.sp..HMSC035G02",0.000152567059558351
"4915",290,"Actinomyces.sp..ICM39",0.000649391033221036
"4916",290,"Anaerostipes.sp..992a",0.00068206968717277
"4917",290,"Bacteroides.ovatus",0.000341037899488583
"4918",290,"Enterobacter.cloacae",0.0102247707545757
"4919",290,"Erysipelatoclostridium.sp..MP95D5",0.000307938258629292
"4920",290,"Intestinibacter.sp..MP113D11",-0.00379583856556565
"4921",290,"Klebsiella.oxytoca",-0.00250026618596166
"4922",290,"Lachnospiraceae.bacterium.CAG.364",0.000637113000266254
"4923",290,"Lactobacillus.paracasei",0.00419861287809908
"4924",290,"Prevotella.buccae",0.000146833590406459
"4925",290,"Providencia.alcalifaciens",0.000882052176166326
"4926",290,"Roseburia.intestinalis",-0.00637223338708282
"4927",290,"Streptococcus.infantis",0.000945387175306678
"4928",290,"Streptococcus.sp..MP111F6_2",0.000690191111061722
"4929",290,"X.Clostridium..aldenense",-0.00120183738181368
"4930",290,"X.Ruminococcus..sp..MP14G5",0.00037769993650727
"4931",291,"Actinomyces.sp..HMSC035G02",0.000518410000950098
"4932",291,"Actinomyces.sp..ICM39",0.00102054054150358
"4933",291,"Anaerostipes.sp..992a",0.0012542293407023
"4934",291,"Bacteroides.ovatus",0.00132240966195241
"4935",291,"Enterobacter.cloacae",0.00958133861422539
"4936",291,"Erysipelatoclostridium.sp..MP95D5",3.11300273097004e-05
"4937",291,"Intestinibacter.sp..MP113D11",0.00048370921285823
"4938",291,"Klebsiella.oxytoca",0.000824226677650586
"4939",291,"Lachnospiraceae.bacterium.CAG.364",0.00143030664185062
"4940",291,"Lactobacillus.paracasei",-0.0115531906485558
"4941",291,"Prevotella.buccae",0.000116412338684313
"4942",291,"Providencia.alcalifaciens",0.000843292218632996
"4943",291,"Roseburia.intestinalis",0.000424266763729975
"4944",291,"Streptococcus.infantis",0.000942928134463727
"4945",291,"Streptococcus.sp..MP111F6_2",0.00236801942810416
"4946",291,"X.Clostridium..aldenense",-0.00134669960243627
"4947",291,"X.Ruminococcus..sp..MP14G5",0.000548011536011472
"4948",292,"Actinomyces.sp..HMSC035G02",0.000597593927523121
"4949",292,"Actinomyces.sp..ICM39",0.000757970148697495
"4950",292,"Anaerostipes.sp..992a",0.000517767854034901
"4951",292,"Bacteroides.ovatus",0.00182612903881818
"4952",292,"Enterobacter.cloacae",0.00884086871519685
"4953",292,"Erysipelatoclostridium.sp..MP95D5",9.6968753496185e-05
"4954",292,"Intestinibacter.sp..MP113D11",-0.00150881236186251
"4955",292,"Klebsiella.oxytoca",0.00170630792854354
"4956",292,"Lachnospiraceae.bacterium.CAG.364",0.00108115671901032
"4957",292,"Lactobacillus.paracasei",0.00318024295847863
"4958",292,"Prevotella.buccae",-6.09541530138813e-06
"4959",292,"Providencia.alcalifaciens",0.000670137524139136
"4960",292,"Roseburia.intestinalis",-0.000789867801358923
"4961",292,"Streptococcus.infantis",0.00134567357599735
"4962",292,"Streptococcus.sp..MP111F6_2",0.00173981208354235
"4963",292,"X.Clostridium..aldenense",-0.00107305939309299
"4964",292,"X.Ruminococcus..sp..MP14G5",0.000734238972654566
"4965",293,"Actinomyces.sp..HMSC035G02",0.000104159553302452
"4966",293,"Actinomyces.sp..ICM39",0.000791914557339624
"4967",293,"Anaerostipes.sp..992a",0.00187021505553275
"4968",293,"Bacteroides.ovatus",-0.00175593257881701
"4969",293,"Enterobacter.cloacae",-0.0345008261501789
"4970",293,"Erysipelatoclostridium.sp..MP95D5",0.00028524269873742
"4971",293,"Intestinibacter.sp..MP113D11",0.000641277991235256
"4972",293,"Klebsiella.oxytoca",-0.00190907617798075
"4973",293,"Lachnospiraceae.bacterium.CAG.364",0.000883384520420805
"4974",293,"Lactobacillus.paracasei",0.00223440059926361
"4975",293,"Prevotella.buccae",0.000358180623152293
"4976",293,"Providencia.alcalifaciens",0.000724990240996704
"4977",293,"Roseburia.intestinalis",-0.00244044326245785
"4978",293,"Streptococcus.infantis",0.000911766168428585
"4979",293,"Streptococcus.sp..MP111F6_2",-0.0319005083292723
"4980",293,"X.Clostridium..aldenense",-0.0048819079529494
"4981",293,"X.Ruminococcus..sp..MP14G5",0.00037528648681473
"4982",294,"Actinomyces.sp..HMSC035G02",0.000124566726299236
"4983",294,"Actinomyces.sp..ICM39",0.000511594116687775
"4984",294,"Anaerostipes.sp..992a",0.000610041635809466
"4985",294,"Bacteroides.ovatus",0.000713997869752347
"4986",294,"Enterobacter.cloacae",0.00758013618178666
"4987",294,"Erysipelatoclostridium.sp..MP95D5",0.000162295364134479
"4988",294,"Intestinibacter.sp..MP113D11",0.000611335883149877
"4989",294,"Klebsiella.oxytoca",-7.44137032597791e-05
"4990",294,"Lachnospiraceae.bacterium.CAG.364",0.000563430163310841
"4991",294,"Lactobacillus.paracasei",0.00307575846090913
"4992",294,"Prevotella.buccae",0.000188580255780835
"4993",294,"Providencia.alcalifaciens",0.000586411741096526
"4994",294,"Roseburia.intestinalis",-0.000148522402014351
"4995",294,"Streptococcus.infantis",0.000544925744179636
"4996",294,"Streptococcus.sp..MP111F6_2",0.00143949181074277
"4997",294,"X.Clostridium..aldenense",-0.00284305238164961
"4998",294,"X.Ruminococcus..sp..MP14G5",0.00049886672059074
"4999",295,"Actinomyces.sp..HMSC035G02",0.000454759880085476
"5000",295,"Actinomyces.sp..ICM39",0.0013537714839913
"5001",295,"Anaerostipes.sp..992a",0.00137624295894057
"5002",295,"Bacteroides.ovatus",0.00118439114885405
"5003",295,"Enterobacter.cloacae",0.00954526057466865
"5004",295,"Erysipelatoclostridium.sp..MP95D5",0.000124647940538125
"5005",295,"Intestinibacter.sp..MP113D11",0.000248961623583455
"5006",295,"Klebsiella.oxytoca",0.00140559952706099
"5007",295,"Lachnospiraceae.bacterium.CAG.364",0.000434097499237396
"5008",295,"Lactobacillus.paracasei",0.00333939003758132
"5009",295,"Prevotella.buccae",0.000550849421415478
"5010",295,"Providencia.alcalifaciens",0.000923082057852298
"5011",295,"Roseburia.intestinalis",0.000573188095586374
"5012",295,"Streptococcus.infantis",0.00106795155443251
"5013",295,"Streptococcus.sp..MP111F6_2",0.00285423686727881
"5014",295,"X.Clostridium..aldenense",-0.000382026468287222
"5015",295,"X.Ruminococcus..sp..MP14G5",0.000539376778760925
"5016",296,"Actinomyces.sp..HMSC035G02",0.000590570765780285
"5017",296,"Actinomyces.sp..ICM39",0.000758920272346586
"5018",296,"Anaerostipes.sp..992a",0.000559396285098046
"5019",296,"Bacteroides.ovatus",0.00171123922336847
"5020",296,"Enterobacter.cloacae",0.010506683960557
"5021",296,"Erysipelatoclostridium.sp..MP95D5",0.00030279898783192
"5022",296,"Intestinibacter.sp..MP113D11",0.000341711158398539
"5023",296,"Klebsiella.oxytoca",0.00144999125041068
"5024",296,"Lachnospiraceae.bacterium.CAG.364",-0.000223615345021244
"5025",296,"Lactobacillus.paracasei",0.00451459176838398
"5026",296,"Prevotella.buccae",0.000171423584106378
"5027",296,"Providencia.alcalifaciens",0.000821161695057526
"5028",296,"Roseburia.intestinalis",-0.000405603423132561
"5029",296,"Streptococcus.infantis",0.00102298666024581
"5030",296,"Streptococcus.sp..MP111F6_2",0.00202196591999382
"5031",296,"X.Clostridium..aldenense",-0.000791599682997912
"5032",296,"X.Ruminococcus..sp..MP14G5",0.000698366697179154
"5033",297,"Actinomyces.sp..HMSC035G02",0.000150661209772807
"5034",297,"Actinomyces.sp..ICM39",0.000571813870919868
"5035",297,"Anaerostipes.sp..992a",0.000678846030496061
"5036",297,"Bacteroides.ovatus",0.000355865297024138
"5037",297,"Enterobacter.cloacae",0.00961103942245245
"5038",297,"Erysipelatoclostridium.sp..MP95D5",0.000444370074546896
"5039",297,"Intestinibacter.sp..MP113D11",-0.0101845255121589
"5040",297,"Klebsiella.oxytoca",0.0018538060830906
"5041",297,"Lachnospiraceae.bacterium.CAG.364",-0.00464378413744271
"5042",297,"Lactobacillus.paracasei",0.00354287994559854
"5043",297,"Prevotella.buccae",0.000192935418453999
"5044",297,"Providencia.alcalifaciens",0.0007801239262335
"5045",297,"Roseburia.intestinalis",-0.00255430233664811
"5046",297,"Streptococcus.infantis",0.000762579293223098
"5047",297,"Streptococcus.sp..MP111F6_2",-0.00418050610460341
"5048",297,"X.Clostridium..aldenense",-0.00164034188492224
"5049",297,"X.Ruminococcus..sp..MP14G5",0.000380622266675346
"5050",298,"Actinomyces.sp..HMSC035G02",0.000124753634736408
"5051",298,"Actinomyces.sp..ICM39",0.00156864756718278
"5052",298,"Anaerostipes.sp..992a",0.00245115929283202
"5053",298,"Bacteroides.ovatus",0.000642404658719897
"5054",298,"Enterobacter.cloacae",-0.0216047624126077
"5055",298,"Erysipelatoclostridium.sp..MP95D5",0.000260247383266687
"5056",298,"Intestinibacter.sp..MP113D11",0.000693374808179215
"5057",298,"Klebsiella.oxytoca",0.00180514540988952
"5058",298,"Lachnospiraceae.bacterium.CAG.364",0.00075411912985146
"5059",298,"Lactobacillus.paracasei",0.0037688291631639
"5060",298,"Prevotella.buccae",0.000624568725470454
"5061",298,"Providencia.alcalifaciens",0.0011020012316294
"5062",298,"Roseburia.intestinalis",0.000853731035022065
"5063",298,"Streptococcus.infantis",0.00128844869323075
"5064",298,"Streptococcus.sp..MP111F6_2",0.0027841457631439
"5065",298,"X.Clostridium..aldenense",-0.000707230472471565
"5066",298,"X.Ruminococcus..sp..MP14G5",0.00080413170508109
"5067",299,"Actinomyces.sp..HMSC035G02",0.000154578468936961
"5068",299,"Actinomyces.sp..ICM39",0.000502748138387688
"5069",299,"Anaerostipes.sp..992a",0.000378937547793612
"5070",299,"Bacteroides.ovatus",0.000139927476993762
"5071",299,"Enterobacter.cloacae",-0.072506632655859
"5072",299,"Erysipelatoclostridium.sp..MP95D5",0.000420582262449898
"5073",299,"Intestinibacter.sp..MP113D11",0.000233545157243498
"5074",299,"Klebsiella.oxytoca",0.000707236758898944
"5075",299,"Lachnospiraceae.bacterium.CAG.364",0.000446662670583464
"5076",299,"Lactobacillus.paracasei",-0.0230524726212025
"5077",299,"Prevotella.buccae",0.00013777706772089
"5078",299,"Providencia.alcalifaciens",0.000604907050728798
"5079",299,"Roseburia.intestinalis",7.25340687495191e-05
"5080",299,"Streptococcus.infantis",-0.0103489351458848
"5081",299,"Streptococcus.sp..MP111F6_2",0.000326508277794346
"5082",299,"X.Clostridium..aldenense",0.00087223801529035
"5083",299,"X.Ruminococcus..sp..MP14G5",0.000377800068235956
"5084",300,"Actinomyces.sp..HMSC035G02",0.000137608949444257
"5085",300,"Actinomyces.sp..ICM39",0.0013661808334291
"5086",300,"Anaerostipes.sp..992a",0.00254376337397844
"5087",300,"Bacteroides.ovatus",0.00047927517152857
"5088",300,"Enterobacter.cloacae",0.0210614502429962
"5089",300,"Erysipelatoclostridium.sp..MP95D5",0.000347149165463634
"5090",300,"Intestinibacter.sp..MP113D11",0.000858440529555082
"5091",300,"Klebsiella.oxytoca",0.000642358878394589
"5092",300,"Lachnospiraceae.bacterium.CAG.364",0.00150979444151744
"5093",300,"Lactobacillus.paracasei",0.00213650229852647
"5094",300,"Prevotella.buccae",0.000695187307428569
"5095",300,"Providencia.alcalifaciens",0.00101567199453712
"5096",300,"Roseburia.intestinalis",0.000492911014589481
"5097",300,"Streptococcus.infantis",0.00160338100977242
"5098",300,"Streptococcus.sp..MP111F6_2",0.00183160917367786
"5099",300,"X.Clostridium..aldenense",0.00174585886998102
"5100",300,"X.Ruminococcus..sp..MP14G5",0.000440355594037101
"5101",301,"Actinomyces.sp..HMSC035G02",0.000124445432447828
"5102",301,"Actinomyces.sp..ICM39",0.000724046112736687
"5103",301,"Anaerostipes.sp..992a",0.000473480351502076
"5104",301,"Bacteroides.ovatus",0.000577198137762025
"5105",301,"Enterobacter.cloacae",-0.0137721532955766
"5106",301,"Erysipelatoclostridium.sp..MP95D5",0.000402182966354303
"5107",301,"Intestinibacter.sp..MP113D11",0.000755467830458656
"5108",301,"Klebsiella.oxytoca",0.000775568099925295
"5109",301,"Lachnospiraceae.bacterium.CAG.364",0.00203742343001068
"5110",301,"Lactobacillus.paracasei",0.00410253531299531
"5111",301,"Prevotella.buccae",0.000147585597005673
"5112",301,"Providencia.alcalifaciens",0.000787123484769836
"5113",301,"Roseburia.intestinalis",-0.000246700357820373
"5114",301,"Streptococcus.infantis",0.000640680867945775
"5115",301,"Streptococcus.sp..MP111F6_2",-0.00997742312029004
"5116",301,"X.Clostridium..aldenense",0.00791567307896912
"5117",301,"X.Ruminococcus..sp..MP14G5",0.000524367904290557
"5118",302,"Actinomyces.sp..HMSC035G02",0.000125848317111377
"5119",302,"Actinomyces.sp..ICM39",0.00126318365801126
"5120",302,"Anaerostipes.sp..992a",0.00253295444417745
"5121",302,"Bacteroides.ovatus",0.000469733437057585
"5122",302,"Enterobacter.cloacae",0.0200311075896025
"5123",302,"Erysipelatoclostridium.sp..MP95D5",0.000641270627966151
"5124",302,"Intestinibacter.sp..MP113D11",0.000698262476362288
"5125",302,"Klebsiella.oxytoca",0.00400187447667122
"5126",302,"Lachnospiraceae.bacterium.CAG.364",0.00148223526775837
"5127",302,"Lactobacillus.paracasei",0.00467631709761918
"5128",302,"Prevotella.buccae",0.000749383441871032
"5129",302,"Providencia.alcalifaciens",0.00125297385966405
"5130",302,"Roseburia.intestinalis",0.000566626054933295
"5131",302,"Streptococcus.infantis",0.00129924836801365
"5132",302,"Streptococcus.sp..MP111F6_2",0.001979153836146
"5133",302,"X.Clostridium..aldenense",0.00280253682285547
"5134",302,"X.Ruminococcus..sp..MP14G5",0.000499788060551509
"5135",303,"Actinomyces.sp..HMSC035G02",0.000641679449472576
"5136",303,"Actinomyces.sp..ICM39",0.00104115885915235
"5137",303,"Anaerostipes.sp..992a",0.00127370387781411
"5138",303,"Bacteroides.ovatus",0.000957773212576285
"5139",303,"Enterobacter.cloacae",0.0102638299576938
"5140",303,"Erysipelatoclostridium.sp..MP95D5",-0.000758768292143941
"5141",303,"Intestinibacter.sp..MP113D11",0.000284720066701993
"5142",303,"Klebsiella.oxytoca",0.00048959995910991
"5143",303,"Lachnospiraceae.bacterium.CAG.364",0.00101412914227694
"5144",303,"Lactobacillus.paracasei",0.00487213488668203
"5145",303,"Prevotella.buccae",0.00037118217733223
"5146",303,"Providencia.alcalifaciens",0.000659183802781627
"5147",303,"Roseburia.intestinalis",6.70925874146633e-05
"5148",303,"Streptococcus.infantis",0.00118445802945644
"5149",303,"Streptococcus.sp..MP111F6_2",0.00121046282583848
"5150",303,"X.Clostridium..aldenense",-0.00209108227863908
"5151",303,"X.Ruminococcus..sp..MP14G5",0.000440260017057881
"5152",304,"Actinomyces.sp..HMSC035G02",0.000530381337739527
"5153",304,"Actinomyces.sp..ICM39",0.00137582380557433
"5154",304,"Anaerostipes.sp..992a",0.00132512499112636
"5155",304,"Bacteroides.ovatus",0.00109930557664484
"5156",304,"Enterobacter.cloacae",0.0111671909689903
"5157",304,"Erysipelatoclostridium.sp..MP95D5",0.00027247863181401
"5158",304,"Intestinibacter.sp..MP113D11",0.000644179643131793
"5159",304,"Klebsiella.oxytoca",0.00148249923950061
"5160",304,"Lachnospiraceae.bacterium.CAG.364",0.00118840846698731
"5161",304,"Lactobacillus.paracasei",0.00335112237371504
"5162",304,"Prevotella.buccae",0.000411373810493387
"5163",304,"Providencia.alcalifaciens",0.00101841497235
"5164",304,"Roseburia.intestinalis",-0.000543031346751377
"5165",304,"Streptococcus.infantis",0.000921857485082
"5166",304,"Streptococcus.sp..MP111F6_2",0.00258588790893555
"5167",304,"X.Clostridium..aldenense",-0.000913178490009159
"5168",304,"X.Ruminococcus..sp..MP14G5",0.000604987144470215
"5169",305,"Actinomyces.sp..HMSC035G02",-0.00757473241537809
"5170",305,"Actinomyces.sp..ICM39",0.000443603654275648
"5171",305,"Anaerostipes.sp..992a",0.000311849391437136
"5172",305,"Bacteroides.ovatus",-5.87856884521898e-05
"5173",305,"Enterobacter.cloacae",-0.0279571646824479
"5174",305,"Erysipelatoclostridium.sp..MP95D5",0.000326175286318175
"5175",305,"Intestinibacter.sp..MP113D11",0.000155913017806597
"5176",305,"Klebsiella.oxytoca",-0.0035500624217093
"5177",305,"Lachnospiraceae.bacterium.CAG.364",0.000754230539314449
"5178",305,"Lactobacillus.paracasei",-0.0210194634273648
"5179",305,"Prevotella.buccae",0.000139438823680393
"5180",305,"Providencia.alcalifaciens",0.000278434017673135
"5181",305,"Roseburia.intestinalis",1.24071789286972e-05
"5182",305,"Streptococcus.infantis",-0.0125114512629807
"5183",305,"Streptococcus.sp..MP111F6_2",0.000343307998264208
"5184",305,"X.Clostridium..aldenense",-0.00103943582507782
"5185",305,"X.Ruminococcus..sp..MP14G5",0.000308938164380379
"5186",306,"Actinomyces.sp..HMSC035G02",0.000676034484058619
"5187",306,"Actinomyces.sp..ICM39",0.000643919542199001
"5188",306,"Anaerostipes.sp..992a",0.000522950518643484
"5189",306,"Bacteroides.ovatus",-0.000691443914547563
"5190",306,"Enterobacter.cloacae",0.00849591614678502
"5191",306,"Erysipelatoclostridium.sp..MP95D5",0.000188205143786035
"5192",306,"Intestinibacter.sp..MP113D11",0.000300563027849421
"5193",306,"Klebsiella.oxytoca",0.00164243287872523
"5194",306,"Lachnospiraceae.bacterium.CAG.364",0.000722112657967955
"5195",306,"Lactobacillus.paracasei",0.00492375413887203
"5196",306,"Prevotella.buccae",1.44201894727303e-05
"5197",306,"Providencia.alcalifaciens",0.000828601187095046
"5198",306,"Roseburia.intestinalis",0.000309526833007112
"5199",306,"Streptococcus.infantis",0.000974963826593012
"5200",306,"Streptococcus.sp..MP111F6_2",0.00134694104781374
"5201",306,"X.Clostridium..aldenense",-0.00105322431772947
"5202",306,"X.Ruminococcus..sp..MP14G5",-0.00351668091025203
"5203",307,"Actinomyces.sp..HMSC035G02",0.000138979135954287
"5204",307,"Actinomyces.sp..ICM39",0.000679600227158517
"5205",307,"Anaerostipes.sp..992a",0.000634529831586406
"5206",307,"Bacteroides.ovatus",0.000601836276473477
"5207",307,"Enterobacter.cloacae",0.0151809938251972
"5208",307,"Erysipelatoclostridium.sp..MP95D5",0.00050306343473494
"5209",307,"Intestinibacter.sp..MP113D11",0.000943910039495677
"5210",307,"Klebsiella.oxytoca",0.00232355471234769
"5211",307,"Lachnospiraceae.bacterium.CAG.364",-0.00137827784055844
"5212",307,"Lactobacillus.paracasei",0.00479516456834972
"5213",307,"Prevotella.buccae",0.000181158458872233
"5214",307,"Providencia.alcalifaciens",0.000794982566731051
"5215",307,"Roseburia.intestinalis",0.000472572690341622
"5216",307,"Streptococcus.infantis",0.00101172324502841
"5217",307,"Streptococcus.sp..MP111F6_2",0.00124374096048996
"5218",307,"X.Clostridium..aldenense",-0.000251499077421613
"5219",307,"X.Ruminococcus..sp..MP14G5",0.00046124889922794
"5220",308,"Actinomyces.sp..HMSC035G02",0.000106768195109908
"5221",308,"Actinomyces.sp..ICM39",0.00132464565103874
"5222",308,"Anaerostipes.sp..992a",0.00248742406256497
"5223",308,"Bacteroides.ovatus",0.0010171901085414
"5224",308,"Enterobacter.cloacae",0.0134428017772734
"5225",308,"Erysipelatoclostridium.sp..MP95D5",3.40995857186499e-05
"5226",308,"Intestinibacter.sp..MP113D11",-0.00117711786879227
"5227",308,"Klebsiella.oxytoca",-0.00194513896713033
"5228",308,"Lachnospiraceae.bacterium.CAG.364",0.00202843442093581
"5229",308,"Lactobacillus.paracasei",0.00241366133559495
"5230",308,"Prevotella.buccae",0.000949093664530665
"5231",308,"Providencia.alcalifaciens",0.00100357009796426
"5232",308,"Roseburia.intestinalis",0.000744832621421665
"5233",308,"Streptococcus.infantis",0.0011762929498218
"5234",308,"Streptococcus.sp..MP111F6_2",0.00269047904293984
"5235",308,"X.Clostridium..aldenense",0.00262590299826115
"5236",308,"X.Ruminococcus..sp..MP14G5",0.00056863235658966
"5237",309,"Actinomyces.sp..HMSC035G02",0.000154578468936961
"5238",309,"Actinomyces.sp..ICM39",0.000523057882674038
"5239",309,"Anaerostipes.sp..992a",0.000577092432649806
"5240",309,"Bacteroides.ovatus",0.00037188536953181
"5241",309,"Enterobacter.cloacae",0.0069032630417496
"5242",309,"Erysipelatoclostridium.sp..MP95D5",0.000472176529001445
"5243",309,"Intestinibacter.sp..MP113D11",0.000290608862997033
"5244",309,"Klebsiella.oxytoca",0.000316042292979546
"5245",309,"Lachnospiraceae.bacterium.CAG.364",0.000444702091044746
"5246",309,"Lactobacillus.paracasei",0.00398282473906875
"5247",309,"Prevotella.buccae",0.000126508210087195
"5248",309,"Providencia.alcalifaciens",0.000880068837432191
"5249",309,"Roseburia.intestinalis",-0.00559930130839348
"5250",309,"Streptococcus.infantis",0.00087293706019409
"5251",309,"Streptococcus.sp..MP111F6_2",-0.00803893827833235
"5252",309,"X.Clostridium..aldenense",-0.00122470170026645
"5253",309,"X.Ruminococcus..sp..MP14G5",0.000481258583022282
"5254",310,"Actinomyces.sp..HMSC035G02",0.000135051930556074
"5255",310,"Actinomyces.sp..ICM39",-0.0140885110013187
"5256",310,"Anaerostipes.sp..992a",0.000480143091408536
"5257",310,"Bacteroides.ovatus",0.000407436979003251
"5258",310,"Enterobacter.cloacae",-0.0564933493733406
"5259",310,"Erysipelatoclostridium.sp..MP95D5",0.000294484954793006
"5260",310,"Intestinibacter.sp..MP113D11",0.000529485027072951
"5261",310,"Klebsiella.oxytoca",0.00229731667786837
"5262",310,"Lachnospiraceae.bacterium.CAG.364",0.000885037967236713
"5263",310,"Lactobacillus.paracasei",0.00408537429757416
"5264",310,"Prevotella.buccae",-2.78597108263057e-05
"5265",310,"Providencia.alcalifaciens",0.000763140647904947
"5266",310,"Roseburia.intestinalis",0.000330309703713283
"5267",310,"Streptococcus.infantis",0.00107429845957085
"5268",310,"Streptococcus.sp..MP111F6_2",0.000665724102873355
"5269",310,"X.Clostridium..aldenense",0.00220150500535965
"5270",310,"X.Ruminococcus..sp..MP14G5",0.000474385044071823
"5271",311,"Actinomyces.sp..HMSC035G02",0.000849976553581655
"5272",311,"Actinomyces.sp..ICM39",0.000649213558062911
"5273",311,"Anaerostipes.sp..992a",0.000516373052960262
"5274",311,"Bacteroides.ovatus",0.000936706055654213
"5275",311,"Enterobacter.cloacae",0.0126996720209718
"5276",311,"Erysipelatoclostridium.sp..MP95D5",0.00019437690207269
"5277",311,"Intestinibacter.sp..MP113D11",0.000800797075498849
"5278",311,"Klebsiella.oxytoca",0.00168035627575591
"5279",311,"Lachnospiraceae.bacterium.CAG.364",0.000924318301258609
"5280",311,"Lactobacillus.paracasei",0.00281356286723167
"5281",311,"Prevotella.buccae",-0.000176690766238607
"5282",311,"Providencia.alcalifaciens",0.000752236723201349
"5283",311,"Roseburia.intestinalis",-0.00111116882180795
"5284",311,"Streptococcus.infantis",-0.00307361769955605
"5285",311,"Streptococcus.sp..MP111F6_2",0.000717861781595275
"5286",311,"X.Clostridium..aldenense",-0.000683027028571814
"5287",311,"X.Ruminococcus..sp..MP14G5",0.000675747927743942
"5288",312,"Actinomyces.sp..HMSC035G02",0.000181273368070833
"5289",312,"Actinomyces.sp..ICM39",0.000418062132666819
"5290",312,"Anaerostipes.sp..992a",0.00033622735645622
"5291",312,"Bacteroides.ovatus",-0.000126785216707503
"5292",312,"Enterobacter.cloacae",-0.0264025963842869
"5293",312,"Erysipelatoclostridium.sp..MP95D5",0.000226151445531286
"5294",312,"Intestinibacter.sp..MP113D11",0.000215713298530318
"5295",312,"Klebsiella.oxytoca",-0.0041369367390871
"5296",312,"Lachnospiraceae.bacterium.CAG.364",0.000708630424924195
"5297",312,"Lactobacillus.paracasei",-0.0202694777399302
"5298",312,"Prevotella.buccae",0.000134053349029273
"5299",312,"Providencia.alcalifaciens",0.000317499012453482
"5300",312,"Roseburia.intestinalis",5.93659342484898e-06
"5301",312,"Streptococcus.infantis",0.000603313092142344
"5302",312,"Streptococcus.sp..MP111F6_2",0.000457539950730279
"5303",312,"X.Clostridium..aldenense",-0.000828013144200668
"5304",312,"X.Ruminococcus..sp..MP14G5",0.00034076499287039
"5305",313,"Actinomyces.sp..HMSC035G02",0.000681935722241178
"5306",313,"Actinomyces.sp..ICM39",0.000757862231694162
"5307",313,"Anaerostipes.sp..992a",0.000526304502272978
"5308",313,"Bacteroides.ovatus",-0.000399115582695231
"5309",313,"Enterobacter.cloacae",0.00934683950617909
"5310",313,"Erysipelatoclostridium.sp..MP95D5",0.000228756980504841
"5311",313,"Intestinibacter.sp..MP113D11",0.000625424989266321
"5312",313,"Klebsiella.oxytoca",0.00170158798573539
"5313",313,"Lachnospiraceae.bacterium.CAG.364",0.00106041424442083
"5314",313,"Lactobacillus.paracasei",0.00467466423287988
"5315",313,"Prevotella.buccae",0.000168934704561252
"5316",313,"Providencia.alcalifaciens",0.000695395836373791
"5317",313,"Roseburia.intestinalis",0.000741917756386101
"5318",313,"Streptococcus.infantis",0.00108928943518549
"5319",313,"Streptococcus.sp..MP111F6_2",0.00128667708486319
"5320",313,"X.Clostridium..aldenense",-0.000761036179028451
"5321",313,"X.Ruminococcus..sp..MP14G5",0.000766398326959461
"5322",314,"Actinomyces.sp..HMSC035G02",0.000145309168146923
"5323",314,"Actinomyces.sp..ICM39",0.000596982514252886
"5324",314,"Anaerostipes.sp..992a",0.000539708824362606
"5325",314,"Bacteroides.ovatus",0.000593032484175637
"5326",314,"Enterobacter.cloacae",-0.0178330633789301
"5327",314,"Erysipelatoclostridium.sp..MP95D5",0.000251779478276148
"5328",314,"Intestinibacter.sp..MP113D11",0.000634165277006105
"5329",314,"Klebsiella.oxytoca",0.000175951601704583
"5330",314,"Lachnospiraceae.bacterium.CAG.364",0.000658956007100642
"5331",314,"Lactobacillus.paracasei",-0.0196512890979648
"5332",314,"Prevotella.buccae",-0.006659155478701
"5333",314,"Providencia.alcalifaciens",0.000745961500797421
"5334",314,"Roseburia.intestinalis",0.000247410498559475
"5335",314,"Streptococcus.infantis",0.000940764555707574
"5336",314,"Streptococcus.sp..MP111F6_2",0.000935461022891104
"5337",314,"X.Clostridium..aldenense",0.00170457636704668
"5338",314,"X.Ruminococcus..sp..MP14G5",0.000614249671343714
"5339",315,"Actinomyces.sp..HMSC035G02",0.000140413954795804
"5340",315,"Actinomyces.sp..ICM39",0.000793056911788881
"5341",315,"Anaerostipes.sp..992a",0.000557931256480515
"5342",315,"Bacteroides.ovatus",0.00109599501593038
"5343",315,"Enterobacter.cloacae",0.0140994610264897
"5344",315,"Erysipelatoclostridium.sp..MP95D5",0.000523982249433175
"5345",315,"Intestinibacter.sp..MP113D11",0.00089347964967601
"5346",315,"Klebsiella.oxytoca",0.000460549315903336
"5347",315,"Lachnospiraceae.bacterium.CAG.364",0.00195490743499249
"5348",315,"Lactobacillus.paracasei",0.00421143346466124
"5349",315,"Prevotella.buccae",0.000199039539438672
"5350",315,"Providencia.alcalifaciens",0.00089172346633859
"5351",315,"Roseburia.intestinalis",-0.000842767272843048
"5352",315,"Streptococcus.infantis",0.000679529272019863
"5353",315,"Streptococcus.sp..MP111F6_2",0.0018295532790944
"5354",315,"X.Clostridium..aldenense",-0.000554014521185309
"5355",315,"X.Ruminococcus..sp..MP14G5",0.000693742680596188
"5356",316,"Actinomyces.sp..HMSC035G02",0.000113558144221315
"5357",316,"Actinomyces.sp..ICM39",0.000606738292844966
"5358",316,"Anaerostipes.sp..992a",0.000534147984581068
"5359",316,"Bacteroides.ovatus",0.000439842289779335
"5360",316,"Enterobacter.cloacae",0.00677155866287649
"5361",316,"Erysipelatoclostridium.sp..MP95D5",0.000502348178997636
"5362",316,"Intestinibacter.sp..MP113D11",-0.00587950297631323
"5363",316,"Klebsiella.oxytoca",0.000185907272680197
"5364",316,"Lachnospiraceae.bacterium.CAG.364",0.000521476496942341
"5365",316,"Lactobacillus.paracasei",0.00249939470086247
"5366",316,"Prevotella.buccae",0.000132761764689349
"5367",316,"Providencia.alcalifaciens",0.000902153609786183
"5368",316,"Roseburia.intestinalis",0.00039099071000237
"5369",316,"Streptococcus.infantis",0.000828233634820208
"5370",316,"Streptococcus.sp..MP111F6_2",0.000588529510423541
"5371",316,"X.Clostridium..aldenense",0.000847040035296232
"5372",316,"X.Ruminococcus..sp..MP14G5",0.00044083503598813
"5373",317,"Actinomyces.sp..HMSC035G02",0.000160007934027817
"5374",317,"Actinomyces.sp..ICM39",0.000621455837972462
"5375",317,"Anaerostipes.sp..992a",0.000498925452120602
"5376",317,"Bacteroides.ovatus",0.000332757292198949
"5377",317,"Enterobacter.cloacae",0.00776946148835123
"5378",317,"Erysipelatoclostridium.sp..MP95D5",0.000746897450881079
"5379",317,"Intestinibacter.sp..MP113D11",0.000358726625563577
"5380",317,"Klebsiella.oxytoca",-3.38054960593581e-05
"5381",317,"Lachnospiraceae.bacterium.CAG.364",0.00101432244991884
"5382",317,"Lactobacillus.paracasei",0.00617575412616134
"5383",317,"Prevotella.buccae",0.000135949354444165
"5384",317,"Providencia.alcalifaciens",0.000893611839273944
"5385",317,"Roseburia.intestinalis",-0.00171791116008535
"5386",317,"Streptococcus.infantis",0.000800429057562724
"5387",317,"Streptococcus.sp..MP111F6_2",0.000512572267325595
"5388",317,"X.Clostridium..aldenense",0.000966903229709715
"5389",317,"X.Ruminococcus..sp..MP14G5",0.00042392109753564
"5390",318,"Actinomyces.sp..HMSC035G02",-0.00766619900241494
"5391",318,"Actinomyces.sp..ICM39",0.000402165795094334
"5392",318,"Anaerostipes.sp..992a",0.000438752671470866
"5393",318,"Bacteroides.ovatus",0.000185053591849282
"5394",318,"Enterobacter.cloacae",-0.0235775858163834
"5395",318,"Erysipelatoclostridium.sp..MP95D5",0.000491576240165159
"5396",318,"Intestinibacter.sp..MP113D11",0.000234331891988404
"5397",318,"Klebsiella.oxytoca",-0.0042864705901593
"5398",318,"Lachnospiraceae.bacterium.CAG.364",0.000566652975976467
"5399",318,"Lactobacillus.paracasei",-0.0183377955108881
"5400",318,"Prevotella.buccae",0.000145023077493533
"5401",318,"Providencia.alcalifaciens",0.000477866007713601
"5402",318,"Roseburia.intestinalis",1.24071789286972e-05
"5403",318,"Streptococcus.infantis",0.000716435228241608
"5404",318,"Streptococcus.sp..MP111F6_2",0.000528943462995812
"5405",318,"X.Clostridium..aldenense",-0.000156675236212322
"5406",318,"X.Ruminococcus..sp..MP14G5",0.000337395133101381
"5407",319,"Actinomyces.sp..HMSC035G02",0.000236039646551944
"5408",319,"Actinomyces.sp..ICM39",0.000594262848608196
"5409",319,"Anaerostipes.sp..992a",0.000569763040402904
"5410",319,"Bacteroides.ovatus",0.000203778537979815
"5411",319,"Enterobacter.cloacae",0.00669461162760854
"5412",319,"Erysipelatoclostridium.sp..MP95D5",0.000219855486648157
"5413",319,"Intestinibacter.sp..MP113D11",-0.00052158885227982
"5414",319,"Klebsiella.oxytoca",0.00128216738812625
"5415",319,"Lachnospiraceae.bacterium.CAG.364",0.000919504644116387
"5416",319,"Lactobacillus.paracasei",0.00186684739310294
"5417",319,"Prevotella.buccae",-4.20906362705864e-05
"5418",319,"Providencia.alcalifaciens",0.000740644580218941
"5419",319,"Roseburia.intestinalis",0.000253338046604767
"5420",319,"Streptococcus.infantis",-0.0196323469281197
"5421",319,"Streptococcus.sp..MP111F6_2",0.000901389284990728
"5422",319,"X.Clostridium..aldenense",-0.00220603856723756
"5423",319,"X.Ruminococcus..sp..MP14G5",0.000475445660413243
"5424",320,"Actinomyces.sp..HMSC035G02",0.000136307411594316
"5425",320,"Actinomyces.sp..ICM39",0.000538509659236297
"5426",320,"Anaerostipes.sp..992a",0.00051052839262411
"5427",320,"Bacteroides.ovatus",0.00029314387938939
"5428",320,"Enterobacter.cloacae",0.00353337498381734
"5429",320,"Erysipelatoclostridium.sp..MP95D5",0.000403738318709657
"5430",320,"Intestinibacter.sp..MP113D11",0.000220780362724327
"5431",320,"Klebsiella.oxytoca",0.000696540257195011
"5432",320,"Lachnospiraceae.bacterium.CAG.364",0.000594638870097697
"5433",320,"Lactobacillus.paracasei",0.00619534030556679
"5434",320,"Prevotella.buccae",0.000142831617267802
"5435",320,"Providencia.alcalifaciens",0.000766789104091004
"5436",320,"Roseburia.intestinalis",-0.000589967414271086
"5437",320,"Streptococcus.infantis",0.000633425457635894
"5438",320,"Streptococcus.sp..MP111F6_2",0.000706079270457849
"5439",320,"X.Clostridium..aldenense",-0.00236844236496836
"5440",320,"X.Ruminococcus..sp..MP14G5",0.000506752432556823
"5441",321,"Actinomyces.sp..HMSC035G02",0.000541603600140661
"5442",321,"Actinomyces.sp..ICM39",0.0013764034374617
"5443",321,"Anaerostipes.sp..992a",0.00134470837656409
"5444",321,"Bacteroides.ovatus",0.00122879154514521
"5445",321,"Enterobacter.cloacae",0.0106585724279284
"5446",321,"Erysipelatoclostridium.sp..MP95D5",0.000226120973820798
"5447",321,"Intestinibacter.sp..MP113D11",0.000628238311037421
"5448",321,"Klebsiella.oxytoca",0.00145689642522484
"5449",321,"Lachnospiraceae.bacterium.CAG.364",0.00120524625526741
"5450",321,"Lactobacillus.paracasei",0.00362678058445454
"5451",321,"Prevotella.buccae",0.000520400411915034
"5452",321,"Providencia.alcalifaciens",0.000950139743508771
"5453",321,"Roseburia.intestinalis",-0.000368857407011092
"5454",321,"Streptococcus.infantis",0.00089506315998733
"5455",321,"Streptococcus.sp..MP111F6_2",0.00286917889025062
"5456",321,"X.Clostridium..aldenense",-0.000967979111010209
"5457",321,"X.Ruminococcus..sp..MP14G5",0.000350577392964624
"5458",322,"Actinomyces.sp..HMSC035G02",0.000178504553332459
"5459",322,"Actinomyces.sp..ICM39",0.000443603654275648
"5460",322,"Anaerostipes.sp..992a",0.00033622735645622
"5461",322,"Bacteroides.ovatus",-0.000336223500198685
"5462",322,"Enterobacter.cloacae",-0.026865434832871
"5463",322,"Erysipelatoclostridium.sp..MP95D5",0.000200198657694273
"5464",322,"Intestinibacter.sp..MP113D11",0.00025106877728831
"5465",322,"Klebsiella.oxytoca",-0.00404862756840885
"5466",322,"Lachnospiraceae.bacterium.CAG.364",0.000602999090915546
"5467",322,"Lactobacillus.paracasei",-0.0219151647761464
"5468",322,"Prevotella.buccae",0.000124630372738466
"5469",322,"Providencia.alcalifaciens",0.000288348048343323
"5470",322,"Roseburia.intestinalis",1.87442328751786e-05
"5471",322,"Streptococcus.infantis",0.000615546072367579
"5472",322,"Streptococcus.sp..MP111F6_2",0.000584453548071906
"5473",322,"X.Clostridium..aldenense",-0.00111627025762573
"5474",322,"X.Ruminococcus..sp..MP14G5",0.000346372049534693
"5475",323,"Actinomyces.sp..HMSC035G02",0.000139611765916925
"5476",323,"Actinomyces.sp..ICM39",0.000444090808741748
"5477",323,"Anaerostipes.sp..992a",0.000465396340587176
"5478",323,"Bacteroides.ovatus",0.000168518548889551
"5479",323,"Enterobacter.cloacae",-0.0210926774889231
"5480",323,"Erysipelatoclostridium.sp..MP95D5",0.00048763191443868
"5481",323,"Intestinibacter.sp..MP113D11",0.000236913336266298
"5482",323,"Klebsiella.oxytoca",-0.00504536274820566
"5483",323,"Lachnospiraceae.bacterium.CAG.364",0.000735711393645033
"5484",323,"Lactobacillus.paracasei",0.00218315224628896
"5485",323,"Prevotella.buccae",0.000107793657662114
"5486",323,"Providencia.alcalifaciens",0.00050951199955307
"5487",323,"Roseburia.intestinalis",3.35032673319802e-05
"5488",323,"Streptococcus.infantis",0.000659123848890886
"5489",323,"Streptococcus.sp..MP111F6_2",0.000454243185231462
"5490",323,"X.Clostridium..aldenense",-0.001984967966564
"5491",323,"X.Ruminococcus..sp..MP14G5",0.0004014432488475
"5492",324,"Actinomyces.sp..HMSC035G02",0.000111461733467877
"5493",324,"Actinomyces.sp..ICM39",-0.0219255546107888
"5494",324,"Anaerostipes.sp..992a",0.00119735312182456
"5495",324,"Bacteroides.ovatus",0.00048014048661571
"5496",324,"Enterobacter.cloacae",-0.133015528321266
"5497",324,"Erysipelatoclostridium.sp..MP95D5",-0.00282830989453942
"5498",324,"Intestinibacter.sp..MP113D11",0.000623444968368858
"5499",324,"Klebsiella.oxytoca",0.000479732407256961
"5500",324,"Lachnospiraceae.bacterium.CAG.364",-0.0218966351822019
"5501",324,"Lactobacillus.paracasei",-0.0205375039950013
"5502",324,"Prevotella.buccae",0.000199338508537039
"5503",324,"Providencia.alcalifaciens",0.000648605753667653
"5504",324,"Roseburia.intestinalis",-1.30923945107497e-05
"5505",324,"Streptococcus.infantis",0.000797967019025236
"5506",324,"Streptococcus.sp..MP111F6_2",-0.0381238963454962
"5507",324,"X.Clostridium..aldenense",-0.00625513889826834
"5508",324,"X.Ruminococcus..sp..MP14G5",-0.0052720766980201
"5509",325,"Actinomyces.sp..HMSC035G02",0.000154428904352244
"5510",325,"Actinomyces.sp..ICM39",0.00046282286348287
"5511",325,"Anaerostipes.sp..992a",0.000533318088855594
"5512",325,"Bacteroides.ovatus",0.000366983425919898
"5513",325,"Enterobacter.cloacae",0.00432535936124623
"5514",325,"Erysipelatoclostridium.sp..MP95D5",-0.0127567616291344
"5515",325,"Intestinibacter.sp..MP113D11",0.000129793628730113
"5516",325,"Klebsiella.oxytoca",0.000567165785469115
"5517",325,"Lachnospiraceae.bacterium.CAG.364",-0.00527753727510571
"5518",325,"Lactobacillus.paracasei",0.00418045744299889
"5519",325,"Prevotella.buccae",0.000148272869409993
"5520",325,"Providencia.alcalifaciens",0.000778852700022981
"5521",325,"Roseburia.intestinalis",0.000442975579062477
"5522",325,"Streptococcus.infantis",0.000761284842155874
"5523",325,"Streptococcus.sp..MP111F6_2",0.00028494001890067
"5524",325,"X.Clostridium..aldenense",0.000621644867351279
"5525",325,"X.Ruminococcus..sp..MP14G5",0.000494703563163057
"5526",326,"Actinomyces.sp..HMSC035G02",0.00015422763681272
"5527",326,"Actinomyces.sp..ICM39",0.000488442412461154
"5528",326,"Anaerostipes.sp..992a",0.000534467078978196
"5529",326,"Bacteroides.ovatus",0.000234253981034271
"5530",326,"Enterobacter.cloacae",0.00363106897566468
"5531",326,"Erysipelatoclostridium.sp..MP95D5",0.000604505388764665
"5532",326,"Intestinibacter.sp..MP113D11",0.000246782103204168
"5533",326,"Klebsiella.oxytoca",-0.00159936293493956
"5534",326,"Lachnospiraceae.bacterium.CAG.364",0.000714401190634817
"5535",326,"Lactobacillus.paracasei",0.00239236082416028
"5536",326,"Prevotella.buccae",3.71633796021342e-05
"5537",326,"Providencia.alcalifaciens",0.000688428001012653
"5538",326,"Roseburia.intestinalis",0.000217539971345104
"5539",326,"Streptococcus.infantis",0.000809147080872208
"5540",326,"Streptococcus.sp..MP111F6_2",0.000430271145887673
"5541",326,"X.Clostridium..aldenense",0.0019813014077954
"5542",326,"X.Ruminococcus..sp..MP14G5",0.000452611508080736
"5543",327,"Actinomyces.sp..HMSC035G02",0.000154793611727655
"5544",327,"Actinomyces.sp..ICM39",0.000555120233912021
"5545",327,"Anaerostipes.sp..992a",0.000569952710065991
"5546",327,"Bacteroides.ovatus",0.000663640879793093
"5547",327,"Enterobacter.cloacae",0.00540417525917292
"5548",327,"Erysipelatoclostridium.sp..MP95D5",0.000192056650121231
"5549",327,"Intestinibacter.sp..MP113D11",0.000546437018783763
"5550",327,"Klebsiella.oxytoca",0.0012052733800374
"5551",327,"Lachnospiraceae.bacterium.CAG.364",0.00113550730748102
"5552",327,"Lactobacillus.paracasei",-0.00811919989064336
"5553",327,"Prevotella.buccae",0.000210078440431971
"5554",327,"Providencia.alcalifaciens",0.000727327773347497
"5555",327,"Roseburia.intestinalis",0.000505351956235245
"5556",327,"Streptococcus.infantis",-0.00232446670997888
"5557",327,"Streptococcus.sp..MP111F6_2",0.00108618679223582
"5558",327,"X.Clostridium..aldenense",-0.00199109240202233
"5559",327,"X.Ruminococcus..sp..MP14G5",0.000431742359069176
"5560",328,"Actinomyces.sp..HMSC035G02",0.000171981526364107
"5561",328,"Actinomyces.sp..ICM39",-0.0118788671679795
"5562",328,"Anaerostipes.sp..992a",0.000495571119245142
"5563",328,"Bacteroides.ovatus",0.000191959130461328
"5564",328,"Enterobacter.cloacae",0.00872250879183412
"5565",328,"Erysipelatoclostridium.sp..MP95D5",0.00122193444985896
"5566",328,"Intestinibacter.sp..MP113D11",0.000262055924395099
"5567",328,"Klebsiella.oxytoca",0.00434795673936605
"5568",328,"Lachnospiraceae.bacterium.CAG.364",0.00127124279970303
"5569",328,"Lactobacillus.paracasei",0.00393820903263986
"5570",328,"Prevotella.buccae",0.000136417620524298
"5571",328,"Providencia.alcalifaciens",0.000499220273923129
"5572",328,"Roseburia.intestinalis",1.24071789286972e-05
"5573",328,"Streptococcus.infantis",0.000900549232028425
"5574",328,"Streptococcus.sp..MP111F6_2",0.000619768281467259
"5575",328,"X.Clostridium..aldenense",0.00120361492736265
"5576",328,"X.Ruminococcus..sp..MP14G5",0.000342947692843154
"5577",329,"Actinomyces.sp..HMSC035G02",0.000552132172742859
"5578",329,"Actinomyces.sp..ICM39",0.00136925315018743
"5579",329,"Anaerostipes.sp..992a",0.00136713735992089
"5580",329,"Bacteroides.ovatus",0.00126430939417332
"5581",329,"Enterobacter.cloacae",0.0124134081415832
"5582",329,"Erysipelatoclostridium.sp..MP95D5",0.000278000108664855
"5583",329,"Intestinibacter.sp..MP113D11",0.000772942352341488
"5584",329,"Klebsiella.oxytoca",0.00126365496544167
"5585",329,"Lachnospiraceae.bacterium.CAG.364",0.00120813248213381
"5586",329,"Lactobacillus.paracasei",0.00347150221932679
"5587",329,"Prevotella.buccae",0.000373263756046072
"5588",329,"Providencia.alcalifaciens",0.00088937918189913
"5589",329,"Roseburia.intestinalis",-0.000254499813308939
"5590",329,"Streptococcus.infantis",0.000925759639358148
"5591",329,"Streptococcus.sp..MP111F6_2",0.000963398750172928
"5592",329,"X.Clostridium..aldenense",-0.000765527889598161
"5593",329,"X.Ruminococcus..sp..MP14G5",0.00071578667848371
"5594",330,"Actinomyces.sp..HMSC035G02",0.000672483060043305
"5595",330,"Actinomyces.sp..ICM39",0.000453407526947558
"5596",330,"Anaerostipes.sp..992a",0.000282144072116353
"5597",330,"Bacteroides.ovatus",-0.000244673625275027
"5598",330,"Enterobacter.cloacae",-0.00571344117633998
"5599",330,"Erysipelatoclostridium.sp..MP95D5",0.000267371055088006
"5600",330,"Intestinibacter.sp..MP113D11",0.000228836957830936
"5601",330,"Klebsiella.oxytoca",-0.00280675257090479
"5602",330,"Lachnospiraceae.bacterium.CAG.364",0.000907137873582542
"5603",330,"Lactobacillus.paracasei",-0.00107018055859953
"5604",330,"Prevotella.buccae",9.90792686934583e-05
"5605",330,"Providencia.alcalifaciens",0.000267817638814449
"5606",330,"Roseburia.intestinalis",1.24071789286972e-05
"5607",330,"Streptococcus.infantis",0.000652907940093428
"5608",330,"Streptococcus.sp..MP111F6_2",0.000672482972731814
"5609",330,"X.Clostridium..aldenense",0.000113044407044072
"5610",330,"X.Ruminococcus..sp..MP14G5",0.000383850521757267
"5611",331,"Actinomyces.sp..HMSC035G02",0.000815473176771775
"5612",331,"Actinomyces.sp..ICM39",0.000638139608781785
"5613",331,"Anaerostipes.sp..992a",0.000594386685406789
"5614",331,"Bacteroides.ovatus",0.00100175151601434
"5615",331,"Enterobacter.cloacae",0.0119151752442122
"5616",331,"Erysipelatoclostridium.sp..MP95D5",0.000324580483720638
"5617",331,"Intestinibacter.sp..MP113D11",0.00104836595710367
"5618",331,"Klebsiella.oxytoca",0.00237473042216152
"5619",331,"Lachnospiraceae.bacterium.CAG.364",0.000718511582817882
"5620",331,"Lactobacillus.paracasei",0.0043968977406621
"5621",331,"Prevotella.buccae",0.00013640130055137
"5622",331,"Providencia.alcalifaciens",0.000823668960947543
"5623",331,"Roseburia.intestinalis",0.000570966891245916
"5624",331,"Streptococcus.infantis",0.00188160891411826
"5625",331,"Streptococcus.sp..MP111F6_2",0.000558003666810691
"5626",331,"X.Clostridium..aldenense",-0.000853997480589896
"5627",331,"X.Ruminococcus..sp..MP14G5",0.000524530682014301
"5628",332,"Actinomyces.sp..HMSC035G02",0.000548945507034659
"5629",332,"Actinomyces.sp..ICM39",0.00133537175133824
"5630",332,"Anaerostipes.sp..992a",0.00136304018087685
"5631",332,"Bacteroides.ovatus",0.00159377924865112
"5632",332,"Enterobacter.cloacae",0.00887598376721144
"5633",332,"Erysipelatoclostridium.sp..MP95D5",0.000265606475295499
"5634",332,"Intestinibacter.sp..MP113D11",-4.25252019340405e-05
"5635",332,"Klebsiella.oxytoca",0.00129499315517023
"5636",332,"Lachnospiraceae.bacterium.CAG.364",0.0012677374179475
"5637",332,"Lactobacillus.paracasei",0.00318575813435018
"5638",332,"Prevotella.buccae",0.000465753197204322
"5639",332,"Providencia.alcalifaciens",0.000967612926615402
"5640",332,"Roseburia.intestinalis",-0.000997572235064581
"5641",332,"Streptococcus.infantis",0.000908558955416083
"5642",332,"Streptococcus.sp..MP111F6_2",0.00273233209736645
"5643",332,"X.Clostridium..aldenense",-0.000401897108531557
"5644",332,"X.Ruminococcus..sp..MP14G5",-0.00416648248210549
"5645",333,"Actinomyces.sp..HMSC035G02",0.0001313273460255
"5646",333,"Actinomyces.sp..ICM39",0.000729661114746705
"5647",333,"Anaerostipes.sp..992a",0.000609944021562114
"5648",333,"Bacteroides.ovatus",0.00146836310159415
"5649",333,"Enterobacter.cloacae",0.0144811770878732
"5650",333,"Erysipelatoclostridium.sp..MP95D5",0.000155413850734476
"5651",333,"Intestinibacter.sp..MP113D11",0.000773814506828785
"5652",333,"Klebsiella.oxytoca",0.00183610402746126
"5653",333,"Lachnospiraceae.bacterium.CAG.364",4.07746083510574e-05
"5654",333,"Lactobacillus.paracasei",0.00380336935631931
"5655",333,"Prevotella.buccae",0.000228068041906226
"5656",333,"Providencia.alcalifaciens",0.00078667129855603
"5657",333,"Roseburia.intestinalis",0.000755518791265786
"5658",333,"Streptococcus.infantis",0.000598319777054712
"5659",333,"Streptococcus.sp..MP111F6_2",0.00211154180578887
"5660",333,"X.Clostridium..aldenense",-0.000363644227036275
"5661",333,"X.Ruminococcus..sp..MP14G5",0.00059095083270222
"5662",334,"Actinomyces.sp..HMSC035G02",0.00012851658539148
"5663",334,"Actinomyces.sp..ICM39",0.00133670115610585
"5664",334,"Anaerostipes.sp..992a",0.00223110674414784
"5665",334,"Bacteroides.ovatus",0.000645915948553011
"5666",334,"Enterobacter.cloacae",0.0174678442999721
"5667",334,"Erysipelatoclostridium.sp..MP95D5",0.00028542842483148
"5668",334,"Intestinibacter.sp..MP113D11",0.000686123123159632
"5669",334,"Klebsiella.oxytoca",-0.000338360521709546
"5670",334,"Lachnospiraceae.bacterium.CAG.364",-0.00252274726517498
"5671",334,"Lactobacillus.paracasei",0.00439657643437386
"5672",334,"Prevotella.buccae",0.000659304234432057
"5673",334,"Providencia.alcalifaciens",0.00078995426883921
"5674",334,"Roseburia.intestinalis",0.000581463420530781
"5675",334,"Streptococcus.infantis",0.0013591229217127
"5676",334,"Streptococcus.sp..MP111F6_2",0.00213877751957625
"5677",334,"X.Clostridium..aldenense",0.00364854582585394
"5678",334,"X.Ruminococcus..sp..MP14G5",0.000609795853961259
"5679",335,"Actinomyces.sp..HMSC035G02",0.000434337998740375
"5680",335,"Actinomyces.sp..ICM39",0.00116461544530466
"5681",335,"Anaerostipes.sp..992a",0.00135062815388665
"5682",335,"Bacteroides.ovatus",-0.000394104470615275
"5683",335,"Enterobacter.cloacae",0.0118714175187051
"5684",335,"Erysipelatoclostridium.sp..MP95D5",0.000346675689797848
"5685",335,"Intestinibacter.sp..MP113D11",0.000839867425384
"5686",335,"Klebsiella.oxytoca",0.00214021245483309
"5687",335,"Lachnospiraceae.bacterium.CAG.364",0.00133276986889541
"5688",335,"Lactobacillus.paracasei",0.00364465697202832
"5689",335,"Prevotella.buccae",0.000233586157264654
"5690",335,"Providencia.alcalifaciens",0.000866894552018493
"5691",335,"Roseburia.intestinalis",-0.000941556500038132
"5692",335,"Streptococcus.infantis",0.00102666264865547
"5693",335,"Streptococcus.sp..MP111F6_2",0.00255983835086226
"5694",335,"X.Clostridium..aldenense",0.00235472817439586
"5695",335,"X.Ruminococcus..sp..MP14G5",0.000737280730390921
"5696",336,"Actinomyces.sp..HMSC035G02",0.000378418029868044
"5697",336,"Actinomyces.sp..ICM39",0.00130601815180853
"5698",336,"Anaerostipes.sp..992a",0.00130713102407753
"5699",336,"Bacteroides.ovatus",0.00127785740187392
"5700",336,"Enterobacter.cloacae",0.0110314935445786
"5701",336,"Erysipelatoclostridium.sp..MP95D5",0.000192746301763691
"5702",336,"Intestinibacter.sp..MP113D11",5.4448334594781e-05
"5703",336,"Klebsiella.oxytoca",0.000624123582383618
"5704",336,"Lachnospiraceae.bacterium.CAG.364",0.000875974219525233
"5705",336,"Lactobacillus.paracasei",0.00365478964522481
"5706",336,"Prevotella.buccae",0.000444142060587183
"5707",336,"Providencia.alcalifaciens",0.000804850686108693
"5708",336,"Roseburia.intestinalis",0.000571194104850292
"5709",336,"Streptococcus.infantis",0.000828383723273873
"5710",336,"Streptococcus.sp..MP111F6_2",-0.00480447709560394
"5711",336,"X.Clostridium..aldenense",-0.000780747941462323
"5712",336,"X.Ruminococcus..sp..MP14G5",0.00065386644564569
"5713",337,"Actinomyces.sp..HMSC035G02",0.000636013108305633
"5714",337,"Actinomyces.sp..ICM39",0.00103375042090192
"5715",337,"Anaerostipes.sp..992a",0.00139790872344747
"5716",337,"Bacteroides.ovatus",0.00114582892274484
"5717",337,"Enterobacter.cloacae",0.0149297709576786
"5718",337,"Erysipelatoclostridium.sp..MP95D5",0.000212996790651232
"5719",337,"Intestinibacter.sp..MP113D11",0.000722879427485168
"5720",337,"Klebsiella.oxytoca",0.00175685883732513
"5721",337,"Lachnospiraceae.bacterium.CAG.364",-0.00146833708276972
"5722",337,"Lactobacillus.paracasei",0.00364104856271297
"5723",337,"Prevotella.buccae",0.00042662322812248
"5724",337,"Providencia.alcalifaciens",0.000927534681977704
"5725",337,"Roseburia.intestinalis",0.000421241391450167
"5726",337,"Streptococcus.infantis",0.00131246185628697
"5727",337,"Streptococcus.sp..MP111F6_2",0.0019993424648419
"5728",337,"X.Clostridium..aldenense",-0.000772189785493538
"5729",337,"X.Ruminococcus..sp..MP14G5",0.000563693523872644
"5730",338,"Actinomyces.sp..HMSC035G02",0.000144146353704855
"5731",338,"Actinomyces.sp..ICM39",0.000637399964034557
"5732",338,"Anaerostipes.sp..992a",0.000578601117013022
"5733",338,"Bacteroides.ovatus",0.000553588994080201
"5734",338,"Enterobacter.cloacae",0.0109735811129212
"5735",338,"Erysipelatoclostridium.sp..MP95D5",0.000300789746688679
"5736",338,"Intestinibacter.sp..MP113D11",0.000625909306108952
"5737",338,"Klebsiella.oxytoca",0.00111491623101756
"5738",338,"Lachnospiraceae.bacterium.CAG.364",-0.00274973828345537
"5739",338,"Lactobacillus.paracasei",0.00293727009557188
"5740",338,"Prevotella.buccae",0.000165246732649393
"5741",338,"Providencia.alcalifaciens",0.000686805113218725
"5742",338,"Roseburia.intestinalis",-0.00130840274505317
"5743",338,"Streptococcus.infantis",0.00080145409447141
"5744",338,"Streptococcus.sp..MP111F6_2",-0.0130718559958041
"5745",338,"X.Clostridium..aldenense",-0.0035728367511183
"5746",338,"X.Ruminococcus..sp..MP14G5",0.00045648857485503
"5747",339,"Actinomyces.sp..HMSC035G02",0.000124469996080734
"5748",339,"Actinomyces.sp..ICM39",0.000667417538352311
"5749",339,"Anaerostipes.sp..992a",0.000612152914982289
"5750",339,"Bacteroides.ovatus",-0.00155055656796321
"5751",339,"Enterobacter.cloacae",0.00869829999282956
"5752",339,"Erysipelatoclostridium.sp..MP95D5",0.000312263422529213
"5753",339,"Intestinibacter.sp..MP113D11",0.000753406638978049
"5754",339,"Klebsiella.oxytoca",0.00178090657573193
"5755",339,"Lachnospiraceae.bacterium.CAG.364",0.000806607131380588
"5756",339,"Lactobacillus.paracasei",0.00348705670330673
"5757",339,"Prevotella.buccae",0.000194151427422184
"5758",339,"Providencia.alcalifaciens",0.00062521398649551
"5759",339,"Roseburia.intestinalis",-0.000410601802286692
"5760",339,"Streptococcus.infantis",0.000462178824818693
"5761",339,"Streptococcus.sp..MP111F6_2",0.0011174050741829
"5762",339,"X.Clostridium..aldenense",-0.00203850830439478
"5763",339,"X.Ruminococcus..sp..MP14G5",-0.00515267159789801
"5764",340,"Actinomyces.sp..HMSC035G02",0.000154994406329934
"5765",340,"Actinomyces.sp..ICM39",0.00115064589772373
"5766",340,"Anaerostipes.sp..992a",0.00256377889309078
"5767",340,"Bacteroides.ovatus",0.000517341744853184
"5768",340,"Enterobacter.cloacae",0.0242369752377272
"5769",340,"Erysipelatoclostridium.sp..MP95D5",0.000269661089987494
"5770",340,"Intestinibacter.sp..MP113D11",0.000285348010947928
"5771",340,"Klebsiella.oxytoca",0.00169356813421473
"5772",340,"Lachnospiraceae.bacterium.CAG.364",0.00159729563165456
"5773",340,"Lactobacillus.paracasei",0.00414017727598548
"5774",340,"Prevotella.buccae",0.000650167552521452
"5775",340,"Providencia.alcalifaciens",0.000827299547381699
"5776",340,"Roseburia.intestinalis",0.000631399685516953
"5777",340,"Streptococcus.infantis",0.00153876130934805
"5778",340,"Streptococcus.sp..MP111F6_2",0.00207022193353623
"5779",340,"X.Clostridium..aldenense",-0.000796259584603831
"5780",340,"X.Ruminococcus..sp..MP14G5",0.0006031465891283
"5781",341,"Actinomyces.sp..HMSC035G02",0.000124203725135885
"5782",341,"Actinomyces.sp..ICM39",0.000753316300688311
"5783",341,"Anaerostipes.sp..992a",0.000939744466450065
"5784",341,"Bacteroides.ovatus",0.000212843966437504
"5785",341,"Enterobacter.cloacae",-0.152754627168179
"5786",341,"Erysipelatoclostridium.sp..MP95D5",0.00046057318104431
"5787",341,"Intestinibacter.sp..MP113D11",0.000168736645719036
"5788",341,"Klebsiella.oxytoca",0.000946244457736611
"5789",341,"Lachnospiraceae.bacterium.CAG.364",-0.000860292959259823
"5790",341,"Lactobacillus.paracasei",0.00410029897466302
"5791",341,"Prevotella.buccae",0.000363938175723888
"5792",341,"Providencia.alcalifaciens",0.00073948290082626
"5793",341,"Roseburia.intestinalis",9.93881913018413e-05
"5794",341,"Streptococcus.infantis",0.000793967948993668
"5795",341,"Streptococcus.sp..MP111F6_2",0.000558461149921641
"5796",341,"X.Clostridium..aldenense",-0.00302714924328029
"5797",341,"X.Ruminococcus..sp..MP14G5",0.000449884988483973
"5798",342,"Actinomyces.sp..HMSC035G02",0.000149815845361445
"5799",342,"Actinomyces.sp..ICM39",0.0006401656428352
"5800",342,"Anaerostipes.sp..992a",0.00051052839262411
"5801",342,"Bacteroides.ovatus",0.000553743098862469
"5802",342,"Enterobacter.cloacae",0.013540321495384
"5803",342,"Erysipelatoclostridium.sp..MP95D5",0.000545374117791653
"5804",342,"Intestinibacter.sp..MP113D11",0.000331065442878753
"5805",342,"Klebsiella.oxytoca",-0.000886636000359431
"5806",342,"Lachnospiraceae.bacterium.CAG.364",0.000955283467192203
"5807",342,"Lactobacillus.paracasei",0.00734707340598106
"5808",342,"Prevotella.buccae",0.000170343701029196
"5809",342,"Providencia.alcalifaciens",0.000661650206893682
"5810",342,"Roseburia.intestinalis",0.000601004139753059
"5811",342,"Streptococcus.infantis",0.000770664977608249
"5812",342,"Streptococcus.sp..MP111F6_2",0.000665137718897313
"5813",342,"X.Clostridium..aldenense",0.00388772960286587
"5814",342,"X.Ruminococcus..sp..MP14G5",0.000604446046054363
"5815",343,"Actinomyces.sp..HMSC035G02",0.000171981526364107
"5816",343,"Actinomyces.sp..ICM39",0.000445135898189619
"5817",343,"Anaerostipes.sp..992a",0.000440335221355781
"5818",343,"Bacteroides.ovatus",1.38268478622194e-05
"5819",343,"Enterobacter.cloacae",-0.0304493363946676
"5820",343,"Erysipelatoclostridium.sp..MP95D5",0.000360308142262511
"5821",343,"Intestinibacter.sp..MP113D11",0.000121084813144989
"5822",343,"Klebsiella.oxytoca",-0.00123398617142811
"5823",343,"Lachnospiraceae.bacterium.CAG.364",0.000537257277755998
"5824",343,"Lactobacillus.paracasei",-0.000281417218502611
"5825",343,"Prevotella.buccae",0.000177106754563283
"5826",343,"Providencia.alcalifaciens",0.000300413215882145
"5827",343,"Roseburia.intestinalis",1.87442328751786e-05
"5828",343,"Streptococcus.infantis",0.000629463873337954
"5829",343,"Streptococcus.sp..MP111F6_2",0.000288391427602619
"5830",343,"X.Clostridium..aldenense",-0.000703993864590302
"5831",343,"X.Ruminococcus..sp..MP14G5",0.000367983637261204
"5832",344,"Actinomyces.sp..HMSC035G02",0.000160142328240909
"5833",344,"Actinomyces.sp..ICM39",0.00101568581885658
"5834",344,"Anaerostipes.sp..992a",0.00202382542192936
"5835",344,"Bacteroides.ovatus",0.000332149240421131
"5836",344,"Enterobacter.cloacae",0.0160492025315762
"5837",344,"Erysipelatoclostridium.sp..MP95D5",0.000545963906915858
"5838",344,"Intestinibacter.sp..MP113D11",0.000277080805972219
"5839",344,"Klebsiella.oxytoca",0.00184775446541607
"5840",344,"Lachnospiraceae.bacterium.CAG.364",0.00158353795995936
"5841",344,"Lactobacillus.paracasei",0.0050816610455513
"5842",344,"Prevotella.buccae",0.0005206557107158
"5843",344,"Providencia.alcalifaciens",0.000666619278490543
"5844",344,"Roseburia.intestinalis",7.84318472142331e-05
"5845",344,"Streptococcus.infantis",0.0010261888965033
"5846",344,"Streptococcus.sp..MP111F6_2",0.00158821936929598
"5847",344,"X.Clostridium..aldenense",-0.00302286504302174
"5848",344,"X.Ruminococcus..sp..MP14G5",0.00045788443821948
"5849",345,"Actinomyces.sp..HMSC035G02",0.000645030435407534
"5850",345,"Actinomyces.sp..ICM39",0.0014312535058707
"5851",345,"Anaerostipes.sp..992a",0.00139706785557792
"5852",345,"Bacteroides.ovatus",-0.000634898344287649
"5853",345,"Enterobacter.cloacae",0.00959536759182811
"5854",345,"Erysipelatoclostridium.sp..MP95D5",0.000249897260800935
"5855",345,"Intestinibacter.sp..MP113D11",0.000573624449316412
"5856",345,"Klebsiella.oxytoca",0.00128933595260605
"5857",345,"Lachnospiraceae.bacterium.CAG.364",0.00124067364959046
"5858",345,"Lactobacillus.paracasei",0.00364528503268957
"5859",345,"Prevotella.buccae",0.000559588574105874
"5860",345,"Providencia.alcalifaciens",0.00091688905376941
"5861",345,"Roseburia.intestinalis",0.000610850256634876
"5862",345,"Streptococcus.infantis",-0.00135208264691755
"5863",345,"Streptococcus.sp..MP111F6_2",0.00172557064797729
"5864",345,"X.Clostridium..aldenense",-0.000839543557958677
"5865",345,"X.Ruminococcus..sp..MP14G5",0.000254983548074961
"5866",346,"Actinomyces.sp..HMSC035G02",0.000126964136143215
"5867",346,"Actinomyces.sp..ICM39",0.00055523484479636
"5868",346,"Anaerostipes.sp..992a",0.00051052839262411
"5869",346,"Bacteroides.ovatus",0.000286259441054426
"5870",346,"Enterobacter.cloacae",0.00579398777335882
"5871",346,"Erysipelatoclostridium.sp..MP95D5",-0.00978512456640601
"5872",346,"Intestinibacter.sp..MP113D11",0.000253383586823475
"5873",346,"Klebsiella.oxytoca",-0.00187330698827282
"5874",346,"Lachnospiraceae.bacterium.CAG.364",0.00049888514331542
"5875",346,"Lactobacillus.paracasei",0.00416681030765176
"5876",346,"Prevotella.buccae",0.000143561403092463
"5877",346,"Providencia.alcalifaciens",0.000650155183393508
"5878",346,"Roseburia.intestinalis",0.000196272900211625
"5879",346,"Streptococcus.infantis",0.00073280354263261
"5880",346,"Streptococcus.sp..MP111F6_2",0.000213842489756644
"5881",346,"X.Clostridium..aldenense",0.00137570145307109
"5882",346,"X.Ruminococcus..sp..MP14G5",0.000451258747489192
"5883",347,"Actinomyces.sp..HMSC035G02",0.000124291938846
"5884",347,"Actinomyces.sp..ICM39",0.00142758328001946
"5885",347,"Anaerostipes.sp..992a",0.00260443426668644
"5886",347,"Bacteroides.ovatus",0.00092356139793992
"5887",347,"Enterobacter.cloacae",0.0171762350946665
"5888",347,"Erysipelatoclostridium.sp..MP95D5",-0.000699792668456212
"5889",347,"Intestinibacter.sp..MP113D11",-0.00121724157361314
"5890",347,"Klebsiella.oxytoca",0.000629037531325594
"5891",347,"Lachnospiraceae.bacterium.CAG.364",0.00142984034027904
"5892",347,"Lactobacillus.paracasei",0.00225233926903456
"5893",347,"Prevotella.buccae",0.000848795752972364
"5894",347,"Providencia.alcalifaciens",0.000874672055942938
"5895",347,"Roseburia.intestinalis",-0.000693833368131891
"5896",347,"Streptococcus.infantis",0.000885486952029169
"5897",347,"Streptococcus.sp..MP111F6_2",0.00247573165688664
"5898",347,"X.Clostridium..aldenense",-0.000579852989176288
"5899",347,"X.Ruminococcus..sp..MP14G5",0.000615927157923579
"5900",348,"Actinomyces.sp..HMSC035G02",0.000599611812504008
"5901",348,"Actinomyces.sp..ICM39",0.0013431147672236
"5902",348,"Anaerostipes.sp..992a",0.00136029755230993
"5903",348,"Bacteroides.ovatus",-0.00059161041281186
"5904",348,"Enterobacter.cloacae",0.0130851538851857
"5905",348,"Erysipelatoclostridium.sp..MP95D5",0.000241380999796093
"5906",348,"Intestinibacter.sp..MP113D11",0.000846742157591507
"5907",348,"Klebsiella.oxytoca",0.00127469946164638
"5908",348,"Lachnospiraceae.bacterium.CAG.364",0.00118932104669511
"5909",348,"Lactobacillus.paracasei",0.0034065602812916
"5910",348,"Prevotella.buccae",0.000372160648112185
"5911",348,"Providencia.alcalifaciens",0.00073400093242526
"5912",348,"Roseburia.intestinalis",0.000310617702780291
"5913",348,"Streptococcus.infantis",0.00128229253459722
"5914",348,"Streptococcus.sp..MP111F6_2",0.00202541437465698
"5915",348,"X.Clostridium..aldenense",-0.000614053598837927
"5916",348,"X.Ruminococcus..sp..MP14G5",0.000671303307171911
"5917",349,"Actinomyces.sp..HMSC035G02",-0.00691075017675757
"5918",349,"Actinomyces.sp..ICM39",0.00139625446172431
"5919",349,"Anaerostipes.sp..992a",0.00239822419825941
"5920",349,"Bacteroides.ovatus",0.000465236633317545
"5921",349,"Enterobacter.cloacae",0.019381707534194
"5922",349,"Erysipelatoclostridium.sp..MP95D5",0.000582162698265165
"5923",349,"Intestinibacter.sp..MP113D11",0.000344959567883052
"5924",349,"Klebsiella.oxytoca",-0.00277995958458632
"5925",349,"Lachnospiraceae.bacterium.CAG.364",0.00189586100168526
"5926",349,"Lactobacillus.paracasei",-0.0102314394898713
"5927",349,"Prevotella.buccae",0.000779209949541837
"5928",349,"Providencia.alcalifaciens",0.00088115522521548
"5929",349,"Roseburia.intestinalis",0.000375532705220394
"5930",349,"Streptococcus.infantis",0.0017546234303154
"5931",349,"Streptococcus.sp..MP111F6_2",0.00157598283840343
"5932",349,"X.Clostridium..aldenense",-0.00083926715888083
"5933",349,"X.Ruminococcus..sp..MP14G5",0.000588625931413844
"5934",350,"Actinomyces.sp..HMSC035G02",0.000157255133672152
"5935",350,"Actinomyces.sp..ICM39",0.000572895427467301
"5936",350,"Anaerostipes.sp..992a",0.000680484081385657
"5937",350,"Bacteroides.ovatus",-0.00699784862808883
"5938",350,"Enterobacter.cloacae",0.0092198085039854
"5939",350,"Erysipelatoclostridium.sp..MP95D5",0.000318668666295707
"5940",350,"Intestinibacter.sp..MP113D11",0.000656138552585617
"5941",350,"Klebsiella.oxytoca",0.000612523930612952
"5942",350,"Lachnospiraceae.bacterium.CAG.364",0.000670084991725162
"5943",350,"Lactobacillus.paracasei",0.0036494048545137
"5944",350,"Prevotella.buccae",0.000134009969769977
"5945",350,"Providencia.alcalifaciens",0.000761770206736401
"5946",350,"Roseburia.intestinalis",-0.000188129488378763
"5947",350,"Streptococcus.infantis",0.000958552671363577
"5948",350,"Streptococcus.sp..MP111F6_2",0.000706223770976067
"5949",350,"X.Clostridium..aldenense",-0.0013918608892709
"5950",350,"X.Ruminococcus..sp..MP14G5",0.000446444217232056
"5951",351,"Actinomyces.sp..HMSC035G02",-0.00716747040860355
"5952",351,"Actinomyces.sp..ICM39",0.000583218759857118
"5953",351,"Anaerostipes.sp..992a",0.000363554747309536
"5954",351,"Bacteroides.ovatus",0.000204392992600333
"5955",351,"Enterobacter.cloacae",-0.0718289166688919
"5956",351,"Erysipelatoclostridium.sp..MP95D5",0.000374863418983296
"5957",351,"Intestinibacter.sp..MP113D11",6.58147546346299e-05
"5958",351,"Klebsiella.oxytoca",-0.00734639726579189
"5959",351,"Lachnospiraceae.bacterium.CAG.364",0.000116426686872728
"5960",351,"Lactobacillus.paracasei",0.00571970222517848
"5961",351,"Prevotella.buccae",0.000100154404208297
"5962",351,"Providencia.alcalifaciens",0.000474746033432893
"5963",351,"Roseburia.intestinalis",2.42828446062049e-05
"5964",351,"Streptococcus.infantis",0.000552866840735078
"5965",351,"Streptococcus.sp..MP111F6_2",0.000542824855074286
"5966",351,"X.Clostridium..aldenense",0.00069379570777528
"5967",351,"X.Ruminococcus..sp..MP14G5",0.000436978472862393
"5968",352,"Actinomyces.sp..HMSC035G02",0.000132226050482132
"5969",352,"Actinomyces.sp..ICM39",0.000701614946592599
"5970",352,"Anaerostipes.sp..992a",0.000522328919032589
"5971",352,"Bacteroides.ovatus",-0.00109286035876721
"5972",352,"Enterobacter.cloacae",-0.0539766289293766
"5973",352,"Erysipelatoclostridium.sp..MP95D5",0.000330059905536473
"5974",352,"Intestinibacter.sp..MP113D11",0.000959352357313037
"5975",352,"Klebsiella.oxytoca",-0.00250269914977252
"5976",352,"Lachnospiraceae.bacterium.CAG.364",0.000712000415660441
"5977",352,"Lactobacillus.paracasei",-0.0155982188880444
"5978",352,"Prevotella.buccae",0.000161442891112529
"5979",352,"Providencia.alcalifaciens",0.000729391031200066
"5980",352,"Roseburia.intestinalis",-0.00148154946509749
"5981",352,"Streptococcus.infantis",0.000832766207167879
"5982",352,"Streptococcus.sp..MP111F6_2",-0.0128380237147212
"5983",352,"X.Clostridium..aldenense",-0.00367727153934538
"5984",352,"X.Ruminococcus..sp..MP14G5",0.000382626647478901
"5985",353,"Actinomyces.sp..HMSC035G02",0.000124469996080734
"5986",353,"Actinomyces.sp..ICM39",0.000667417538352311
"5987",353,"Anaerostipes.sp..992a",0.000614376738667488
"5988",353,"Bacteroides.ovatus",-0.00155220582382753
"5989",353,"Enterobacter.cloacae",0.00817975495010614
"5990",353,"Erysipelatoclostridium.sp..MP95D5",0.000258536252658814
"5991",353,"Intestinibacter.sp..MP113D11",0.000642651284579188
"5992",353,"Klebsiella.oxytoca",0.00153845112072304
"5993",353,"Lachnospiraceae.bacterium.CAG.364",0.000707517086993903
"5994",353,"Lactobacillus.paracasei",0.00357919919770211
"5995",353,"Prevotella.buccae",0.000185499025974423
"5996",353,"Providencia.alcalifaciens",0.00065395882120356
"5997",353,"Roseburia.intestinalis",-0.000198553767404519
"5998",353,"Streptococcus.infantis",0.000543710688361898
"5999",353,"Streptococcus.sp..MP111F6_2",0.00103515747468919
"6000",353,"X.Clostridium..aldenense",-0.00180191820254549
"6001",353,"X.Ruminococcus..sp..MP14G5",-0.00598130119033158
"6002",354,"Actinomyces.sp..HMSC035G02",0.000522082787938416
"6003",354,"Actinomyces.sp..ICM39",0.00141887704376131
"6004",354,"Anaerostipes.sp..992a",0.00134470837656409
"6005",354,"Bacteroides.ovatus",0.00114416232099757
"6006",354,"Enterobacter.cloacae",0.00909552071243525
"6007",354,"Erysipelatoclostridium.sp..MP95D5",0.000263820838881657
"6008",354,"Intestinibacter.sp..MP113D11",-0.000254420039709657
"6009",354,"Klebsiella.oxytoca",0.00132236804347485
"6010",354,"Lachnospiraceae.bacterium.CAG.364",0.00133407325483859
"6011",354,"Lactobacillus.paracasei",0.00335447967518121
"6012",354,"Prevotella.buccae",0.000448888618848287
"6013",354,"Providencia.alcalifaciens",0.000914524862309918
"6014",354,"Roseburia.intestinalis",-0.000375140793039463
"6015",354,"Streptococcus.infantis",0.00102915294701234
"6016",354,"Streptococcus.sp..MP111F6_2",0.00244724622461945
"6017",354,"X.Clostridium..aldenense",-0.00125961081357673
"6018",354,"X.Ruminococcus..sp..MP14G5",-0.00435536820441484
"6019",355,"Actinomyces.sp..HMSC035G02",0.000158766706590541
"6020",355,"Actinomyces.sp..ICM39",0.000385390478186309
"6021",355,"Anaerostipes.sp..992a",0.000418988027377054
"6022",355,"Bacteroides.ovatus",0.000185780656465795
"6023",355,"Enterobacter.cloacae",-0.0542133040726185
"6024",355,"Erysipelatoclostridium.sp..MP95D5",0.000452969135949388
"6025",355,"Intestinibacter.sp..MP113D11",0.00021880538406549
"6026",355,"Klebsiella.oxytoca",-0.00443622632883489
"6027",355,"Lachnospiraceae.bacterium.CAG.364",0.000752305233618245
"6028",355,"Lactobacillus.paracasei",0.00110263106762432
"6029",355,"Prevotella.buccae",0.00012093199256924
"6030",355,"Providencia.alcalifaciens",0.000466876605059952
"6031",355,"Roseburia.intestinalis",1.24071789286972e-05
"6032",355,"Streptococcus.infantis",0.000645965948933735
"6033",355,"Streptococcus.sp..MP111F6_2",-0.0125052807852626
"6034",355,"X.Clostridium..aldenense",0.000599205552134663
"6035",355,"X.Ruminococcus..sp..MP14G5",0.000400424483814277
"6036",356,"Actinomyces.sp..HMSC035G02",0.000158967872266658
"6037",356,"Actinomyces.sp..ICM39",0.000500841066241264
"6038",356,"Anaerostipes.sp..992a",0.000649548310320824
"6039",356,"Bacteroides.ovatus",0.00034964524093084
"6040",356,"Enterobacter.cloacae",0.0103949345648289
"6041",356,"Erysipelatoclostridium.sp..MP95D5",0.000301016727462411
"6042",356,"Intestinibacter.sp..MP113D11",0.000666904670652002
"6043",356,"Klebsiella.oxytoca",0.00148261117283255
"6044",356,"Lachnospiraceae.bacterium.CAG.364",0.000601943320361897
"6045",356,"Lactobacillus.paracasei",0.00335378816816956
"6046",356,"Prevotella.buccae",0.000203066185349599
"6047",356,"Providencia.alcalifaciens",0.000856449856655672
"6048",356,"Roseburia.intestinalis",-3.4560326639621e-05
"6049",356,"Streptococcus.infantis",0.000764560216339305
"6050",356,"Streptococcus.sp..MP111F6_2",0.00086667132563889
"6051",356,"X.Clostridium..aldenense",0.00190648960415274
"6052",356,"X.Ruminococcus..sp..MP14G5",0.000428238956374116
"6053",357,"Actinomyces.sp..HMSC035G02",-0.00107632219442166
"6054",357,"Actinomyces.sp..ICM39",0.000768344441894442
"6055",357,"Anaerostipes.sp..992a",0.00049123381904792
"6056",357,"Bacteroides.ovatus",0.00156212464207783
"6057",357,"Enterobacter.cloacae",0.00829228339716792
"6058",357,"Erysipelatoclostridium.sp..MP95D5",0.000184877171705011
"6059",357,"Intestinibacter.sp..MP113D11",0.000589446950471029
"6060",357,"Klebsiella.oxytoca",0.00127690634690225
"6061",357,"Lachnospiraceae.bacterium.CAG.364",0.00124611635692418
"6062",357,"Lactobacillus.paracasei",0.00396847608499229
"6063",357,"Prevotella.buccae",0.000155525936861522
"6064",357,"Providencia.alcalifaciens",0.000712872657459229
"6065",357,"Roseburia.intestinalis",0.000500542140798643
"6066",357,"Streptococcus.infantis",0.00163296447135508
"6067",357,"Streptococcus.sp..MP111F6_2",0.00134419411187991
"6068",357,"X.Clostridium..aldenense",-0.000568024581298232
"6069",357,"X.Ruminococcus..sp..MP14G5",0.000762377021601424
"6070",358,"Actinomyces.sp..HMSC035G02",0.000136614791699685
"6071",358,"Actinomyces.sp..ICM39",0.000582024251343682
"6072",358,"Anaerostipes.sp..992a",0.000581064785365015
"6073",358,"Bacteroides.ovatus",0.000303756838547997
"6074",358,"Enterobacter.cloacae",-0.0361566971987486
"6075",358,"Erysipelatoclostridium.sp..MP95D5",0.000412132460041903
"6076",358,"Intestinibacter.sp..MP113D11",0.000699788419296965
"6077",358,"Klebsiella.oxytoca",-0.000891413597855717
"6078",358,"Lachnospiraceae.bacterium.CAG.364",0.00076713619637303
"6079",358,"Lactobacillus.paracasei",0.00582926603965461
"6080",358,"Prevotella.buccae",0.000168393860803917
"6081",358,"Providencia.alcalifaciens",0.000681923178490251
"6082",358,"Roseburia.intestinalis",0.000406061997637153
"6083",358,"Streptococcus.infantis",0.000957438256591558
"6084",358,"Streptococcus.sp..MP111F6_2",0.000755322689656168
"6085",358,"X.Clostridium..aldenense",0.00156494660768658
"6086",358,"X.Ruminococcus..sp..MP14G5",0.000423635879997164
"6087",359,"Actinomyces.sp..HMSC035G02",0.000153931694512721
"6088",359,"Actinomyces.sp..ICM39",0.00062097844784148
"6089",359,"Anaerostipes.sp..992a",0.000666136416839436
"6090",359,"Bacteroides.ovatus",0.000406870269216597
"6091",359,"Enterobacter.cloacae",0.00961922900751233
"6092",359,"Erysipelatoclostridium.sp..MP95D5",0.000311554074869491
"6093",359,"Intestinibacter.sp..MP113D11",-2.30778027798806e-05
"6094",359,"Klebsiella.oxytoca",0.000838205858599395
"6095",359,"Lachnospiraceae.bacterium.CAG.364",-0.016697047278285
"6096",359,"Lactobacillus.paracasei",0.00403556996025145
"6097",359,"Prevotella.buccae",0.000156660469656345
"6098",359,"Providencia.alcalifaciens",0.000787691882578656
"6099",359,"Roseburia.intestinalis",0.000455876754131168
"6100",359,"Streptococcus.infantis",-0.00232485204469413
"6101",359,"Streptococcus.sp..MP111F6_2",0.00070003853761591
"6102",359,"X.Clostridium..aldenense",-0.00173100613756105
"6103",359,"X.Ruminococcus..sp..MP14G5",0.000371154572349042
"6104",360,"Actinomyces.sp..HMSC035G02",0.000149588253407273
"6105",360,"Actinomyces.sp..ICM39",0.00130716315470636
"6106",360,"Anaerostipes.sp..992a",0.00254942663013935
"6107",360,"Bacteroides.ovatus",0.000518350032507442
"6108",360,"Enterobacter.cloacae",0.0242159022018313
"6109",360,"Erysipelatoclostridium.sp..MP95D5",0.000474625630886294
"6110",360,"Intestinibacter.sp..MP113D11",0.000868715607794002
"6111",360,"Klebsiella.oxytoca",0.00166926783276722
"6112",360,"Lachnospiraceae.bacterium.CAG.364",0.00168771034805104
"6113",360,"Lactobacillus.paracasei",0.00360267562791705
"6114",360,"Prevotella.buccae",0.000749431375879794
"6115",360,"Providencia.alcalifaciens",0.00105866702506319
"6116",360,"Roseburia.intestinalis",0.000478851245134138
"6117",360,"Streptococcus.infantis",0.00158931821351871
"6118",360,"Streptococcus.sp..MP111F6_2",0.00181535515002906
"6119",360,"X.Clostridium..aldenense",0.00134739518398419
"6120",360,"X.Ruminococcus..sp..MP14G5",0.000569024618016556
"6121",361,"Actinomyces.sp..HMSC035G02",0.000611677358392626
"6122",361,"Actinomyces.sp..ICM39",0.000771314458688721
"6123",361,"Anaerostipes.sp..992a",0.000513792416313663
"6124",361,"Bacteroides.ovatus",0.00112669920781627
"6125",361,"Enterobacter.cloacae",0.00791519647464156
"6126",361,"Erysipelatoclostridium.sp..MP95D5",0.000127943538245745
"6127",361,"Intestinibacter.sp..MP113D11",0.000740674673579633
"6128",361,"Klebsiella.oxytoca",0.00144665862899274
"6129",361,"Lachnospiraceae.bacterium.CAG.364",0.000853356556035578
"6130",361,"Lactobacillus.paracasei",0.0046345463488251
"6131",361,"Prevotella.buccae",-0.000230033838306554
"6132",361,"Providencia.alcalifaciens",0.000850758457090706
"6133",361,"Roseburia.intestinalis",0.000477787980344146
"6134",361,"Streptococcus.infantis",0.000879471335792914
"6135",361,"Streptococcus.sp..MP111F6_2",0.00169970031129196
"6136",361,"X.Clostridium..aldenense",-0.000995293259620667
"6137",361,"X.Ruminococcus..sp..MP14G5",0.000805692136054859
"6138",362,"Actinomyces.sp..HMSC035G02",0.000165199191542342
"6139",362,"Actinomyces.sp..ICM39",-0.00433085020631552
"6140",362,"Anaerostipes.sp..992a",0.000610880233580247
"6141",362,"Bacteroides.ovatus",-0.00242406199686229
"6142",362,"Enterobacter.cloacae",0.00465172110125422
"6143",362,"Erysipelatoclostridium.sp..MP95D5",0.000286125825368799
"6144",362,"Intestinibacter.sp..MP113D11",0.000496309759910218
"6145",362,"Klebsiella.oxytoca",0.00138171075377613
"6146",362,"Lachnospiraceae.bacterium.CAG.364",0.000620616425294429
"6147",362,"Lactobacillus.paracasei",0.0039771287702024
"6148",362,"Prevotella.buccae",0.000181381088623311
"6149",362,"Providencia.alcalifaciens",0.000794538587797433
"6150",362,"Roseburia.intestinalis",0.000467345962533727
"6151",362,"Streptococcus.infantis",0.000472476400318556
"6152",362,"Streptococcus.sp..MP111F6_2",-0.014429229311645
"6153",362,"X.Clostridium..aldenense",-0.00261584704276174
"6154",362,"X.Ruminococcus..sp..MP14G5",0.000451643092674203
"6155",363,"Actinomyces.sp..HMSC035G02",0.000143765086249914
"6156",363,"Actinomyces.sp..ICM39",0.000555402628378943
"6157",363,"Anaerostipes.sp..992a",0.000672551803290844
"6158",363,"Bacteroides.ovatus",-0.00163441937183961
"6159",363,"Enterobacter.cloacae",0.00862632598727942
"6160",363,"Erysipelatoclostridium.sp..MP95D5",0.000188095269550104
"6161",363,"Intestinibacter.sp..MP113D11",0.000834162230603397
"6162",363,"Klebsiella.oxytoca",0.0017875378835015
"6163",363,"Lachnospiraceae.bacterium.CAG.364",0.000656315009109676
"6164",363,"Lactobacillus.paracasei",0.003794563584961
"6165",363,"Prevotella.buccae",0.00018476863624528
"6166",363,"Providencia.alcalifaciens",0.000882147025549784
"6167",363,"Roseburia.intestinalis",-0.00137276179157197
"6168",363,"Streptococcus.infantis",0.000819464970845729
"6169",363,"Streptococcus.sp..MP111F6_2",0.000878869876032695
"6170",363,"X.Clostridium..aldenense",0.00178078684257343
"6171",363,"X.Ruminococcus..sp..MP14G5",0.000364090214134194
"6172",364,"Actinomyces.sp..HMSC035G02",0.000171981526364107
"6173",364,"Actinomyces.sp..ICM39",0.000300846644677222
"6174",364,"Anaerostipes.sp..992a",0.000328153488226235
"6175",364,"Bacteroides.ovatus",0.000110953551484272
"6176",364,"Enterobacter.cloacae",-0.0684018023312092
"6177",364,"Erysipelatoclostridium.sp..MP95D5",0.000405188329750672
"6178",364,"Intestinibacter.sp..MP113D11",0.000235304789384827
"6179",364,"Klebsiella.oxytoca",3.45466942235362e-05
"6180",364,"Lachnospiraceae.bacterium.CAG.364",0.000638492696452886
"6181",364,"Lactobacillus.paracasei",0.000177808251464739
"6182",364,"Prevotella.buccae",0.000126512182760052
"6183",364,"Providencia.alcalifaciens",0.000298217943054624
"6184",364,"Roseburia.intestinalis",2.01472248591017e-05
"6185",364,"Streptococcus.infantis",0.000694179791025817
"6186",364,"Streptococcus.sp..MP111F6_2",0.000309588067466393
"6187",364,"X.Clostridium..aldenense",0.000344270825735293
"6188",364,"X.Ruminococcus..sp..MP14G5",0.000355089199729264
"6189",365,"Actinomyces.sp..HMSC035G02",0.000145380778121762
"6190",365,"Actinomyces.sp..ICM39",0.000647564214887097
"6191",365,"Anaerostipes.sp..992a",0.000624201638856903
"6192",365,"Bacteroides.ovatus",0.000461264222394675
"6193",365,"Enterobacter.cloacae",0.00647378712892532
"6194",365,"Erysipelatoclostridium.sp..MP95D5",8.12350044725463e-05
"6195",365,"Intestinibacter.sp..MP113D11",0.000447092606918886
"6196",365,"Klebsiella.oxytoca",0.00139814644353464
"6197",365,"Lachnospiraceae.bacterium.CAG.364",-0.00996316922828555
"6198",365,"Lactobacillus.paracasei",0.00287117448169738
"6199",365,"Prevotella.buccae",6.56155243632384e-05
"6200",365,"Providencia.alcalifaciens",0.000706900376826525
"6201",365,"Roseburia.intestinalis",0.000483515759697184
"6202",365,"Streptococcus.infantis",-0.00209073291625828
"6203",365,"Streptococcus.sp..MP111F6_2",0.000101337864180095
"6204",365,"X.Clostridium..aldenense",0.0020370096899569
"6205",365,"X.Ruminococcus..sp..MP14G5",0.000480363611131907
"6206",366,"Actinomyces.sp..HMSC035G02",-0.0370462369173765
"6207",366,"Actinomyces.sp..ICM39",-0.0170089472085238
"6208",366,"Anaerostipes.sp..992a",0.000470648024929687
"6209",366,"Bacteroides.ovatus",-0.0264851814135909
"6210",366,"Enterobacter.cloacae",0.00312641228083521
"6211",366,"Erysipelatoclostridium.sp..MP95D5",0.000174801047251094
"6212",366,"Intestinibacter.sp..MP113D11",0.000494159568916075
"6213",366,"Klebsiella.oxytoca",0.000995523470919579
"6214",366,"Lachnospiraceae.bacterium.CAG.364",0.000512997678015381
"6215",366,"Lactobacillus.paracasei",0.00354154861997813
"6216",366,"Prevotella.buccae",0.000156655405589845
"6217",366,"Providencia.alcalifaciens",0.000725608959328383
"6218",366,"Roseburia.intestinalis",0.000521857640706003
"6219",366,"Streptococcus.infantis",-0.0142113715410233
"6220",366,"Streptococcus.sp..MP111F6_2",0.000899219507118687
"6221",366,"X.Clostridium..aldenense",-0.00494526792317629
"6222",366,"X.Ruminococcus..sp..MP14G5",0.00048068531032186
"6223",367,"Actinomyces.sp..HMSC035G02",0.000438512550317682
"6224",367,"Actinomyces.sp..ICM39",0.000809240009402856
"6225",367,"Anaerostipes.sp..992a",0.000549485586816445
"6226",367,"Bacteroides.ovatus",-0.000311532450723462
"6227",367,"Enterobacter.cloacae",0.00922868167981505
"6228",367,"Erysipelatoclostridium.sp..MP95D5",0.000310473711579107
"6229",367,"Intestinibacter.sp..MP113D11",-0.00033014890505001
"6230",367,"Klebsiella.oxytoca",0.00194814940914512
"6231",367,"Lachnospiraceae.bacterium.CAG.364",0.000885349669260904
"6232",367,"Lactobacillus.paracasei",0.00432108016684651
"6233",367,"Prevotella.buccae",0.000153954955749214
"6234",367,"Providencia.alcalifaciens",0.000880606938153505
"6235",367,"Roseburia.intestinalis",-0.000297788981697522
"6236",367,"Streptococcus.infantis",0.000575173849938437
"6237",367,"Streptococcus.sp..MP111F6_2",0.00141194649040699
"6238",367,"X.Clostridium..aldenense",-0.000912167597562075
"6239",367,"X.Ruminococcus..sp..MP14G5",0.000784132716944441
