"","sample","name","median(value)"
"1",1,"Anaerotruncus.colihominis",-0.44821880757959
"2",1,"Bacteroides.sp..MP64F12",-0.44821880757959
"3",1,"Blautia.coccoides",-0.44821880757959
"4",1,"Burkholderiales.bacterium",-0.44821880757959
"5",1,"Citrobacter.werkmanii",-0.44821880757959
"6",1,"Clostridium.clostridioforme.CAG.511",-0.44821880757959
"7",1,"Clostridium.nexile.CAG.348",-0.44821880757959
"8",1,"Clostridium.paraputrificum",-0.44821880757959
"9",1,"Clostridium.sp..MP113D9",-0.44821880757959
"10",1,"Clostridium.sp..MP49A11",-0.44821880757959
"11",1,"Clostridium.sp..MP551E06",-0.44821880757959
"12",1,"Eggerthella.lenta",-0.44821880757959
"13",1,"Eggerthella.sp..MP163B1",-0.44821880757959
"14",1,"Lactobacillus.animalis",-0.44821880757959
"15",1,"Megasphaera.sp..MP182G6",-0.44821880757959
"16",1,"Paenibacillus.macerans",-0.44821880757959
"17",1,"Romboutsia.sp..MP35A8",-0.44821880757959
"18",1,"Sellimonas.intestinalis",-0.44821880757959
"19",1,"Turicibacter.sp..MP236E3",-0.44821880757959
"20",1,"Veillonella.atypica",-0.44821880757959
"21",1,"Veillonella.dispar",-0.44821880757959
"22",1,"X.Clostridium..citroniae",-0.44821880757959
"23",1,"X.Clostridium..cocleatum",-0.44821880757959
"24",1,"X.Clostridium..sp..MP626E2_ig1",-0.44821880757959
"25",2,"Anaerotruncus.colihominis",-0.29971189118919
"26",2,"Bacteroides.sp..MP64F12",-0.29971189118919
"27",2,"Blautia.coccoides",7.47919662442673
"28",2,"Burkholderiales.bacterium",-0.29971189118919
"29",2,"Citrobacter.werkmanii",-0.29971189118919
"30",2,"Clostridium.clostridioforme.CAG.511",-0.29971189118919
"31",2,"Clostridium.nexile.CAG.348",-0.29971189118919
"32",2,"Clostridium.paraputrificum",3.81484785611599
"33",2,"Clostridium.sp..MP113D9",-0.29971189118919
"34",2,"Clostridium.sp..MP49A11",2.47427112756747
"35",2,"Clostridium.sp..MP551E06",-0.29971189118919
"36",2,"Eggerthella.lenta",-0.29971189118919
"37",2,"Eggerthella.sp..MP163B1",-0.29971189118919
"38",2,"Lactobacillus.animalis",-0.29971189118919
"39",2,"Megasphaera.sp..MP182G6",-0.29971189118919
"40",2,"Paenibacillus.macerans",-0.29971189118919
"41",2,"Romboutsia.sp..MP35A8",-0.29971189118919
"42",2,"Sellimonas.intestinalis",6.62327132792821
"43",2,"Turicibacter.sp..MP236E3",-0.29971189118919
"44",2,"Veillonella.atypica",8.43184346329575
"45",2,"Veillonella.dispar",-0.29971189118919
"46",2,"X.Clostridium..citroniae",-0.29971189118919
"47",2,"X.Clostridium..cocleatum",-0.29971189118919
"48",2,"X.Clostridium..sp..MP626E2_ig1",-0.29971189118919
"49",3,"Anaerotruncus.colihominis",-0.0496982437476241
"50",3,"Bacteroides.sp..MP64F12",-0.0496982437476241
"51",3,"Blautia.coccoides",-0.0496982437476241
"52",3,"Burkholderiales.bacterium",-0.0496982437476241
"53",3,"Citrobacter.werkmanii",-0.0496982437476241
"54",3,"Clostridium.clostridioforme.CAG.511",-0.0496982437476241
"55",3,"Clostridium.nexile.CAG.348",-0.0496982437476241
"56",3,"Clostridium.paraputrificum",-0.0496982437476241
"57",3,"Clostridium.sp..MP113D9",-0.0496982437476241
"58",3,"Clostridium.sp..MP49A11",-0.0496982437476241
"59",3,"Clostridium.sp..MP551E06",-0.0496982437476241
"60",3,"Eggerthella.lenta",-0.0496982437476241
"61",3,"Eggerthella.sp..MP163B1",-0.0496982437476241
"62",3,"Lactobacillus.animalis",-0.0496982437476241
"63",3,"Megasphaera.sp..MP182G6",-0.0496982437476241
"64",3,"Paenibacillus.macerans",-0.0496982437476241
"65",3,"Romboutsia.sp..MP35A8",-0.0496982437476241
"66",3,"Sellimonas.intestinalis",-0.0496982437476241
"67",3,"Turicibacter.sp..MP236E3",-0.0496982437476241
"68",3,"Veillonella.atypica",-0.0496982437476241
"69",3,"Veillonella.dispar",-0.0496982437476241
"70",3,"X.Clostridium..citroniae",-0.0496982437476241
"71",3,"X.Clostridium..cocleatum",-0.0496982437476241
"72",3,"X.Clostridium..sp..MP626E2_ig1",-0.0496982437476241
"73",4,"Anaerotruncus.colihominis",-0.342330757983596
"74",4,"Bacteroides.sp..MP64F12",-0.342330757983596
"75",4,"Blautia.coccoides",-0.342330757983596
"76",4,"Burkholderiales.bacterium",-0.342330757983596
"77",4,"Citrobacter.werkmanii",-0.342330757983596
"78",4,"Clostridium.clostridioforme.CAG.511",-0.342330757983596
"79",4,"Clostridium.nexile.CAG.348",-0.342330757983596
"80",4,"Clostridium.paraputrificum",-0.342330757983596
"81",4,"Clostridium.sp..MP113D9",4.76541815914279
"82",4,"Clostridium.sp..MP49A11",-0.342330757983596
"83",4,"Clostridium.sp..MP551E06",5.73976740547192
"84",4,"Eggerthella.lenta",-0.342330757983596
"85",4,"Eggerthella.sp..MP163B1",-0.342330757983596
"86",4,"Lactobacillus.animalis",-0.342330757983596
"87",4,"Megasphaera.sp..MP182G6",-0.342330757983596
"88",4,"Paenibacillus.macerans",-0.342330757983596
"89",4,"Romboutsia.sp..MP35A8",-0.342330757983596
"90",4,"Sellimonas.intestinalis",-0.342330757983596
"91",4,"Turicibacter.sp..MP236E3",-0.342330757983596
"92",4,"Veillonella.atypica",9.44085312829094
"93",4,"Veillonella.dispar",6.76251202268919
"94",4,"X.Clostridium..citroniae",-0.342330757983596
"95",4,"X.Clostridium..cocleatum",-0.342330757983596
"96",4,"X.Clostridium..sp..MP626E2_ig1",-0.342330757983596
"97",5,"Anaerotruncus.colihominis",3.08488540848721
"98",5,"Bacteroides.sp..MP64F12",-1.23353130148546
"99",5,"Blautia.coccoides",-1.23353130148546
"100",5,"Burkholderiales.bacterium",-1.23353130148546
"101",5,"Citrobacter.werkmanii",-1.23353130148546
"102",5,"Clostridium.clostridioforme.CAG.511",-1.23353130148546
"103",5,"Clostridium.nexile.CAG.348",-1.23353130148546
"104",5,"Clostridium.paraputrificum",-1.23353130148546
"105",5,"Clostridium.sp..MP113D9",-1.23353130148546
"106",5,"Clostridium.sp..MP49A11",-1.23353130148546
"107",5,"Clostridium.sp..MP551E06",-1.23353130148546
"108",5,"Eggerthella.lenta",6.02517983755279
"109",5,"Eggerthella.sp..MP163B1",-1.23353130148546
"110",5,"Lactobacillus.animalis",-1.23353130148546
"111",5,"Megasphaera.sp..MP182G6",-1.23353130148546
"112",5,"Paenibacillus.macerans",-1.23353130148546
"113",5,"Romboutsia.sp..MP35A8",-1.23353130148546
"114",5,"Sellimonas.intestinalis",0.178608162330534
"115",5,"Turicibacter.sp..MP236E3",-1.23353130148546
"116",5,"Veillonella.atypica",-1.23353130148546
"117",5,"Veillonella.dispar",-1.23353130148546
"118",5,"X.Clostridium..citroniae",-1.23353130148546
"119",5,"X.Clostridium..cocleatum",-1.23353130148546
"120",5,"X.Clostridium..sp..MP626E2_ig1",-1.23353130148546
"121",6,"Anaerotruncus.colihominis",-0.618047600308154
"122",6,"Bacteroides.sp..MP64F12",-0.618047600308154
"123",6,"Blautia.coccoides",7.22688996491671
"124",6,"Burkholderiales.bacterium",-0.618047600308154
"125",6,"Citrobacter.werkmanii",-0.618047600308154
"126",6,"Clostridium.clostridioforme.CAG.511",-0.618047600308154
"127",6,"Clostridium.nexile.CAG.348",-0.618047600308154
"128",6,"Clostridium.paraputrificum",-0.618047600308154
"129",6,"Clostridium.sp..MP113D9",-0.618047600308154
"130",6,"Clostridium.sp..MP49A11",-0.618047600308154
"131",6,"Clostridium.sp..MP551E06",-0.618047600308154
"132",6,"Eggerthella.lenta",6.35149230470641
"133",6,"Eggerthella.sp..MP163B1",-0.618047600308154
"134",6,"Lactobacillus.animalis",-0.618047600308154
"135",6,"Megasphaera.sp..MP182G6",-0.618047600308154
"136",6,"Paenibacillus.macerans",-0.618047600308154
"137",6,"Romboutsia.sp..MP35A8",-0.618047600308154
"138",6,"Sellimonas.intestinalis",9.04528253880779
"139",6,"Turicibacter.sp..MP236E3",-0.618047600308154
"140",6,"Veillonella.atypica",-0.618047600308154
"141",6,"Veillonella.dispar",-0.618047600308154
"142",6,"X.Clostridium..citroniae",9.06471947408444
"143",6,"X.Clostridium..cocleatum",7.05669890631108
"144",6,"X.Clostridium..sp..MP626E2_ig1",7.26365713749568
"145",7,"Anaerotruncus.colihominis",-0.30069242611146
"146",7,"Bacteroides.sp..MP64F12",-0.30069242611146
"147",7,"Blautia.coccoides",-0.30069242611146
"148",7,"Burkholderiales.bacterium",-0.30069242611146
"149",7,"Citrobacter.werkmanii",-0.30069242611146
"150",7,"Clostridium.clostridioforme.CAG.511",-0.30069242611146
"151",7,"Clostridium.nexile.CAG.348",-0.30069242611146
"152",7,"Clostridium.paraputrificum",-0.30069242611146
"153",7,"Clostridium.sp..MP113D9",-0.30069242611146
"154",7,"Clostridium.sp..MP49A11",-0.30069242611146
"155",7,"Clostridium.sp..MP551E06",-0.30069242611146
"156",7,"Eggerthella.lenta",-0.30069242611146
"157",7,"Eggerthella.sp..MP163B1",-0.30069242611146
"158",7,"Lactobacillus.animalis",-0.30069242611146
"159",7,"Megasphaera.sp..MP182G6",-0.30069242611146
"160",7,"Paenibacillus.macerans",-0.30069242611146
"161",7,"Romboutsia.sp..MP35A8",-0.30069242611146
"162",7,"Sellimonas.intestinalis",-0.30069242611146
"163",7,"Turicibacter.sp..MP236E3",-0.30069242611146
"164",7,"Veillonella.atypica",9.36669520030861
"165",7,"Veillonella.dispar",-0.30069242611146
"166",7,"X.Clostridium..citroniae",-0.30069242611146
"167",7,"X.Clostridium..cocleatum",-0.30069242611146
"168",7,"X.Clostridium..sp..MP626E2_ig1",-0.30069242611146
"169",8,"Anaerotruncus.colihominis",-0.245892885395314
"170",8,"Bacteroides.sp..MP64F12",-0.245892885395314
"171",8,"Blautia.coccoides",-0.245892885395314
"172",8,"Burkholderiales.bacterium",-0.245892885395314
"173",8,"Citrobacter.werkmanii",-0.245892885395314
"174",8,"Clostridium.clostridioforme.CAG.511",-0.245892885395314
"175",8,"Clostridium.nexile.CAG.348",-0.245892885395314
"176",8,"Clostridium.paraputrificum",-0.245892885395314
"177",8,"Clostridium.sp..MP113D9",-0.245892885395314
"178",8,"Clostridium.sp..MP49A11",-0.245892885395314
"179",8,"Clostridium.sp..MP551E06",-0.245892885395314
"180",8,"Eggerthella.lenta",-0.245892885395314
"181",8,"Eggerthella.sp..MP163B1",-0.245892885395314
"182",8,"Lactobacillus.animalis",-0.245892885395314
"183",8,"Megasphaera.sp..MP182G6",-0.245892885395314
"184",8,"Paenibacillus.macerans",-0.245892885395314
"185",8,"Romboutsia.sp..MP35A8",-0.245892885395314
"186",8,"Sellimonas.intestinalis",-0.245892885395314
"187",8,"Turicibacter.sp..MP236E3",-0.245892885395314
"188",8,"Veillonella.atypica",10.2357682188906
"189",8,"Veillonella.dispar",7.46514331938818
"190",8,"X.Clostridium..citroniae",-0.245892885395314
"191",8,"X.Clostridium..cocleatum",-0.245892885395314
"192",8,"X.Clostridium..sp..MP626E2_ig1",-0.245892885395314
"193",9,"Anaerotruncus.colihominis",-0.662962362972539
"194",9,"Bacteroides.sp..MP64F12",-0.662962362972539
"195",9,"Blautia.coccoides",-0.662962362972539
"196",9,"Burkholderiales.bacterium",-0.662962362972539
"197",9,"Citrobacter.werkmanii",-0.662962362972539
"198",9,"Clostridium.clostridioforme.CAG.511",-0.662962362972539
"199",9,"Clostridium.nexile.CAG.348",-0.662962362972539
"200",9,"Clostridium.paraputrificum",-0.662962362972539
"201",9,"Clostridium.sp..MP113D9",-0.662962362972539
"202",9,"Clostridium.sp..MP49A11",-0.662962362972539
"203",9,"Clostridium.sp..MP551E06",-0.662962362972539
"204",9,"Eggerthella.lenta",-0.662962362972539
"205",9,"Eggerthella.sp..MP163B1",-0.662962362972539
"206",9,"Lactobacillus.animalis",-0.662962362972539
"207",9,"Megasphaera.sp..MP182G6",-0.662962362972539
"208",9,"Paenibacillus.macerans",-0.662962362972539
"209",9,"Romboutsia.sp..MP35A8",-0.662962362972539
"210",9,"Sellimonas.intestinalis",-0.662962362972539
"211",9,"Turicibacter.sp..MP236E3",-0.662962362972539
"212",9,"Veillonella.atypica",-0.662962362972539
"213",9,"Veillonella.dispar",-0.662962362972539
"214",9,"X.Clostridium..citroniae",-0.662962362972539
"215",9,"X.Clostridium..cocleatum",-0.662962362972539
"216",9,"X.Clostridium..sp..MP626E2_ig1",-0.662962362972539
"217",10,"Anaerotruncus.colihominis",-0.842811511805918
"218",10,"Bacteroides.sp..MP64F12",-0.842811511805918
"219",10,"Blautia.coccoides",3.83515257473618
"220",10,"Burkholderiales.bacterium",-0.842811511805918
"221",10,"Citrobacter.werkmanii",-0.842811511805918
"222",10,"Clostridium.clostridioforme.CAG.511",-0.842811511805918
"223",10,"Clostridium.nexile.CAG.348",-0.842811511805918
"224",10,"Clostridium.paraputrificum",-0.842811511805918
"225",10,"Clostridium.sp..MP113D9",-0.842811511805918
"226",10,"Clostridium.sp..MP49A11",-0.842811511805918
"227",10,"Clostridium.sp..MP551E06",-0.842811511805918
"228",10,"Eggerthella.lenta",6.36022299060244
"229",10,"Eggerthella.sp..MP163B1",6.79795478593155
"230",10,"Lactobacillus.animalis",-0.842811511805918
"231",10,"Megasphaera.sp..MP182G6",-0.842811511805918
"232",10,"Paenibacillus.macerans",-0.842811511805918
"233",10,"Romboutsia.sp..MP35A8",-0.842811511805918
"234",10,"Sellimonas.intestinalis",6.94823392381527
"235",10,"Turicibacter.sp..MP236E3",-0.842811511805918
"236",10,"Veillonella.atypica",-0.842811511805918
"237",10,"Veillonella.dispar",-0.842811511805918
"238",10,"X.Clostridium..citroniae",-0.842811511805918
"239",10,"X.Clostridium..cocleatum",2.90349565188487
"240",10,"X.Clostridium..sp..MP626E2_ig1",7.97396049072794
"241",11,"Anaerotruncus.colihominis",-0.604689025018732
"242",11,"Bacteroides.sp..MP64F12",-0.604689025018732
"243",11,"Blautia.coccoides",-0.604689025018732
"244",11,"Burkholderiales.bacterium",-0.604689025018732
"245",11,"Citrobacter.werkmanii",-0.604689025018732
"246",11,"Clostridium.clostridioforme.CAG.511",-0.604689025018732
"247",11,"Clostridium.nexile.CAG.348",-0.604689025018732
"248",11,"Clostridium.paraputrificum",-0.604689025018732
"249",11,"Clostridium.sp..MP113D9",-0.604689025018732
"250",11,"Clostridium.sp..MP49A11",-0.604689025018732
"251",11,"Clostridium.sp..MP551E06",-0.604689025018732
"252",11,"Eggerthella.lenta",-0.604689025018732
"253",11,"Eggerthella.sp..MP163B1",-0.604689025018732
"254",11,"Lactobacillus.animalis",-0.604689025018732
"255",11,"Megasphaera.sp..MP182G6",-0.604689025018732
"256",11,"Paenibacillus.macerans",-0.604689025018732
"257",11,"Romboutsia.sp..MP35A8",-0.604689025018732
"258",11,"Sellimonas.intestinalis",-0.604689025018732
"259",11,"Turicibacter.sp..MP236E3",-0.604689025018732
"260",11,"Veillonella.atypica",-0.604689025018732
"261",11,"Veillonella.dispar",-0.604689025018732
"262",11,"X.Clostridium..citroniae",-0.604689025018732
"263",11,"X.Clostridium..cocleatum",-0.604689025018732
"264",11,"X.Clostridium..sp..MP626E2_ig1",-0.604689025018732
"265",12,"Anaerotruncus.colihominis",-0.474653693444335
"266",12,"Bacteroides.sp..MP64F12",-0.474653693444335
"267",12,"Blautia.coccoides",-0.474653693444335
"268",12,"Burkholderiales.bacterium",-0.474653693444335
"269",12,"Citrobacter.werkmanii",4.54677902134885
"270",12,"Clostridium.clostridioforme.CAG.511",-0.474653693444335
"271",12,"Clostridium.nexile.CAG.348",7.4326933580478
"272",12,"Clostridium.paraputrificum",-0.474653693444335
"273",12,"Clostridium.sp..MP113D9",-0.474653693444335
"274",12,"Clostridium.sp..MP49A11",-0.474653693444335
"275",12,"Clostridium.sp..MP551E06",-0.474653693444335
"276",12,"Eggerthella.lenta",-0.474653693444335
"277",12,"Eggerthella.sp..MP163B1",-0.474653693444335
"278",12,"Lactobacillus.animalis",7.70278895095181
"279",12,"Megasphaera.sp..MP182G6",-0.474653693444335
"280",12,"Paenibacillus.macerans",-0.474653693444335
"281",12,"Romboutsia.sp..MP35A8",-0.474653693444335
"282",12,"Sellimonas.intestinalis",-0.474653693444335
"283",12,"Turicibacter.sp..MP236E3",-0.474653693444335
"284",12,"Veillonella.atypica",8.67618475189606
"285",12,"Veillonella.dispar",7.85751263347454
"286",12,"X.Clostridium..citroniae",-0.474653693444335
"287",12,"X.Clostridium..cocleatum",-0.474653693444335
"288",12,"X.Clostridium..sp..MP626E2_ig1",-0.474653693444335
"289",13,"Anaerotruncus.colihominis",-0.302502783425869
"290",13,"Bacteroides.sp..MP64F12",-0.302502783425869
"291",13,"Blautia.coccoides",-0.302502783425869
"292",13,"Burkholderiales.bacterium",-0.302502783425869
"293",13,"Citrobacter.werkmanii",-0.302502783425869
"294",13,"Clostridium.clostridioforme.CAG.511",-0.302502783425869
"295",13,"Clostridium.nexile.CAG.348",-0.302502783425869
"296",13,"Clostridium.paraputrificum",-0.302502783425869
"297",13,"Clostridium.sp..MP113D9",-0.302502783425869
"298",13,"Clostridium.sp..MP49A11",-0.302502783425869
"299",13,"Clostridium.sp..MP551E06",6.16579220208765
"300",13,"Eggerthella.lenta",-0.302502783425869
"301",13,"Eggerthella.sp..MP163B1",-0.302502783425869
"302",13,"Lactobacillus.animalis",12.4568432573019
"303",13,"Megasphaera.sp..MP182G6",-0.302502783425869
"304",13,"Paenibacillus.macerans",-0.302502783425869
"305",13,"Romboutsia.sp..MP35A8",-0.302502783425869
"306",13,"Sellimonas.intestinalis",-0.302502783425869
"307",13,"Turicibacter.sp..MP236E3",6.63517072104666
"308",13,"Veillonella.atypica",7.23074141762296
"309",13,"Veillonella.dispar",-0.302502783425869
"310",13,"X.Clostridium..citroniae",-0.302502783425869
"311",13,"X.Clostridium..cocleatum",-0.302502783425869
"312",13,"X.Clostridium..sp..MP626E2_ig1",-0.302502783425869
"313",14,"Anaerotruncus.colihominis",8.6519379679853
"314",14,"Bacteroides.sp..MP64F12",-0.426008636473167
"315",14,"Blautia.coccoides",9.80505587339715
"316",14,"Burkholderiales.bacterium",-0.426008636473167
"317",14,"Citrobacter.werkmanii",-0.426008636473167
"318",14,"Clostridium.clostridioforme.CAG.511",-0.426008636473167
"319",14,"Clostridium.nexile.CAG.348",-0.426008636473167
"320",14,"Clostridium.paraputrificum",3.35149710536403
"321",14,"Clostridium.sp..MP113D9",-0.426008636473167
"322",14,"Clostridium.sp..MP49A11",-0.426008636473167
"323",14,"Clostridium.sp..MP551E06",-0.426008636473167
"324",14,"Eggerthella.lenta",-0.426008636473167
"325",14,"Eggerthella.sp..MP163B1",-0.426008636473167
"326",14,"Lactobacillus.animalis",-0.426008636473167
"327",14,"Megasphaera.sp..MP182G6",-0.426008636473167
"328",14,"Paenibacillus.macerans",-0.426008636473167
"329",14,"Romboutsia.sp..MP35A8",-0.426008636473167
"330",14,"Sellimonas.intestinalis",-0.426008636473167
"331",14,"Turicibacter.sp..MP236E3",-0.426008636473167
"332",14,"Veillonella.atypica",9.32929870825292
"333",14,"Veillonella.dispar",6.92610619091381
"334",14,"X.Clostridium..citroniae",-0.426008636473167
"335",14,"X.Clostridium..cocleatum",-0.426008636473167
"336",14,"X.Clostridium..sp..MP626E2_ig1",-0.426008636473167
"337",15,"Anaerotruncus.colihominis",-0.300167153109866
"338",15,"Bacteroides.sp..MP64F12",-0.300167153109866
"339",15,"Blautia.coccoides",-0.300167153109866
"340",15,"Burkholderiales.bacterium",-0.300167153109866
"341",15,"Citrobacter.werkmanii",-0.300167153109866
"342",15,"Clostridium.clostridioforme.CAG.511",-0.300167153109866
"343",15,"Clostridium.nexile.CAG.348",-0.300167153109866
"344",15,"Clostridium.paraputrificum",-0.300167153109866
"345",15,"Clostridium.sp..MP113D9",-0.300167153109866
"346",15,"Clostridium.sp..MP49A11",-0.300167153109866
"347",15,"Clostridium.sp..MP551E06",-0.300167153109866
"348",15,"Eggerthella.lenta",-0.300167153109866
"349",15,"Eggerthella.sp..MP163B1",-0.300167153109866
"350",15,"Lactobacillus.animalis",12.0574716909031
"351",15,"Megasphaera.sp..MP182G6",-0.300167153109866
"352",15,"Paenibacillus.macerans",-0.300167153109866
"353",15,"Romboutsia.sp..MP35A8",-0.300167153109866
"354",15,"Sellimonas.intestinalis",-0.300167153109866
"355",15,"Turicibacter.sp..MP236E3",-0.300167153109866
"356",15,"Veillonella.atypica",12.3628937314139
"357",15,"Veillonella.dispar",-0.300167153109866
"358",15,"X.Clostridium..citroniae",-0.300167153109866
"359",15,"X.Clostridium..cocleatum",-0.300167153109866
"360",15,"X.Clostridium..sp..MP626E2_ig1",-0.300167153109866
"361",16,"Anaerotruncus.colihominis",-0.653889904510075
"362",16,"Bacteroides.sp..MP64F12",-0.653889904510075
"363",16,"Blautia.coccoides",4.9463747930563
"364",16,"Burkholderiales.bacterium",-0.653889904510075
"365",16,"Citrobacter.werkmanii",-0.653889904510075
"366",16,"Clostridium.clostridioforme.CAG.511",7.09719046761673
"367",16,"Clostridium.nexile.CAG.348",-0.653889904510075
"368",16,"Clostridium.paraputrificum",-0.653889904510075
"369",16,"Clostridium.sp..MP113D9",-0.653889904510075
"370",16,"Clostridium.sp..MP49A11",-0.653889904510075
"371",16,"Clostridium.sp..MP551E06",-0.653889904510075
"372",16,"Eggerthella.lenta",6.66512571384027
"373",16,"Eggerthella.sp..MP163B1",-0.653889904510075
"374",16,"Lactobacillus.animalis",-0.653889904510075
"375",16,"Megasphaera.sp..MP182G6",-0.653889904510075
"376",16,"Paenibacillus.macerans",-0.653889904510075
"377",16,"Romboutsia.sp..MP35A8",-0.653889904510075
"378",16,"Sellimonas.intestinalis",-0.653889904510075
"379",16,"Turicibacter.sp..MP236E3",-0.653889904510075
"380",16,"Veillonella.atypica",8.38983103781125
"381",16,"Veillonella.dispar",5.89020654941997
"382",16,"X.Clostridium..citroniae",4.34299666184667
"383",16,"X.Clostridium..cocleatum",-0.653889904510075
"384",16,"X.Clostridium..sp..MP626E2_ig1",6.13390684858556
"385",17,"Anaerotruncus.colihominis",-0.419235802357385
"386",17,"Bacteroides.sp..MP64F12",-0.419235802357385
"387",17,"Blautia.coccoides",-0.419235802357385
"388",17,"Burkholderiales.bacterium",-0.419235802357385
"389",17,"Citrobacter.werkmanii",-0.419235802357385
"390",17,"Clostridium.clostridioforme.CAG.511",-0.419235802357385
"391",17,"Clostridium.nexile.CAG.348",-0.419235802357385
"392",17,"Clostridium.paraputrificum",-0.419235802357385
"393",17,"Clostridium.sp..MP113D9",-0.419235802357385
"394",17,"Clostridium.sp..MP49A11",-0.419235802357385
"395",17,"Clostridium.sp..MP551E06",-0.419235802357385
"396",17,"Eggerthella.lenta",-0.419235802357385
"397",17,"Eggerthella.sp..MP163B1",-0.419235802357385
"398",17,"Lactobacillus.animalis",-0.419235802357385
"399",17,"Megasphaera.sp..MP182G6",-0.419235802357385
"400",17,"Paenibacillus.macerans",-0.419235802357385
"401",17,"Romboutsia.sp..MP35A8",-0.419235802357385
"402",17,"Sellimonas.intestinalis",9.1564587788782
"403",17,"Turicibacter.sp..MP236E3",-0.419235802357385
"404",17,"Veillonella.atypica",8.78057555030465
"405",17,"Veillonella.dispar",-0.419235802357385
"406",17,"X.Clostridium..citroniae",6.76592396372088
"407",17,"X.Clostridium..cocleatum",4.82016975524294
"408",17,"X.Clostridium..sp..MP626E2_ig1",-0.419235802357385
"409",18,"Anaerotruncus.colihominis",-0.220839631732471
"410",18,"Bacteroides.sp..MP64F12",-0.220839631732471
"411",18,"Blautia.coccoides",-0.220839631732471
"412",18,"Burkholderiales.bacterium",-0.220839631732471
"413",18,"Citrobacter.werkmanii",-0.220839631732471
"414",18,"Clostridium.clostridioforme.CAG.511",-0.220839631732471
"415",18,"Clostridium.nexile.CAG.348",-0.220839631732471
"416",18,"Clostridium.paraputrificum",-0.220839631732471
"417",18,"Clostridium.sp..MP113D9",-0.220839631732471
"418",18,"Clostridium.sp..MP49A11",-0.220839631732471
"419",18,"Clostridium.sp..MP551E06",-0.220839631732471
"420",18,"Eggerthella.lenta",-0.220839631732471
"421",18,"Eggerthella.sp..MP163B1",-0.220839631732471
"422",18,"Lactobacillus.animalis",-0.220839631732471
"423",18,"Megasphaera.sp..MP182G6",-0.220839631732471
"424",18,"Paenibacillus.macerans",-0.220839631732471
"425",18,"Romboutsia.sp..MP35A8",-0.220839631732471
"426",18,"Sellimonas.intestinalis",-0.220839631732471
"427",18,"Turicibacter.sp..MP236E3",-0.220839631732471
"428",18,"Veillonella.atypica",-0.220839631732471
"429",18,"Veillonella.dispar",-0.220839631732471
"430",18,"X.Clostridium..citroniae",-0.220839631732471
"431",18,"X.Clostridium..cocleatum",-0.220839631732471
"432",18,"X.Clostridium..sp..MP626E2_ig1",-0.220839631732471
"433",19,"Anaerotruncus.colihominis",-0.412107372410649
"434",19,"Bacteroides.sp..MP64F12",-0.412107372410649
"435",19,"Blautia.coccoides",-0.412107372410649
"436",19,"Burkholderiales.bacterium",-0.412107372410649
"437",19,"Citrobacter.werkmanii",-0.412107372410649
"438",19,"Clostridium.clostridioforme.CAG.511",-0.412107372410649
"439",19,"Clostridium.nexile.CAG.348",-0.412107372410649
"440",19,"Clostridium.paraputrificum",-0.412107372410649
"441",19,"Clostridium.sp..MP113D9",-0.412107372410649
"442",19,"Clostridium.sp..MP49A11",-0.412107372410649
"443",19,"Clostridium.sp..MP551E06",-0.412107372410649
"444",19,"Eggerthella.lenta",-0.412107372410649
"445",19,"Eggerthella.sp..MP163B1",-0.412107372410649
"446",19,"Lactobacillus.animalis",10.5731294178046
"447",19,"Megasphaera.sp..MP182G6",-0.412107372410649
"448",19,"Paenibacillus.macerans",-0.412107372410649
"449",19,"Romboutsia.sp..MP35A8",-0.412107372410649
"450",19,"Sellimonas.intestinalis",-0.412107372410649
"451",19,"Turicibacter.sp..MP236E3",-0.412107372410649
"452",19,"Veillonella.atypica",11.4857600060664
"453",19,"Veillonella.dispar",-0.412107372410649
"454",19,"X.Clostridium..citroniae",-0.412107372410649
"455",19,"X.Clostridium..cocleatum",-0.412107372410649
"456",19,"X.Clostridium..sp..MP626E2_ig1",-0.412107372410649
"457",20,"Anaerotruncus.colihominis",-0.375043970034222
"458",20,"Bacteroides.sp..MP64F12",-0.375043970034222
"459",20,"Blautia.coccoides",7.34501443522599
"460",20,"Burkholderiales.bacterium",-0.375043970034222
"461",20,"Citrobacter.werkmanii",-0.375043970034222
"462",20,"Clostridium.clostridioforme.CAG.511",-0.375043970034222
"463",20,"Clostridium.nexile.CAG.348",-0.375043970034222
"464",20,"Clostridium.paraputrificum",2.60141414939983
"465",20,"Clostridium.sp..MP113D9",-0.375043970034222
"466",20,"Clostridium.sp..MP49A11",-0.375043970034222
"467",20,"Clostridium.sp..MP551E06",-0.375043970034222
"468",20,"Eggerthella.lenta",-0.375043970034222
"469",20,"Eggerthella.sp..MP163B1",-0.375043970034222
"470",20,"Lactobacillus.animalis",-0.375043970034222
"471",20,"Megasphaera.sp..MP182G6",-0.375043970034222
"472",20,"Paenibacillus.macerans",-0.375043970034222
"473",20,"Romboutsia.sp..MP35A8",-0.375043970034222
"474",20,"Sellimonas.intestinalis",-0.375043970034222
"475",20,"Turicibacter.sp..MP236E3",-0.375043970034222
"476",20,"Veillonella.atypica",-0.375043970034222
"477",20,"Veillonella.dispar",-0.375043970034222
"478",20,"X.Clostridium..citroniae",7.47186162155243
"479",20,"X.Clostridium..cocleatum",-0.375043970034222
"480",20,"X.Clostridium..sp..MP626E2_ig1",-0.375043970034222
"481",21,"Anaerotruncus.colihominis",-0.189404824767999
"482",21,"Bacteroides.sp..MP64F12",-0.189404824767999
"483",21,"Blautia.coccoides",-0.189404824767999
"484",21,"Burkholderiales.bacterium",-0.189404824767999
"485",21,"Citrobacter.werkmanii",-0.189404824767999
"486",21,"Clostridium.clostridioforme.CAG.511",-0.189404824767999
"487",21,"Clostridium.nexile.CAG.348",-0.189404824767999
"488",21,"Clostridium.paraputrificum",-0.189404824767999
"489",21,"Clostridium.sp..MP113D9",-0.189404824767999
"490",21,"Clostridium.sp..MP49A11",-0.189404824767999
"491",21,"Clostridium.sp..MP551E06",-0.189404824767999
"492",21,"Eggerthella.lenta",-0.189404824767999
"493",21,"Eggerthella.sp..MP163B1",-0.189404824767999
"494",21,"Lactobacillus.animalis",-0.189404824767999
"495",21,"Megasphaera.sp..MP182G6",-0.189404824767999
"496",21,"Paenibacillus.macerans",-0.189404824767999
"497",21,"Romboutsia.sp..MP35A8",-0.189404824767999
"498",21,"Sellimonas.intestinalis",-0.189404824767999
"499",21,"Turicibacter.sp..MP236E3",-0.189404824767999
"500",21,"Veillonella.atypica",9.32525350172987
"501",21,"Veillonella.dispar",-0.189404824767999
"502",21,"X.Clostridium..citroniae",-0.189404824767999
"503",21,"X.Clostridium..cocleatum",-0.189404824767999
"504",21,"X.Clostridium..sp..MP626E2_ig1",-0.189404824767999
"505",22,"Anaerotruncus.colihominis",-0.249130692149002
"506",22,"Bacteroides.sp..MP64F12",-0.249130692149002
"507",22,"Blautia.coccoides",-0.249130692149002
"508",22,"Burkholderiales.bacterium",-0.249130692149002
"509",22,"Citrobacter.werkmanii",-0.249130692149002
"510",22,"Clostridium.clostridioforme.CAG.511",-0.249130692149002
"511",22,"Clostridium.nexile.CAG.348",-0.249130692149002
"512",22,"Clostridium.paraputrificum",5.81630676661573
"513",22,"Clostridium.sp..MP113D9",-0.249130692149002
"514",22,"Clostridium.sp..MP49A11",-0.249130692149002
"515",22,"Clostridium.sp..MP551E06",-0.249130692149002
"516",22,"Eggerthella.lenta",-0.249130692149002
"517",22,"Eggerthella.sp..MP163B1",-0.249130692149002
"518",22,"Lactobacillus.animalis",11.1740377662156
"519",22,"Megasphaera.sp..MP182G6",-0.249130692149002
"520",22,"Paenibacillus.macerans",-0.249130692149002
"521",22,"Romboutsia.sp..MP35A8",-0.249130692149002
"522",22,"Sellimonas.intestinalis",-0.249130692149002
"523",22,"Turicibacter.sp..MP236E3",-0.249130692149002
"524",22,"Veillonella.atypica",10.751111107033
"525",22,"Veillonella.dispar",6.87943309316079
"526",22,"X.Clostridium..citroniae",-0.249130692149002
"527",22,"X.Clostridium..cocleatum",-0.249130692149002
"528",22,"X.Clostridium..sp..MP626E2_ig1",-0.249130692149002
"529",23,"Anaerotruncus.colihominis",-0.634655947444278
"530",23,"Bacteroides.sp..MP64F12",-0.634655947444278
"531",23,"Blautia.coccoides",-0.634655947444278
"532",23,"Burkholderiales.bacterium",-0.634655947444278
"533",23,"Citrobacter.werkmanii",-0.634655947444278
"534",23,"Clostridium.clostridioforme.CAG.511",-0.634655947444278
"535",23,"Clostridium.nexile.CAG.348",-0.634655947444278
"536",23,"Clostridium.paraputrificum",-0.634655947444278
"537",23,"Clostridium.sp..MP113D9",-0.634655947444278
"538",23,"Clostridium.sp..MP49A11",-0.634655947444278
"539",23,"Clostridium.sp..MP551E06",-0.634655947444278
"540",23,"Eggerthella.lenta",-0.634655947444278
"541",23,"Eggerthella.sp..MP163B1",-0.634655947444278
"542",23,"Lactobacillus.animalis",-0.634655947444278
"543",23,"Megasphaera.sp..MP182G6",-0.634655947444278
"544",23,"Paenibacillus.macerans",-0.634655947444278
"545",23,"Romboutsia.sp..MP35A8",-0.634655947444278
"546",23,"Sellimonas.intestinalis",-0.634655947444278
"547",23,"Turicibacter.sp..MP236E3",-0.634655947444278
"548",23,"Veillonella.atypica",-0.634655947444278
"549",23,"Veillonella.dispar",-0.634655947444278
"550",23,"X.Clostridium..citroniae",-0.634655947444278
"551",23,"X.Clostridium..cocleatum",-0.634655947444278
"552",23,"X.Clostridium..sp..MP626E2_ig1",-0.634655947444278
"553",24,"Anaerotruncus.colihominis",-0.878263965487834
"554",24,"Bacteroides.sp..MP64F12",-0.878263965487834
"555",24,"Blautia.coccoides",7.80751925950544
"556",24,"Burkholderiales.bacterium",-0.878263965487834
"557",24,"Citrobacter.werkmanii",-0.878263965487834
"558",24,"Clostridium.clostridioforme.CAG.511",-0.878263965487834
"559",24,"Clostridium.nexile.CAG.348",7.78533785454484
"560",24,"Clostridium.paraputrificum",-0.878263965487834
"561",24,"Clostridium.sp..MP113D9",-0.878263965487834
"562",24,"Clostridium.sp..MP49A11",-0.878263965487834
"563",24,"Clostridium.sp..MP551E06",-0.878263965487834
"564",24,"Eggerthella.lenta",7.35186758871458
"565",24,"Eggerthella.sp..MP163B1",7.25068462641168
"566",24,"Lactobacillus.animalis",-0.878263965487834
"567",24,"Megasphaera.sp..MP182G6",-0.878263965487834
"568",24,"Paenibacillus.macerans",-0.878263965487834
"569",24,"Romboutsia.sp..MP35A8",-0.878263965487834
"570",24,"Sellimonas.intestinalis",-0.878263965487834
"571",24,"Turicibacter.sp..MP236E3",-0.878263965487834
"572",24,"Veillonella.atypica",-0.878263965487834
"573",24,"Veillonella.dispar",-0.878263965487834
"574",24,"X.Clostridium..citroniae",-0.878263965487834
"575",24,"X.Clostridium..cocleatum",-0.878263965487834
"576",24,"X.Clostridium..sp..MP626E2_ig1",5.89358713261749
"577",25,"Anaerotruncus.colihominis",-0.301289312912626
"578",25,"Bacteroides.sp..MP64F12",-0.301289312912626
"579",25,"Blautia.coccoides",-0.301289312912626
"580",25,"Burkholderiales.bacterium",-0.301289312912626
"581",25,"Citrobacter.werkmanii",-0.301289312912626
"582",25,"Clostridium.clostridioforme.CAG.511",-0.301289312912626
"583",25,"Clostridium.nexile.CAG.348",-0.301289312912626
"584",25,"Clostridium.paraputrificum",-0.301289312912626
"585",25,"Clostridium.sp..MP113D9",-0.301289312912626
"586",25,"Clostridium.sp..MP49A11",-0.301289312912626
"587",25,"Clostridium.sp..MP551E06",-0.301289312912626
"588",25,"Eggerthella.lenta",-0.301289312912626
"589",25,"Eggerthella.sp..MP163B1",-0.301289312912626
"590",25,"Lactobacillus.animalis",-0.301289312912626
"591",25,"Megasphaera.sp..MP182G6",-0.301289312912626
"592",25,"Paenibacillus.macerans",-0.301289312912626
"593",25,"Romboutsia.sp..MP35A8",-0.301289312912626
"594",25,"Sellimonas.intestinalis",-0.301289312912626
"595",25,"Turicibacter.sp..MP236E3",-0.301289312912626
"596",25,"Veillonella.atypica",10.4122088135124
"597",25,"Veillonella.dispar",7.55712049702032
"598",25,"X.Clostridium..citroniae",-0.301289312912626
"599",25,"X.Clostridium..cocleatum",-0.301289312912626
"600",25,"X.Clostridium..sp..MP626E2_ig1",-0.301289312912626
"601",26,"Anaerotruncus.colihominis",-0.640078538140026
"602",26,"Bacteroides.sp..MP64F12",-0.640078538140026
"603",26,"Blautia.coccoides",-0.640078538140026
"604",26,"Burkholderiales.bacterium",-0.640078538140026
"605",26,"Citrobacter.werkmanii",-0.640078538140026
"606",26,"Clostridium.clostridioforme.CAG.511",-0.640078538140026
"607",26,"Clostridium.nexile.CAG.348",-0.640078538140026
"608",26,"Clostridium.paraputrificum",-0.640078538140026
"609",26,"Clostridium.sp..MP113D9",-0.640078538140026
"610",26,"Clostridium.sp..MP49A11",-0.640078538140026
"611",26,"Clostridium.sp..MP551E06",-0.640078538140026
"612",26,"Eggerthella.lenta",6.78363650162671
"613",26,"Eggerthella.sp..MP163B1",5.67290578851223
"614",26,"Lactobacillus.animalis",-0.640078538140026
"615",26,"Megasphaera.sp..MP182G6",-0.640078538140026
"616",26,"Paenibacillus.macerans",-0.640078538140026
"617",26,"Romboutsia.sp..MP35A8",-0.640078538140026
"618",26,"Sellimonas.intestinalis",-0.640078538140026
"619",26,"Turicibacter.sp..MP236E3",-0.640078538140026
"620",26,"Veillonella.atypica",6.67787203538922
"621",26,"Veillonella.dispar",6.43246849801547
"622",26,"X.Clostridium..citroniae",-0.640078538140026
"623",26,"X.Clostridium..cocleatum",-0.640078538140026
"624",26,"X.Clostridium..sp..MP626E2_ig1",-0.640078538140026
"625",27,"Anaerotruncus.colihominis",-0.410919785112586
"626",27,"Bacteroides.sp..MP64F12",-0.410919785112586
"627",27,"Blautia.coccoides",-0.410919785112586
"628",27,"Burkholderiales.bacterium",-0.410919785112586
"629",27,"Citrobacter.werkmanii",-0.410919785112586
"630",27,"Clostridium.clostridioforme.CAG.511",-0.410919785112586
"631",27,"Clostridium.nexile.CAG.348",-0.410919785112586
"632",27,"Clostridium.paraputrificum",-0.410919785112586
"633",27,"Clostridium.sp..MP113D9",-0.410919785112586
"634",27,"Clostridium.sp..MP49A11",-0.410919785112586
"635",27,"Clostridium.sp..MP551E06",-0.410919785112586
"636",27,"Eggerthella.lenta",-0.410919785112586
"637",27,"Eggerthella.sp..MP163B1",-0.410919785112586
"638",27,"Lactobacillus.animalis",-0.410919785112586
"639",27,"Megasphaera.sp..MP182G6",-0.410919785112586
"640",27,"Paenibacillus.macerans",-0.410919785112586
"641",27,"Romboutsia.sp..MP35A8",-0.410919785112586
"642",27,"Sellimonas.intestinalis",-0.410919785112586
"643",27,"Turicibacter.sp..MP236E3",-0.410919785112586
"644",27,"Veillonella.atypica",-0.410919785112586
"645",27,"Veillonella.dispar",4.37923317963024
"646",27,"X.Clostridium..citroniae",-0.410919785112586
"647",27,"X.Clostridium..cocleatum",-0.410919785112586
"648",27,"X.Clostridium..sp..MP626E2_ig1",-0.410919785112586
"649",28,"Anaerotruncus.colihominis",5.65656489973348
"650",28,"Bacteroides.sp..MP64F12",-0.551525826958363
"651",28,"Blautia.coccoides",-0.551525826958363
"652",28,"Burkholderiales.bacterium",2.92822201867628
"653",28,"Citrobacter.werkmanii",-0.551525826958363
"654",28,"Clostridium.clostridioforme.CAG.511",-0.551525826958363
"655",28,"Clostridium.nexile.CAG.348",-0.551525826958363
"656",28,"Clostridium.paraputrificum",-0.551525826958363
"657",28,"Clostridium.sp..MP113D9",-0.551525826958363
"658",28,"Clostridium.sp..MP49A11",-0.551525826958363
"659",28,"Clostridium.sp..MP551E06",-0.551525826958363
"660",28,"Eggerthella.lenta",6.02723967112485
"661",28,"Eggerthella.sp..MP163B1",6.00648466663245
"662",28,"Lactobacillus.animalis",-0.551525826958363
"663",28,"Megasphaera.sp..MP182G6",-0.551525826958363
"664",28,"Paenibacillus.macerans",-0.551525826958363
"665",28,"Romboutsia.sp..MP35A8",-0.551525826958363
"666",28,"Sellimonas.intestinalis",-0.551525826958363
"667",28,"Turicibacter.sp..MP236E3",-0.551525826958363
"668",28,"Veillonella.atypica",-0.551525826958363
"669",28,"Veillonella.dispar",-0.551525826958363
"670",28,"X.Clostridium..citroniae",-0.551525826958363
"671",28,"X.Clostridium..cocleatum",-0.551525826958363
"672",28,"X.Clostridium..sp..MP626E2_ig1",-0.551525826958363
"673",29,"Anaerotruncus.colihominis",-0.252142792014874
"674",29,"Bacteroides.sp..MP64F12",-0.252142792014874
"675",29,"Blautia.coccoides",-0.252142792014874
"676",29,"Burkholderiales.bacterium",-0.252142792014874
"677",29,"Citrobacter.werkmanii",-0.252142792014874
"678",29,"Clostridium.clostridioforme.CAG.511",-0.252142792014874
"679",29,"Clostridium.nexile.CAG.348",-0.252142792014874
"680",29,"Clostridium.paraputrificum",-0.252142792014874
"681",29,"Clostridium.sp..MP113D9",-0.252142792014874
"682",29,"Clostridium.sp..MP49A11",-0.252142792014874
"683",29,"Clostridium.sp..MP551E06",-0.252142792014874
"684",29,"Eggerthella.lenta",-0.252142792014874
"685",29,"Eggerthella.sp..MP163B1",-0.252142792014874
"686",29,"Lactobacillus.animalis",-0.252142792014874
"687",29,"Megasphaera.sp..MP182G6",-0.252142792014874
"688",29,"Paenibacillus.macerans",-0.252142792014874
"689",29,"Romboutsia.sp..MP35A8",-0.252142792014874
"690",29,"Sellimonas.intestinalis",-0.252142792014874
"691",29,"Turicibacter.sp..MP236E3",-0.252142792014874
"692",29,"Veillonella.atypica",-0.252142792014874
"693",29,"Veillonella.dispar",-0.252142792014874
"694",29,"X.Clostridium..citroniae",-0.252142792014874
"695",29,"X.Clostridium..cocleatum",-0.252142792014874
"696",29,"X.Clostridium..sp..MP626E2_ig1",-0.252142792014874
"697",30,"Anaerotruncus.colihominis",-0.274242278264664
"698",30,"Bacteroides.sp..MP64F12",-0.274242278264664
"699",30,"Blautia.coccoides",-0.274242278264664
"700",30,"Burkholderiales.bacterium",-0.274242278264664
"701",30,"Citrobacter.werkmanii",-0.274242278264664
"702",30,"Clostridium.clostridioforme.CAG.511",-0.274242278264664
"703",30,"Clostridium.nexile.CAG.348",-0.274242278264664
"704",30,"Clostridium.paraputrificum",-0.274242278264664
"705",30,"Clostridium.sp..MP113D9",-0.274242278264664
"706",30,"Clostridium.sp..MP49A11",-0.274242278264664
"707",30,"Clostridium.sp..MP551E06",-0.274242278264664
"708",30,"Eggerthella.lenta",-0.274242278264664
"709",30,"Eggerthella.sp..MP163B1",-0.274242278264664
"710",30,"Lactobacillus.animalis",-0.274242278264664
"711",30,"Megasphaera.sp..MP182G6",-0.274242278264664
"712",30,"Paenibacillus.macerans",-0.274242278264664
"713",30,"Romboutsia.sp..MP35A8",-0.274242278264664
"714",30,"Sellimonas.intestinalis",-0.274242278264664
"715",30,"Turicibacter.sp..MP236E3",-0.274242278264664
"716",30,"Veillonella.atypica",-0.274242278264664
"717",30,"Veillonella.dispar",-0.274242278264664
"718",30,"X.Clostridium..citroniae",-0.274242278264664
"719",30,"X.Clostridium..cocleatum",-0.274242278264664
"720",30,"X.Clostridium..sp..MP626E2_ig1",-0.274242278264664
"721",31,"Anaerotruncus.colihominis",-0.173329676555952
"722",31,"Bacteroides.sp..MP64F12",-0.173329676555952
"723",31,"Blautia.coccoides",-0.173329676555952
"724",31,"Burkholderiales.bacterium",-0.173329676555952
"725",31,"Citrobacter.werkmanii",-0.173329676555952
"726",31,"Clostridium.clostridioforme.CAG.511",-0.173329676555952
"727",31,"Clostridium.nexile.CAG.348",-0.173329676555952
"728",31,"Clostridium.paraputrificum",5.69297738780184
"729",31,"Clostridium.sp..MP113D9",5.85554292331043
"730",31,"Clostridium.sp..MP49A11",8.00438718923698
"731",31,"Clostridium.sp..MP551E06",6.60682696166613
"732",31,"Eggerthella.lenta",-0.173329676555952
"733",31,"Eggerthella.sp..MP163B1",-0.173329676555952
"734",31,"Lactobacillus.animalis",-0.173329676555952
"735",31,"Megasphaera.sp..MP182G6",-0.173329676555952
"736",31,"Paenibacillus.macerans",-0.173329676555952
"737",31,"Romboutsia.sp..MP35A8",-0.173329676555952
"738",31,"Sellimonas.intestinalis",-0.173329676555952
"739",31,"Turicibacter.sp..MP236E3",-0.173329676555952
"740",31,"Veillonella.atypica",5.25892989570117
"741",31,"Veillonella.dispar",-0.173329676555952
"742",31,"X.Clostridium..citroniae",-0.173329676555952
"743",31,"X.Clostridium..cocleatum",-0.173329676555952
"744",31,"X.Clostridium..sp..MP626E2_ig1",-0.173329676555952
"745",32,"Anaerotruncus.colihominis",-0.617148420461266
"746",32,"Bacteroides.sp..MP64F12",-0.617148420461266
"747",32,"Blautia.coccoides",7.57990228554319
"748",32,"Burkholderiales.bacterium",-0.617148420461266
"749",32,"Citrobacter.werkmanii",-0.617148420461266
"750",32,"Clostridium.clostridioforme.CAG.511",-0.617148420461266
"751",32,"Clostridium.nexile.CAG.348",-0.617148420461266
"752",32,"Clostridium.paraputrificum",-0.617148420461266
"753",32,"Clostridium.sp..MP113D9",-0.617148420461266
"754",32,"Clostridium.sp..MP49A11",-0.617148420461266
"755",32,"Clostridium.sp..MP551E06",-0.617148420461266
"756",32,"Eggerthella.lenta",-0.617148420461266
"757",32,"Eggerthella.sp..MP163B1",-0.617148420461266
"758",32,"Lactobacillus.animalis",-0.617148420461266
"759",32,"Megasphaera.sp..MP182G6",-0.617148420461266
"760",32,"Paenibacillus.macerans",-0.617148420461266
"761",32,"Romboutsia.sp..MP35A8",-0.617148420461266
"762",32,"Sellimonas.intestinalis",-0.617148420461266
"763",32,"Turicibacter.sp..MP236E3",-0.617148420461266
"764",32,"Veillonella.atypica",7.99387602622892
"765",32,"Veillonella.dispar",-0.617148420461266
"766",32,"X.Clostridium..citroniae",-0.617148420461266
"767",32,"X.Clostridium..cocleatum",-0.617148420461266
"768",32,"X.Clostridium..sp..MP626E2_ig1",-0.617148420461266
"769",33,"Anaerotruncus.colihominis",-0.464907754719837
"770",33,"Bacteroides.sp..MP64F12",-0.464907754719837
"771",33,"Blautia.coccoides",-0.464907754719837
"772",33,"Burkholderiales.bacterium",-0.464907754719837
"773",33,"Citrobacter.werkmanii",-0.464907754719837
"774",33,"Clostridium.clostridioforme.CAG.511",9.44497024081167
"775",33,"Clostridium.nexile.CAG.348",-0.464907754719837
"776",33,"Clostridium.paraputrificum",-0.464907754719837
"777",33,"Clostridium.sp..MP113D9",-0.464907754719837
"778",33,"Clostridium.sp..MP49A11",6.77924403937986
"779",33,"Clostridium.sp..MP551E06",4.94477447257417
"780",33,"Eggerthella.lenta",7.17306403144023
"781",33,"Eggerthella.sp..MP163B1",6.94651118824492
"782",33,"Lactobacillus.animalis",-0.464907754719837
"783",33,"Megasphaera.sp..MP182G6",-0.464907754719837
"784",33,"Paenibacillus.macerans",-0.464907754719837
"785",33,"Romboutsia.sp..MP35A8",-0.464907754719837
"786",33,"Sellimonas.intestinalis",-0.464907754719837
"787",33,"Turicibacter.sp..MP236E3",-0.464907754719837
"788",33,"Veillonella.atypica",6.29049945417831
"789",33,"Veillonella.dispar",-0.464907754719837
"790",33,"X.Clostridium..citroniae",-0.464907754719837
"791",33,"X.Clostridium..cocleatum",6.82989457699627
"792",33,"X.Clostridium..sp..MP626E2_ig1",-0.464907754719837
"793",34,"Anaerotruncus.colihominis",7.4706777470909
"794",34,"Bacteroides.sp..MP64F12",-0.39972054281575
"795",34,"Blautia.coccoides",8.37005491254832
"796",34,"Burkholderiales.bacterium",-0.39972054281575
"797",34,"Citrobacter.werkmanii",-0.39972054281575
"798",34,"Clostridium.clostridioforme.CAG.511",-0.39972054281575
"799",34,"Clostridium.nexile.CAG.348",-0.39972054281575
"800",34,"Clostridium.paraputrificum",-0.39972054281575
"801",34,"Clostridium.sp..MP113D9",-0.39972054281575
"802",34,"Clostridium.sp..MP49A11",-0.39972054281575
"803",34,"Clostridium.sp..MP551E06",-0.39972054281575
"804",34,"Eggerthella.lenta",-0.39972054281575
"805",34,"Eggerthella.sp..MP163B1",-0.39972054281575
"806",34,"Lactobacillus.animalis",-0.39972054281575
"807",34,"Megasphaera.sp..MP182G6",-0.39972054281575
"808",34,"Paenibacillus.macerans",-0.39972054281575
"809",34,"Romboutsia.sp..MP35A8",-0.39972054281575
"810",34,"Sellimonas.intestinalis",8.47270234190657
"811",34,"Turicibacter.sp..MP236E3",-0.39972054281575
"812",34,"Veillonella.atypica",-0.39972054281575
"813",34,"Veillonella.dispar",-0.39972054281575
"814",34,"X.Clostridium..citroniae",9.44438668695184
"815",34,"X.Clostridium..cocleatum",6.13801702380573
"816",34,"X.Clostridium..sp..MP626E2_ig1",-0.39972054281575
"817",35,"Anaerotruncus.colihominis",-0.333215304511429
"818",35,"Bacteroides.sp..MP64F12",-0.333215304511429
"819",35,"Blautia.coccoides",-0.333215304511429
"820",35,"Burkholderiales.bacterium",-0.333215304511429
"821",35,"Citrobacter.werkmanii",-0.333215304511429
"822",35,"Clostridium.clostridioforme.CAG.511",-0.333215304511429
"823",35,"Clostridium.nexile.CAG.348",-0.333215304511429
"824",35,"Clostridium.paraputrificum",3.56172655736836
"825",35,"Clostridium.sp..MP113D9",-0.333215304511429
"826",35,"Clostridium.sp..MP49A11",-0.333215304511429
"827",35,"Clostridium.sp..MP551E06",-0.333215304511429
"828",35,"Eggerthella.lenta",-0.333215304511429
"829",35,"Eggerthella.sp..MP163B1",-0.333215304511429
"830",35,"Lactobacillus.animalis",-0.333215304511429
"831",35,"Megasphaera.sp..MP182G6",-0.333215304511429
"832",35,"Paenibacillus.macerans",-0.333215304511429
"833",35,"Romboutsia.sp..MP35A8",-0.333215304511429
"834",35,"Sellimonas.intestinalis",-0.333215304511429
"835",35,"Turicibacter.sp..MP236E3",-0.333215304511429
"836",35,"Veillonella.atypica",9.3197216152412
"837",35,"Veillonella.dispar",-0.333215304511429
"838",35,"X.Clostridium..citroniae",-0.333215304511429
"839",35,"X.Clostridium..cocleatum",-0.333215304511429
"840",35,"X.Clostridium..sp..MP626E2_ig1",-0.333215304511429
"841",36,"Anaerotruncus.colihominis",6.34348599403488
"842",36,"Bacteroides.sp..MP64F12",-1.03014849737235
"843",36,"Blautia.coccoides",3.69327157759909
"844",36,"Burkholderiales.bacterium",-1.03014849737235
"845",36,"Citrobacter.werkmanii",-1.03014849737235
"846",36,"Clostridium.clostridioforme.CAG.511",-1.03014849737235
"847",36,"Clostridium.nexile.CAG.348",6.8170890465001
"848",36,"Clostridium.paraputrificum",-1.03014849737235
"849",36,"Clostridium.sp..MP113D9",-1.03014849737235
"850",36,"Clostridium.sp..MP49A11",-1.03014849737235
"851",36,"Clostridium.sp..MP551E06",-1.03014849737235
"852",36,"Eggerthella.lenta",7.14972851026037
"853",36,"Eggerthella.sp..MP163B1",-1.03014849737235
"854",36,"Lactobacillus.animalis",-1.03014849737235
"855",36,"Megasphaera.sp..MP182G6",-1.03014849737235
"856",36,"Paenibacillus.macerans",-1.03014849737235
"857",36,"Romboutsia.sp..MP35A8",-1.03014849737235
"858",36,"Sellimonas.intestinalis",-1.03014849737235
"859",36,"Turicibacter.sp..MP236E3",-1.03014849737235
"860",36,"Veillonella.atypica",-1.03014849737235
"861",36,"Veillonella.dispar",-1.03014849737235
"862",36,"X.Clostridium..citroniae",5.899860944426
"863",36,"X.Clostridium..cocleatum",-1.03014849737235
"864",36,"X.Clostridium..sp..MP626E2_ig1",5.06402505523851
"865",37,"Anaerotruncus.colihominis",-0.615462975856856
"866",37,"Bacteroides.sp..MP64F12",-0.615462975856856
"867",37,"Blautia.coccoides",-0.615462975856856
"868",37,"Burkholderiales.bacterium",-0.615462975856856
"869",37,"Citrobacter.werkmanii",-0.615462975856856
"870",37,"Clostridium.clostridioforme.CAG.511",6.60705328013605
"871",37,"Clostridium.nexile.CAG.348",-0.615462975856856
"872",37,"Clostridium.paraputrificum",-0.615462975856856
"873",37,"Clostridium.sp..MP113D9",-0.615462975856856
"874",37,"Clostridium.sp..MP49A11",-0.615462975856856
"875",37,"Clostridium.sp..MP551E06",-0.615462975856856
"876",37,"Eggerthella.lenta",6.18865043001855
"877",37,"Eggerthella.sp..MP163B1",6.04732181305678
"878",37,"Lactobacillus.animalis",-0.615462975856856
"879",37,"Megasphaera.sp..MP182G6",-0.615462975856856
"880",37,"Paenibacillus.macerans",-0.615462975856856
"881",37,"Romboutsia.sp..MP35A8",-0.615462975856856
"882",37,"Sellimonas.intestinalis",-0.615462975856856
"883",37,"Turicibacter.sp..MP236E3",-0.615462975856856
"884",37,"Veillonella.atypica",-0.615462975856856
"885",37,"Veillonella.dispar",-0.615462975856856
"886",37,"X.Clostridium..citroniae",5.09784785897284
"887",37,"X.Clostridium..cocleatum",-0.615462975856856
"888",37,"X.Clostridium..sp..MP626E2_ig1",4.99338775819708
"889",38,"Anaerotruncus.colihominis",-0.622593885152062
"890",38,"Bacteroides.sp..MP64F12",-0.622593885152062
"891",38,"Blautia.coccoides",4.44282029141017
"892",38,"Burkholderiales.bacterium",-0.622593885152062
"893",38,"Citrobacter.werkmanii",-0.622593885152062
"894",38,"Clostridium.clostridioforme.CAG.511",7.31841471585986
"895",38,"Clostridium.nexile.CAG.348",-0.622593885152062
"896",38,"Clostridium.paraputrificum",-0.622593885152062
"897",38,"Clostridium.sp..MP113D9",-0.622593885152062
"898",38,"Clostridium.sp..MP49A11",-0.622593885152062
"899",38,"Clostridium.sp..MP551E06",-0.622593885152062
"900",38,"Eggerthella.lenta",-0.622593885152062
"901",38,"Eggerthella.sp..MP163B1",-0.622593885152062
"902",38,"Lactobacillus.animalis",-0.622593885152062
"903",38,"Megasphaera.sp..MP182G6",-0.622593885152062
"904",38,"Paenibacillus.macerans",-0.622593885152062
"905",38,"Romboutsia.sp..MP35A8",-0.622593885152062
"906",38,"Sellimonas.intestinalis",-0.622593885152062
"907",38,"Turicibacter.sp..MP236E3",-0.622593885152062
"908",38,"Veillonella.atypica",10.4161481804659
"909",38,"Veillonella.dispar",7.17797740504326
"910",38,"X.Clostridium..citroniae",4.05054334967256
"911",38,"X.Clostridium..cocleatum",-0.622593885152062
"912",38,"X.Clostridium..sp..MP626E2_ig1",-0.622593885152062
"913",39,"Anaerotruncus.colihominis",-0.526982006487078
"914",39,"Bacteroides.sp..MP64F12",-0.526982006487078
"915",39,"Blautia.coccoides",5.17487649473557
"916",39,"Burkholderiales.bacterium",-0.526982006487078
"917",39,"Citrobacter.werkmanii",-0.526982006487078
"918",39,"Clostridium.clostridioforme.CAG.511",7.67846000924247
"919",39,"Clostridium.nexile.CAG.348",6.23694345535098
"920",39,"Clostridium.paraputrificum",-0.526982006487078
"921",39,"Clostridium.sp..MP113D9",-0.526982006487078
"922",39,"Clostridium.sp..MP49A11",-0.526982006487078
"923",39,"Clostridium.sp..MP551E06",-0.526982006487078
"924",39,"Eggerthella.lenta",4.16060071556371
"925",39,"Eggerthella.sp..MP163B1",5.05629362117336
"926",39,"Lactobacillus.animalis",-0.526982006487078
"927",39,"Megasphaera.sp..MP182G6",9.10061008894847
"928",39,"Paenibacillus.macerans",-0.526982006487078
"929",39,"Romboutsia.sp..MP35A8",-0.526982006487078
"930",39,"Sellimonas.intestinalis",-0.526982006487078
"931",39,"Turicibacter.sp..MP236E3",-0.526982006487078
"932",39,"Veillonella.atypica",-0.526982006487078
"933",39,"Veillonella.dispar",-0.526982006487078
"934",39,"X.Clostridium..citroniae",3.85146586507692
"935",39,"X.Clostridium..cocleatum",-0.526982006487078
"936",39,"X.Clostridium..sp..MP626E2_ig1",-0.526982006487078
"937",40,"Anaerotruncus.colihominis",-0.601852657698272
"938",40,"Bacteroides.sp..MP64F12",-0.601852657698272
"939",40,"Blautia.coccoides",-0.601852657698272
"940",40,"Burkholderiales.bacterium",-0.601852657698272
"941",40,"Citrobacter.werkmanii",-0.601852657698272
"942",40,"Clostridium.clostridioforme.CAG.511",-0.601852657698272
"943",40,"Clostridium.nexile.CAG.348",-0.601852657698272
"944",40,"Clostridium.paraputrificum",-0.601852657698272
"945",40,"Clostridium.sp..MP113D9",-0.601852657698272
"946",40,"Clostridium.sp..MP49A11",-0.601852657698272
"947",40,"Clostridium.sp..MP551E06",-0.601852657698272
"948",40,"Eggerthella.lenta",7.10931266512575
"949",40,"Eggerthella.sp..MP163B1",-0.601852657698272
"950",40,"Lactobacillus.animalis",-0.601852657698272
"951",40,"Megasphaera.sp..MP182G6",-0.601852657698272
"952",40,"Paenibacillus.macerans",-0.601852657698272
"953",40,"Romboutsia.sp..MP35A8",-0.601852657698272
"954",40,"Sellimonas.intestinalis",-0.601852657698272
"955",40,"Turicibacter.sp..MP236E3",5.08578128371094
"956",40,"Veillonella.atypica",7.47176096070196
"957",40,"Veillonella.dispar",-0.601852657698272
"958",40,"X.Clostridium..citroniae",-0.601852657698272
"959",40,"X.Clostridium..cocleatum",-0.601852657698272
"960",40,"X.Clostridium..sp..MP626E2_ig1",6.16654889557104
"961",41,"Anaerotruncus.colihominis",-0.650115014168213
"962",41,"Bacteroides.sp..MP64F12",-0.650115014168213
"963",41,"Blautia.coccoides",5.39312678251134
"964",41,"Burkholderiales.bacterium",-0.650115014168213
"965",41,"Citrobacter.werkmanii",-0.650115014168213
"966",41,"Clostridium.clostridioforme.CAG.511",-0.650115014168213
"967",41,"Clostridium.nexile.CAG.348",-0.650115014168213
"968",41,"Clostridium.paraputrificum",-0.650115014168213
"969",41,"Clostridium.sp..MP113D9",-0.650115014168213
"970",41,"Clostridium.sp..MP49A11",-0.650115014168213
"971",41,"Clostridium.sp..MP551E06",-0.650115014168213
"972",41,"Eggerthella.lenta",-0.650115014168213
"973",41,"Eggerthella.sp..MP163B1",-0.650115014168213
"974",41,"Lactobacillus.animalis",-0.650115014168213
"975",41,"Megasphaera.sp..MP182G6",-0.650115014168213
"976",41,"Paenibacillus.macerans",-0.650115014168213
"977",41,"Romboutsia.sp..MP35A8",-0.650115014168213
"978",41,"Sellimonas.intestinalis",9.20227382967095
"979",41,"Turicibacter.sp..MP236E3",-0.650115014168213
"980",41,"Veillonella.atypica",-0.650115014168213
"981",41,"Veillonella.dispar",-0.650115014168213
"982",41,"X.Clostridium..citroniae",-0.650115014168213
"983",41,"X.Clostridium..cocleatum",5.43781123714913
"984",41,"X.Clostridium..sp..MP626E2_ig1",8.05465757778511
"985",42,"Anaerotruncus.colihominis",-0.402833503916662
"986",42,"Bacteroides.sp..MP64F12",-0.402833503916662
"987",42,"Blautia.coccoides",6.97524542426439
"988",42,"Burkholderiales.bacterium",-0.402833503916662
"989",42,"Citrobacter.werkmanii",-0.402833503916662
"990",42,"Clostridium.clostridioforme.CAG.511",-0.402833503916662
"991",42,"Clostridium.nexile.CAG.348",-0.402833503916662
"992",42,"Clostridium.paraputrificum",4.98392353671764
"993",42,"Clostridium.sp..MP113D9",-0.402833503916662
"994",42,"Clostridium.sp..MP49A11",-0.402833503916662
"995",42,"Clostridium.sp..MP551E06",-0.402833503916662
"996",42,"Eggerthella.lenta",-0.402833503916662
"997",42,"Eggerthella.sp..MP163B1",-0.402833503916662
"998",42,"Lactobacillus.animalis",-0.402833503916662
"999",42,"Megasphaera.sp..MP182G6",-0.402833503916662
"1000",42,"Paenibacillus.macerans",-0.402833503916662
"1001",42,"Romboutsia.sp..MP35A8",5.0034712558205
"1002",42,"Sellimonas.intestinalis",-0.402833503916662
"1003",42,"Turicibacter.sp..MP236E3",-0.402833503916662
"1004",42,"Veillonella.atypica",7.5109172383389
"1005",42,"Veillonella.dispar",-0.402833503916662
"1006",42,"X.Clostridium..citroniae",-0.402833503916662
"1007",42,"X.Clostridium..cocleatum",6.92962457320918
"1008",42,"X.Clostridium..sp..MP626E2_ig1",-0.402833503916662
"1009",43,"Anaerotruncus.colihominis",-0.373488441156784
"1010",43,"Bacteroides.sp..MP64F12",-0.373488441156784
"1011",43,"Blautia.coccoides",-0.373488441156784
"1012",43,"Burkholderiales.bacterium",-0.373488441156784
"1013",43,"Citrobacter.werkmanii",-0.373488441156784
"1014",43,"Clostridium.clostridioforme.CAG.511",-0.373488441156784
"1015",43,"Clostridium.nexile.CAG.348",-0.373488441156784
"1016",43,"Clostridium.paraputrificum",-0.373488441156784
"1017",43,"Clostridium.sp..MP113D9",-0.373488441156784
"1018",43,"Clostridium.sp..MP49A11",-0.373488441156784
"1019",43,"Clostridium.sp..MP551E06",-0.373488441156784
"1020",43,"Eggerthella.lenta",-0.373488441156784
"1021",43,"Eggerthella.sp..MP163B1",-0.373488441156784
"1022",43,"Lactobacillus.animalis",-0.373488441156784
"1023",43,"Megasphaera.sp..MP182G6",-0.373488441156784
"1024",43,"Paenibacillus.macerans",-0.373488441156784
"1025",43,"Romboutsia.sp..MP35A8",-0.373488441156784
"1026",43,"Sellimonas.intestinalis",-0.373488441156784
"1027",43,"Turicibacter.sp..MP236E3",-0.373488441156784
"1028",43,"Veillonella.atypica",-0.373488441156784
"1029",43,"Veillonella.dispar",-0.373488441156784
"1030",43,"X.Clostridium..citroniae",-0.373488441156784
"1031",43,"X.Clostridium..cocleatum",-0.373488441156784
"1032",43,"X.Clostridium..sp..MP626E2_ig1",-0.373488441156784
"1033",44,"Anaerotruncus.colihominis",5.1450422461527
"1034",44,"Bacteroides.sp..MP64F12",-0.811217276611041
"1035",44,"Blautia.coccoides",5.9912918068812
"1036",44,"Burkholderiales.bacterium",-0.811217276611041
"1037",44,"Citrobacter.werkmanii",-0.811217276611041
"1038",44,"Clostridium.clostridioforme.CAG.511",6.63335141570414
"1039",44,"Clostridium.nexile.CAG.348",6.19855744228938
"1040",44,"Clostridium.paraputrificum",-0.811217276611041
"1041",44,"Clostridium.sp..MP113D9",-0.811217276611041
"1042",44,"Clostridium.sp..MP49A11",-0.811217276611041
"1043",44,"Clostridium.sp..MP551E06",-0.811217276611041
"1044",44,"Eggerthella.lenta",-0.811217276611041
"1045",44,"Eggerthella.sp..MP163B1",-0.811217276611041
"1046",44,"Lactobacillus.animalis",-0.811217276611041
"1047",44,"Megasphaera.sp..MP182G6",-0.811217276611041
"1048",44,"Paenibacillus.macerans",-0.811217276611041
"1049",44,"Romboutsia.sp..MP35A8",-0.811217276611041
"1050",44,"Sellimonas.intestinalis",7.61909039701115
"1051",44,"Turicibacter.sp..MP236E3",-0.811217276611041
"1052",44,"Veillonella.atypica",-0.811217276611041
"1053",44,"Veillonella.dispar",-0.811217276611041
"1054",44,"X.Clostridium..citroniae",8.45364346609309
"1055",44,"X.Clostridium..cocleatum",-0.811217276611041
"1056",44,"X.Clostridium..sp..MP626E2_ig1",-0.811217276611041
"1057",45,"Anaerotruncus.colihominis",-0.31181558992437
"1058",45,"Bacteroides.sp..MP64F12",-0.31181558992437
"1059",45,"Blautia.coccoides",-0.31181558992437
"1060",45,"Burkholderiales.bacterium",-0.31181558992437
"1061",45,"Citrobacter.werkmanii",-0.31181558992437
"1062",45,"Clostridium.clostridioforme.CAG.511",-0.31181558992437
"1063",45,"Clostridium.nexile.CAG.348",-0.31181558992437
"1064",45,"Clostridium.paraputrificum",2.70140423452103
"1065",45,"Clostridium.sp..MP113D9",-0.31181558992437
"1066",45,"Clostridium.sp..MP49A11",-0.31181558992437
"1067",45,"Clostridium.sp..MP551E06",-0.31181558992437
"1068",45,"Eggerthella.lenta",-0.31181558992437
"1069",45,"Eggerthella.sp..MP163B1",-0.31181558992437
"1070",45,"Lactobacillus.animalis",-0.31181558992437
"1071",45,"Megasphaera.sp..MP182G6",-0.31181558992437
"1072",45,"Paenibacillus.macerans",-0.31181558992437
"1073",45,"Romboutsia.sp..MP35A8",-0.31181558992437
"1074",45,"Sellimonas.intestinalis",-0.31181558992437
"1075",45,"Turicibacter.sp..MP236E3",-0.31181558992437
"1076",45,"Veillonella.atypica",-0.31181558992437
"1077",45,"Veillonella.dispar",-0.31181558992437
"1078",45,"X.Clostridium..citroniae",5.46570684372409
"1079",45,"X.Clostridium..cocleatum",-0.31181558992437
"1080",45,"X.Clostridium..sp..MP626E2_ig1",-0.31181558992437
"1081",46,"Anaerotruncus.colihominis",-0.352699835986922
"1082",46,"Bacteroides.sp..MP64F12",-0.352699835986922
"1083",46,"Blautia.coccoides",8.67051529702381
"1084",46,"Burkholderiales.bacterium",-0.352699835986922
"1085",46,"Citrobacter.werkmanii",-0.352699835986922
"1086",46,"Clostridium.clostridioforme.CAG.511",-0.352699835986922
"1087",46,"Clostridium.nexile.CAG.348",-0.352699835986922
"1088",46,"Clostridium.paraputrificum",-0.352699835986922
"1089",46,"Clostridium.sp..MP113D9",-0.352699835986922
"1090",46,"Clostridium.sp..MP49A11",-0.352699835986922
"1091",46,"Clostridium.sp..MP551E06",-0.352699835986922
"1092",46,"Eggerthella.lenta",-0.352699835986922
"1093",46,"Eggerthella.sp..MP163B1",-0.352699835986922
"1094",46,"Lactobacillus.animalis",-0.352699835986922
"1095",46,"Megasphaera.sp..MP182G6",-0.352699835986922
"1096",46,"Paenibacillus.macerans",-0.352699835986922
"1097",46,"Romboutsia.sp..MP35A8",-0.352699835986922
"1098",46,"Sellimonas.intestinalis",-0.352699835986922
"1099",46,"Turicibacter.sp..MP236E3",-0.352699835986922
"1100",46,"Veillonella.atypica",-0.352699835986922
"1101",46,"Veillonella.dispar",-0.352699835986922
"1102",46,"X.Clostridium..citroniae",-0.352699835986922
"1103",46,"X.Clostridium..cocleatum",-0.352699835986922
"1104",46,"X.Clostridium..sp..MP626E2_ig1",-0.352699835986922
"1105",47,"Anaerotruncus.colihominis",-0.474048153369456
"1106",47,"Bacteroides.sp..MP64F12",-0.474048153369456
"1107",47,"Blautia.coccoides",7.73970315057766
"1108",47,"Burkholderiales.bacterium",-0.474048153369456
"1109",47,"Citrobacter.werkmanii",-0.474048153369456
"1110",47,"Clostridium.clostridioforme.CAG.511",-0.474048153369456
"1111",47,"Clostridium.nexile.CAG.348",-0.474048153369456
"1112",47,"Clostridium.paraputrificum",-0.474048153369456
"1113",47,"Clostridium.sp..MP113D9",-0.474048153369456
"1114",47,"Clostridium.sp..MP49A11",-0.474048153369456
"1115",47,"Clostridium.sp..MP551E06",-0.474048153369456
"1116",47,"Eggerthella.lenta",-0.474048153369456
"1117",47,"Eggerthella.sp..MP163B1",6.09462698916572
"1118",47,"Lactobacillus.animalis",-0.474048153369456
"1119",47,"Megasphaera.sp..MP182G6",-0.474048153369456
"1120",47,"Paenibacillus.macerans",-0.474048153369456
"1121",47,"Romboutsia.sp..MP35A8",-0.474048153369456
"1122",47,"Sellimonas.intestinalis",-0.474048153369456
"1123",47,"Turicibacter.sp..MP236E3",-0.474048153369456
"1124",47,"Veillonella.atypica",-0.474048153369456
"1125",47,"Veillonella.dispar",-0.474048153369456
"1126",47,"X.Clostridium..citroniae",-0.474048153369456
"1127",47,"X.Clostridium..cocleatum",-0.474048153369456
"1128",47,"X.Clostridium..sp..MP626E2_ig1",-0.474048153369456
"1129",48,"Anaerotruncus.colihominis",-0.448008373308504
"1130",48,"Bacteroides.sp..MP64F12",-0.448008373308504
"1131",48,"Blautia.coccoides",-0.448008373308504
"1132",48,"Burkholderiales.bacterium",-0.448008373308504
"1133",48,"Citrobacter.werkmanii",-0.448008373308504
"1134",48,"Clostridium.clostridioforme.CAG.511",-0.448008373308504
"1135",48,"Clostridium.nexile.CAG.348",-0.448008373308504
"1136",48,"Clostridium.paraputrificum",6.79324087411804
"1137",48,"Clostridium.sp..MP113D9",-0.448008373308504
"1138",48,"Clostridium.sp..MP49A11",-0.448008373308504
"1139",48,"Clostridium.sp..MP551E06",6.0616808843719
"1140",48,"Eggerthella.lenta",-0.448008373308504
"1141",48,"Eggerthella.sp..MP163B1",-0.448008373308504
"1142",48,"Lactobacillus.animalis",9.12867366164147
"1143",48,"Megasphaera.sp..MP182G6",-0.448008373308504
"1144",48,"Paenibacillus.macerans",-0.448008373308504
"1145",48,"Romboutsia.sp..MP35A8",-0.448008373308504
"1146",48,"Sellimonas.intestinalis",-0.448008373308504
"1147",48,"Turicibacter.sp..MP236E3",-0.448008373308504
"1148",48,"Veillonella.atypica",9.65305925838122
"1149",48,"Veillonella.dispar",5.72498596269323
"1150",48,"X.Clostridium..citroniae",-0.448008373308504
"1151",48,"X.Clostridium..cocleatum",-0.448008373308504
"1152",48,"X.Clostridium..sp..MP626E2_ig1",-0.448008373308504
"1153",49,"Anaerotruncus.colihominis",-0.192150220781212
"1154",49,"Bacteroides.sp..MP64F12",-0.192150220781212
"1155",49,"Blautia.coccoides",10.0667344930632
"1156",49,"Burkholderiales.bacterium",-0.192150220781212
"1157",49,"Citrobacter.werkmanii",-0.192150220781212
"1158",49,"Clostridium.clostridioforme.CAG.511",-0.192150220781212
"1159",49,"Clostridium.nexile.CAG.348",-0.192150220781212
"1160",49,"Clostridium.paraputrificum",3.52561348013178
"1161",49,"Clostridium.sp..MP113D9",-0.192150220781212
"1162",49,"Clostridium.sp..MP49A11",-0.192150220781212
"1163",49,"Clostridium.sp..MP551E06",-0.192150220781212
"1164",49,"Eggerthella.lenta",-0.192150220781212
"1165",49,"Eggerthella.sp..MP163B1",-0.192150220781212
"1166",49,"Lactobacillus.animalis",-0.192150220781212
"1167",49,"Megasphaera.sp..MP182G6",-0.192150220781212
"1168",49,"Paenibacillus.macerans",5.20502494954778
"1169",49,"Romboutsia.sp..MP35A8",-0.192150220781212
"1170",49,"Sellimonas.intestinalis",-0.192150220781212
"1171",49,"Turicibacter.sp..MP236E3",-0.192150220781212
"1172",49,"Veillonella.atypica",7.7911441882265
"1173",49,"Veillonella.dispar",4.69801742498308
"1174",49,"X.Clostridium..citroniae",-0.192150220781212
"1175",49,"X.Clostridium..cocleatum",-0.192150220781212
"1176",49,"X.Clostridium..sp..MP626E2_ig1",-0.192150220781212
"1177",50,"Anaerotruncus.colihominis",-0.310434553071667
"1178",50,"Bacteroides.sp..MP64F12",-0.310434553071667
"1179",50,"Blautia.coccoides",-0.310434553071667
"1180",50,"Burkholderiales.bacterium",4.29789979360374
"1181",50,"Citrobacter.werkmanii",-0.310434553071667
"1182",50,"Clostridium.clostridioforme.CAG.511",-0.310434553071667
"1183",50,"Clostridium.nexile.CAG.348",-0.310434553071667
"1184",50,"Clostridium.paraputrificum",-0.310434553071667
"1185",50,"Clostridium.sp..MP113D9",-0.310434553071667
"1186",50,"Clostridium.sp..MP49A11",-0.310434553071667
"1187",50,"Clostridium.sp..MP551E06",-0.310434553071667
"1188",50,"Eggerthella.lenta",-0.310434553071667
"1189",50,"Eggerthella.sp..MP163B1",-0.310434553071667
"1190",50,"Lactobacillus.animalis",11.4904757284305
"1191",50,"Megasphaera.sp..MP182G6",-0.310434553071667
"1192",50,"Paenibacillus.macerans",9.20127038532407
"1193",50,"Romboutsia.sp..MP35A8",-0.310434553071667
"1194",50,"Sellimonas.intestinalis",-0.310434553071667
"1195",50,"Turicibacter.sp..MP236E3",-0.310434553071667
"1196",50,"Veillonella.atypica",8.42069609558594
"1197",50,"Veillonella.dispar",7.96556330094915
"1198",50,"X.Clostridium..citroniae",-0.310434553071667
"1199",50,"X.Clostridium..cocleatum",-0.310434553071667
"1200",50,"X.Clostridium..sp..MP626E2_ig1",-0.310434553071667
"1201",51,"Anaerotruncus.colihominis",4.60606186804815
"1202",51,"Bacteroides.sp..MP64F12",-0.552130513260721
"1203",51,"Blautia.coccoides",-0.552130513260721
"1204",51,"Burkholderiales.bacterium",-0.552130513260721
"1205",51,"Citrobacter.werkmanii",-0.552130513260721
"1206",51,"Clostridium.clostridioforme.CAG.511",-0.552130513260721
"1207",51,"Clostridium.nexile.CAG.348",-0.552130513260721
"1208",51,"Clostridium.paraputrificum",-0.552130513260721
"1209",51,"Clostridium.sp..MP113D9",-0.552130513260721
"1210",51,"Clostridium.sp..MP49A11",-0.552130513260721
"1211",51,"Clostridium.sp..MP551E06",-0.552130513260721
"1212",51,"Eggerthella.lenta",5.54880482231541
"1213",51,"Eggerthella.sp..MP163B1",6.9412907509107
"1214",51,"Lactobacillus.animalis",-0.552130513260721
"1215",51,"Megasphaera.sp..MP182G6",-0.552130513260721
"1216",51,"Paenibacillus.macerans",-0.552130513260721
"1217",51,"Romboutsia.sp..MP35A8",-0.552130513260721
"1218",51,"Sellimonas.intestinalis",-0.552130513260721
"1219",51,"Turicibacter.sp..MP236E3",-0.552130513260721
"1220",51,"Veillonella.atypica",-0.552130513260721
"1221",51,"Veillonella.dispar",-0.552130513260721
"1222",51,"X.Clostridium..citroniae",-0.552130513260721
"1223",51,"X.Clostridium..cocleatum",-0.552130513260721
"1224",51,"X.Clostridium..sp..MP626E2_ig1",-0.552130513260721
"1225",52,"Anaerotruncus.colihominis",-0.139443876328484
"1226",52,"Bacteroides.sp..MP64F12",-0.139443876328484
"1227",52,"Blautia.coccoides",-0.139443876328484
"1228",52,"Burkholderiales.bacterium",-0.139443876328484
"1229",52,"Citrobacter.werkmanii",-0.139443876328484
"1230",52,"Clostridium.clostridioforme.CAG.511",-0.139443876328484
"1231",52,"Clostridium.nexile.CAG.348",-0.139443876328484
"1232",52,"Clostridium.paraputrificum",-0.139443876328484
"1233",52,"Clostridium.sp..MP113D9",-0.139443876328484
"1234",52,"Clostridium.sp..MP49A11",-0.139443876328484
"1235",52,"Clostridium.sp..MP551E06",-0.139443876328484
"1236",52,"Eggerthella.lenta",-0.139443876328484
"1237",52,"Eggerthella.sp..MP163B1",-0.139443876328484
"1238",52,"Lactobacillus.animalis",10.6189914136412
"1239",52,"Megasphaera.sp..MP182G6",-0.139443876328484
"1240",52,"Paenibacillus.macerans",-0.139443876328484
"1241",52,"Romboutsia.sp..MP35A8",-0.139443876328484
"1242",52,"Sellimonas.intestinalis",-0.139443876328484
"1243",52,"Turicibacter.sp..MP236E3",-0.139443876328484
"1244",52,"Veillonella.atypica",11.7086747400349
"1245",52,"Veillonella.dispar",-0.139443876328484
"1246",52,"X.Clostridium..citroniae",-0.139443876328484
"1247",52,"X.Clostridium..cocleatum",-0.139443876328484
"1248",52,"X.Clostridium..sp..MP626E2_ig1",-0.139443876328484
"1249",53,"Anaerotruncus.colihominis",-0.633742466995081
"1250",53,"Bacteroides.sp..MP64F12",-0.633742466995081
"1251",53,"Blautia.coccoides",-0.633742466995081
"1252",53,"Burkholderiales.bacterium",-0.633742466995081
"1253",53,"Citrobacter.werkmanii",-0.633742466995081
"1254",53,"Clostridium.clostridioforme.CAG.511",-0.633742466995081
"1255",53,"Clostridium.nexile.CAG.348",-0.633742466995081
"1256",53,"Clostridium.paraputrificum",-0.633742466995081
"1257",53,"Clostridium.sp..MP113D9",-0.633742466995081
"1258",53,"Clostridium.sp..MP49A11",-0.633742466995081
"1259",53,"Clostridium.sp..MP551E06",-0.633742466995081
"1260",53,"Eggerthella.lenta",-0.633742466995081
"1261",53,"Eggerthella.sp..MP163B1",-0.633742466995081
"1262",53,"Lactobacillus.animalis",-0.633742466995081
"1263",53,"Megasphaera.sp..MP182G6",-0.633742466995081
"1264",53,"Paenibacillus.macerans",-0.633742466995081
"1265",53,"Romboutsia.sp..MP35A8",-0.633742466995081
"1266",53,"Sellimonas.intestinalis",-0.633742466995081
"1267",53,"Turicibacter.sp..MP236E3",-0.633742466995081
"1268",53,"Veillonella.atypica",9.33689995674216
"1269",53,"Veillonella.dispar",7.40699915095362
"1270",53,"X.Clostridium..citroniae",-0.633742466995081
"1271",53,"X.Clostridium..cocleatum",5.09064856898518
"1272",53,"X.Clostridium..sp..MP626E2_ig1",-0.633742466995081
"1273",54,"Anaerotruncus.colihominis",-0.456519820993817
"1274",54,"Bacteroides.sp..MP64F12",-0.456519820993817
"1275",54,"Blautia.coccoides",-0.456519820993817
"1276",54,"Burkholderiales.bacterium",6.25564019222244
"1277",54,"Citrobacter.werkmanii",-0.456519820993817
"1278",54,"Clostridium.clostridioforme.CAG.511",-0.456519820993817
"1279",54,"Clostridium.nexile.CAG.348",-0.456519820993817
"1280",54,"Clostridium.paraputrificum",-0.456519820993817
"1281",54,"Clostridium.sp..MP113D9",-0.456519820993817
"1282",54,"Clostridium.sp..MP49A11",-0.456519820993817
"1283",54,"Clostridium.sp..MP551E06",-0.456519820993817
"1284",54,"Eggerthella.lenta",-0.456519820993817
"1285",54,"Eggerthella.sp..MP163B1",-0.456519820993817
"1286",54,"Lactobacillus.animalis",-0.456519820993817
"1287",54,"Megasphaera.sp..MP182G6",-0.456519820993817
"1288",54,"Paenibacillus.macerans",-0.456519820993817
"1289",54,"Romboutsia.sp..MP35A8",-0.456519820993817
"1290",54,"Sellimonas.intestinalis",-0.456519820993817
"1291",54,"Turicibacter.sp..MP236E3",-0.456519820993817
"1292",54,"Veillonella.atypica",8.14889746018586
"1293",54,"Veillonella.dispar",6.29500920750533
"1294",54,"X.Clostridium..citroniae",-0.456519820993817
"1295",54,"X.Clostridium..cocleatum",-0.456519820993817
"1296",54,"X.Clostridium..sp..MP626E2_ig1",-0.456519820993817
"1297",55,"Anaerotruncus.colihominis",-0.45993020504052
"1298",55,"Bacteroides.sp..MP64F12",-0.45993020504052
"1299",55,"Blautia.coccoides",8.56542072170088
"1300",55,"Burkholderiales.bacterium",-0.45993020504052
"1301",55,"Citrobacter.werkmanii",-0.45993020504052
"1302",55,"Clostridium.clostridioforme.CAG.511",-0.45993020504052
"1303",55,"Clostridium.nexile.CAG.348",-0.45993020504052
"1304",55,"Clostridium.paraputrificum",-0.45993020504052
"1305",55,"Clostridium.sp..MP113D9",-0.45993020504052
"1306",55,"Clostridium.sp..MP49A11",-0.45993020504052
"1307",55,"Clostridium.sp..MP551E06",-0.45993020504052
"1308",55,"Eggerthella.lenta",-0.45993020504052
"1309",55,"Eggerthella.sp..MP163B1",-0.45993020504052
"1310",55,"Lactobacillus.animalis",-0.45993020504052
"1311",55,"Megasphaera.sp..MP182G6",-0.45993020504052
"1312",55,"Paenibacillus.macerans",-0.45993020504052
"1313",55,"Romboutsia.sp..MP35A8",-0.45993020504052
"1314",55,"Sellimonas.intestinalis",-0.45993020504052
"1315",55,"Turicibacter.sp..MP236E3",-0.45993020504052
"1316",55,"Veillonella.atypica",-0.45993020504052
"1317",55,"Veillonella.dispar",-0.45993020504052
"1318",55,"X.Clostridium..citroniae",-0.45993020504052
"1319",55,"X.Clostridium..cocleatum",-0.45993020504052
"1320",55,"X.Clostridium..sp..MP626E2_ig1",-0.45993020504052
"1321",56,"Anaerotruncus.colihominis",-0.40622855878574
"1322",56,"Bacteroides.sp..MP64F12",-0.40622855878574
"1323",56,"Blautia.coccoides",-0.40622855878574
"1324",56,"Burkholderiales.bacterium",-0.40622855878574
"1325",56,"Citrobacter.werkmanii",-0.40622855878574
"1326",56,"Clostridium.clostridioforme.CAG.511",10.9522037278219
"1327",56,"Clostridium.nexile.CAG.348",6.13428092904669
"1328",56,"Clostridium.paraputrificum",-0.40622855878574
"1329",56,"Clostridium.sp..MP113D9",-0.40622855878574
"1330",56,"Clostridium.sp..MP49A11",-0.40622855878574
"1331",56,"Clostridium.sp..MP551E06",-0.40622855878574
"1332",56,"Eggerthella.lenta",-0.40622855878574
"1333",56,"Eggerthella.sp..MP163B1",-0.40622855878574
"1334",56,"Lactobacillus.animalis",-0.40622855878574
"1335",56,"Megasphaera.sp..MP182G6",-0.40622855878574
"1336",56,"Paenibacillus.macerans",-0.40622855878574
"1337",56,"Romboutsia.sp..MP35A8",-0.40622855878574
"1338",56,"Sellimonas.intestinalis",-0.40622855878574
"1339",56,"Turicibacter.sp..MP236E3",-0.40622855878574
"1340",56,"Veillonella.atypica",-0.40622855878574
"1341",56,"Veillonella.dispar",-0.40622855878574
"1342",56,"X.Clostridium..citroniae",-0.40622855878574
"1343",56,"X.Clostridium..cocleatum",-0.40622855878574
"1344",56,"X.Clostridium..sp..MP626E2_ig1",-0.40622855878574
"1345",57,"Anaerotruncus.colihominis",-0.733198286514289
"1346",57,"Bacteroides.sp..MP64F12",-0.733198286514289
"1347",57,"Blautia.coccoides",-0.733198286514289
"1348",57,"Burkholderiales.bacterium",-0.733198286514289
"1349",57,"Citrobacter.werkmanii",-0.733198286514289
"1350",57,"Clostridium.clostridioforme.CAG.511",-0.733198286514289
"1351",57,"Clostridium.nexile.CAG.348",-0.733198286514289
"1352",57,"Clostridium.paraputrificum",-0.733198286514289
"1353",57,"Clostridium.sp..MP113D9",-0.733198286514289
"1354",57,"Clostridium.sp..MP49A11",-0.733198286514289
"1355",57,"Clostridium.sp..MP551E06",-0.733198286514289
"1356",57,"Eggerthella.lenta",-0.733198286514289
"1357",57,"Eggerthella.sp..MP163B1",-0.733198286514289
"1358",57,"Lactobacillus.animalis",-0.733198286514289
"1359",57,"Megasphaera.sp..MP182G6",-0.733198286514289
"1360",57,"Paenibacillus.macerans",-0.733198286514289
"1361",57,"Romboutsia.sp..MP35A8",-0.733198286514289
"1362",57,"Sellimonas.intestinalis",-0.733198286514289
"1363",57,"Turicibacter.sp..MP236E3",-0.733198286514289
"1364",57,"Veillonella.atypica",-0.733198286514289
"1365",57,"Veillonella.dispar",-0.733198286514289
"1366",57,"X.Clostridium..citroniae",-0.733198286514289
"1367",57,"X.Clostridium..cocleatum",-0.733198286514289
"1368",57,"X.Clostridium..sp..MP626E2_ig1",-0.733198286514289
"1369",58,"Anaerotruncus.colihominis",-0.330620042587814
"1370",58,"Bacteroides.sp..MP64F12",-0.330620042587814
"1371",58,"Blautia.coccoides",-0.330620042587814
"1372",58,"Burkholderiales.bacterium",-0.330620042587814
"1373",58,"Citrobacter.werkmanii",-0.330620042587814
"1374",58,"Clostridium.clostridioforme.CAG.511",-0.330620042587814
"1375",58,"Clostridium.nexile.CAG.348",-0.330620042587814
"1376",58,"Clostridium.paraputrificum",-0.330620042587814
"1377",58,"Clostridium.sp..MP113D9",-0.330620042587814
"1378",58,"Clostridium.sp..MP49A11",-0.330620042587814
"1379",58,"Clostridium.sp..MP551E06",-0.330620042587814
"1380",58,"Eggerthella.lenta",-0.330620042587814
"1381",58,"Eggerthella.sp..MP163B1",-0.330620042587814
"1382",58,"Lactobacillus.animalis",-0.330620042587814
"1383",58,"Megasphaera.sp..MP182G6",-0.330620042587814
"1384",58,"Paenibacillus.macerans",-0.330620042587814
"1385",58,"Romboutsia.sp..MP35A8",-0.330620042587814
"1386",58,"Sellimonas.intestinalis",-0.330620042587814
"1387",58,"Turicibacter.sp..MP236E3",-0.330620042587814
"1388",58,"Veillonella.atypica",8.82639480369704
"1389",58,"Veillonella.dispar",-0.330620042587814
"1390",58,"X.Clostridium..citroniae",-0.330620042587814
"1391",58,"X.Clostridium..cocleatum",-0.330620042587814
"1392",58,"X.Clostridium..sp..MP626E2_ig1",-0.330620042587814
"1393",59,"Anaerotruncus.colihominis",-0.444886040813415
"1394",59,"Bacteroides.sp..MP64F12",-0.444886040813415
"1395",59,"Blautia.coccoides",8.78555272125248
"1396",59,"Burkholderiales.bacterium",-0.444886040813415
"1397",59,"Citrobacter.werkmanii",-0.444886040813415
"1398",59,"Clostridium.clostridioforme.CAG.511",-0.444886040813415
"1399",59,"Clostridium.nexile.CAG.348",-0.444886040813415
"1400",59,"Clostridium.paraputrificum",7.2112111207195
"1401",59,"Clostridium.sp..MP113D9",-0.444886040813415
"1402",59,"Clostridium.sp..MP49A11",-0.444886040813415
"1403",59,"Clostridium.sp..MP551E06",8.03229358327891
"1404",59,"Eggerthella.lenta",-0.444886040813415
"1405",59,"Eggerthella.sp..MP163B1",-0.444886040813415
"1406",59,"Lactobacillus.animalis",6.25931141696291
"1407",59,"Megasphaera.sp..MP182G6",-0.444886040813415
"1408",59,"Paenibacillus.macerans",-0.444886040813415
"1409",59,"Romboutsia.sp..MP35A8",-0.444886040813415
"1410",59,"Sellimonas.intestinalis",-0.444886040813415
"1411",59,"Turicibacter.sp..MP236E3",-0.444886040813415
"1412",59,"Veillonella.atypica",9.40037972537623
"1413",59,"Veillonella.dispar",-0.444886040813415
"1414",59,"X.Clostridium..citroniae",-0.444886040813415
"1415",59,"X.Clostridium..cocleatum",-0.444886040813415
"1416",59,"X.Clostridium..sp..MP626E2_ig1",-0.444886040813415
"1417",60,"Anaerotruncus.colihominis",-0.676353916555049
"1418",60,"Bacteroides.sp..MP64F12",-0.676353916555049
"1419",60,"Blautia.coccoides",5.96423981126698
"1420",60,"Burkholderiales.bacterium",-0.676353916555049
"1421",60,"Citrobacter.werkmanii",-0.676353916555049
"1422",60,"Clostridium.clostridioforme.CAG.511",-0.676353916555049
"1423",60,"Clostridium.nexile.CAG.348",-0.676353916555049
"1424",60,"Clostridium.paraputrificum",-0.676353916555049
"1425",60,"Clostridium.sp..MP113D9",-0.676353916555049
"1426",60,"Clostridium.sp..MP49A11",-0.676353916555049
"1427",60,"Clostridium.sp..MP551E06",-0.676353916555049
"1428",60,"Eggerthella.lenta",7.03162401894316
"1429",60,"Eggerthella.sp..MP163B1",6.34449572633642
"1430",60,"Lactobacillus.animalis",-0.676353916555049
"1431",60,"Megasphaera.sp..MP182G6",-0.676353916555049
"1432",60,"Paenibacillus.macerans",-0.676353916555049
"1433",60,"Romboutsia.sp..MP35A8",-0.676353916555049
"1434",60,"Sellimonas.intestinalis",-0.676353916555049
"1435",60,"Turicibacter.sp..MP236E3",-0.676353916555049
"1436",60,"Veillonella.atypica",-0.676353916555049
"1437",60,"Veillonella.dispar",-0.676353916555049
"1438",60,"X.Clostridium..citroniae",-0.676353916555049
"1439",60,"X.Clostridium..cocleatum",4.38888748120482
"1440",60,"X.Clostridium..sp..MP626E2_ig1",-0.676353916555049
"1441",61,"Anaerotruncus.colihominis",6.78135399187487
"1442",61,"Bacteroides.sp..MP64F12",-0.325319173930025
"1443",61,"Blautia.coccoides",10.1249452889435
"1444",61,"Burkholderiales.bacterium",-0.325319173930025
"1445",61,"Citrobacter.werkmanii",4.0468718636702
"1446",61,"Clostridium.clostridioforme.CAG.511",-0.325319173930025
"1447",61,"Clostridium.nexile.CAG.348",-0.325319173930025
"1448",61,"Clostridium.paraputrificum",-0.325319173930025
"1449",61,"Clostridium.sp..MP113D9",-0.325319173930025
"1450",61,"Clostridium.sp..MP49A11",8.93849945284122
"1451",61,"Clostridium.sp..MP551E06",-0.325319173930025
"1452",61,"Eggerthella.lenta",-0.325319173930025
"1453",61,"Eggerthella.sp..MP163B1",-0.325319173930025
"1454",61,"Lactobacillus.animalis",-0.325319173930025
"1455",61,"Megasphaera.sp..MP182G6",-0.325319173930025
"1456",61,"Paenibacillus.macerans",-0.325319173930025
"1457",61,"Romboutsia.sp..MP35A8",-0.325319173930025
"1458",61,"Sellimonas.intestinalis",9.56887951970186
"1459",61,"Turicibacter.sp..MP236E3",-0.325319173930025
"1460",61,"Veillonella.atypica",-0.325319173930025
"1461",61,"Veillonella.dispar",3.08158912696554
"1462",61,"X.Clostridium..citroniae",-0.325319173930025
"1463",61,"X.Clostridium..cocleatum",6.27467713869712
"1464",61,"X.Clostridium..sp..MP626E2_ig1",-0.325319173930025
"1465",62,"Anaerotruncus.colihominis",-0.548443848537577
"1466",62,"Bacteroides.sp..MP64F12",-0.548443848537577
"1467",62,"Blautia.coccoides",-0.548443848537577
"1468",62,"Burkholderiales.bacterium",-0.548443848537577
"1469",62,"Citrobacter.werkmanii",-0.548443848537577
"1470",62,"Clostridium.clostridioforme.CAG.511",8.90156279507586
"1471",62,"Clostridium.nexile.CAG.348",7.57417271882469
"1472",62,"Clostridium.paraputrificum",4.10156271963337
"1473",62,"Clostridium.sp..MP113D9",-0.548443848537577
"1474",62,"Clostridium.sp..MP49A11",5.86469159287749
"1475",62,"Clostridium.sp..MP551E06",-0.548443848537577
"1476",62,"Eggerthella.lenta",6.21273515628393
"1477",62,"Eggerthella.sp..MP163B1",-0.548443848537577
"1478",62,"Lactobacillus.animalis",-0.548443848537577
"1479",62,"Megasphaera.sp..MP182G6",-0.548443848537577
"1480",62,"Paenibacillus.macerans",2.7824295000629
"1481",62,"Romboutsia.sp..MP35A8",-0.548443848537577
"1482",62,"Sellimonas.intestinalis",-0.548443848537577
"1483",62,"Turicibacter.sp..MP236E3",-0.548443848537577
"1484",62,"Veillonella.atypica",7.04654932793799
"1485",62,"Veillonella.dispar",6.05074562963987
"1486",62,"X.Clostridium..citroniae",-0.548443848537577
"1487",62,"X.Clostridium..cocleatum",-0.548443848537577
"1488",62,"X.Clostridium..sp..MP626E2_ig1",-0.548443848537577
"1489",63,"Anaerotruncus.colihominis",-0.450871376095101
"1490",63,"Bacteroides.sp..MP64F12",-0.450871376095101
"1491",63,"Blautia.coccoides",8.37960744138071
"1492",63,"Burkholderiales.bacterium",-0.450871376095101
"1493",63,"Citrobacter.werkmanii",-0.450871376095101
"1494",63,"Clostridium.clostridioforme.CAG.511",-0.450871376095101
"1495",63,"Clostridium.nexile.CAG.348",-0.450871376095101
"1496",63,"Clostridium.paraputrificum",-0.450871376095101
"1497",63,"Clostridium.sp..MP113D9",-0.450871376095101
"1498",63,"Clostridium.sp..MP49A11",-0.450871376095101
"1499",63,"Clostridium.sp..MP551E06",-0.450871376095101
"1500",63,"Eggerthella.lenta",-0.450871376095101
"1501",63,"Eggerthella.sp..MP163B1",-0.450871376095101
"1502",63,"Lactobacillus.animalis",-0.450871376095101
"1503",63,"Megasphaera.sp..MP182G6",-0.450871376095101
"1504",63,"Paenibacillus.macerans",-0.450871376095101
"1505",63,"Romboutsia.sp..MP35A8",-0.450871376095101
"1506",63,"Sellimonas.intestinalis",-0.450871376095101
"1507",63,"Turicibacter.sp..MP236E3",-0.450871376095101
"1508",63,"Veillonella.atypica",-0.450871376095101
"1509",63,"Veillonella.dispar",-0.450871376095101
"1510",63,"X.Clostridium..citroniae",-0.450871376095101
"1511",63,"X.Clostridium..cocleatum",-0.450871376095101
"1512",63,"X.Clostridium..sp..MP626E2_ig1",-0.450871376095101
"1513",64,"Anaerotruncus.colihominis",7.55672924341221
"1514",64,"Bacteroides.sp..MP64F12",-0.39632168326702
"1515",64,"Blautia.coccoides",9.92207811293374
"1516",64,"Burkholderiales.bacterium",-0.39632168326702
"1517",64,"Citrobacter.werkmanii",3.33762800137331
"1518",64,"Clostridium.clostridioforme.CAG.511",-0.39632168326702
"1519",64,"Clostridium.nexile.CAG.348",-0.39632168326702
"1520",64,"Clostridium.paraputrificum",-0.39632168326702
"1521",64,"Clostridium.sp..MP113D9",-0.39632168326702
"1522",64,"Clostridium.sp..MP49A11",-0.39632168326702
"1523",64,"Clostridium.sp..MP551E06",-0.39632168326702
"1524",64,"Eggerthella.lenta",-0.39632168326702
"1525",64,"Eggerthella.sp..MP163B1",-0.39632168326702
"1526",64,"Lactobacillus.animalis",-0.39632168326702
"1527",64,"Megasphaera.sp..MP182G6",-0.39632168326702
"1528",64,"Paenibacillus.macerans",-0.39632168326702
"1529",64,"Romboutsia.sp..MP35A8",-0.39632168326702
"1530",64,"Sellimonas.intestinalis",9.79166632835037
"1531",64,"Turicibacter.sp..MP236E3",-0.39632168326702
"1532",64,"Veillonella.atypica",-0.39632168326702
"1533",64,"Veillonella.dispar",-0.39632168326702
"1534",64,"X.Clostridium..citroniae",-0.39632168326702
"1535",64,"X.Clostridium..cocleatum",7.58384502072459
"1536",64,"X.Clostridium..sp..MP626E2_ig1",-0.39632168326702
"1537",65,"Anaerotruncus.colihominis",-0.393836546655233
"1538",65,"Bacteroides.sp..MP64F12",-0.393836546655233
"1539",65,"Blautia.coccoides",-0.393836546655233
"1540",65,"Burkholderiales.bacterium",-0.393836546655233
"1541",65,"Citrobacter.werkmanii",-0.393836546655233
"1542",65,"Clostridium.clostridioforme.CAG.511",-0.393836546655233
"1543",65,"Clostridium.nexile.CAG.348",-0.393836546655233
"1544",65,"Clostridium.paraputrificum",6.48031052575566
"1545",65,"Clostridium.sp..MP113D9",4.9458152219407
"1546",65,"Clostridium.sp..MP49A11",-0.393836546655233
"1547",65,"Clostridium.sp..MP551E06",-0.393836546655233
"1548",65,"Eggerthella.lenta",8.72986866936564
"1549",65,"Eggerthella.sp..MP163B1",4.02806465948172
"1550",65,"Lactobacillus.animalis",-0.393836546655233
"1551",65,"Megasphaera.sp..MP182G6",-0.393836546655233
"1552",65,"Paenibacillus.macerans",7.10470029128449
"1553",65,"Romboutsia.sp..MP35A8",-0.393836546655233
"1554",65,"Sellimonas.intestinalis",-0.393836546655233
"1555",65,"Turicibacter.sp..MP236E3",-0.393836546655233
"1556",65,"Veillonella.atypica",-0.393836546655233
"1557",65,"Veillonella.dispar",-0.393836546655233
"1558",65,"X.Clostridium..citroniae",-0.393836546655233
"1559",65,"X.Clostridium..cocleatum",5.86790029151857
"1560",65,"X.Clostridium..sp..MP626E2_ig1",-0.393836546655233
"1561",66,"Anaerotruncus.colihominis",-0.181116606769201
"1562",66,"Bacteroides.sp..MP64F12",-0.181116606769201
"1563",66,"Blautia.coccoides",-0.181116606769201
"1564",66,"Burkholderiales.bacterium",-0.181116606769201
"1565",66,"Citrobacter.werkmanii",-0.181116606769201
"1566",66,"Clostridium.clostridioforme.CAG.511",-0.181116606769201
"1567",66,"Clostridium.nexile.CAG.348",-0.181116606769201
"1568",66,"Clostridium.paraputrificum",-0.181116606769201
"1569",66,"Clostridium.sp..MP113D9",-0.181116606769201
"1570",66,"Clostridium.sp..MP49A11",-0.181116606769201
"1571",66,"Clostridium.sp..MP551E06",-0.181116606769201
"1572",66,"Eggerthella.lenta",-0.181116606769201
"1573",66,"Eggerthella.sp..MP163B1",-0.181116606769201
"1574",66,"Lactobacillus.animalis",-0.181116606769201
"1575",66,"Megasphaera.sp..MP182G6",-0.181116606769201
"1576",66,"Paenibacillus.macerans",-0.181116606769201
"1577",66,"Romboutsia.sp..MP35A8",-0.181116606769201
"1578",66,"Sellimonas.intestinalis",-0.181116606769201
"1579",66,"Turicibacter.sp..MP236E3",-0.181116606769201
"1580",66,"Veillonella.atypica",-0.181116606769201
"1581",66,"Veillonella.dispar",-0.181116606769201
"1582",66,"X.Clostridium..citroniae",-0.181116606769201
"1583",66,"X.Clostridium..cocleatum",-0.181116606769201
"1584",66,"X.Clostridium..sp..MP626E2_ig1",-0.181116606769201
"1585",67,"Anaerotruncus.colihominis",-0.143778409906835
"1586",67,"Bacteroides.sp..MP64F12",-0.143778409906835
"1587",67,"Blautia.coccoides",-0.143778409906835
"1588",67,"Burkholderiales.bacterium",-0.143778409906835
"1589",67,"Citrobacter.werkmanii",-0.143778409906835
"1590",67,"Clostridium.clostridioforme.CAG.511",-0.143778409906835
"1591",67,"Clostridium.nexile.CAG.348",-0.143778409906835
"1592",67,"Clostridium.paraputrificum",-0.143778409906835
"1593",67,"Clostridium.sp..MP113D9",-0.143778409906835
"1594",67,"Clostridium.sp..MP49A11",-0.143778409906835
"1595",67,"Clostridium.sp..MP551E06",-0.143778409906835
"1596",67,"Eggerthella.lenta",-0.143778409906835
"1597",67,"Eggerthella.sp..MP163B1",-0.143778409906835
"1598",67,"Lactobacillus.animalis",-0.143778409906835
"1599",67,"Megasphaera.sp..MP182G6",-0.143778409906835
"1600",67,"Paenibacillus.macerans",-0.143778409906835
"1601",67,"Romboutsia.sp..MP35A8",-0.143778409906835
"1602",67,"Sellimonas.intestinalis",-0.143778409906835
"1603",67,"Turicibacter.sp..MP236E3",-0.143778409906835
"1604",67,"Veillonella.atypica",9.70194470018029
"1605",67,"Veillonella.dispar",7.17114045439299
"1606",67,"X.Clostridium..citroniae",-0.143778409906835
"1607",67,"X.Clostridium..cocleatum",-0.143778409906835
"1608",67,"X.Clostridium..sp..MP626E2_ig1",-0.143778409906835
"1609",68,"Anaerotruncus.colihominis",-0.113078772422108
"1610",68,"Bacteroides.sp..MP64F12",-0.113078772422108
"1611",68,"Blautia.coccoides",9.67877974824363
"1612",68,"Burkholderiales.bacterium",-0.113078772422108
"1613",68,"Citrobacter.werkmanii",-0.113078772422108
"1614",68,"Clostridium.clostridioforme.CAG.511",-0.113078772422108
"1615",68,"Clostridium.nexile.CAG.348",-0.113078772422108
"1616",68,"Clostridium.paraputrificum",-0.113078772422108
"1617",68,"Clostridium.sp..MP113D9",-0.113078772422108
"1618",68,"Clostridium.sp..MP49A11",-0.113078772422108
"1619",68,"Clostridium.sp..MP551E06",-0.113078772422108
"1620",68,"Eggerthella.lenta",-0.113078772422108
"1621",68,"Eggerthella.sp..MP163B1",-0.113078772422108
"1622",68,"Lactobacillus.animalis",-0.113078772422108
"1623",68,"Megasphaera.sp..MP182G6",-0.113078772422108
"1624",68,"Paenibacillus.macerans",3.95103268261456
"1625",68,"Romboutsia.sp..MP35A8",-0.113078772422108
"1626",68,"Sellimonas.intestinalis",-0.113078772422108
"1627",68,"Turicibacter.sp..MP236E3",-0.113078772422108
"1628",68,"Veillonella.atypica",-0.113078772422108
"1629",68,"Veillonella.dispar",10.2187143013045
"1630",68,"X.Clostridium..citroniae",-0.113078772422108
"1631",68,"X.Clostridium..cocleatum",-0.113078772422108
"1632",68,"X.Clostridium..sp..MP626E2_ig1",-0.113078772422108
"1633",69,"Anaerotruncus.colihominis",-0.263020486560968
"1634",69,"Bacteroides.sp..MP64F12",-0.263020486560968
"1635",69,"Blautia.coccoides",-0.263020486560968
"1636",69,"Burkholderiales.bacterium",-0.263020486560968
"1637",69,"Citrobacter.werkmanii",-0.263020486560968
"1638",69,"Clostridium.clostridioforme.CAG.511",-0.263020486560968
"1639",69,"Clostridium.nexile.CAG.348",-0.263020486560968
"1640",69,"Clostridium.paraputrificum",-0.263020486560968
"1641",69,"Clostridium.sp..MP113D9",-0.263020486560968
"1642",69,"Clostridium.sp..MP49A11",-0.263020486560968
"1643",69,"Clostridium.sp..MP551E06",-0.263020486560968
"1644",69,"Eggerthella.lenta",-0.263020486560968
"1645",69,"Eggerthella.sp..MP163B1",-0.263020486560968
"1646",69,"Lactobacillus.animalis",12.4717060729918
"1647",69,"Megasphaera.sp..MP182G6",-0.263020486560968
"1648",69,"Paenibacillus.macerans",-0.263020486560968
"1649",69,"Romboutsia.sp..MP35A8",-0.263020486560968
"1650",69,"Sellimonas.intestinalis",-0.263020486560968
"1651",69,"Turicibacter.sp..MP236E3",-0.263020486560968
"1652",69,"Veillonella.atypica",9.133448184874
"1653",69,"Veillonella.dispar",9.30470334764513
"1654",69,"X.Clostridium..citroniae",-0.263020486560968
"1655",69,"X.Clostridium..cocleatum",-0.263020486560968
"1656",69,"X.Clostridium..sp..MP626E2_ig1",-0.263020486560968
"1657",70,"Anaerotruncus.colihominis",4.35045047924931
"1658",70,"Bacteroides.sp..MP64F12",-1.04910944637983
"1659",70,"Blautia.coccoides",-1.04910944637983
"1660",70,"Burkholderiales.bacterium",-1.04910944637983
"1661",70,"Citrobacter.werkmanii",-1.04910944637983
"1662",70,"Clostridium.clostridioforme.CAG.511",-1.04910944637983
"1663",70,"Clostridium.nexile.CAG.348",-1.04910944637983
"1664",70,"Clostridium.paraputrificum",-1.04910944637983
"1665",70,"Clostridium.sp..MP113D9",-1.04910944637983
"1666",70,"Clostridium.sp..MP49A11",-1.04910944637983
"1667",70,"Clostridium.sp..MP551E06",-1.04910944637983
"1668",70,"Eggerthella.lenta",6.35524754173019
"1669",70,"Eggerthella.sp..MP163B1",4.38116252196274
"1670",70,"Lactobacillus.animalis",-1.04910944637983
"1671",70,"Megasphaera.sp..MP182G6",-1.04910944637983
"1672",70,"Paenibacillus.macerans",-1.04910944637983
"1673",70,"Romboutsia.sp..MP35A8",-1.04910944637983
"1674",70,"Sellimonas.intestinalis",7.23197330643175
"1675",70,"Turicibacter.sp..MP236E3",-1.04910944637983
"1676",70,"Veillonella.atypica",-1.04910944637983
"1677",70,"Veillonella.dispar",-1.04910944637983
"1678",70,"X.Clostridium..citroniae",5.018283149739
"1679",70,"X.Clostridium..cocleatum",-1.04910944637983
"1680",70,"X.Clostridium..sp..MP626E2_ig1",4.28871136332481
"1681",71,"Anaerotruncus.colihominis",-0.448511956450679
"1682",71,"Bacteroides.sp..MP64F12",-0.448511956450679
"1683",71,"Blautia.coccoides",8.18297157555569
"1684",71,"Burkholderiales.bacterium",-0.448511956450679
"1685",71,"Citrobacter.werkmanii",-0.448511956450679
"1686",71,"Clostridium.clostridioforme.CAG.511",-0.448511956450679
"1687",71,"Clostridium.nexile.CAG.348",-0.448511956450679
"1688",71,"Clostridium.paraputrificum",-0.448511956450679
"1689",71,"Clostridium.sp..MP113D9",-0.448511956450679
"1690",71,"Clostridium.sp..MP49A11",-0.448511956450679
"1691",71,"Clostridium.sp..MP551E06",-0.448511956450679
"1692",71,"Eggerthella.lenta",-0.448511956450679
"1693",71,"Eggerthella.sp..MP163B1",-0.448511956450679
"1694",71,"Lactobacillus.animalis",-0.448511956450679
"1695",71,"Megasphaera.sp..MP182G6",-0.448511956450679
"1696",71,"Paenibacillus.macerans",-0.448511956450679
"1697",71,"Romboutsia.sp..MP35A8",-0.448511956450679
"1698",71,"Sellimonas.intestinalis",-0.448511956450679
"1699",71,"Turicibacter.sp..MP236E3",0.180619925296593
"1700",71,"Veillonella.atypica",10.1428536750977
"1701",71,"Veillonella.dispar",8.18748422128299
"1702",71,"X.Clostridium..citroniae",-0.448511956450679
"1703",71,"X.Clostridium..cocleatum",-0.448511956450679
"1704",71,"X.Clostridium..sp..MP626E2_ig1",-0.448511956450679
"1705",72,"Anaerotruncus.colihominis",-0.5721451994555
"1706",72,"Bacteroides.sp..MP64F12",-0.5721451994555
"1707",72,"Blautia.coccoides",6.59113417327466
"1708",72,"Burkholderiales.bacterium",-0.5721451994555
"1709",72,"Citrobacter.werkmanii",-0.5721451994555
"1710",72,"Clostridium.clostridioforme.CAG.511",-0.5721451994555
"1711",72,"Clostridium.nexile.CAG.348",8.28519511275809
"1712",72,"Clostridium.paraputrificum",-0.5721451994555
"1713",72,"Clostridium.sp..MP113D9",-0.5721451994555
"1714",72,"Clostridium.sp..MP49A11",-0.5721451994555
"1715",72,"Clostridium.sp..MP551E06",-0.5721451994555
"1716",72,"Eggerthella.lenta",-0.5721451994555
"1717",72,"Eggerthella.sp..MP163B1",-0.5721451994555
"1718",72,"Lactobacillus.animalis",-0.5721451994555
"1719",72,"Megasphaera.sp..MP182G6",-0.5721451994555
"1720",72,"Paenibacillus.macerans",-0.5721451994555
"1721",72,"Romboutsia.sp..MP35A8",-0.5721451994555
"1722",72,"Sellimonas.intestinalis",9.41166774993498
"1723",72,"Turicibacter.sp..MP236E3",-0.5721451994555
"1724",72,"Veillonella.atypica",-0.5721451994555
"1725",72,"Veillonella.dispar",-0.5721451994555
"1726",72,"X.Clostridium..citroniae",-0.5721451994555
"1727",72,"X.Clostridium..cocleatum",2.65819125205139
"1728",72,"X.Clostridium..sp..MP626E2_ig1",-0.5721451994555
"1729",73,"Anaerotruncus.colihominis",-0.227833118580472
"1730",73,"Bacteroides.sp..MP64F12",-0.227833118580472
"1731",73,"Blautia.coccoides",-0.227833118580472
"1732",73,"Burkholderiales.bacterium",-0.227833118580472
"1733",73,"Citrobacter.werkmanii",-0.227833118580472
"1734",73,"Clostridium.clostridioforme.CAG.511",-0.227833118580472
"1735",73,"Clostridium.nexile.CAG.348",-0.227833118580472
"1736",73,"Clostridium.paraputrificum",-0.227833118580472
"1737",73,"Clostridium.sp..MP113D9",-0.227833118580472
"1738",73,"Clostridium.sp..MP49A11",-0.227833118580472
"1739",73,"Clostridium.sp..MP551E06",-0.227833118580472
"1740",73,"Eggerthella.lenta",-0.227833118580472
"1741",73,"Eggerthella.sp..MP163B1",-0.227833118580472
"1742",73,"Lactobacillus.animalis",-0.227833118580472
"1743",73,"Megasphaera.sp..MP182G6",-0.227833118580472
"1744",73,"Paenibacillus.macerans",-0.227833118580472
"1745",73,"Romboutsia.sp..MP35A8",-0.227833118580472
"1746",73,"Sellimonas.intestinalis",-0.227833118580472
"1747",73,"Turicibacter.sp..MP236E3",-0.227833118580472
"1748",73,"Veillonella.atypica",8.6722611311686
"1749",73,"Veillonella.dispar",-0.227833118580472
"1750",73,"X.Clostridium..citroniae",-0.227833118580472
"1751",73,"X.Clostridium..cocleatum",-0.227833118580472
"1752",73,"X.Clostridium..sp..MP626E2_ig1",-0.227833118580472
"1753",74,"Anaerotruncus.colihominis",-0.156561649875936
"1754",74,"Bacteroides.sp..MP64F12",-0.156561649875936
"1755",74,"Blautia.coccoides",-0.156561649875936
"1756",74,"Burkholderiales.bacterium",-0.156561649875936
"1757",74,"Citrobacter.werkmanii",-0.156561649875936
"1758",74,"Clostridium.clostridioforme.CAG.511",-0.156561649875936
"1759",74,"Clostridium.nexile.CAG.348",-0.156561649875936
"1760",74,"Clostridium.paraputrificum",-0.156561649875936
"1761",74,"Clostridium.sp..MP113D9",-0.156561649875936
"1762",74,"Clostridium.sp..MP49A11",-0.156561649875936
"1763",74,"Clostridium.sp..MP551E06",-0.156561649875936
"1764",74,"Eggerthella.lenta",-0.156561649875936
"1765",74,"Eggerthella.sp..MP163B1",-0.156561649875936
"1766",74,"Lactobacillus.animalis",-0.156561649875936
"1767",74,"Megasphaera.sp..MP182G6",-0.156561649875936
"1768",74,"Paenibacillus.macerans",-0.156561649875936
"1769",74,"Romboutsia.sp..MP35A8",-0.156561649875936
"1770",74,"Sellimonas.intestinalis",-0.156561649875936
"1771",74,"Turicibacter.sp..MP236E3",-0.156561649875936
"1772",74,"Veillonella.atypica",10.0447612640443
"1773",74,"Veillonella.dispar",-0.156561649875936
"1774",74,"X.Clostridium..citroniae",-0.156561649875936
"1775",74,"X.Clostridium..cocleatum",-0.156561649875936
"1776",74,"X.Clostridium..sp..MP626E2_ig1",-0.156561649875936
"1777",75,"Anaerotruncus.colihominis",-0.299809065319756
"1778",75,"Bacteroides.sp..MP64F12",-0.299809065319756
"1779",75,"Blautia.coccoides",-0.299809065319756
"1780",75,"Burkholderiales.bacterium",-0.299809065319756
"1781",75,"Citrobacter.werkmanii",-0.299809065319756
"1782",75,"Clostridium.clostridioforme.CAG.511",-0.299809065319756
"1783",75,"Clostridium.nexile.CAG.348",-0.299809065319756
"1784",75,"Clostridium.paraputrificum",-0.299809065319756
"1785",75,"Clostridium.sp..MP113D9",-0.299809065319756
"1786",75,"Clostridium.sp..MP49A11",-0.299809065319756
"1787",75,"Clostridium.sp..MP551E06",-0.299809065319756
"1788",75,"Eggerthella.lenta",-0.299809065319756
"1789",75,"Eggerthella.sp..MP163B1",-0.299809065319756
"1790",75,"Lactobacillus.animalis",-0.299809065319756
"1791",75,"Megasphaera.sp..MP182G6",7.36342223945321
"1792",75,"Paenibacillus.macerans",-0.299809065319756
"1793",75,"Romboutsia.sp..MP35A8",5.92731101293299
"1794",75,"Sellimonas.intestinalis",-0.299809065319756
"1795",75,"Turicibacter.sp..MP236E3",-0.299809065319756
"1796",75,"Veillonella.atypica",-0.299809065319756
"1797",75,"Veillonella.dispar",-0.299809065319756
"1798",75,"X.Clostridium..citroniae",-0.299809065319756
"1799",75,"X.Clostridium..cocleatum",-0.299809065319756
"1800",75,"X.Clostridium..sp..MP626E2_ig1",-0.299809065319756
"1801",76,"Anaerotruncus.colihominis",-0.239582735045115
"1802",76,"Bacteroides.sp..MP64F12",-0.239582735045115
"1803",76,"Blautia.coccoides",-0.239582735045115
"1804",76,"Burkholderiales.bacterium",-0.239582735045115
"1805",76,"Citrobacter.werkmanii",-0.239582735045115
"1806",76,"Clostridium.clostridioforme.CAG.511",-0.239582735045115
"1807",76,"Clostridium.nexile.CAG.348",-0.239582735045115
"1808",76,"Clostridium.paraputrificum",-0.239582735045115
"1809",76,"Clostridium.sp..MP113D9",-0.239582735045115
"1810",76,"Clostridium.sp..MP49A11",-0.239582735045115
"1811",76,"Clostridium.sp..MP551E06",-0.239582735045115
"1812",76,"Eggerthella.lenta",-0.239582735045115
"1813",76,"Eggerthella.sp..MP163B1",-0.239582735045115
"1814",76,"Lactobacillus.animalis",-0.239582735045115
"1815",76,"Megasphaera.sp..MP182G6",-0.239582735045115
"1816",76,"Paenibacillus.macerans",-0.239582735045115
"1817",76,"Romboutsia.sp..MP35A8",-0.239582735045115
"1818",76,"Sellimonas.intestinalis",-0.239582735045115
"1819",76,"Turicibacter.sp..MP236E3",-0.239582735045115
"1820",76,"Veillonella.atypica",-0.239582735045115
"1821",76,"Veillonella.dispar",-0.239582735045115
"1822",76,"X.Clostridium..citroniae",-0.239582735045115
"1823",76,"X.Clostridium..cocleatum",-0.239582735045115
"1824",76,"X.Clostridium..sp..MP626E2_ig1",-0.239582735045115
"1825",77,"Anaerotruncus.colihominis",-0.204229419617683
"1826",77,"Bacteroides.sp..MP64F12",-0.204229419617683
"1827",77,"Blautia.coccoides",-0.204229419617683
"1828",77,"Burkholderiales.bacterium",-0.204229419617683
"1829",77,"Citrobacter.werkmanii",-0.204229419617683
"1830",77,"Clostridium.clostridioforme.CAG.511",-0.204229419617683
"1831",77,"Clostridium.nexile.CAG.348",-0.204229419617683
"1832",77,"Clostridium.paraputrificum",-0.204229419617683
"1833",77,"Clostridium.sp..MP113D9",-0.204229419617683
"1834",77,"Clostridium.sp..MP49A11",-0.204229419617683
"1835",77,"Clostridium.sp..MP551E06",-0.204229419617683
"1836",77,"Eggerthella.lenta",-0.204229419617683
"1837",77,"Eggerthella.sp..MP163B1",-0.204229419617683
"1838",77,"Lactobacillus.animalis",5.13563867683856
"1839",77,"Megasphaera.sp..MP182G6",-0.204229419617683
"1840",77,"Paenibacillus.macerans",-0.204229419617683
"1841",77,"Romboutsia.sp..MP35A8",-0.204229419617683
"1842",77,"Sellimonas.intestinalis",-0.204229419617683
"1843",77,"Turicibacter.sp..MP236E3",-0.204229419617683
"1844",77,"Veillonella.atypica",7.79485602610163
"1845",77,"Veillonella.dispar",7.33064841186296
"1846",77,"X.Clostridium..citroniae",-0.204229419617683
"1847",77,"X.Clostridium..cocleatum",-0.204229419617683
"1848",77,"X.Clostridium..sp..MP626E2_ig1",-0.204229419617683
"1849",78,"Anaerotruncus.colihominis",-0.424482541775678
"1850",78,"Bacteroides.sp..MP64F12",-0.424482541775678
"1851",78,"Blautia.coccoides",-0.424482541775678
"1852",78,"Burkholderiales.bacterium",-0.424482541775678
"1853",78,"Citrobacter.werkmanii",-0.424482541775678
"1854",78,"Clostridium.clostridioforme.CAG.511",-0.424482541775678
"1855",78,"Clostridium.nexile.CAG.348",-0.424482541775678
"1856",78,"Clostridium.paraputrificum",4.8604847002984
"1857",78,"Clostridium.sp..MP113D9",-0.424482541775678
"1858",78,"Clostridium.sp..MP49A11",-0.424482541775678
"1859",78,"Clostridium.sp..MP551E06",-0.424482541775678
"1860",78,"Eggerthella.lenta",-0.424482541775678
"1861",78,"Eggerthella.sp..MP163B1",-0.424482541775678
"1862",78,"Lactobacillus.animalis",-0.424482541775678
"1863",78,"Megasphaera.sp..MP182G6",-0.424482541775678
"1864",78,"Paenibacillus.macerans",-0.424482541775678
"1865",78,"Romboutsia.sp..MP35A8",-0.424482541775678
"1866",78,"Sellimonas.intestinalis",-0.424482541775678
"1867",78,"Turicibacter.sp..MP236E3",-0.424482541775678
"1868",78,"Veillonella.atypica",-0.424482541775678
"1869",78,"Veillonella.dispar",-0.424482541775678
"1870",78,"X.Clostridium..citroniae",-0.424482541775678
"1871",78,"X.Clostridium..cocleatum",-0.424482541775678
"1872",78,"X.Clostridium..sp..MP626E2_ig1",-0.424482541775678
"1873",79,"Anaerotruncus.colihominis",-0.506696288475096
"1874",79,"Bacteroides.sp..MP64F12",-0.506696288475096
"1875",79,"Blautia.coccoides",-0.506696288475096
"1876",79,"Burkholderiales.bacterium",-0.506696288475096
"1877",79,"Citrobacter.werkmanii",-0.506696288475096
"1878",79,"Clostridium.clostridioforme.CAG.511",-0.506696288475096
"1879",79,"Clostridium.nexile.CAG.348",-0.506696288475096
"1880",79,"Clostridium.paraputrificum",-0.506696288475096
"1881",79,"Clostridium.sp..MP113D9",-0.506696288475096
"1882",79,"Clostridium.sp..MP49A11",-0.506696288475096
"1883",79,"Clostridium.sp..MP551E06",-0.506696288475096
"1884",79,"Eggerthella.lenta",6.88410407326212
"1885",79,"Eggerthella.sp..MP163B1",3.8711001398894
"1886",79,"Lactobacillus.animalis",-0.506696288475096
"1887",79,"Megasphaera.sp..MP182G6",-0.506696288475096
"1888",79,"Paenibacillus.macerans",-0.506696288475096
"1889",79,"Romboutsia.sp..MP35A8",-0.506696288475096
"1890",79,"Sellimonas.intestinalis",-0.506696288475096
"1891",79,"Turicibacter.sp..MP236E3",-0.506696288475096
"1892",79,"Veillonella.atypica",-0.506696288475096
"1893",79,"Veillonella.dispar",-0.506696288475096
"1894",79,"X.Clostridium..citroniae",-0.506696288475096
"1895",79,"X.Clostridium..cocleatum",-0.506696288475096
"1896",79,"X.Clostridium..sp..MP626E2_ig1",-0.506696288475096
"1897",80,"Anaerotruncus.colihominis",-0.429672681746416
"1898",80,"Bacteroides.sp..MP64F12",-0.429672681746416
"1899",80,"Blautia.coccoides",-0.429672681746416
"1900",80,"Burkholderiales.bacterium",-0.429672681746416
"1901",80,"Citrobacter.werkmanii",-0.429672681746416
"1902",80,"Clostridium.clostridioforme.CAG.511",7.20647894837541
"1903",80,"Clostridium.nexile.CAG.348",-0.429672681746416
"1904",80,"Clostridium.paraputrificum",-0.429672681746416
"1905",80,"Clostridium.sp..MP113D9",-0.429672681746416
"1906",80,"Clostridium.sp..MP49A11",-0.429672681746416
"1907",80,"Clostridium.sp..MP551E06",-0.429672681746416
"1908",80,"Eggerthella.lenta",2.63504069082342
"1909",80,"Eggerthella.sp..MP163B1",4.24002090608041
"1910",80,"Lactobacillus.animalis",-0.429672681746416
"1911",80,"Megasphaera.sp..MP182G6",7.66441369688591
"1912",80,"Paenibacillus.macerans",-0.429672681746416
"1913",80,"Romboutsia.sp..MP35A8",-0.429672681746416
"1914",80,"Sellimonas.intestinalis",6.85254593915886
"1915",80,"Turicibacter.sp..MP236E3",-0.429672681746416
"1916",80,"Veillonella.atypica",-0.429672681746416
"1917",80,"Veillonella.dispar",-0.429672681746416
"1918",80,"X.Clostridium..citroniae",-0.429672681746416
"1919",80,"X.Clostridium..cocleatum",-0.429672681746416
"1920",80,"X.Clostridium..sp..MP626E2_ig1",-0.429672681746416
"1921",81,"Anaerotruncus.colihominis",-0.507074569649648
"1922",81,"Bacteroides.sp..MP64F12",-0.507074569649648
"1923",81,"Blautia.coccoides",7.48943826139172
"1924",81,"Burkholderiales.bacterium",-0.507074569649648
"1925",81,"Citrobacter.werkmanii",-0.507074569649648
"1926",81,"Clostridium.clostridioforme.CAG.511",-0.507074569649648
"1927",81,"Clostridium.nexile.CAG.348",-0.507074569649648
"1928",81,"Clostridium.paraputrificum",-0.507074569649648
"1929",81,"Clostridium.sp..MP113D9",-0.507074569649648
"1930",81,"Clostridium.sp..MP49A11",-0.507074569649648
"1931",81,"Clostridium.sp..MP551E06",-0.507074569649648
"1932",81,"Eggerthella.lenta",-0.507074569649648
"1933",81,"Eggerthella.sp..MP163B1",-0.507074569649648
"1934",81,"Lactobacillus.animalis",-0.507074569649648
"1935",81,"Megasphaera.sp..MP182G6",-0.507074569649648
"1936",81,"Paenibacillus.macerans",-0.507074569649648
"1937",81,"Romboutsia.sp..MP35A8",-0.507074569649648
"1938",81,"Sellimonas.intestinalis",-0.507074569649648
"1939",81,"Turicibacter.sp..MP236E3",-0.507074569649648
"1940",81,"Veillonella.atypica",9.03720216969518
"1941",81,"Veillonella.dispar",6.57650010428213
"1942",81,"X.Clostridium..citroniae",7.24428449724676
"1943",81,"X.Clostridium..cocleatum",5.35548045470646
"1944",81,"X.Clostridium..sp..MP626E2_ig1",-0.507074569649648
"1945",82,"Anaerotruncus.colihominis",8.52636060578838
"1946",82,"Bacteroides.sp..MP64F12",-0.510234580529103
"1947",82,"Blautia.coccoides",7.52031994722297
"1948",82,"Burkholderiales.bacterium",4.17844684993031
"1949",82,"Citrobacter.werkmanii",-0.510234580529103
"1950",82,"Clostridium.clostridioforme.CAG.511",-0.510234580529103
"1951",82,"Clostridium.nexile.CAG.348",-0.510234580529103
"1952",82,"Clostridium.paraputrificum",-0.510234580529103
"1953",82,"Clostridium.sp..MP113D9",-0.510234580529103
"1954",82,"Clostridium.sp..MP49A11",-0.510234580529103
"1955",82,"Clostridium.sp..MP551E06",-0.510234580529103
"1956",82,"Eggerthella.lenta",6.75202186544235
"1957",82,"Eggerthella.sp..MP163B1",6.03495767968082
"1958",82,"Lactobacillus.animalis",-0.510234580529103
"1959",82,"Megasphaera.sp..MP182G6",-0.510234580529103
"1960",82,"Paenibacillus.macerans",-0.510234580529103
"1961",82,"Romboutsia.sp..MP35A8",-0.510234580529103
"1962",82,"Sellimonas.intestinalis",-0.510234580529103
"1963",82,"Turicibacter.sp..MP236E3",-0.510234580529103
"1964",82,"Veillonella.atypica",-0.510234580529103
"1965",82,"Veillonella.dispar",-0.510234580529103
"1966",82,"X.Clostridium..citroniae",-0.510234580529103
"1967",82,"X.Clostridium..cocleatum",-0.510234580529103
"1968",82,"X.Clostridium..sp..MP626E2_ig1",-0.510234580529103
"1969",83,"Anaerotruncus.colihominis",-0.681136661956852
"1970",83,"Bacteroides.sp..MP64F12",-0.681136661956852
"1971",83,"Blautia.coccoides",-0.681136661956852
"1972",83,"Burkholderiales.bacterium",3.49898820606205
"1973",83,"Citrobacter.werkmanii",-0.681136661956852
"1974",83,"Clostridium.clostridioforme.CAG.511",-0.681136661956852
"1975",83,"Clostridium.nexile.CAG.348",-0.681136661956852
"1976",83,"Clostridium.paraputrificum",-0.681136661956852
"1977",83,"Clostridium.sp..MP113D9",-0.681136661956852
"1978",83,"Clostridium.sp..MP49A11",-0.681136661956852
"1979",83,"Clostridium.sp..MP551E06",-0.681136661956852
"1980",83,"Eggerthella.lenta",6.7108532420394
"1981",83,"Eggerthella.sp..MP163B1",6.7186017631661
"1982",83,"Lactobacillus.animalis",-0.681136661956852
"1983",83,"Megasphaera.sp..MP182G6",7.78269649682521
"1984",83,"Paenibacillus.macerans",-0.681136661956852
"1985",83,"Romboutsia.sp..MP35A8",-0.681136661956852
"1986",83,"Sellimonas.intestinalis",-0.681136661956852
"1987",83,"Turicibacter.sp..MP236E3",-0.681136661956852
"1988",83,"Veillonella.atypica",-0.681136661956852
"1989",83,"Veillonella.dispar",-0.681136661956852
"1990",83,"X.Clostridium..citroniae",8.08549159669574
"1991",83,"X.Clostridium..cocleatum",-0.681136661956852
"1992",83,"X.Clostridium..sp..MP626E2_ig1",-0.681136661956852
"1993",84,"Anaerotruncus.colihominis",-0.931777683284519
"1994",84,"Bacteroides.sp..MP64F12",-0.931777683284519
"1995",84,"Blautia.coccoides",4.98464299335646
"1996",84,"Burkholderiales.bacterium",-0.931777683284519
"1997",84,"Citrobacter.werkmanii",-0.931777683284519
"1998",84,"Clostridium.clostridioforme.CAG.511",-0.931777683284519
"1999",84,"Clostridium.nexile.CAG.348",-0.931777683284519
"2000",84,"Clostridium.paraputrificum",-0.931777683284519
"2001",84,"Clostridium.sp..MP113D9",-0.931777683284519
"2002",84,"Clostridium.sp..MP49A11",-0.931777683284519
"2003",84,"Clostridium.sp..MP551E06",-0.931777683284519
"2004",84,"Eggerthella.lenta",5.53350646558743
"2005",84,"Eggerthella.sp..MP163B1",-0.931777683284519
"2006",84,"Lactobacillus.animalis",-0.931777683284519
"2007",84,"Megasphaera.sp..MP182G6",-0.931777683284519
"2008",84,"Paenibacillus.macerans",-0.931777683284519
"2009",84,"Romboutsia.sp..MP35A8",-0.931777683284519
"2010",84,"Sellimonas.intestinalis",-0.931777683284519
"2011",84,"Turicibacter.sp..MP236E3",-0.931777683284519
"2012",84,"Veillonella.atypica",-0.931777683284519
"2013",84,"Veillonella.dispar",-0.931777683284519
"2014",84,"X.Clostridium..citroniae",-0.931777683284519
"2015",84,"X.Clostridium..cocleatum",-0.931777683284519
"2016",84,"X.Clostridium..sp..MP626E2_ig1",-0.931777683284519
"2017",85,"Anaerotruncus.colihominis",-0.217406383284361
"2018",85,"Bacteroides.sp..MP64F12",-0.217406383284361
"2019",85,"Blautia.coccoides",-0.217406383284361
"2020",85,"Burkholderiales.bacterium",-0.217406383284361
"2021",85,"Citrobacter.werkmanii",-0.217406383284361
"2022",85,"Clostridium.clostridioforme.CAG.511",-0.217406383284361
"2023",85,"Clostridium.nexile.CAG.348",-0.217406383284361
"2024",85,"Clostridium.paraputrificum",-0.217406383284361
"2025",85,"Clostridium.sp..MP113D9",-0.217406383284361
"2026",85,"Clostridium.sp..MP49A11",-0.217406383284361
"2027",85,"Clostridium.sp..MP551E06",-0.217406383284361
"2028",85,"Eggerthella.lenta",-0.217406383284361
"2029",85,"Eggerthella.sp..MP163B1",-0.217406383284361
"2030",85,"Lactobacillus.animalis",12.7689937129311
"2031",85,"Megasphaera.sp..MP182G6",-0.217406383284361
"2032",85,"Paenibacillus.macerans",-0.217406383284361
"2033",85,"Romboutsia.sp..MP35A8",-0.217406383284361
"2034",85,"Sellimonas.intestinalis",-0.217406383284361
"2035",85,"Turicibacter.sp..MP236E3",-0.217406383284361
"2036",85,"Veillonella.atypica",11.2907026049995
"2037",85,"Veillonella.dispar",-0.217406383284361
"2038",85,"X.Clostridium..citroniae",-0.217406383284361
"2039",85,"X.Clostridium..cocleatum",-0.217406383284361
"2040",85,"X.Clostridium..sp..MP626E2_ig1",-0.217406383284361
"2041",86,"Anaerotruncus.colihominis",-0.552561562711174
"2042",86,"Bacteroides.sp..MP64F12",-0.552561562711174
"2043",86,"Blautia.coccoides",-0.552561562711174
"2044",86,"Burkholderiales.bacterium",-0.552561562711174
"2045",86,"Citrobacter.werkmanii",-0.552561562711174
"2046",86,"Clostridium.clostridioforme.CAG.511",-0.552561562711174
"2047",86,"Clostridium.nexile.CAG.348",-0.552561562711174
"2048",86,"Clostridium.paraputrificum",-0.552561562711174
"2049",86,"Clostridium.sp..MP113D9",-0.552561562711174
"2050",86,"Clostridium.sp..MP49A11",-0.552561562711174
"2051",86,"Clostridium.sp..MP551E06",-0.552561562711174
"2052",86,"Eggerthella.lenta",-0.552561562711174
"2053",86,"Eggerthella.sp..MP163B1",-0.552561562711174
"2054",86,"Lactobacillus.animalis",6.90364758161147
"2055",86,"Megasphaera.sp..MP182G6",-0.552561562711174
"2056",86,"Paenibacillus.macerans",-0.552561562711174
"2057",86,"Romboutsia.sp..MP35A8",-0.552561562711174
"2058",86,"Sellimonas.intestinalis",-0.552561562711174
"2059",86,"Turicibacter.sp..MP236E3",-0.552561562711174
"2060",86,"Veillonella.atypica",-0.552561562711174
"2061",86,"Veillonella.dispar",-0.552561562711174
"2062",86,"X.Clostridium..citroniae",-0.552561562711174
"2063",86,"X.Clostridium..cocleatum",-0.552561562711174
"2064",86,"X.Clostridium..sp..MP626E2_ig1",-0.552561562711174
"2065",87,"Anaerotruncus.colihominis",-0.399021258928681
"2066",87,"Bacteroides.sp..MP64F12",-0.399021258928681
"2067",87,"Blautia.coccoides",-0.399021258928681
"2068",87,"Burkholderiales.bacterium",-0.399021258928681
"2069",87,"Citrobacter.werkmanii",-0.399021258928681
"2070",87,"Clostridium.clostridioforme.CAG.511",-0.399021258928681
"2071",87,"Clostridium.nexile.CAG.348",-0.399021258928681
"2072",87,"Clostridium.paraputrificum",-0.399021258928681
"2073",87,"Clostridium.sp..MP113D9",-0.399021258928681
"2074",87,"Clostridium.sp..MP49A11",-0.399021258928681
"2075",87,"Clostridium.sp..MP551E06",-0.399021258928681
"2076",87,"Eggerthella.lenta",-0.399021258928681
"2077",87,"Eggerthella.sp..MP163B1",-0.399021258928681
"2078",87,"Lactobacillus.animalis",-0.399021258928681
"2079",87,"Megasphaera.sp..MP182G6",-0.399021258928681
"2080",87,"Paenibacillus.macerans",-0.399021258928681
"2081",87,"Romboutsia.sp..MP35A8",-0.399021258928681
"2082",87,"Sellimonas.intestinalis",-0.399021258928681
"2083",87,"Turicibacter.sp..MP236E3",-0.399021258928681
"2084",87,"Veillonella.atypica",-0.399021258928681
"2085",87,"Veillonella.dispar",-0.399021258928681
"2086",87,"X.Clostridium..citroniae",7.65289823471681
"2087",87,"X.Clostridium..cocleatum",-0.399021258928681
"2088",87,"X.Clostridium..sp..MP626E2_ig1",-0.399021258928681
"2089",88,"Anaerotruncus.colihominis",-0.737407805779041
"2090",88,"Bacteroides.sp..MP64F12",-0.737407805779041
"2091",88,"Blautia.coccoides",3.79406532414201
"2092",88,"Burkholderiales.bacterium",-0.737407805779041
"2093",88,"Citrobacter.werkmanii",-0.737407805779041
"2094",88,"Clostridium.clostridioforme.CAG.511",-0.737407805779041
"2095",88,"Clostridium.nexile.CAG.348",6.71472082130989
"2096",88,"Clostridium.paraputrificum",4.61189780883788
"2097",88,"Clostridium.sp..MP113D9",-0.737407805779041
"2098",88,"Clostridium.sp..MP49A11",5.47061810433857
"2099",88,"Clostridium.sp..MP551E06",-0.737407805779041
"2100",88,"Eggerthella.lenta",-0.737407805779041
"2101",88,"Eggerthella.sp..MP163B1",-0.737407805779041
"2102",88,"Lactobacillus.animalis",-0.737407805779041
"2103",88,"Megasphaera.sp..MP182G6",-0.737407805779041
"2104",88,"Paenibacillus.macerans",-0.737407805779041
"2105",88,"Romboutsia.sp..MP35A8",-0.737407805779041
"2106",88,"Sellimonas.intestinalis",7.15010245978853
"2107",88,"Turicibacter.sp..MP236E3",-0.737407805779041
"2108",88,"Veillonella.atypica",8.48821542672322
"2109",88,"Veillonella.dispar",-0.737407805779041
"2110",88,"X.Clostridium..citroniae",4.04129329235037
"2111",88,"X.Clostridium..cocleatum",-0.737407805779041
"2112",88,"X.Clostridium..sp..MP626E2_ig1",7.26947410485199
"2113",89,"Anaerotruncus.colihominis",-0.48464325828887
"2114",89,"Bacteroides.sp..MP64F12",-0.48464325828887
"2115",89,"Blautia.coccoides",5.61181725484626
"2116",89,"Burkholderiales.bacterium",-0.48464325828887
"2117",89,"Citrobacter.werkmanii",-0.48464325828887
"2118",89,"Clostridium.clostridioforme.CAG.511",-0.48464325828887
"2119",89,"Clostridium.nexile.CAG.348",-0.48464325828887
"2120",89,"Clostridium.paraputrificum",-0.48464325828887
"2121",89,"Clostridium.sp..MP113D9",-0.48464325828887
"2122",89,"Clostridium.sp..MP49A11",-0.48464325828887
"2123",89,"Clostridium.sp..MP551E06",-0.48464325828887
"2124",89,"Eggerthella.lenta",-0.48464325828887
"2125",89,"Eggerthella.sp..MP163B1",-0.48464325828887
"2126",89,"Lactobacillus.animalis",-0.48464325828887
"2127",89,"Megasphaera.sp..MP182G6",-0.48464325828887
"2128",89,"Paenibacillus.macerans",-0.48464325828887
"2129",89,"Romboutsia.sp..MP35A8",-0.48464325828887
"2130",89,"Sellimonas.intestinalis",-0.48464325828887
"2131",89,"Turicibacter.sp..MP236E3",-0.48464325828887
"2132",89,"Veillonella.atypica",-0.48464325828887
"2133",89,"Veillonella.dispar",-0.48464325828887
"2134",89,"X.Clostridium..citroniae",-0.48464325828887
"2135",89,"X.Clostridium..cocleatum",-0.48464325828887
"2136",89,"X.Clostridium..sp..MP626E2_ig1",-0.48464325828887
"2137",90,"Anaerotruncus.colihominis",-0.457493662378017
"2138",90,"Bacteroides.sp..MP64F12",-0.457493662378017
"2139",90,"Blautia.coccoides",8.15241324080835
"2140",90,"Burkholderiales.bacterium",4.72954992421788
"2141",90,"Citrobacter.werkmanii",-0.457493662378017
"2142",90,"Clostridium.clostridioforme.CAG.511",-0.457493662378017
"2143",90,"Clostridium.nexile.CAG.348",8.62297337893016
"2144",90,"Clostridium.paraputrificum",-0.457493662378017
"2145",90,"Clostridium.sp..MP113D9",-0.457493662378017
"2146",90,"Clostridium.sp..MP49A11",-0.457493662378017
"2147",90,"Clostridium.sp..MP551E06",-0.457493662378017
"2148",90,"Eggerthella.lenta",-0.457493662378017
"2149",90,"Eggerthella.sp..MP163B1",-0.457493662378017
"2150",90,"Lactobacillus.animalis",-0.457493662378017
"2151",90,"Megasphaera.sp..MP182G6",-0.457493662378017
"2152",90,"Paenibacillus.macerans",-0.457493662378017
"2153",90,"Romboutsia.sp..MP35A8",-0.457493662378017
"2154",90,"Sellimonas.intestinalis",-0.457493662378017
"2155",90,"Turicibacter.sp..MP236E3",-0.457493662378017
"2156",90,"Veillonella.atypica",9.21552850617426
"2157",90,"Veillonella.dispar",7.28305328266129
"2158",90,"X.Clostridium..citroniae",-0.457493662378017
"2159",90,"X.Clostridium..cocleatum",-0.457493662378017
"2160",90,"X.Clostridium..sp..MP626E2_ig1",-0.457493662378017
"2161",91,"Anaerotruncus.colihominis",-0.269218581202107
"2162",91,"Bacteroides.sp..MP64F12",-0.269218581202107
"2163",91,"Blautia.coccoides",-0.269218581202107
"2164",91,"Burkholderiales.bacterium",-0.269218581202107
"2165",91,"Citrobacter.werkmanii",-0.269218581202107
"2166",91,"Clostridium.clostridioforme.CAG.511",-0.269218581202107
"2167",91,"Clostridium.nexile.CAG.348",-0.269218581202107
"2168",91,"Clostridium.paraputrificum",-0.269218581202107
"2169",91,"Clostridium.sp..MP113D9",-0.269218581202107
"2170",91,"Clostridium.sp..MP49A11",-0.269218581202107
"2171",91,"Clostridium.sp..MP551E06",-0.269218581202107
"2172",91,"Eggerthella.lenta",-0.269218581202107
"2173",91,"Eggerthella.sp..MP163B1",-0.269218581202107
"2174",91,"Lactobacillus.animalis",-0.269218581202107
"2175",91,"Megasphaera.sp..MP182G6",-0.269218581202107
"2176",91,"Paenibacillus.macerans",-0.269218581202107
"2177",91,"Romboutsia.sp..MP35A8",-0.269218581202107
"2178",91,"Sellimonas.intestinalis",-0.269218581202107
"2179",91,"Turicibacter.sp..MP236E3",-0.269218581202107
"2180",91,"Veillonella.atypica",-0.269218581202107
"2181",91,"Veillonella.dispar",-0.269218581202107
"2182",91,"X.Clostridium..citroniae",-0.269218581202107
"2183",91,"X.Clostridium..cocleatum",-0.269218581202107
"2184",91,"X.Clostridium..sp..MP626E2_ig1",-0.269218581202107
"2185",92,"Anaerotruncus.colihominis",-0.311182692468257
"2186",92,"Bacteroides.sp..MP64F12",-0.311182692468257
"2187",92,"Blautia.coccoides",7.84705839025711
"2188",92,"Burkholderiales.bacterium",-0.311182692468257
"2189",92,"Citrobacter.werkmanii",-0.311182692468257
"2190",92,"Clostridium.clostridioforme.CAG.511",6.82907583762188
"2191",92,"Clostridium.nexile.CAG.348",-0.311182692468257
"2192",92,"Clostridium.paraputrificum",-0.311182692468257
"2193",92,"Clostridium.sp..MP113D9",-0.311182692468257
"2194",92,"Clostridium.sp..MP49A11",-0.311182692468257
"2195",92,"Clostridium.sp..MP551E06",-0.311182692468257
"2196",92,"Eggerthella.lenta",-0.311182692468257
"2197",92,"Eggerthella.sp..MP163B1",-0.311182692468257
"2198",92,"Lactobacillus.animalis",-0.311182692468257
"2199",92,"Megasphaera.sp..MP182G6",-0.311182692468257
"2200",92,"Paenibacillus.macerans",-0.311182692468257
"2201",92,"Romboutsia.sp..MP35A8",-0.311182692468257
"2202",92,"Sellimonas.intestinalis",-0.311182692468257
"2203",92,"Turicibacter.sp..MP236E3",-0.311182692468257
"2204",92,"Veillonella.atypica",8.84903844536998
"2205",92,"Veillonella.dispar",6.17841474501131
"2206",92,"X.Clostridium..citroniae",8.62194660470275
"2207",92,"X.Clostridium..cocleatum",-0.311182692468257
"2208",92,"X.Clostridium..sp..MP626E2_ig1",-0.311182692468257
"2209",93,"Anaerotruncus.colihominis",-0.368586796292886
"2210",93,"Bacteroides.sp..MP64F12",-0.368586796292886
"2211",93,"Blautia.coccoides",-0.368586796292886
"2212",93,"Burkholderiales.bacterium",-0.368586796292886
"2213",93,"Citrobacter.werkmanii",-0.368586796292886
"2214",93,"Clostridium.clostridioforme.CAG.511",-0.368586796292886
"2215",93,"Clostridium.nexile.CAG.348",-0.368586796292886
"2216",93,"Clostridium.paraputrificum",3.57702835346814
"2217",93,"Clostridium.sp..MP113D9",-0.368586796292886
"2218",93,"Clostridium.sp..MP49A11",-0.368586796292886
"2219",93,"Clostridium.sp..MP551E06",-0.368586796292886
"2220",93,"Eggerthella.lenta",-0.368586796292886
"2221",93,"Eggerthella.sp..MP163B1",-0.368586796292886
"2222",93,"Lactobacillus.animalis",-0.368586796292886
"2223",93,"Megasphaera.sp..MP182G6",-0.368586796292886
"2224",93,"Paenibacillus.macerans",-0.368586796292886
"2225",93,"Romboutsia.sp..MP35A8",-0.368586796292886
"2226",93,"Sellimonas.intestinalis",-0.368586796292886
"2227",93,"Turicibacter.sp..MP236E3",-0.368586796292886
"2228",93,"Veillonella.atypica",-0.368586796292886
"2229",93,"Veillonella.dispar",-0.368586796292886
"2230",93,"X.Clostridium..citroniae",7.95105849828328
"2231",93,"X.Clostridium..cocleatum",-0.368586796292886
"2232",93,"X.Clostridium..sp..MP626E2_ig1",-0.368586796292886
"2233",94,"Anaerotruncus.colihominis",-0.499387256566772
"2234",94,"Bacteroides.sp..MP64F12",-0.499387256566772
"2235",94,"Blautia.coccoides",-0.499387256566772
"2236",94,"Burkholderiales.bacterium",-0.499387256566772
"2237",94,"Citrobacter.werkmanii",-0.499387256566772
"2238",94,"Clostridium.clostridioforme.CAG.511",-0.499387256566772
"2239",94,"Clostridium.nexile.CAG.348",-0.499387256566772
"2240",94,"Clostridium.paraputrificum",-0.499387256566772
"2241",94,"Clostridium.sp..MP113D9",-0.499387256566772
"2242",94,"Clostridium.sp..MP49A11",-0.499387256566772
"2243",94,"Clostridium.sp..MP551E06",-0.499387256566772
"2244",94,"Eggerthella.lenta",6.91260858945398
"2245",94,"Eggerthella.sp..MP163B1",4.89423185383874
"2246",94,"Lactobacillus.animalis",-0.499387256566772
"2247",94,"Megasphaera.sp..MP182G6",-0.499387256566772
"2248",94,"Paenibacillus.macerans",-0.499387256566772
"2249",94,"Romboutsia.sp..MP35A8",-0.499387256566772
"2250",94,"Sellimonas.intestinalis",5.36304106393781
"2251",94,"Turicibacter.sp..MP236E3",-0.499387256566772
"2252",94,"Veillonella.atypica",9.57623214827045
"2253",94,"Veillonella.dispar",7.38921413293739
"2254",94,"X.Clostridium..citroniae",-0.499387256566772
"2255",94,"X.Clostridium..cocleatum",-0.499387256566772
"2256",94,"X.Clostridium..sp..MP626E2_ig1",-0.499387256566772
"2257",95,"Anaerotruncus.colihominis",-0.332285397176735
"2258",95,"Bacteroides.sp..MP64F12",-0.332285397176735
"2259",95,"Blautia.coccoides",7.91589506980623
"2260",95,"Burkholderiales.bacterium",-0.332285397176735
"2261",95,"Citrobacter.werkmanii",-0.332285397176735
"2262",95,"Clostridium.clostridioforme.CAG.511",-0.332285397176735
"2263",95,"Clostridium.nexile.CAG.348",-0.332285397176735
"2264",95,"Clostridium.paraputrificum",2.46091610493598
"2265",95,"Clostridium.sp..MP113D9",-0.332285397176735
"2266",95,"Clostridium.sp..MP49A11",-0.332285397176735
"2267",95,"Clostridium.sp..MP551E06",-0.332285397176735
"2268",95,"Eggerthella.lenta",-0.332285397176735
"2269",95,"Eggerthella.sp..MP163B1",-0.332285397176735
"2270",95,"Lactobacillus.animalis",-0.332285397176735
"2271",95,"Megasphaera.sp..MP182G6",-0.332285397176735
"2272",95,"Paenibacillus.macerans",-0.332285397176735
"2273",95,"Romboutsia.sp..MP35A8",-0.332285397176735
"2274",95,"Sellimonas.intestinalis",-0.332285397176735
"2275",95,"Turicibacter.sp..MP236E3",-0.332285397176735
"2276",95,"Veillonella.atypica",-0.332285397176735
"2277",95,"Veillonella.dispar",-0.332285397176735
"2278",95,"X.Clostridium..citroniae",7.95891399986304
"2279",95,"X.Clostridium..cocleatum",-0.332285397176735
"2280",95,"X.Clostridium..sp..MP626E2_ig1",-0.332285397176735
"2281",96,"Anaerotruncus.colihominis",-0.440010219472793
"2282",96,"Bacteroides.sp..MP64F12",-0.440010219472793
"2283",96,"Blautia.coccoides",3.39544714839947
"2284",96,"Burkholderiales.bacterium",-0.440010219472793
"2285",96,"Citrobacter.werkmanii",-0.440010219472793
"2286",96,"Clostridium.clostridioforme.CAG.511",-0.440010219472793
"2287",96,"Clostridium.nexile.CAG.348",-0.440010219472793
"2288",96,"Clostridium.paraputrificum",3.66400563631632
"2289",96,"Clostridium.sp..MP113D9",-0.440010219472793
"2290",96,"Clostridium.sp..MP49A11",-0.440010219472793
"2291",96,"Clostridium.sp..MP551E06",-0.440010219472793
"2292",96,"Eggerthella.lenta",-0.440010219472793
"2293",96,"Eggerthella.sp..MP163B1",-0.440010219472793
"2294",96,"Lactobacillus.animalis",-0.440010219472793
"2295",96,"Megasphaera.sp..MP182G6",-0.440010219472793
"2296",96,"Paenibacillus.macerans",-0.440010219472793
"2297",96,"Romboutsia.sp..MP35A8",-0.440010219472793
"2298",96,"Sellimonas.intestinalis",-0.440010219472793
"2299",96,"Turicibacter.sp..MP236E3",-0.440010219472793
"2300",96,"Veillonella.atypica",-0.440010219472793
"2301",96,"Veillonella.dispar",-0.440010219472793
"2302",96,"X.Clostridium..citroniae",7.47092721684594
"2303",96,"X.Clostridium..cocleatum",-0.440010219472793
"2304",96,"X.Clostridium..sp..MP626E2_ig1",-0.440010219472793
"2305",97,"Anaerotruncus.colihominis",-0.185117381723632
"2306",97,"Bacteroides.sp..MP64F12",-0.185117381723632
"2307",97,"Blautia.coccoides",-0.185117381723632
"2308",97,"Burkholderiales.bacterium",-0.185117381723632
"2309",97,"Citrobacter.werkmanii",-0.185117381723632
"2310",97,"Clostridium.clostridioforme.CAG.511",-0.185117381723632
"2311",97,"Clostridium.nexile.CAG.348",-0.185117381723632
"2312",97,"Clostridium.paraputrificum",-0.185117381723632
"2313",97,"Clostridium.sp..MP113D9",-0.185117381723632
"2314",97,"Clostridium.sp..MP49A11",-0.185117381723632
"2315",97,"Clostridium.sp..MP551E06",-0.185117381723632
"2316",97,"Eggerthella.lenta",-0.185117381723632
"2317",97,"Eggerthella.sp..MP163B1",-0.185117381723632
"2318",97,"Lactobacillus.animalis",4.91915841441842
"2319",97,"Megasphaera.sp..MP182G6",-0.185117381723632
"2320",97,"Paenibacillus.macerans",-0.185117381723632
"2321",97,"Romboutsia.sp..MP35A8",-0.185117381723632
"2322",97,"Sellimonas.intestinalis",-0.185117381723632
"2323",97,"Turicibacter.sp..MP236E3",-0.185117381723632
"2324",97,"Veillonella.atypica",-0.185117381723632
"2325",97,"Veillonella.dispar",-0.185117381723632
"2326",97,"X.Clostridium..citroniae",-0.185117381723632
"2327",97,"X.Clostridium..cocleatum",-0.185117381723632
"2328",97,"X.Clostridium..sp..MP626E2_ig1",-0.185117381723632
"2329",98,"Anaerotruncus.colihominis",-0.431960523817361
"2330",98,"Bacteroides.sp..MP64F12",-0.431960523817361
"2331",98,"Blautia.coccoides",-0.431960523817361
"2332",98,"Burkholderiales.bacterium",-0.431960523817361
"2333",98,"Citrobacter.werkmanii",-0.431960523817361
"2334",98,"Clostridium.clostridioforme.CAG.511",-0.431960523817361
"2335",98,"Clostridium.nexile.CAG.348",-0.431960523817361
"2336",98,"Clostridium.paraputrificum",-0.431960523817361
"2337",98,"Clostridium.sp..MP113D9",-0.431960523817361
"2338",98,"Clostridium.sp..MP49A11",-0.431960523817361
"2339",98,"Clostridium.sp..MP551E06",-0.431960523817361
"2340",98,"Eggerthella.lenta",-0.431960523817361
"2341",98,"Eggerthella.sp..MP163B1",-0.431960523817361
"2342",98,"Lactobacillus.animalis",-0.431960523817361
"2343",98,"Megasphaera.sp..MP182G6",-0.431960523817361
"2344",98,"Paenibacillus.macerans",-0.431960523817361
"2345",98,"Romboutsia.sp..MP35A8",-0.431960523817361
"2346",98,"Sellimonas.intestinalis",-0.431960523817361
"2347",98,"Turicibacter.sp..MP236E3",-0.431960523817361
"2348",98,"Veillonella.atypica",-0.431960523817361
"2349",98,"Veillonella.dispar",-0.431960523817361
"2350",98,"X.Clostridium..citroniae",-0.431960523817361
"2351",98,"X.Clostridium..cocleatum",-0.431960523817361
"2352",98,"X.Clostridium..sp..MP626E2_ig1",-0.431960523817361
"2353",99,"Anaerotruncus.colihominis",-0.329186664635957
"2354",99,"Bacteroides.sp..MP64F12",-0.329186664635957
"2355",99,"Blautia.coccoides",-0.329186664635957
"2356",99,"Burkholderiales.bacterium",-0.329186664635957
"2357",99,"Citrobacter.werkmanii",-0.329186664635957
"2358",99,"Clostridium.clostridioforme.CAG.511",-0.329186664635957
"2359",99,"Clostridium.nexile.CAG.348",-0.329186664635957
"2360",99,"Clostridium.paraputrificum",-0.329186664635957
"2361",99,"Clostridium.sp..MP113D9",-0.329186664635957
"2362",99,"Clostridium.sp..MP49A11",-0.329186664635957
"2363",99,"Clostridium.sp..MP551E06",-0.329186664635957
"2364",99,"Eggerthella.lenta",-0.329186664635957
"2365",99,"Eggerthella.sp..MP163B1",-0.329186664635957
"2366",99,"Lactobacillus.animalis",-0.329186664635957
"2367",99,"Megasphaera.sp..MP182G6",-0.329186664635957
"2368",99,"Paenibacillus.macerans",-0.329186664635957
"2369",99,"Romboutsia.sp..MP35A8",-0.329186664635957
"2370",99,"Sellimonas.intestinalis",-0.329186664635957
"2371",99,"Turicibacter.sp..MP236E3",-0.329186664635957
"2372",99,"Veillonella.atypica",-0.329186664635957
"2373",99,"Veillonella.dispar",-0.329186664635957
"2374",99,"X.Clostridium..citroniae",8.48980243033084
"2375",99,"X.Clostridium..cocleatum",-0.329186664635957
"2376",99,"X.Clostridium..sp..MP626E2_ig1",-0.329186664635957
"2377",100,"Anaerotruncus.colihominis",7.67353001647492
"2378",100,"Bacteroides.sp..MP64F12",-0.297910484726385
"2379",100,"Blautia.coccoides",-0.297910484726385
"2380",100,"Burkholderiales.bacterium",-0.297910484726385
"2381",100,"Citrobacter.werkmanii",-0.297910484726385
"2382",100,"Clostridium.clostridioforme.CAG.511",-0.297910484726385
"2383",100,"Clostridium.nexile.CAG.348",-0.297910484726385
"2384",100,"Clostridium.paraputrificum",3.31385211514614
"2385",100,"Clostridium.sp..MP113D9",-0.297910484726385
"2386",100,"Clostridium.sp..MP49A11",-0.297910484726385
"2387",100,"Clostridium.sp..MP551E06",-0.297910484726385
"2388",100,"Eggerthella.lenta",-0.297910484726385
"2389",100,"Eggerthella.sp..MP163B1",-0.297910484726385
"2390",100,"Lactobacillus.animalis",-0.297910484726385
"2391",100,"Megasphaera.sp..MP182G6",-0.297910484726385
"2392",100,"Paenibacillus.macerans",-0.297910484726385
"2393",100,"Romboutsia.sp..MP35A8",-0.297910484726385
"2394",100,"Sellimonas.intestinalis",-0.297910484726385
"2395",100,"Turicibacter.sp..MP236E3",-0.297910484726385
"2396",100,"Veillonella.atypica",9.61068239158705
"2397",100,"Veillonella.dispar",-0.297910484726385
"2398",100,"X.Clostridium..citroniae",-0.297910484726385
"2399",100,"X.Clostridium..cocleatum",-0.297910484726385
"2400",100,"X.Clostridium..sp..MP626E2_ig1",-0.297910484726385
"2401",101,"Anaerotruncus.colihominis",7.96399035219134
"2402",101,"Bacteroides.sp..MP64F12",-0.766311582916618
"2403",101,"Blautia.coccoides",7.39772066461721
"2404",101,"Burkholderiales.bacterium",4.69093736418321
"2405",101,"Citrobacter.werkmanii",-0.766311582916618
"2406",101,"Clostridium.clostridioforme.CAG.511",-0.766311582916618
"2407",101,"Clostridium.nexile.CAG.348",-0.766311582916618
"2408",101,"Clostridium.paraputrificum",-0.766311582916618
"2409",101,"Clostridium.sp..MP113D9",-0.766311582916618
"2410",101,"Clostridium.sp..MP49A11",-0.766311582916618
"2411",101,"Clostridium.sp..MP551E06",-0.766311582916618
"2412",101,"Eggerthella.lenta",7.53497472780596
"2413",101,"Eggerthella.sp..MP163B1",6.8433741283619
"2414",101,"Lactobacillus.animalis",-0.766311582916618
"2415",101,"Megasphaera.sp..MP182G6",-0.766311582916618
"2416",101,"Paenibacillus.macerans",2.75426214759086
"2417",101,"Romboutsia.sp..MP35A8",-0.766311582916618
"2418",101,"Sellimonas.intestinalis",-0.766311582916618
"2419",101,"Turicibacter.sp..MP236E3",-0.766311582916618
"2420",101,"Veillonella.atypica",-0.766311582916618
"2421",101,"Veillonella.dispar",5.51474146132187
"2422",101,"X.Clostridium..citroniae",-0.766311582916618
"2423",101,"X.Clostridium..cocleatum",-0.766311582916618
"2424",101,"X.Clostridium..sp..MP626E2_ig1",-0.766311582916618
"2425",102,"Anaerotruncus.colihominis",-0.542707161547535
"2426",102,"Bacteroides.sp..MP64F12",-0.542707161547535
"2427",102,"Blautia.coccoides",-0.542707161547535
"2428",102,"Burkholderiales.bacterium",-0.542707161547535
"2429",102,"Citrobacter.werkmanii",-0.542707161547535
"2430",102,"Clostridium.clostridioforme.CAG.511",-0.542707161547535
"2431",102,"Clostridium.nexile.CAG.348",5.45678881266347
"2432",102,"Clostridium.paraputrificum",-0.542707161547535
"2433",102,"Clostridium.sp..MP113D9",-0.542707161547535
"2434",102,"Clostridium.sp..MP49A11",-0.542707161547535
"2435",102,"Clostridium.sp..MP551E06",-0.542707161547535
"2436",102,"Eggerthella.lenta",5.86245110171682
"2437",102,"Eggerthella.sp..MP163B1",6.25669096758433
"2438",102,"Lactobacillus.animalis",-0.542707161547535
"2439",102,"Megasphaera.sp..MP182G6",-0.542707161547535
"2440",102,"Paenibacillus.macerans",-0.542707161547535
"2441",102,"Romboutsia.sp..MP35A8",-0.542707161547535
"2442",102,"Sellimonas.intestinalis",-0.542707161547535
"2443",102,"Turicibacter.sp..MP236E3",-0.542707161547535
"2444",102,"Veillonella.atypica",-0.542707161547535
"2445",102,"Veillonella.dispar",-0.542707161547535
"2446",102,"X.Clostridium..citroniae",3.23501405112702
"2447",102,"X.Clostridium..cocleatum",-0.542707161547535
"2448",102,"X.Clostridium..sp..MP626E2_ig1",5.12043154416816
"2449",103,"Anaerotruncus.colihominis",-0.454201661435548
"2450",103,"Bacteroides.sp..MP64F12",-0.454201661435548
"2451",103,"Blautia.coccoides",-0.454201661435548
"2452",103,"Burkholderiales.bacterium",-0.454201661435548
"2453",103,"Citrobacter.werkmanii",-0.454201661435548
"2454",103,"Clostridium.clostridioforme.CAG.511",-0.454201661435548
"2455",103,"Clostridium.nexile.CAG.348",-0.454201661435548
"2456",103,"Clostridium.paraputrificum",5.64207410002263
"2457",103,"Clostridium.sp..MP113D9",-0.454201661435548
"2458",103,"Clostridium.sp..MP49A11",7.53411250952025
"2459",103,"Clostridium.sp..MP551E06",-0.454201661435548
"2460",103,"Eggerthella.lenta",-0.454201661435548
"2461",103,"Eggerthella.sp..MP163B1",-0.454201661435548
"2462",103,"Lactobacillus.animalis",7.77665173171074
"2463",103,"Megasphaera.sp..MP182G6",-0.454201661435548
"2464",103,"Paenibacillus.macerans",-0.454201661435548
"2465",103,"Romboutsia.sp..MP35A8",-0.454201661435548
"2466",103,"Sellimonas.intestinalis",-0.454201661435548
"2467",103,"Turicibacter.sp..MP236E3",-0.454201661435548
"2468",103,"Veillonella.atypica",-0.454201661435548
"2469",103,"Veillonella.dispar",-0.454201661435548
"2470",103,"X.Clostridium..citroniae",-0.454201661435548
"2471",103,"X.Clostridium..cocleatum",-0.454201661435548
"2472",103,"X.Clostridium..sp..MP626E2_ig1",-0.454201661435548
"2473",104,"Anaerotruncus.colihominis",5.63261370156918
"2474",104,"Bacteroides.sp..MP64F12",-0.877290528520872
"2475",104,"Blautia.coccoides",7.48558712393629
"2476",104,"Burkholderiales.bacterium",-0.877290528520872
"2477",104,"Citrobacter.werkmanii",-0.877290528520872
"2478",104,"Clostridium.clostridioforme.CAG.511",-0.877290528520872
"2479",104,"Clostridium.nexile.CAG.348",-0.877290528520872
"2480",104,"Clostridium.paraputrificum",5.22445708289102
"2481",104,"Clostridium.sp..MP113D9",-0.877290528520872
"2482",104,"Clostridium.sp..MP49A11",-0.877290528520872
"2483",104,"Clostridium.sp..MP551E06",-0.877290528520872
"2484",104,"Eggerthella.lenta",-0.877290528520872
"2485",104,"Eggerthella.sp..MP163B1",-0.877290528520872
"2486",104,"Lactobacillus.animalis",-0.877290528520872
"2487",104,"Megasphaera.sp..MP182G6",-0.877290528520872
"2488",104,"Paenibacillus.macerans",-0.877290528520872
"2489",104,"Romboutsia.sp..MP35A8",-0.877290528520872
"2490",104,"Sellimonas.intestinalis",-0.877290528520872
"2491",104,"Turicibacter.sp..MP236E3",-0.877290528520872
"2492",104,"Veillonella.atypica",-0.877290528520872
"2493",104,"Veillonella.dispar",4.30754239898998
"2494",104,"X.Clostridium..citroniae",8.36595472725774
"2495",104,"X.Clostridium..cocleatum",6.60516326199706
"2496",104,"X.Clostridium..sp..MP626E2_ig1",-0.877290528520872
"2497",105,"Anaerotruncus.colihominis",-0.554407067116371
"2498",105,"Bacteroides.sp..MP64F12",-0.554407067116371
"2499",105,"Blautia.coccoides",-0.554407067116371
"2500",105,"Burkholderiales.bacterium",-0.554407067116371
"2501",105,"Citrobacter.werkmanii",-0.554407067116371
"2502",105,"Clostridium.clostridioforme.CAG.511",-0.554407067116371
"2503",105,"Clostridium.nexile.CAG.348",-0.554407067116371
"2504",105,"Clostridium.paraputrificum",5.03583854262466
"2505",105,"Clostridium.sp..MP113D9",-0.554407067116371
"2506",105,"Clostridium.sp..MP49A11",-0.554407067116371
"2507",105,"Clostridium.sp..MP551E06",-0.554407067116371
"2508",105,"Eggerthella.lenta",-0.554407067116371
"2509",105,"Eggerthella.sp..MP163B1",-0.554407067116371
"2510",105,"Lactobacillus.animalis",-0.554407067116371
"2511",105,"Megasphaera.sp..MP182G6",-0.554407067116371
"2512",105,"Paenibacillus.macerans",-0.554407067116371
"2513",105,"Romboutsia.sp..MP35A8",-0.554407067116371
"2514",105,"Sellimonas.intestinalis",-0.554407067116371
"2515",105,"Turicibacter.sp..MP236E3",-0.554407067116371
"2516",105,"Veillonella.atypica",-0.554407067116371
"2517",105,"Veillonella.dispar",-0.554407067116371
"2518",105,"X.Clostridium..citroniae",10.8180919434226
"2519",105,"X.Clostridium..cocleatum",-0.554407067116371
"2520",105,"X.Clostridium..sp..MP626E2_ig1",-0.554407067116371
"2521",106,"Anaerotruncus.colihominis",-0.219495906025108
"2522",106,"Bacteroides.sp..MP64F12",-0.219495906025108
"2523",106,"Blautia.coccoides",-0.219495906025108
"2524",106,"Burkholderiales.bacterium",-0.219495906025108
"2525",106,"Citrobacter.werkmanii",-0.219495906025108
"2526",106,"Clostridium.clostridioforme.CAG.511",-0.219495906025108
"2527",106,"Clostridium.nexile.CAG.348",-0.219495906025108
"2528",106,"Clostridium.paraputrificum",-0.219495906025108
"2529",106,"Clostridium.sp..MP113D9",-0.219495906025108
"2530",106,"Clostridium.sp..MP49A11",-0.219495906025108
"2531",106,"Clostridium.sp..MP551E06",-0.219495906025108
"2532",106,"Eggerthella.lenta",-0.219495906025108
"2533",106,"Eggerthella.sp..MP163B1",-0.219495906025108
"2534",106,"Lactobacillus.animalis",12.6296868739125
"2535",106,"Megasphaera.sp..MP182G6",-0.219495906025108
"2536",106,"Paenibacillus.macerans",-0.219495906025108
"2537",106,"Romboutsia.sp..MP35A8",-0.219495906025108
"2538",106,"Sellimonas.intestinalis",-0.219495906025108
"2539",106,"Turicibacter.sp..MP236E3",-0.219495906025108
"2540",106,"Veillonella.atypica",11.3550732833435
"2541",106,"Veillonella.dispar",-0.219495906025108
"2542",106,"X.Clostridium..citroniae",-0.219495906025108
"2543",106,"X.Clostridium..cocleatum",-0.219495906025108
"2544",106,"X.Clostridium..sp..MP626E2_ig1",-0.219495906025108
"2545",107,"Anaerotruncus.colihominis",-0.450726574414109
"2546",107,"Bacteroides.sp..MP64F12",-0.450726574414109
"2547",107,"Blautia.coccoides",2.1303506481067
"2548",107,"Burkholderiales.bacterium",-0.450726574414109
"2549",107,"Citrobacter.werkmanii",-0.450726574414109
"2550",107,"Clostridium.clostridioforme.CAG.511",7.44708451238517
"2551",107,"Clostridium.nexile.CAG.348",5.56469051482147
"2552",107,"Clostridium.paraputrificum",-0.450726574414109
"2553",107,"Clostridium.sp..MP113D9",-0.450726574414109
"2554",107,"Clostridium.sp..MP49A11",-0.450726574414109
"2555",107,"Clostridium.sp..MP551E06",-0.450726574414109
"2556",107,"Eggerthella.lenta",3.88676213349971
"2557",107,"Eggerthella.sp..MP163B1",4.5235514632313
"2558",107,"Lactobacillus.animalis",-0.450726574414109
"2559",107,"Megasphaera.sp..MP182G6",9.11377676245454
"2560",107,"Paenibacillus.macerans",-0.450726574414109
"2561",107,"Romboutsia.sp..MP35A8",-0.450726574414109
"2562",107,"Sellimonas.intestinalis",6.94807921035355
"2563",107,"Turicibacter.sp..MP236E3",-0.450726574414109
"2564",107,"Veillonella.atypica",-0.450726574414109
"2565",107,"Veillonella.dispar",-0.450726574414109
"2566",107,"X.Clostridium..citroniae",3.44512196473374
"2567",107,"X.Clostridium..cocleatum",-0.450726574414109
"2568",107,"X.Clostridium..sp..MP626E2_ig1",-0.450726574414109
"2569",108,"Anaerotruncus.colihominis",-0.364513102325061
"2570",108,"Bacteroides.sp..MP64F12",-0.364513102325061
"2571",108,"Blautia.coccoides",6.62778908468875
"2572",108,"Burkholderiales.bacterium",-0.364513102325061
"2573",108,"Citrobacter.werkmanii",-0.364513102325061
"2574",108,"Clostridium.clostridioforme.CAG.511",-0.364513102325061
"2575",108,"Clostridium.nexile.CAG.348",9.40074000020399
"2576",108,"Clostridium.paraputrificum",2.96121634263542
"2577",108,"Clostridium.sp..MP113D9",-0.364513102325061
"2578",108,"Clostridium.sp..MP49A11",7.863639669224
"2579",108,"Clostridium.sp..MP551E06",-0.364513102325061
"2580",108,"Eggerthella.lenta",-0.364513102325061
"2581",108,"Eggerthella.sp..MP163B1",-0.364513102325061
"2582",108,"Lactobacillus.animalis",-0.364513102325061
"2583",108,"Megasphaera.sp..MP182G6",-0.364513102325061
"2584",108,"Paenibacillus.macerans",-0.364513102325061
"2585",108,"Romboutsia.sp..MP35A8",-0.364513102325061
"2586",108,"Sellimonas.intestinalis",-0.364513102325061
"2587",108,"Turicibacter.sp..MP236E3",-0.364513102325061
"2588",108,"Veillonella.atypica",7.49777454479189
"2589",108,"Veillonella.dispar",-0.364513102325061
"2590",108,"X.Clostridium..citroniae",-0.364513102325061
"2591",108,"X.Clostridium..cocleatum",3.6688884212162
"2592",108,"X.Clostridium..sp..MP626E2_ig1",-0.364513102325061
"2593",109,"Anaerotruncus.colihominis",-0.218303936542577
"2594",109,"Bacteroides.sp..MP64F12",-0.218303936542577
"2595",109,"Blautia.coccoides",-0.218303936542577
"2596",109,"Burkholderiales.bacterium",-0.218303936542577
"2597",109,"Citrobacter.werkmanii",-0.218303936542577
"2598",109,"Clostridium.clostridioforme.CAG.511",-0.218303936542577
"2599",109,"Clostridium.nexile.CAG.348",-0.218303936542577
"2600",109,"Clostridium.paraputrificum",-0.218303936542577
"2601",109,"Clostridium.sp..MP113D9",-0.218303936542577
"2602",109,"Clostridium.sp..MP49A11",-0.218303936542577
"2603",109,"Clostridium.sp..MP551E06",-0.218303936542577
"2604",109,"Eggerthella.lenta",6.08915080959267
"2605",109,"Eggerthella.sp..MP163B1",-0.218303936542577
"2606",109,"Lactobacillus.animalis",-0.218303936542577
"2607",109,"Megasphaera.sp..MP182G6",-0.218303936542577
"2608",109,"Paenibacillus.macerans",-0.218303936542577
"2609",109,"Romboutsia.sp..MP35A8",-0.218303936542577
"2610",109,"Sellimonas.intestinalis",-0.218303936542577
"2611",109,"Turicibacter.sp..MP236E3",-0.218303936542577
"2612",109,"Veillonella.atypica",-0.218303936542577
"2613",109,"Veillonella.dispar",-0.218303936542577
"2614",109,"X.Clostridium..citroniae",-0.218303936542577
"2615",109,"X.Clostridium..cocleatum",-0.218303936542577
"2616",109,"X.Clostridium..sp..MP626E2_ig1",-0.218303936542577
"2617",110,"Anaerotruncus.colihominis",-0.210715442206654
"2618",110,"Bacteroides.sp..MP64F12",-0.210715442206654
"2619",110,"Blautia.coccoides",-0.210715442206654
"2620",110,"Burkholderiales.bacterium",-0.210715442206654
"2621",110,"Citrobacter.werkmanii",-0.210715442206654
"2622",110,"Clostridium.clostridioforme.CAG.511",-0.210715442206654
"2623",110,"Clostridium.nexile.CAG.348",-0.210715442206654
"2624",110,"Clostridium.paraputrificum",-0.210715442206654
"2625",110,"Clostridium.sp..MP113D9",-0.210715442206654
"2626",110,"Clostridium.sp..MP49A11",-0.210715442206654
"2627",110,"Clostridium.sp..MP551E06",-0.210715442206654
"2628",110,"Eggerthella.lenta",-0.210715442206654
"2629",110,"Eggerthella.sp..MP163B1",-0.210715442206654
"2630",110,"Lactobacillus.animalis",-0.210715442206654
"2631",110,"Megasphaera.sp..MP182G6",-0.210715442206654
"2632",110,"Paenibacillus.macerans",-0.210715442206654
"2633",110,"Romboutsia.sp..MP35A8",-0.210715442206654
"2634",110,"Sellimonas.intestinalis",-0.210715442206654
"2635",110,"Turicibacter.sp..MP236E3",-0.210715442206654
"2636",110,"Veillonella.atypica",8.0276459202497
"2637",110,"Veillonella.dispar",-0.210715442206654
"2638",110,"X.Clostridium..citroniae",-0.210715442206654
"2639",110,"X.Clostridium..cocleatum",-0.210715442206654
"2640",110,"X.Clostridium..sp..MP626E2_ig1",-0.210715442206654
"2641",111,"Anaerotruncus.colihominis",-0.311498952373849
"2642",111,"Bacteroides.sp..MP64F12",-0.311498952373849
"2643",111,"Blautia.coccoides",-0.311498952373849
"2644",111,"Burkholderiales.bacterium",-0.311498952373849
"2645",111,"Citrobacter.werkmanii",-0.311498952373849
"2646",111,"Clostridium.clostridioforme.CAG.511",-0.311498952373849
"2647",111,"Clostridium.nexile.CAG.348",-0.311498952373849
"2648",111,"Clostridium.paraputrificum",5.83966233910395
"2649",111,"Clostridium.sp..MP113D9",-0.311498952373849
"2650",111,"Clostridium.sp..MP49A11",6.54469620252591
"2651",111,"Clostridium.sp..MP551E06",-0.311498952373849
"2652",111,"Eggerthella.lenta",7.32917367984249
"2653",111,"Eggerthella.sp..MP163B1",6.1358019240226
"2654",111,"Lactobacillus.animalis",-0.311498952373849
"2655",111,"Megasphaera.sp..MP182G6",-0.311498952373849
"2656",111,"Paenibacillus.macerans",-0.311498952373849
"2657",111,"Romboutsia.sp..MP35A8",-0.311498952373849
"2658",111,"Sellimonas.intestinalis",-0.311498952373849
"2659",111,"Turicibacter.sp..MP236E3",-0.311498952373849
"2660",111,"Veillonella.atypica",7.74078953839885
"2661",111,"Veillonella.dispar",5.52117898953208
"2662",111,"X.Clostridium..citroniae",-0.311498952373849
"2663",111,"X.Clostridium..cocleatum",-0.311498952373849
"2664",111,"X.Clostridium..sp..MP626E2_ig1",-0.311498952373849
"2665",112,"Anaerotruncus.colihominis",-0.377330376608018
"2666",112,"Bacteroides.sp..MP64F12",-0.377330376608018
"2667",112,"Blautia.coccoides",4.50045074617467
"2668",112,"Burkholderiales.bacterium",-0.377330376608018
"2669",112,"Citrobacter.werkmanii",-0.377330376608018
"2670",112,"Clostridium.clostridioforme.CAG.511",7.37154839827385
"2671",112,"Clostridium.nexile.CAG.348",-0.377330376608018
"2672",112,"Clostridium.paraputrificum",-0.377330376608018
"2673",112,"Clostridium.sp..MP113D9",-0.377330376608018
"2674",112,"Clostridium.sp..MP49A11",6.54276965540196
"2675",112,"Clostridium.sp..MP551E06",-0.377330376608018
"2676",112,"Eggerthella.lenta",5.49798803566894
"2677",112,"Eggerthella.sp..MP163B1",-0.377330376608018
"2678",112,"Lactobacillus.animalis",-0.377330376608018
"2679",112,"Megasphaera.sp..MP182G6",8.60085236002325
"2680",112,"Paenibacillus.macerans",-0.377330376608018
"2681",112,"Romboutsia.sp..MP35A8",-0.377330376608018
"2682",112,"Sellimonas.intestinalis",7.16592649225756
"2683",112,"Turicibacter.sp..MP236E3",-0.377330376608018
"2684",112,"Veillonella.atypica",-0.377330376608018
"2685",112,"Veillonella.dispar",4.42000311934207
"2686",112,"X.Clostridium..citroniae",-0.377330376608018
"2687",112,"X.Clostridium..cocleatum",-0.377330376608018
"2688",112,"X.Clostridium..sp..MP626E2_ig1",-0.377330376608018
"2689",113,"Anaerotruncus.colihominis",-0.686846900677804
"2690",113,"Bacteroides.sp..MP64F12",-0.686846900677804
"2691",113,"Blautia.coccoides",8.1422137500761
"2692",113,"Burkholderiales.bacterium",-0.686846900677804
"2693",113,"Citrobacter.werkmanii",-0.686846900677804
"2694",113,"Clostridium.clostridioforme.CAG.511",-0.686846900677804
"2695",113,"Clostridium.nexile.CAG.348",-0.686846900677804
"2696",113,"Clostridium.paraputrificum",-0.686846900677804
"2697",113,"Clostridium.sp..MP113D9",-0.686846900677804
"2698",113,"Clostridium.sp..MP49A11",-0.686846900677804
"2699",113,"Clostridium.sp..MP551E06",-0.686846900677804
"2700",113,"Eggerthella.lenta",6.7670127940766
"2701",113,"Eggerthella.sp..MP163B1",7.2407110185266
"2702",113,"Lactobacillus.animalis",7.21717412580282
"2703",113,"Megasphaera.sp..MP182G6",-0.686846900677804
"2704",113,"Paenibacillus.macerans",-0.686846900677804
"2705",113,"Romboutsia.sp..MP35A8",-0.686846900677804
"2706",113,"Sellimonas.intestinalis",-0.686846900677804
"2707",113,"Turicibacter.sp..MP236E3",-0.686846900677804
"2708",113,"Veillonella.atypica",-0.686846900677804
"2709",113,"Veillonella.dispar",-0.686846900677804
"2710",113,"X.Clostridium..citroniae",6.19689854547589
"2711",113,"X.Clostridium..cocleatum",-0.686846900677804
"2712",113,"X.Clostridium..sp..MP626E2_ig1",-0.686846900677804
"2713",114,"Anaerotruncus.colihominis",9.01930857792253
"2714",114,"Bacteroides.sp..MP64F12",-0.664660532366078
"2715",114,"Blautia.coccoides",6.54478384281877
"2716",114,"Burkholderiales.bacterium",-0.664660532366078
"2717",114,"Citrobacter.werkmanii",-0.664660532366078
"2718",114,"Clostridium.clostridioforme.CAG.511",7.02990382730904
"2719",114,"Clostridium.nexile.CAG.348",-0.664660532366078
"2720",114,"Clostridium.paraputrificum",-0.664660532366078
"2721",114,"Clostridium.sp..MP113D9",-0.664660532366078
"2722",114,"Clostridium.sp..MP49A11",-0.664660532366078
"2723",114,"Clostridium.sp..MP551E06",-0.664660532366078
"2724",114,"Eggerthella.lenta",6.35042811148586
"2725",114,"Eggerthella.sp..MP163B1",6.0728272410807
"2726",114,"Lactobacillus.animalis",-0.664660532366078
"2727",114,"Megasphaera.sp..MP182G6",-0.664660532366078
"2728",114,"Paenibacillus.macerans",-0.664660532366078
"2729",114,"Romboutsia.sp..MP35A8",-0.664660532366078
"2730",114,"Sellimonas.intestinalis",-0.664660532366078
"2731",114,"Turicibacter.sp..MP236E3",-0.664660532366078
"2732",114,"Veillonella.atypica",-0.664660532366078
"2733",114,"Veillonella.dispar",-0.664660532366078
"2734",114,"X.Clostridium..citroniae",3.68542191361151
"2735",114,"X.Clostridium..cocleatum",-0.664660532366078
"2736",114,"X.Clostridium..sp..MP626E2_ig1",-0.664660532366078
"2737",115,"Anaerotruncus.colihominis",-0.371076372155576
"2738",115,"Bacteroides.sp..MP64F12",-0.371076372155576
"2739",115,"Blautia.coccoides",4.24436504368222
"2740",115,"Burkholderiales.bacterium",-0.371076372155576
"2741",115,"Citrobacter.werkmanii",-0.371076372155576
"2742",115,"Clostridium.clostridioforme.CAG.511",-0.371076372155576
"2743",115,"Clostridium.nexile.CAG.348",-0.371076372155576
"2744",115,"Clostridium.paraputrificum",-0.371076372155576
"2745",115,"Clostridium.sp..MP113D9",-0.371076372155576
"2746",115,"Clostridium.sp..MP49A11",-0.371076372155576
"2747",115,"Clostridium.sp..MP551E06",-0.371076372155576
"2748",115,"Eggerthella.lenta",5.12356274007787
"2749",115,"Eggerthella.sp..MP163B1",-0.371076372155576
"2750",115,"Lactobacillus.animalis",-0.371076372155576
"2751",115,"Megasphaera.sp..MP182G6",-0.371076372155576
"2752",115,"Paenibacillus.macerans",-0.371076372155576
"2753",115,"Romboutsia.sp..MP35A8",-0.371076372155576
"2754",115,"Sellimonas.intestinalis",-0.371076372155576
"2755",115,"Turicibacter.sp..MP236E3",-0.371076372155576
"2756",115,"Veillonella.atypica",-0.371076372155576
"2757",115,"Veillonella.dispar",-0.371076372155576
"2758",115,"X.Clostridium..citroniae",-0.371076372155576
"2759",115,"X.Clostridium..cocleatum",-0.371076372155576
"2760",115,"X.Clostridium..sp..MP626E2_ig1",-0.371076372155576
"2761",116,"Anaerotruncus.colihominis",-0.317940225339893
"2762",116,"Bacteroides.sp..MP64F12",-0.317940225339893
"2763",116,"Blautia.coccoides",-0.317940225339893
"2764",116,"Burkholderiales.bacterium",-0.317940225339893
"2765",116,"Citrobacter.werkmanii",2.89319314241562
"2766",116,"Clostridium.clostridioforme.CAG.511",-0.317940225339893
"2767",116,"Clostridium.nexile.CAG.348",-0.317940225339893
"2768",116,"Clostridium.paraputrificum",-0.317940225339893
"2769",116,"Clostridium.sp..MP113D9",-0.317940225339893
"2770",116,"Clostridium.sp..MP49A11",-0.317940225339893
"2771",116,"Clostridium.sp..MP551E06",-0.317940225339893
"2772",116,"Eggerthella.lenta",-0.317940225339893
"2773",116,"Eggerthella.sp..MP163B1",-0.317940225339893
"2774",116,"Lactobacillus.animalis",11.9322402349399
"2775",116,"Megasphaera.sp..MP182G6",-0.317940225339893
"2776",116,"Paenibacillus.macerans",-0.317940225339893
"2777",116,"Romboutsia.sp..MP35A8",-0.317940225339893
"2778",116,"Sellimonas.intestinalis",-0.317940225339893
"2779",116,"Turicibacter.sp..MP236E3",7.49671906346489
"2780",116,"Veillonella.atypica",8.00501986208487
"2781",116,"Veillonella.dispar",-0.317940225339893
"2782",116,"X.Clostridium..citroniae",-0.317940225339893
"2783",116,"X.Clostridium..cocleatum",-0.317940225339893
"2784",116,"X.Clostridium..sp..MP626E2_ig1",-0.317940225339893
"2785",117,"Anaerotruncus.colihominis",-0.337631044819007
"2786",117,"Bacteroides.sp..MP64F12",-0.337631044819007
"2787",117,"Blautia.coccoides",-0.337631044819007
"2788",117,"Burkholderiales.bacterium",-0.337631044819007
"2789",117,"Citrobacter.werkmanii",-0.337631044819007
"2790",117,"Clostridium.clostridioforme.CAG.511",-0.337631044819007
"2791",117,"Clostridium.nexile.CAG.348",-0.337631044819007
"2792",117,"Clostridium.paraputrificum",-0.337631044819007
"2793",117,"Clostridium.sp..MP113D9",-0.337631044819007
"2794",117,"Clostridium.sp..MP49A11",-0.337631044819007
"2795",117,"Clostridium.sp..MP551E06",-0.337631044819007
"2796",117,"Eggerthella.lenta",-0.337631044819007
"2797",117,"Eggerthella.sp..MP163B1",-0.337631044819007
"2798",117,"Lactobacillus.animalis",-0.337631044819007
"2799",117,"Megasphaera.sp..MP182G6",-0.337631044819007
"2800",117,"Paenibacillus.macerans",-0.337631044819007
"2801",117,"Romboutsia.sp..MP35A8",5.96494707634645
"2802",117,"Sellimonas.intestinalis",-0.337631044819007
"2803",117,"Turicibacter.sp..MP236E3",4.1088483017579
"2804",117,"Veillonella.atypica",10.4185012420108
"2805",117,"Veillonella.dispar",6.20641611508836
"2806",117,"X.Clostridium..citroniae",-0.337631044819007
"2807",117,"X.Clostridium..cocleatum",-0.337631044819007
"2808",117,"X.Clostridium..sp..MP626E2_ig1",-0.337631044819007
"2809",118,"Anaerotruncus.colihominis",4.81885299261029
"2810",118,"Bacteroides.sp..MP64F12",-0.804370036817692
"2811",118,"Blautia.coccoides",5.0524164675885
"2812",118,"Burkholderiales.bacterium",-0.804370036817692
"2813",118,"Citrobacter.werkmanii",-0.804370036817692
"2814",118,"Clostridium.clostridioforme.CAG.511",-0.804370036817692
"2815",118,"Clostridium.nexile.CAG.348",-0.804370036817692
"2816",118,"Clostridium.paraputrificum",-0.804370036817692
"2817",118,"Clostridium.sp..MP113D9",-0.804370036817692
"2818",118,"Clostridium.sp..MP49A11",-0.804370036817692
"2819",118,"Clostridium.sp..MP551E06",-0.804370036817692
"2820",118,"Eggerthella.lenta",6.52697669087591
"2821",118,"Eggerthella.sp..MP163B1",-0.804370036817692
"2822",118,"Lactobacillus.animalis",-0.804370036817692
"2823",118,"Megasphaera.sp..MP182G6",-0.804370036817692
"2824",118,"Paenibacillus.macerans",-0.804370036817692
"2825",118,"Romboutsia.sp..MP35A8",-0.804370036817692
"2826",118,"Sellimonas.intestinalis",7.71830053781989
"2827",118,"Turicibacter.sp..MP236E3",-0.804370036817692
"2828",118,"Veillonella.atypica",-0.804370036817692
"2829",118,"Veillonella.dispar",-0.804370036817692
"2830",118,"X.Clostridium..citroniae",8.4728603139964
"2831",118,"X.Clostridium..cocleatum",-0.804370036817692
"2832",118,"X.Clostridium..sp..MP626E2_ig1",4.483376914784
"2833",119,"Anaerotruncus.colihominis",-0.743370368183426
"2834",119,"Bacteroides.sp..MP64F12",-0.743370368183426
"2835",119,"Blautia.coccoides",8.03914114522822
"2836",119,"Burkholderiales.bacterium",-0.743370368183426
"2837",119,"Citrobacter.werkmanii",-0.743370368183426
"2838",119,"Clostridium.clostridioforme.CAG.511",-0.743370368183426
"2839",119,"Clostridium.nexile.CAG.348",-0.743370368183426
"2840",119,"Clostridium.paraputrificum",-0.743370368183426
"2841",119,"Clostridium.sp..MP113D9",-0.743370368183426
"2842",119,"Clostridium.sp..MP49A11",-0.743370368183426
"2843",119,"Clostridium.sp..MP551E06",-0.743370368183426
"2844",119,"Eggerthella.lenta",6.9132028998086
"2845",119,"Eggerthella.sp..MP163B1",-0.743370368183426
"2846",119,"Lactobacillus.animalis",-0.743370368183426
"2847",119,"Megasphaera.sp..MP182G6",-0.743370368183426
"2848",119,"Paenibacillus.macerans",-0.743370368183426
"2849",119,"Romboutsia.sp..MP35A8",-0.743370368183426
"2850",119,"Sellimonas.intestinalis",-0.743370368183426
"2851",119,"Turicibacter.sp..MP236E3",-0.743370368183426
"2852",119,"Veillonella.atypica",-0.743370368183426
"2853",119,"Veillonella.dispar",-0.743370368183426
"2854",119,"X.Clostridium..citroniae",-0.743370368183426
"2855",119,"X.Clostridium..cocleatum",-0.743370368183426
"2856",119,"X.Clostridium..sp..MP626E2_ig1",-0.743370368183426
"2857",120,"Anaerotruncus.colihominis",-0.296814612222628
"2858",120,"Bacteroides.sp..MP64F12",-0.296814612222628
"2859",120,"Blautia.coccoides",9.3441384081029
"2860",120,"Burkholderiales.bacterium",-0.296814612222628
"2861",120,"Citrobacter.werkmanii",-0.296814612222628
"2862",120,"Clostridium.clostridioforme.CAG.511",-0.296814612222628
"2863",120,"Clostridium.nexile.CAG.348",-0.296814612222628
"2864",120,"Clostridium.paraputrificum",-0.296814612222628
"2865",120,"Clostridium.sp..MP113D9",-0.296814612222628
"2866",120,"Clostridium.sp..MP49A11",-0.296814612222628
"2867",120,"Clostridium.sp..MP551E06",-0.296814612222628
"2868",120,"Eggerthella.lenta",-0.296814612222628
"2869",120,"Eggerthella.sp..MP163B1",-0.296814612222628
"2870",120,"Lactobacillus.animalis",-0.296814612222628
"2871",120,"Megasphaera.sp..MP182G6",-0.296814612222628
"2872",120,"Paenibacillus.macerans",-0.296814612222628
"2873",120,"Romboutsia.sp..MP35A8",-0.296814612222628
"2874",120,"Sellimonas.intestinalis",-0.296814612222628
"2875",120,"Turicibacter.sp..MP236E3",-0.296814612222628
"2876",120,"Veillonella.atypica",6.8627761211334
"2877",120,"Veillonella.dispar",-0.296814612222628
"2878",120,"X.Clostridium..citroniae",6.25560749773499
"2879",120,"X.Clostridium..cocleatum",7.35176121047556
"2880",120,"X.Clostridium..sp..MP626E2_ig1",-0.296814612222628
"2881",121,"Anaerotruncus.colihominis",-0.335889543611502
"2882",121,"Bacteroides.sp..MP64F12",-0.335889543611502
"2883",121,"Blautia.coccoides",8.72897698283418
"2884",121,"Burkholderiales.bacterium",-0.335889543611502
"2885",121,"Citrobacter.werkmanii",7.08908918664819
"2886",121,"Clostridium.clostridioforme.CAG.511",-0.335889543611502
"2887",121,"Clostridium.nexile.CAG.348",-0.335889543611502
"2888",121,"Clostridium.paraputrificum",3.44345449532212
"2889",121,"Clostridium.sp..MP113D9",-0.335889543611502
"2890",121,"Clostridium.sp..MP49A11",-0.335889543611502
"2891",121,"Clostridium.sp..MP551E06",-0.335889543611502
"2892",121,"Eggerthella.lenta",-0.335889543611502
"2893",121,"Eggerthella.sp..MP163B1",-0.335889543611502
"2894",121,"Lactobacillus.animalis",-0.335889543611502
"2895",121,"Megasphaera.sp..MP182G6",-0.335889543611502
"2896",121,"Paenibacillus.macerans",-0.335889543611502
"2897",121,"Romboutsia.sp..MP35A8",-0.335889543611502
"2898",121,"Sellimonas.intestinalis",-0.335889543611502
"2899",121,"Turicibacter.sp..MP236E3",-0.335889543611502
"2900",121,"Veillonella.atypica",6.63894089910251
"2901",121,"Veillonella.dispar",-0.335889543611502
"2902",121,"X.Clostridium..citroniae",-0.335889543611502
"2903",121,"X.Clostridium..cocleatum",-0.335889543611502
"2904",121,"X.Clostridium..sp..MP626E2_ig1",-0.335889543611502
"2905",122,"Anaerotruncus.colihominis",-0.37527472550688
"2906",122,"Bacteroides.sp..MP64F12",-0.37527472550688
"2907",122,"Blautia.coccoides",7.8076658082122
"2908",122,"Burkholderiales.bacterium",-0.37527472550688
"2909",122,"Citrobacter.werkmanii",-0.37527472550688
"2910",122,"Clostridium.clostridioforme.CAG.511",-0.37527472550688
"2911",122,"Clostridium.nexile.CAG.348",-0.37527472550688
"2912",122,"Clostridium.paraputrificum",-0.37527472550688
"2913",122,"Clostridium.sp..MP113D9",-0.37527472550688
"2914",122,"Clostridium.sp..MP49A11",-0.37527472550688
"2915",122,"Clostridium.sp..MP551E06",-0.37527472550688
"2916",122,"Eggerthella.lenta",-0.37527472550688
"2917",122,"Eggerthella.sp..MP163B1",-0.37527472550688
"2918",122,"Lactobacillus.animalis",-0.37527472550688
"2919",122,"Megasphaera.sp..MP182G6",-0.37527472550688
"2920",122,"Paenibacillus.macerans",-0.37527472550688
"2921",122,"Romboutsia.sp..MP35A8",-0.37527472550688
"2922",122,"Sellimonas.intestinalis",-0.37527472550688
"2923",122,"Turicibacter.sp..MP236E3",-0.37527472550688
"2924",122,"Veillonella.atypica",8.83708519596783
"2925",122,"Veillonella.dispar",6.50394601035164
"2926",122,"X.Clostridium..citroniae",-0.37527472550688
"2927",122,"X.Clostridium..cocleatum",-0.37527472550688
"2928",122,"X.Clostridium..sp..MP626E2_ig1",-0.37527472550688
"2929",123,"Anaerotruncus.colihominis",-0.360394934746967
"2930",123,"Bacteroides.sp..MP64F12",-0.360394934746967
"2931",123,"Blautia.coccoides",9.60764447876368
"2932",123,"Burkholderiales.bacterium",-0.360394934746967
"2933",123,"Citrobacter.werkmanii",6.36727591712466
"2934",123,"Clostridium.clostridioforme.CAG.511",-0.360394934746967
"2935",123,"Clostridium.nexile.CAG.348",-0.360394934746967
"2936",123,"Clostridium.paraputrificum",4.89244955963643
"2937",123,"Clostridium.sp..MP113D9",-0.360394934746967
"2938",123,"Clostridium.sp..MP49A11",-0.360394934746967
"2939",123,"Clostridium.sp..MP551E06",-0.360394934746967
"2940",123,"Eggerthella.lenta",-0.360394934746967
"2941",123,"Eggerthella.sp..MP163B1",-0.360394934746967
"2942",123,"Lactobacillus.animalis",-0.360394934746967
"2943",123,"Megasphaera.sp..MP182G6",-0.360394934746967
"2944",123,"Paenibacillus.macerans",-0.360394934746967
"2945",123,"Romboutsia.sp..MP35A8",-0.360394934746967
"2946",123,"Sellimonas.intestinalis",-0.360394934746967
"2947",123,"Turicibacter.sp..MP236E3",-0.360394934746967
"2948",123,"Veillonella.atypica",8.17060415495641
"2949",123,"Veillonella.dispar",-0.360394934746967
"2950",123,"X.Clostridium..citroniae",-0.360394934746967
"2951",123,"X.Clostridium..cocleatum",4.47299104788951
"2952",123,"X.Clostridium..sp..MP626E2_ig1",-0.360394934746967
"2953",124,"Anaerotruncus.colihominis",-0.502980472091368
"2954",124,"Bacteroides.sp..MP64F12",-0.502980472091368
"2955",124,"Blautia.coccoides",5.4813899573823
"2956",124,"Burkholderiales.bacterium",-0.502980472091368
"2957",124,"Citrobacter.werkmanii",-0.502980472091368
"2958",124,"Clostridium.clostridioforme.CAG.511",-0.502980472091368
"2959",124,"Clostridium.nexile.CAG.348",-0.502980472091368
"2960",124,"Clostridium.paraputrificum",5.06102564112407
"2961",124,"Clostridium.sp..MP113D9",-0.502980472091368
"2962",124,"Clostridium.sp..MP49A11",-0.502980472091368
"2963",124,"Clostridium.sp..MP551E06",-0.502980472091368
"2964",124,"Eggerthella.lenta",-0.502980472091368
"2965",124,"Eggerthella.sp..MP163B1",-0.502980472091368
"2966",124,"Lactobacillus.animalis",-0.502980472091368
"2967",124,"Megasphaera.sp..MP182G6",-0.502980472091368
"2968",124,"Paenibacillus.macerans",-0.502980472091368
"2969",124,"Romboutsia.sp..MP35A8",-0.502980472091368
"2970",124,"Sellimonas.intestinalis",-0.502980472091368
"2971",124,"Turicibacter.sp..MP236E3",-0.502980472091368
"2972",124,"Veillonella.atypica",8.47153948635568
"2973",124,"Veillonella.dispar",6.17097972259543
"2974",124,"X.Clostridium..citroniae",-0.502980472091368
"2975",124,"X.Clostridium..cocleatum",-0.502980472091368
"2976",124,"X.Clostridium..sp..MP626E2_ig1",-0.502980472091368
"2977",125,"Anaerotruncus.colihominis",5.74193211120633
"2978",125,"Bacteroides.sp..MP64F12",-0.565237286397078
"2979",125,"Blautia.coccoides",-0.565237286397078
"2980",125,"Burkholderiales.bacterium",-0.565237286397078
"2981",125,"Citrobacter.werkmanii",-0.565237286397078
"2982",125,"Clostridium.clostridioforme.CAG.511",-0.565237286397078
"2983",125,"Clostridium.nexile.CAG.348",6.45696510531772
"2984",125,"Clostridium.paraputrificum",-0.565237286397078
"2985",125,"Clostridium.sp..MP113D9",-0.565237286397078
"2986",125,"Clostridium.sp..MP49A11",-0.565237286397078
"2987",125,"Clostridium.sp..MP551E06",-0.565237286397078
"2988",125,"Eggerthella.lenta",8.22326620607721
"2989",125,"Eggerthella.sp..MP163B1",-0.565237286397078
"2990",125,"Lactobacillus.animalis",-0.565237286397078
"2991",125,"Megasphaera.sp..MP182G6",-0.565237286397078
"2992",125,"Paenibacillus.macerans",-0.565237286397078
"2993",125,"Romboutsia.sp..MP35A8",-0.565237286397078
"2994",125,"Sellimonas.intestinalis",-0.565237286397078
"2995",125,"Turicibacter.sp..MP236E3",-0.565237286397078
"2996",125,"Veillonella.atypica",-0.565237286397078
"2997",125,"Veillonella.dispar",-0.565237286397078
"2998",125,"X.Clostridium..citroniae",4.05267808028904
"2999",125,"X.Clostridium..cocleatum",-0.565237286397078
"3000",125,"X.Clostridium..sp..MP626E2_ig1",-0.565237286397078
"3001",126,"Anaerotruncus.colihominis",6.91927687126736
"3002",126,"Bacteroides.sp..MP64F12",-0.980703966333502
"3003",126,"Blautia.coccoides",9.31593953071692
"3004",126,"Burkholderiales.bacterium",-0.980703966333502
"3005",126,"Citrobacter.werkmanii",-0.980703966333502
"3006",126,"Clostridium.clostridioforme.CAG.511",7.29293797171791
"3007",126,"Clostridium.nexile.CAG.348",-0.980703966333502
"3008",126,"Clostridium.paraputrificum",5.3030090371842
"3009",126,"Clostridium.sp..MP113D9",-0.980703966333502
"3010",126,"Clostridium.sp..MP49A11",-0.980703966333502
"3011",126,"Clostridium.sp..MP551E06",5.38702879417583
"3012",126,"Eggerthella.lenta",7.06897396819661
"3013",126,"Eggerthella.sp..MP163B1",-0.980703966333502
"3014",126,"Lactobacillus.animalis",-0.980703966333502
"3015",126,"Megasphaera.sp..MP182G6",-0.980703966333502
"3016",126,"Paenibacillus.macerans",-0.980703966333502
"3017",126,"Romboutsia.sp..MP35A8",-0.980703966333502
"3018",126,"Sellimonas.intestinalis",-0.980703966333502
"3019",126,"Turicibacter.sp..MP236E3",5.37065869676921
"3020",126,"Veillonella.atypica",5.37485391277082
"3021",126,"Veillonella.dispar",-0.980703966333502
"3022",126,"X.Clostridium..citroniae",8.31664210839667
"3023",126,"X.Clostridium..cocleatum",4.6393281872399
"3024",126,"X.Clostridium..sp..MP626E2_ig1",-0.980703966333502
"3025",127,"Anaerotruncus.colihominis",-0.425964259787106
"3026",127,"Bacteroides.sp..MP64F12",-0.425964259787106
"3027",127,"Blautia.coccoides",8.33205544123222
"3028",127,"Burkholderiales.bacterium",-0.425964259787106
"3029",127,"Citrobacter.werkmanii",-0.425964259787106
"3030",127,"Clostridium.clostridioforme.CAG.511",-0.425964259787106
"3031",127,"Clostridium.nexile.CAG.348",-0.425964259787106
"3032",127,"Clostridium.paraputrificum",6.59247121781145
"3033",127,"Clostridium.sp..MP113D9",-0.425964259787106
"3034",127,"Clostridium.sp..MP49A11",-0.425964259787106
"3035",127,"Clostridium.sp..MP551E06",-0.425964259787106
"3036",127,"Eggerthella.lenta",-0.425964259787106
"3037",127,"Eggerthella.sp..MP163B1",-0.425964259787106
"3038",127,"Lactobacillus.animalis",-0.425964259787106
"3039",127,"Megasphaera.sp..MP182G6",-0.425964259787106
"3040",127,"Paenibacillus.macerans",-0.425964259787106
"3041",127,"Romboutsia.sp..MP35A8",-0.425964259787106
"3042",127,"Sellimonas.intestinalis",-0.425964259787106
"3043",127,"Turicibacter.sp..MP236E3",5.11406889600519
"3044",127,"Veillonella.atypica",-0.425964259787106
"3045",127,"Veillonella.dispar",-0.425964259787106
"3046",127,"X.Clostridium..citroniae",-0.425964259787106
"3047",127,"X.Clostridium..cocleatum",-0.425964259787106
"3048",127,"X.Clostridium..sp..MP626E2_ig1",-0.425964259787106
"3049",128,"Anaerotruncus.colihominis",-0.515918486568196
"3050",128,"Bacteroides.sp..MP64F12",-0.515918486568196
"3051",128,"Blautia.coccoides",5.7760683330633
"3052",128,"Burkholderiales.bacterium",-0.515918486568196
"3053",128,"Citrobacter.werkmanii",-0.515918486568196
"3054",128,"Clostridium.clostridioforme.CAG.511",-0.515918486568196
"3055",128,"Clostridium.nexile.CAG.348",-0.515918486568196
"3056",128,"Clostridium.paraputrificum",-0.515918486568196
"3057",128,"Clostridium.sp..MP113D9",-0.515918486568196
"3058",128,"Clostridium.sp..MP49A11",-0.515918486568196
"3059",128,"Clostridium.sp..MP551E06",-0.515918486568196
"3060",128,"Eggerthella.lenta",7.05563638678259
"3061",128,"Eggerthella.sp..MP163B1",7.28371880850904
"3062",128,"Lactobacillus.animalis",-0.515918486568196
"3063",128,"Megasphaera.sp..MP182G6",-0.515918486568196
"3064",128,"Paenibacillus.macerans",-0.515918486568196
"3065",128,"Romboutsia.sp..MP35A8",-0.515918486568196
"3066",128,"Sellimonas.intestinalis",-0.515918486568196
"3067",128,"Turicibacter.sp..MP236E3",-0.515918486568196
"3068",128,"Veillonella.atypica",-0.515918486568196
"3069",128,"Veillonella.dispar",-0.515918486568196
"3070",128,"X.Clostridium..citroniae",-0.515918486568196
"3071",128,"X.Clostridium..cocleatum",-0.515918486568196
"3072",128,"X.Clostridium..sp..MP626E2_ig1",-0.515918486568196
"3073",129,"Anaerotruncus.colihominis",-0.56995773665725
"3074",129,"Bacteroides.sp..MP64F12",-0.56995773665725
"3075",129,"Blautia.coccoides",6.52944781422431
"3076",129,"Burkholderiales.bacterium",-0.56995773665725
"3077",129,"Citrobacter.werkmanii",-0.56995773665725
"3078",129,"Clostridium.clostridioforme.CAG.511",9.18041459479137
"3079",129,"Clostridium.nexile.CAG.348",7.76841831967319
"3080",129,"Clostridium.paraputrificum",-0.56995773665725
"3081",129,"Clostridium.sp..MP113D9",-0.56995773665725
"3082",129,"Clostridium.sp..MP49A11",-0.56995773665725
"3083",129,"Clostridium.sp..MP551E06",-0.56995773665725
"3084",129,"Eggerthella.lenta",7.44631216415465
"3085",129,"Eggerthella.sp..MP163B1",6.82916839544968
"3086",129,"Lactobacillus.animalis",-0.56995773665725
"3087",129,"Megasphaera.sp..MP182G6",-0.56995773665725
"3088",129,"Paenibacillus.macerans",-0.56995773665725
"3089",129,"Romboutsia.sp..MP35A8",-0.56995773665725
"3090",129,"Sellimonas.intestinalis",-0.56995773665725
"3091",129,"Turicibacter.sp..MP236E3",-0.56995773665725
"3092",129,"Veillonella.atypica",9.18425694684576
"3093",129,"Veillonella.dispar",-0.56995773665725
"3094",129,"X.Clostridium..citroniae",5.33878549960954
"3095",129,"X.Clostridium..cocleatum",-0.56995773665725
"3096",129,"X.Clostridium..sp..MP626E2_ig1",-0.56995773665725
"3097",130,"Anaerotruncus.colihominis",3.80833350400197
"3098",130,"Bacteroides.sp..MP64F12",-1.2348106377097
"3099",130,"Blautia.coccoides",-1.2348106377097
"3100",130,"Burkholderiales.bacterium",-1.2348106377097
"3101",130,"Citrobacter.werkmanii",-1.2348106377097
"3102",130,"Clostridium.clostridioforme.CAG.511",-1.2348106377097
"3103",130,"Clostridium.nexile.CAG.348",-1.2348106377097
"3104",130,"Clostridium.paraputrificum",-1.2348106377097
"3105",130,"Clostridium.sp..MP113D9",-1.2348106377097
"3106",130,"Clostridium.sp..MP49A11",-1.2348106377097
"3107",130,"Clostridium.sp..MP551E06",-1.2348106377097
"3108",130,"Eggerthella.lenta",-1.2348106377097
"3109",130,"Eggerthella.sp..MP163B1",-1.2348106377097
"3110",130,"Lactobacillus.animalis",-1.2348106377097
"3111",130,"Megasphaera.sp..MP182G6",-1.2348106377097
"3112",130,"Paenibacillus.macerans",-1.2348106377097
"3113",130,"Romboutsia.sp..MP35A8",-1.2348106377097
"3114",130,"Sellimonas.intestinalis",6.8158356839065
"3115",130,"Turicibacter.sp..MP236E3",-1.2348106377097
"3116",130,"Veillonella.atypica",5.82398328090054
"3117",130,"Veillonella.dispar",-1.2348106377097
"3118",130,"X.Clostridium..citroniae",7.72320053969856
"3119",130,"X.Clostridium..cocleatum",2.51523560906885
"3120",130,"X.Clostridium..sp..MP626E2_ig1",4.60857864461522
"3121",131,"Anaerotruncus.colihominis",2.287453958811
"3122",131,"Bacteroides.sp..MP64F12",-0.699333059825392
"3123",131,"Blautia.coccoides",6.2513182009235
"3124",131,"Burkholderiales.bacterium",-0.699333059825392
"3125",131,"Citrobacter.werkmanii",-0.699333059825392
"3126",131,"Clostridium.clostridioforme.CAG.511",-0.699333059825392
"3127",131,"Clostridium.nexile.CAG.348",-0.699333059825392
"3128",131,"Clostridium.paraputrificum",-0.699333059825392
"3129",131,"Clostridium.sp..MP113D9",-0.699333059825392
"3130",131,"Clostridium.sp..MP49A11",-0.699333059825392
"3131",131,"Clostridium.sp..MP551E06",-0.699333059825392
"3132",131,"Eggerthella.lenta",7.0042427755005
"3133",131,"Eggerthella.sp..MP163B1",6.37744873253308
"3134",131,"Lactobacillus.animalis",-0.699333059825392
"3135",131,"Megasphaera.sp..MP182G6",-0.699333059825392
"3136",131,"Paenibacillus.macerans",-0.699333059825392
"3137",131,"Romboutsia.sp..MP35A8",-0.699333059825392
"3138",131,"Sellimonas.intestinalis",7.04442797273604
"3139",131,"Turicibacter.sp..MP236E3",-0.699333059825392
"3140",131,"Veillonella.atypica",-0.699333059825392
"3141",131,"Veillonella.dispar",-0.699333059825392
"3142",131,"X.Clostridium..citroniae",3.93296693107544
"3143",131,"X.Clostridium..cocleatum",-0.699333059825392
"3144",131,"X.Clostridium..sp..MP626E2_ig1",4.32196090623871
"3145",132,"Anaerotruncus.colihominis",-0.370079175159713
"3146",132,"Bacteroides.sp..MP64F12",-0.370079175159713
"3147",132,"Blautia.coccoides",-0.370079175159713
"3148",132,"Burkholderiales.bacterium",-0.370079175159713
"3149",132,"Citrobacter.werkmanii",-0.370079175159713
"3150",132,"Clostridium.clostridioforme.CAG.511",9.0304402302531
"3151",132,"Clostridium.nexile.CAG.348",-0.370079175159713
"3152",132,"Clostridium.paraputrificum",-0.370079175159713
"3153",132,"Clostridium.sp..MP113D9",-0.370079175159713
"3154",132,"Clostridium.sp..MP49A11",-0.370079175159713
"3155",132,"Clostridium.sp..MP551E06",-0.370079175159713
"3156",132,"Eggerthella.lenta",-0.370079175159713
"3157",132,"Eggerthella.sp..MP163B1",-0.370079175159713
"3158",132,"Lactobacillus.animalis",-0.370079175159713
"3159",132,"Megasphaera.sp..MP182G6",-0.370079175159713
"3160",132,"Paenibacillus.macerans",-0.370079175159713
"3161",132,"Romboutsia.sp..MP35A8",-0.370079175159713
"3162",132,"Sellimonas.intestinalis",-0.370079175159713
"3163",132,"Turicibacter.sp..MP236E3",-0.370079175159713
"3164",132,"Veillonella.atypica",9.53667360034855
"3165",132,"Veillonella.dispar",-0.370079175159713
"3166",132,"X.Clostridium..citroniae",4.82677066322376
"3167",132,"X.Clostridium..cocleatum",-0.370079175159713
"3168",132,"X.Clostridium..sp..MP626E2_ig1",-0.370079175159713
"3169",133,"Anaerotruncus.colihominis",-0.395638057711746
"3170",133,"Bacteroides.sp..MP64F12",-0.395638057711746
"3171",133,"Blautia.coccoides",-0.395638057711746
"3172",133,"Burkholderiales.bacterium",-0.395638057711746
"3173",133,"Citrobacter.werkmanii",-0.395638057711746
"3174",133,"Clostridium.clostridioforme.CAG.511",9.21751359305713
"3175",133,"Clostridium.nexile.CAG.348",-0.395638057711746
"3176",133,"Clostridium.paraputrificum",-0.395638057711746
"3177",133,"Clostridium.sp..MP113D9",-0.395638057711746
"3178",133,"Clostridium.sp..MP49A11",-0.395638057711746
"3179",133,"Clostridium.sp..MP551E06",-0.395638057711746
"3180",133,"Eggerthella.lenta",-0.395638057711746
"3181",133,"Eggerthella.sp..MP163B1",-0.395638057711746
"3182",133,"Lactobacillus.animalis",-0.395638057711746
"3183",133,"Megasphaera.sp..MP182G6",-0.395638057711746
"3184",133,"Paenibacillus.macerans",-0.395638057711746
"3185",133,"Romboutsia.sp..MP35A8",-0.395638057711746
"3186",133,"Sellimonas.intestinalis",-0.395638057711746
"3187",133,"Turicibacter.sp..MP236E3",-0.395638057711746
"3188",133,"Veillonella.atypica",9.66382637491471
"3189",133,"Veillonella.dispar",-0.395638057711746
"3190",133,"X.Clostridium..citroniae",4.97545358856419
"3191",133,"X.Clostridium..cocleatum",-0.395638057711746
"3192",133,"X.Clostridium..sp..MP626E2_ig1",-0.395638057711746
"3193",134,"Anaerotruncus.colihominis",-0.632993795847696
"3194",134,"Bacteroides.sp..MP64F12",-0.632993795847696
"3195",134,"Blautia.coccoides",6.36881280517457
"3196",134,"Burkholderiales.bacterium",-0.632993795847696
"3197",134,"Citrobacter.werkmanii",-0.632993795847696
"3198",134,"Clostridium.clostridioforme.CAG.511",7.19426572267942
"3199",134,"Clostridium.nexile.CAG.348",6.65465475099815
"3200",134,"Clostridium.paraputrificum",-0.632993795847696
"3201",134,"Clostridium.sp..MP113D9",-0.632993795847696
"3202",134,"Clostridium.sp..MP49A11",-0.632993795847696
"3203",134,"Clostridium.sp..MP551E06",-0.632993795847696
"3204",134,"Eggerthella.lenta",7.26833165830498
"3205",134,"Eggerthella.sp..MP163B1",7.35593019621197
"3206",134,"Lactobacillus.animalis",-0.632993795847696
"3207",134,"Megasphaera.sp..MP182G6",-0.632993795847696
"3208",134,"Paenibacillus.macerans",-0.632993795847696
"3209",134,"Romboutsia.sp..MP35A8",-0.632993795847696
"3210",134,"Sellimonas.intestinalis",-0.632993795847696
"3211",134,"Turicibacter.sp..MP236E3",-0.632993795847696
"3212",134,"Veillonella.atypica",8.84865944510911
"3213",134,"Veillonella.dispar",-0.632993795847696
"3214",134,"X.Clostridium..citroniae",0.454922256300874
"3215",134,"X.Clostridium..cocleatum",-0.632993795847696
"3216",134,"X.Clostridium..sp..MP626E2_ig1",-0.632993795847696
"3217",135,"Anaerotruncus.colihominis",-0.412421015856628
"3218",135,"Bacteroides.sp..MP64F12",-0.412421015856628
"3219",135,"Blautia.coccoides",-0.412421015856628
"3220",135,"Burkholderiales.bacterium",-0.412421015856628
"3221",135,"Citrobacter.werkmanii",-0.412421015856628
"3222",135,"Clostridium.clostridioforme.CAG.511",-0.412421015856628
"3223",135,"Clostridium.nexile.CAG.348",-0.412421015856628
"3224",135,"Clostridium.paraputrificum",-0.412421015856628
"3225",135,"Clostridium.sp..MP113D9",-0.412421015856628
"3226",135,"Clostridium.sp..MP49A11",-0.412421015856628
"3227",135,"Clostridium.sp..MP551E06",-0.412421015856628
"3228",135,"Eggerthella.lenta",-0.412421015856628
"3229",135,"Eggerthella.sp..MP163B1",-0.412421015856628
"3230",135,"Lactobacillus.animalis",-0.412421015856628
"3231",135,"Megasphaera.sp..MP182G6",-0.412421015856628
"3232",135,"Paenibacillus.macerans",-0.412421015856628
"3233",135,"Romboutsia.sp..MP35A8",-0.412421015856628
"3234",135,"Sellimonas.intestinalis",-0.412421015856628
"3235",135,"Turicibacter.sp..MP236E3",-0.412421015856628
"3236",135,"Veillonella.atypica",10.6850113374073
"3237",135,"Veillonella.dispar",-0.412421015856628
"3238",135,"X.Clostridium..citroniae",-0.412421015856628
"3239",135,"X.Clostridium..cocleatum",-0.412421015856628
"3240",135,"X.Clostridium..sp..MP626E2_ig1",-0.412421015856628
"3241",136,"Anaerotruncus.colihominis",5.77787383193677
"3242",136,"Bacteroides.sp..MP64F12",-0.811355663936972
"3243",136,"Blautia.coccoides",6.286079513786
"3244",136,"Burkholderiales.bacterium",-0.811355663936972
"3245",136,"Citrobacter.werkmanii",-0.811355663936972
"3246",136,"Clostridium.clostridioforme.CAG.511",-0.811355663936972
"3247",136,"Clostridium.nexile.CAG.348",-0.811355663936972
"3248",136,"Clostridium.paraputrificum",-0.811355663936972
"3249",136,"Clostridium.sp..MP113D9",-0.811355663936972
"3250",136,"Clostridium.sp..MP49A11",-0.811355663936972
"3251",136,"Clostridium.sp..MP551E06",-0.811355663936972
"3252",136,"Eggerthella.lenta",6.06959344596408
"3253",136,"Eggerthella.sp..MP163B1",5.68104411997546
"3254",136,"Lactobacillus.animalis",-0.811355663936972
"3255",136,"Megasphaera.sp..MP182G6",-0.811355663936972
"3256",136,"Paenibacillus.macerans",-0.811355663936972
"3257",136,"Romboutsia.sp..MP35A8",-0.811355663936972
"3258",136,"Sellimonas.intestinalis",8.56124252219647
"3259",136,"Turicibacter.sp..MP236E3",-0.811355663936972
"3260",136,"Veillonella.atypica",-0.811355663936972
"3261",136,"Veillonella.dispar",-0.811355663936972
"3262",136,"X.Clostridium..citroniae",7.65564650081353
"3263",136,"X.Clostridium..cocleatum",-0.811355663936972
"3264",136,"X.Clostridium..sp..MP626E2_ig1",-0.811355663936972
"3265",137,"Anaerotruncus.colihominis",4.12625474468
"3266",137,"Bacteroides.sp..MP64F12",-1.16444548957732
"3267",137,"Blautia.coccoides",5.11598511514854
"3268",137,"Burkholderiales.bacterium",-1.16444548957732
"3269",137,"Citrobacter.werkmanii",-1.16444548957732
"3270",137,"Clostridium.clostridioforme.CAG.511",-1.16444548957732
"3271",137,"Clostridium.nexile.CAG.348",-1.16444548957732
"3272",137,"Clostridium.paraputrificum",-1.16444548957732
"3273",137,"Clostridium.sp..MP113D9",-1.16444548957732
"3274",137,"Clostridium.sp..MP49A11",-1.16444548957732
"3275",137,"Clostridium.sp..MP551E06",-1.16444548957732
"3276",137,"Eggerthella.lenta",5.68775426882088
"3277",137,"Eggerthella.sp..MP163B1",5.17214325373835
"3278",137,"Lactobacillus.animalis",-1.16444548957732
"3279",137,"Megasphaera.sp..MP182G6",-1.16444548957732
"3280",137,"Paenibacillus.macerans",-1.16444548957732
"3281",137,"Romboutsia.sp..MP35A8",-1.16444548957732
"3282",137,"Sellimonas.intestinalis",6.99825618751892
"3283",137,"Turicibacter.sp..MP236E3",-1.16444548957732
"3284",137,"Veillonella.atypica",-1.16444548957732
"3285",137,"Veillonella.dispar",-1.16444548957732
"3286",137,"X.Clostridium..citroniae",6.11193791248977
"3287",137,"X.Clostridium..cocleatum",-1.16444548957732
"3288",137,"X.Clostridium..sp..MP626E2_ig1",-1.16444548957732
"3289",138,"Anaerotruncus.colihominis",-0.0981866444516566
"3290",138,"Bacteroides.sp..MP64F12",-0.0981866444516566
"3291",138,"Blautia.coccoides",-0.0981866444516566
"3292",138,"Burkholderiales.bacterium",-0.0981866444516566
"3293",138,"Citrobacter.werkmanii",-0.0981866444516566
"3294",138,"Clostridium.clostridioforme.CAG.511",-0.0981866444516566
"3295",138,"Clostridium.nexile.CAG.348",-0.0981866444516566
"3296",138,"Clostridium.paraputrificum",-0.0981866444516566
"3297",138,"Clostridium.sp..MP113D9",-0.0981866444516566
"3298",138,"Clostridium.sp..MP49A11",-0.0981866444516566
"3299",138,"Clostridium.sp..MP551E06",-0.0981866444516566
"3300",138,"Eggerthella.lenta",-0.0981866444516566
"3301",138,"Eggerthella.sp..MP163B1",-0.0981866444516566
"3302",138,"Lactobacillus.animalis",-0.0981866444516566
"3303",138,"Megasphaera.sp..MP182G6",-0.0981866444516566
"3304",138,"Paenibacillus.macerans",-0.0981866444516566
"3305",138,"Romboutsia.sp..MP35A8",-0.0981866444516566
"3306",138,"Sellimonas.intestinalis",-0.0981866444516566
"3307",138,"Turicibacter.sp..MP236E3",-0.0981866444516566
"3308",138,"Veillonella.atypica",11.2369849773109
"3309",138,"Veillonella.dispar",-0.0981866444516566
"3310",138,"X.Clostridium..citroniae",-0.0981866444516566
"3311",138,"X.Clostridium..cocleatum",-0.0981866444516566
"3312",138,"X.Clostridium..sp..MP626E2_ig1",-0.0981866444516566
"3313",139,"Anaerotruncus.colihominis",4.16714585612154
"3314",139,"Bacteroides.sp..MP64F12",-1.22359988243023
"3315",139,"Blautia.coccoides",7.39028297986043
"3316",139,"Burkholderiales.bacterium",-1.22359988243023
"3317",139,"Citrobacter.werkmanii",-1.22359988243023
"3318",139,"Clostridium.clostridioforme.CAG.511",-1.22359988243023
"3319",139,"Clostridium.nexile.CAG.348",7.60529049056006
"3320",139,"Clostridium.paraputrificum",-1.22359988243023
"3321",139,"Clostridium.sp..MP113D9",-1.22359988243023
"3322",139,"Clostridium.sp..MP49A11",-1.22359988243023
"3323",139,"Clostridium.sp..MP551E06",-1.22359988243023
"3324",139,"Eggerthella.lenta",7.08505493310957
"3325",139,"Eggerthella.sp..MP163B1",6.49850965105125
"3326",139,"Lactobacillus.animalis",-1.22359988243023
"3327",139,"Megasphaera.sp..MP182G6",-1.22359988243023
"3328",139,"Paenibacillus.macerans",-1.22359988243023
"3329",139,"Romboutsia.sp..MP35A8",-1.22359988243023
"3330",139,"Sellimonas.intestinalis",-1.22359988243023
"3331",139,"Turicibacter.sp..MP236E3",-1.22359988243023
"3332",139,"Veillonella.atypica",4.97494107119994
"3333",139,"Veillonella.dispar",-1.22359988243023
"3334",139,"X.Clostridium..citroniae",8.14510913475805
"3335",139,"X.Clostridium..cocleatum",-1.22359988243023
"3336",139,"X.Clostridium..sp..MP626E2_ig1",2.31802085348507
"3337",140,"Anaerotruncus.colihominis",-0.317675503989813
"3338",140,"Bacteroides.sp..MP64F12",-0.317675503989813
"3339",140,"Blautia.coccoides",-0.317675503989813
"3340",140,"Burkholderiales.bacterium",-0.317675503989813
"3341",140,"Citrobacter.werkmanii",-0.317675503989813
"3342",140,"Clostridium.clostridioforme.CAG.511",-0.317675503989813
"3343",140,"Clostridium.nexile.CAG.348",-0.317675503989813
"3344",140,"Clostridium.paraputrificum",-0.317675503989813
"3345",140,"Clostridium.sp..MP113D9",-0.317675503989813
"3346",140,"Clostridium.sp..MP49A11",-0.317675503989813
"3347",140,"Clostridium.sp..MP551E06",-0.317675503989813
"3348",140,"Eggerthella.lenta",-0.317675503989813
"3349",140,"Eggerthella.sp..MP163B1",-0.317675503989813
"3350",140,"Lactobacillus.animalis",-0.317675503989813
"3351",140,"Megasphaera.sp..MP182G6",-0.317675503989813
"3352",140,"Paenibacillus.macerans",-0.317675503989813
"3353",140,"Romboutsia.sp..MP35A8",-0.317675503989813
"3354",140,"Sellimonas.intestinalis",-0.317675503989813
"3355",140,"Turicibacter.sp..MP236E3",-0.317675503989813
"3356",140,"Veillonella.atypica",7.15169454098605
"3357",140,"Veillonella.dispar",-0.317675503989813
"3358",140,"X.Clostridium..citroniae",-0.317675503989813
"3359",140,"X.Clostridium..cocleatum",-0.317675503989813
"3360",140,"X.Clostridium..sp..MP626E2_ig1",-0.317675503989813
"3361",141,"Anaerotruncus.colihominis",-0.551787131241994
"3362",141,"Bacteroides.sp..MP64F12",-0.551787131241994
"3363",141,"Blautia.coccoides",10.4271929002631
"3364",141,"Burkholderiales.bacterium",-0.551787131241994
"3365",141,"Citrobacter.werkmanii",-0.551787131241994
"3366",141,"Clostridium.clostridioforme.CAG.511",-0.551787131241994
"3367",141,"Clostridium.nexile.CAG.348",-0.551787131241994
"3368",141,"Clostridium.paraputrificum",6.27412085555464
"3369",141,"Clostridium.sp..MP113D9",-0.551787131241994
"3370",141,"Clostridium.sp..MP49A11",-0.551787131241994
"3371",141,"Clostridium.sp..MP551E06",-0.551787131241994
"3372",141,"Eggerthella.lenta",-0.551787131241994
"3373",141,"Eggerthella.sp..MP163B1",-0.551787131241994
"3374",141,"Lactobacillus.animalis",-0.551787131241994
"3375",141,"Megasphaera.sp..MP182G6",-0.551787131241994
"3376",141,"Paenibacillus.macerans",-0.551787131241994
"3377",141,"Romboutsia.sp..MP35A8",-0.551787131241994
"3378",141,"Sellimonas.intestinalis",-0.551787131241994
"3379",141,"Turicibacter.sp..MP236E3",8.08277422187685
"3380",141,"Veillonella.atypica",5.24018885423722
"3381",141,"Veillonella.dispar",-0.551787131241994
"3382",141,"X.Clostridium..citroniae",9.49947609814842
"3383",141,"X.Clostridium..cocleatum",6.2332846261648
"3384",141,"X.Clostridium..sp..MP626E2_ig1",-0.551787131241994
"3385",142,"Anaerotruncus.colihominis",-0.143970090174118
"3386",142,"Bacteroides.sp..MP64F12",-0.143970090174118
"3387",142,"Blautia.coccoides",-0.143970090174118
"3388",142,"Burkholderiales.bacterium",-0.143970090174118
"3389",142,"Citrobacter.werkmanii",-0.143970090174118
"3390",142,"Clostridium.clostridioforme.CAG.511",-0.143970090174118
"3391",142,"Clostridium.nexile.CAG.348",-0.143970090174118
"3392",142,"Clostridium.paraputrificum",-0.143970090174118
"3393",142,"Clostridium.sp..MP113D9",-0.143970090174118
"3394",142,"Clostridium.sp..MP49A11",-0.143970090174118
"3395",142,"Clostridium.sp..MP551E06",-0.143970090174118
"3396",142,"Eggerthella.lenta",-0.143970090174118
"3397",142,"Eggerthella.sp..MP163B1",-0.143970090174118
"3398",142,"Lactobacillus.animalis",-0.143970090174118
"3399",142,"Megasphaera.sp..MP182G6",-0.143970090174118
"3400",142,"Paenibacillus.macerans",-0.143970090174118
"3401",142,"Romboutsia.sp..MP35A8",-0.143970090174118
"3402",142,"Sellimonas.intestinalis",-0.143970090174118
"3403",142,"Turicibacter.sp..MP236E3",-0.143970090174118
"3404",142,"Veillonella.atypica",7.51188813536578
"3405",142,"Veillonella.dispar",5.5196421348178
"3406",142,"X.Clostridium..citroniae",-0.143970090174118
"3407",142,"X.Clostridium..cocleatum",-0.143970090174118
"3408",142,"X.Clostridium..sp..MP626E2_ig1",-0.143970090174118
"3409",143,"Anaerotruncus.colihominis",-0.457309669646815
"3410",143,"Bacteroides.sp..MP64F12",-0.457309669646815
"3411",143,"Blautia.coccoides",-0.457309669646815
"3412",143,"Burkholderiales.bacterium",-0.457309669646815
"3413",143,"Citrobacter.werkmanii",-0.457309669646815
"3414",143,"Clostridium.clostridioforme.CAG.511",-0.457309669646815
"3415",143,"Clostridium.nexile.CAG.348",-0.457309669646815
"3416",143,"Clostridium.paraputrificum",-0.457309669646815
"3417",143,"Clostridium.sp..MP113D9",-0.457309669646815
"3418",143,"Clostridium.sp..MP49A11",-0.457309669646815
"3419",143,"Clostridium.sp..MP551E06",-0.457309669646815
"3420",143,"Eggerthella.lenta",-0.457309669646815
"3421",143,"Eggerthella.sp..MP163B1",-0.457309669646815
"3422",143,"Lactobacillus.animalis",-0.457309669646815
"3423",143,"Megasphaera.sp..MP182G6",-0.457309669646815
"3424",143,"Paenibacillus.macerans",-0.457309669646815
"3425",143,"Romboutsia.sp..MP35A8",-0.457309669646815
"3426",143,"Sellimonas.intestinalis",-0.457309669646815
"3427",143,"Turicibacter.sp..MP236E3",-0.457309669646815
"3428",143,"Veillonella.atypica",-0.457309669646815
"3429",143,"Veillonella.dispar",-0.457309669646815
"3430",143,"X.Clostridium..citroniae",-0.457309669646815
"3431",143,"X.Clostridium..cocleatum",-0.457309669646815
"3432",143,"X.Clostridium..sp..MP626E2_ig1",-0.457309669646815
"3433",144,"Anaerotruncus.colihominis",-0.173989143389413
"3434",144,"Bacteroides.sp..MP64F12",-0.173989143389413
"3435",144,"Blautia.coccoides",-0.173989143389413
"3436",144,"Burkholderiales.bacterium",-0.173989143389413
"3437",144,"Citrobacter.werkmanii",-0.173989143389413
"3438",144,"Clostridium.clostridioforme.CAG.511",-0.173989143389413
"3439",144,"Clostridium.nexile.CAG.348",-0.173989143389413
"3440",144,"Clostridium.paraputrificum",-0.173989143389413
"3441",144,"Clostridium.sp..MP113D9",-0.173989143389413
"3442",144,"Clostridium.sp..MP49A11",-0.173989143389413
"3443",144,"Clostridium.sp..MP551E06",-0.173989143389413
"3444",144,"Eggerthella.lenta",-0.173989143389413
"3445",144,"Eggerthella.sp..MP163B1",-0.173989143389413
"3446",144,"Lactobacillus.animalis",-0.173989143389413
"3447",144,"Megasphaera.sp..MP182G6",-0.173989143389413
"3448",144,"Paenibacillus.macerans",-0.173989143389413
"3449",144,"Romboutsia.sp..MP35A8",4.55119993971503
"3450",144,"Sellimonas.intestinalis",-0.173989143389413
"3451",144,"Turicibacter.sp..MP236E3",-0.173989143389413
"3452",144,"Veillonella.atypica",9.66288727724912
"3453",144,"Veillonella.dispar",-0.173989143389413
"3454",144,"X.Clostridium..citroniae",-0.173989143389413
"3455",144,"X.Clostridium..cocleatum",-0.173989143389413
"3456",144,"X.Clostridium..sp..MP626E2_ig1",-0.173989143389413
"3457",145,"Anaerotruncus.colihominis",1.98332840623451
"3458",145,"Bacteroides.sp..MP64F12",-0.696686111864617
"3459",145,"Blautia.coccoides",7.87655221038018
"3460",145,"Burkholderiales.bacterium",-0.696686111864617
"3461",145,"Citrobacter.werkmanii",-0.696686111864617
"3462",145,"Clostridium.clostridioforme.CAG.511",-0.696686111864617
"3463",145,"Clostridium.nexile.CAG.348",-0.696686111864617
"3464",145,"Clostridium.paraputrificum",-0.696686111864617
"3465",145,"Clostridium.sp..MP113D9",-0.696686111864617
"3466",145,"Clostridium.sp..MP49A11",-0.696686111864617
"3467",145,"Clostridium.sp..MP551E06",-0.696686111864617
"3468",145,"Eggerthella.lenta",-0.696686111864617
"3469",145,"Eggerthella.sp..MP163B1",-0.696686111864617
"3470",145,"Lactobacillus.animalis",-0.696686111864617
"3471",145,"Megasphaera.sp..MP182G6",-0.696686111864617
"3472",145,"Paenibacillus.macerans",-0.696686111864617
"3473",145,"Romboutsia.sp..MP35A8",-0.696686111864617
"3474",145,"Sellimonas.intestinalis",-0.696686111864617
"3475",145,"Turicibacter.sp..MP236E3",-0.696686111864617
"3476",145,"Veillonella.atypica",-0.696686111864617
"3477",145,"Veillonella.dispar",-0.696686111864617
"3478",145,"X.Clostridium..citroniae",9.13772557315174
"3479",145,"X.Clostridium..cocleatum",4.70189794263483
"3480",145,"X.Clostridium..sp..MP626E2_ig1",-0.696686111864617
"3481",146,"Anaerotruncus.colihominis",-0.300514707136713
"3482",146,"Bacteroides.sp..MP64F12",-0.300514707136713
"3483",146,"Blautia.coccoides",-0.300514707136713
"3484",146,"Burkholderiales.bacterium",-0.300514707136713
"3485",146,"Citrobacter.werkmanii",-0.300514707136713
"3486",146,"Clostridium.clostridioforme.CAG.511",-0.300514707136713
"3487",146,"Clostridium.nexile.CAG.348",-0.300514707136713
"3488",146,"Clostridium.paraputrificum",-0.300514707136713
"3489",146,"Clostridium.sp..MP113D9",-0.300514707136713
"3490",146,"Clostridium.sp..MP49A11",-0.300514707136713
"3491",146,"Clostridium.sp..MP551E06",-0.300514707136713
"3492",146,"Eggerthella.lenta",-0.300514707136713
"3493",146,"Eggerthella.sp..MP163B1",-0.300514707136713
"3494",146,"Lactobacillus.animalis",-0.300514707136713
"3495",146,"Megasphaera.sp..MP182G6",-0.300514707136713
"3496",146,"Paenibacillus.macerans",-0.300514707136713
"3497",146,"Romboutsia.sp..MP35A8",-0.300514707136713
"3498",146,"Sellimonas.intestinalis",-0.300514707136713
"3499",146,"Turicibacter.sp..MP236E3",-0.300514707136713
"3500",146,"Veillonella.atypica",5.66786718837381
"3501",146,"Veillonella.dispar",5.61779983925058
"3502",146,"X.Clostridium..citroniae",-0.300514707136713
"3503",146,"X.Clostridium..cocleatum",-0.300514707136713
"3504",146,"X.Clostridium..sp..MP626E2_ig1",-0.300514707136713
"3505",147,"Anaerotruncus.colihominis",-0.459431985507813
"3506",147,"Bacteroides.sp..MP64F12",-0.459431985507813
"3507",147,"Blautia.coccoides",8.62857220571997
"3508",147,"Burkholderiales.bacterium",-0.459431985507813
"3509",147,"Citrobacter.werkmanii",-0.459431985507813
"3510",147,"Clostridium.clostridioforme.CAG.511",-0.459431985507813
"3511",147,"Clostridium.nexile.CAG.348",-0.459431985507813
"3512",147,"Clostridium.paraputrificum",-0.459431985507813
"3513",147,"Clostridium.sp..MP113D9",-0.459431985507813
"3514",147,"Clostridium.sp..MP49A11",6.84059220381403
"3515",147,"Clostridium.sp..MP551E06",-0.459431985507813
"3516",147,"Eggerthella.lenta",-0.459431985507813
"3517",147,"Eggerthella.sp..MP163B1",-0.459431985507813
"3518",147,"Lactobacillus.animalis",-0.459431985507813
"3519",147,"Megasphaera.sp..MP182G6",-0.459431985507813
"3520",147,"Paenibacillus.macerans",-0.459431985507813
"3521",147,"Romboutsia.sp..MP35A8",-0.459431985507813
"3522",147,"Sellimonas.intestinalis",-0.459431985507813
"3523",147,"Turicibacter.sp..MP236E3",6.24345761618949
"3524",147,"Veillonella.atypica",9.56324574840279
"3525",147,"Veillonella.dispar",-0.459431985507813
"3526",147,"X.Clostridium..citroniae",7.81042990518751
"3527",147,"X.Clostridium..cocleatum",-0.459431985507813
"3528",147,"X.Clostridium..sp..MP626E2_ig1",-0.459431985507813
"3529",148,"Anaerotruncus.colihominis",-0.293138488302413
"3530",148,"Bacteroides.sp..MP64F12",-0.293138488302413
"3531",148,"Blautia.coccoides",-0.293138488302413
"3532",148,"Burkholderiales.bacterium",-0.293138488302413
"3533",148,"Citrobacter.werkmanii",-0.293138488302413
"3534",148,"Clostridium.clostridioforme.CAG.511",-0.293138488302413
"3535",148,"Clostridium.nexile.CAG.348",-0.293138488302413
"3536",148,"Clostridium.paraputrificum",2.40762000058338
"3537",148,"Clostridium.sp..MP113D9",-0.293138488302413
"3538",148,"Clostridium.sp..MP49A11",-0.293138488302413
"3539",148,"Clostridium.sp..MP551E06",-0.293138488302413
"3540",148,"Eggerthella.lenta",-0.293138488302413
"3541",148,"Eggerthella.sp..MP163B1",-0.293138488302413
"3542",148,"Lactobacillus.animalis",-0.293138488302413
"3543",148,"Megasphaera.sp..MP182G6",-0.293138488302413
"3544",148,"Paenibacillus.macerans",-0.293138488302413
"3545",148,"Romboutsia.sp..MP35A8",-0.293138488302413
"3546",148,"Sellimonas.intestinalis",-0.293138488302413
"3547",148,"Turicibacter.sp..MP236E3",-0.293138488302413
"3548",148,"Veillonella.atypica",7.25573813466664
"3549",148,"Veillonella.dispar",4.97549701882526
"3550",148,"X.Clostridium..citroniae",-0.293138488302413
"3551",148,"X.Clostridium..cocleatum",-0.293138488302413
"3552",148,"X.Clostridium..sp..MP626E2_ig1",-0.293138488302413
"3553",149,"Anaerotruncus.colihominis",-0.443482328778702
"3554",149,"Bacteroides.sp..MP64F12",-0.443482328778702
"3555",149,"Blautia.coccoides",-0.443482328778702
"3556",149,"Burkholderiales.bacterium",4.10623271370939
"3557",149,"Citrobacter.werkmanii",-0.443482328778702
"3558",149,"Clostridium.clostridioforme.CAG.511",-0.443482328778702
"3559",149,"Clostridium.nexile.CAG.348",-0.443482328778702
"3560",149,"Clostridium.paraputrificum",-0.443482328778702
"3561",149,"Clostridium.sp..MP113D9",-0.443482328778702
"3562",149,"Clostridium.sp..MP49A11",-0.443482328778702
"3563",149,"Clostridium.sp..MP551E06",-0.443482328778702
"3564",149,"Eggerthella.lenta",-0.443482328778702
"3565",149,"Eggerthella.sp..MP163B1",-0.443482328778702
"3566",149,"Lactobacillus.animalis",-0.443482328778702
"3567",149,"Megasphaera.sp..MP182G6",-0.443482328778702
"3568",149,"Paenibacillus.macerans",-0.443482328778702
"3569",149,"Romboutsia.sp..MP35A8",-0.443482328778702
"3570",149,"Sellimonas.intestinalis",-0.443482328778702
"3571",149,"Turicibacter.sp..MP236E3",-0.443482328778702
"3572",149,"Veillonella.atypica",-0.443482328778702
"3573",149,"Veillonella.dispar",-0.443482328778702
"3574",149,"X.Clostridium..citroniae",-0.443482328778702
"3575",149,"X.Clostridium..cocleatum",-0.443482328778702
"3576",149,"X.Clostridium..sp..MP626E2_ig1",-0.443482328778702
"3577",150,"Anaerotruncus.colihominis",-0.393314595479861
"3578",150,"Bacteroides.sp..MP64F12",-0.393314595479861
"3579",150,"Blautia.coccoides",-0.393314595479861
"3580",150,"Burkholderiales.bacterium",-0.393314595479861
"3581",150,"Citrobacter.werkmanii",-0.393314595479861
"3582",150,"Clostridium.clostridioforme.CAG.511",-0.393314595479861
"3583",150,"Clostridium.nexile.CAG.348",-0.393314595479861
"3584",150,"Clostridium.paraputrificum",6.95467115919551
"3585",150,"Clostridium.sp..MP113D9",-0.393314595479861
"3586",150,"Clostridium.sp..MP49A11",-0.393314595479861
"3587",150,"Clostridium.sp..MP551E06",-0.393314595479861
"3588",150,"Eggerthella.lenta",-0.393314595479861
"3589",150,"Eggerthella.sp..MP163B1",-0.393314595479861
"3590",150,"Lactobacillus.animalis",-0.393314595479861
"3591",150,"Megasphaera.sp..MP182G6",-0.393314595479861
"3592",150,"Paenibacillus.macerans",-0.393314595479861
"3593",150,"Romboutsia.sp..MP35A8",-0.393314595479861
"3594",150,"Sellimonas.intestinalis",-0.393314595479861
"3595",150,"Turicibacter.sp..MP236E3",-0.393314595479861
"3596",150,"Veillonella.atypica",8.5549906256247
"3597",150,"Veillonella.dispar",7.07321222324985
"3598",150,"X.Clostridium..citroniae",-0.393314595479861
"3599",150,"X.Clostridium..cocleatum",5.11029146865305
"3600",150,"X.Clostridium..sp..MP626E2_ig1",-0.393314595479861
"3601",151,"Anaerotruncus.colihominis",-0.349774215841601
"3602",151,"Bacteroides.sp..MP64F12",-0.349774215841601
"3603",151,"Blautia.coccoides",-0.349774215841601
"3604",151,"Burkholderiales.bacterium",-0.349774215841601
"3605",151,"Citrobacter.werkmanii",-0.349774215841601
"3606",151,"Clostridium.clostridioforme.CAG.511",-0.349774215841601
"3607",151,"Clostridium.nexile.CAG.348",-0.349774215841601
"3608",151,"Clostridium.paraputrificum",-0.349774215841601
"3609",151,"Clostridium.sp..MP113D9",-0.349774215841601
"3610",151,"Clostridium.sp..MP49A11",-0.349774215841601
"3611",151,"Clostridium.sp..MP551E06",-0.349774215841601
"3612",151,"Eggerthella.lenta",-0.349774215841601
"3613",151,"Eggerthella.sp..MP163B1",-0.349774215841601
"3614",151,"Lactobacillus.animalis",-0.349774215841601
"3615",151,"Megasphaera.sp..MP182G6",-0.349774215841601
"3616",151,"Paenibacillus.macerans",6.40662678543176
"3617",151,"Romboutsia.sp..MP35A8",-0.349774215841601
"3618",151,"Sellimonas.intestinalis",-0.349774215841601
"3619",151,"Turicibacter.sp..MP236E3",-0.349774215841601
"3620",151,"Veillonella.atypica",9.3582356904222
"3621",151,"Veillonella.dispar",7.07199891978734
"3622",151,"X.Clostridium..citroniae",-0.349774215841601
"3623",151,"X.Clostridium..cocleatum",-0.349774215841601
"3624",151,"X.Clostridium..sp..MP626E2_ig1",-0.349774215841601
"3625",152,"Anaerotruncus.colihominis",-0.249384096755955
"3626",152,"Bacteroides.sp..MP64F12",-0.249384096755955
"3627",152,"Blautia.coccoides",-0.249384096755955
"3628",152,"Burkholderiales.bacterium",-0.249384096755955
"3629",152,"Citrobacter.werkmanii",-0.249384096755955
"3630",152,"Clostridium.clostridioforme.CAG.511",-0.249384096755955
"3631",152,"Clostridium.nexile.CAG.348",-0.249384096755955
"3632",152,"Clostridium.paraputrificum",-0.249384096755955
"3633",152,"Clostridium.sp..MP113D9",-0.249384096755955
"3634",152,"Clostridium.sp..MP49A11",-0.249384096755955
"3635",152,"Clostridium.sp..MP551E06",-0.249384096755955
"3636",152,"Eggerthella.lenta",-0.249384096755955
"3637",152,"Eggerthella.sp..MP163B1",-0.249384096755955
"3638",152,"Lactobacillus.animalis",-0.249384096755955
"3639",152,"Megasphaera.sp..MP182G6",-0.249384096755955
"3640",152,"Paenibacillus.macerans",-0.249384096755955
"3641",152,"Romboutsia.sp..MP35A8",-0.249384096755955
"3642",152,"Sellimonas.intestinalis",-0.249384096755955
"3643",152,"Turicibacter.sp..MP236E3",-0.249384096755955
"3644",152,"Veillonella.atypica",-0.249384096755955
"3645",152,"Veillonella.dispar",-0.249384096755955
"3646",152,"X.Clostridium..citroniae",-0.249384096755955
"3647",152,"X.Clostridium..cocleatum",-0.249384096755955
"3648",152,"X.Clostridium..sp..MP626E2_ig1",-0.249384096755955
"3649",153,"Anaerotruncus.colihominis",4.21252167192557
"3650",153,"Bacteroides.sp..MP64F12",-1.09467678127845
"3651",153,"Blautia.coccoides",-1.09467678127845
"3652",153,"Burkholderiales.bacterium",-1.09467678127845
"3653",153,"Citrobacter.werkmanii",-1.09467678127845
"3654",153,"Clostridium.clostridioforme.CAG.511",-1.09467678127845
"3655",153,"Clostridium.nexile.CAG.348",-1.09467678127845
"3656",153,"Clostridium.paraputrificum",-1.09467678127845
"3657",153,"Clostridium.sp..MP113D9",-1.09467678127845
"3658",153,"Clostridium.sp..MP49A11",-1.09467678127845
"3659",153,"Clostridium.sp..MP551E06",-1.09467678127845
"3660",153,"Eggerthella.lenta",5.89830219687397
"3661",153,"Eggerthella.sp..MP163B1",-1.09467678127845
"3662",153,"Lactobacillus.animalis",-1.09467678127845
"3663",153,"Megasphaera.sp..MP182G6",-1.09467678127845
"3664",153,"Paenibacillus.macerans",-1.09467678127845
"3665",153,"Romboutsia.sp..MP35A8",-1.09467678127845
"3666",153,"Sellimonas.intestinalis",-1.09467678127845
"3667",153,"Turicibacter.sp..MP236E3",-1.09467678127845
"3668",153,"Veillonella.atypica",-1.09467678127845
"3669",153,"Veillonella.dispar",-1.09467678127845
"3670",153,"X.Clostridium..citroniae",-1.09467678127845
"3671",153,"X.Clostridium..cocleatum",-1.09467678127845
"3672",153,"X.Clostridium..sp..MP626E2_ig1",-1.09467678127845
"3673",154,"Anaerotruncus.colihominis",-0.54011642263194
"3674",154,"Bacteroides.sp..MP64F12",-0.54011642263194
"3675",154,"Blautia.coccoides",8.28918924799692
"3676",154,"Burkholderiales.bacterium",-0.54011642263194
"3677",154,"Citrobacter.werkmanii",-0.54011642263194
"3678",154,"Clostridium.clostridioforme.CAG.511",-0.54011642263194
"3679",154,"Clostridium.nexile.CAG.348",-0.54011642263194
"3680",154,"Clostridium.paraputrificum",-0.54011642263194
"3681",154,"Clostridium.sp..MP113D9",-0.54011642263194
"3682",154,"Clostridium.sp..MP49A11",-0.54011642263194
"3683",154,"Clostridium.sp..MP551E06",-0.54011642263194
"3684",154,"Eggerthella.lenta",-0.54011642263194
"3685",154,"Eggerthella.sp..MP163B1",-0.54011642263194
"3686",154,"Lactobacillus.animalis",-0.54011642263194
"3687",154,"Megasphaera.sp..MP182G6",-0.54011642263194
"3688",154,"Paenibacillus.macerans",-0.54011642263194
"3689",154,"Romboutsia.sp..MP35A8",-0.54011642263194
"3690",154,"Sellimonas.intestinalis",-0.54011642263194
"3691",154,"Turicibacter.sp..MP236E3",-0.54011642263194
"3692",154,"Veillonella.atypica",8.26459052012741
"3693",154,"Veillonella.dispar",-0.54011642263194
"3694",154,"X.Clostridium..citroniae",-0.54011642263194
"3695",154,"X.Clostridium..cocleatum",7.21265484930768
"3696",154,"X.Clostridium..sp..MP626E2_ig1",-0.54011642263194
"3697",155,"Anaerotruncus.colihominis",4.18208372333036
"3698",155,"Bacteroides.sp..MP64F12",-1.3153748462951
"3699",155,"Blautia.coccoides",4.07814271917087
"3700",155,"Burkholderiales.bacterium",-1.3153748462951
"3701",155,"Citrobacter.werkmanii",-1.3153748462951
"3702",155,"Clostridium.clostridioforme.CAG.511",-1.3153748462951
"3703",155,"Clostridium.nexile.CAG.348",-1.3153748462951
"3704",155,"Clostridium.paraputrificum",-1.3153748462951
"3705",155,"Clostridium.sp..MP113D9",-1.3153748462951
"3706",155,"Clostridium.sp..MP49A11",-1.3153748462951
"3707",155,"Clostridium.sp..MP551E06",-1.3153748462951
"3708",155,"Eggerthella.lenta",5.58304546621963
"3709",155,"Eggerthella.sp..MP163B1",-1.3153748462951
"3710",155,"Lactobacillus.animalis",-1.3153748462951
"3711",155,"Megasphaera.sp..MP182G6",-1.3153748462951
"3712",155,"Paenibacillus.macerans",-1.3153748462951
"3713",155,"Romboutsia.sp..MP35A8",-1.3153748462951
"3714",155,"Sellimonas.intestinalis",-1.3153748462951
"3715",155,"Turicibacter.sp..MP236E3",-1.3153748462951
"3716",155,"Veillonella.atypica",-1.3153748462951
"3717",155,"Veillonella.dispar",-1.3153748462951
"3718",155,"X.Clostridium..citroniae",-1.3153748462951
"3719",155,"X.Clostridium..cocleatum",-1.3153748462951
"3720",155,"X.Clostridium..sp..MP626E2_ig1",2.89530881893806
"3721",156,"Anaerotruncus.colihominis",-0.3154869645328
"3722",156,"Bacteroides.sp..MP64F12",-0.3154869645328
"3723",156,"Blautia.coccoides",-0.3154869645328
"3724",156,"Burkholderiales.bacterium",-0.3154869645328
"3725",156,"Citrobacter.werkmanii",-0.3154869645328
"3726",156,"Clostridium.clostridioforme.CAG.511",-0.3154869645328
"3727",156,"Clostridium.nexile.CAG.348",-0.3154869645328
"3728",156,"Clostridium.paraputrificum",-0.3154869645328
"3729",156,"Clostridium.sp..MP113D9",-0.3154869645328
"3730",156,"Clostridium.sp..MP49A11",-0.3154869645328
"3731",156,"Clostridium.sp..MP551E06",-0.3154869645328
"3732",156,"Eggerthella.lenta",-0.3154869645328
"3733",156,"Eggerthella.sp..MP163B1",-0.3154869645328
"3734",156,"Lactobacillus.animalis",-0.3154869645328
"3735",156,"Megasphaera.sp..MP182G6",-0.3154869645328
"3736",156,"Paenibacillus.macerans",-0.3154869645328
"3737",156,"Romboutsia.sp..MP35A8",-0.3154869645328
"3738",156,"Sellimonas.intestinalis",-0.3154869645328
"3739",156,"Turicibacter.sp..MP236E3",-0.3154869645328
"3740",156,"Veillonella.atypica",8.13904472991361
"3741",156,"Veillonella.dispar",5.5164871258592
"3742",156,"X.Clostridium..citroniae",7.2138813266854
"3743",156,"X.Clostridium..cocleatum",-0.3154869645328
"3744",156,"X.Clostridium..sp..MP626E2_ig1",-0.3154869645328
"3745",157,"Anaerotruncus.colihominis",-0.775569610256598
"3746",157,"Bacteroides.sp..MP64F12",-0.775569610256598
"3747",157,"Blautia.coccoides",-0.775569610256598
"3748",157,"Burkholderiales.bacterium",2.97466827068922
"3749",157,"Citrobacter.werkmanii",-0.775569610256598
"3750",157,"Clostridium.clostridioforme.CAG.511",-0.775569610256598
"3751",157,"Clostridium.nexile.CAG.348",-0.775569610256598
"3752",157,"Clostridium.paraputrificum",-0.775569610256598
"3753",157,"Clostridium.sp..MP113D9",-0.775569610256598
"3754",157,"Clostridium.sp..MP49A11",-0.775569610256598
"3755",157,"Clostridium.sp..MP551E06",-0.775569610256598
"3756",157,"Eggerthella.lenta",7.34825893520229
"3757",157,"Eggerthella.sp..MP163B1",7.45062544977569
"3758",157,"Lactobacillus.animalis",-0.775569610256598
"3759",157,"Megasphaera.sp..MP182G6",-0.775569610256598
"3760",157,"Paenibacillus.macerans",-0.775569610256598
"3761",157,"Romboutsia.sp..MP35A8",-0.775569610256598
"3762",157,"Sellimonas.intestinalis",5.75100123251087
"3763",157,"Turicibacter.sp..MP236E3",-0.775569610256598
"3764",157,"Veillonella.atypica",-0.775569610256598
"3765",157,"Veillonella.dispar",-0.775569610256598
"3766",157,"X.Clostridium..citroniae",-0.775569610256598
"3767",157,"X.Clostridium..cocleatum",-0.775569610256598
"3768",157,"X.Clostridium..sp..MP626E2_ig1",-0.775569610256598
"3769",158,"Anaerotruncus.colihominis",3.42724766876014
"3770",158,"Bacteroides.sp..MP64F12",-1.11754186721251
"3771",158,"Blautia.coccoides",5.24326654673467
"3772",158,"Burkholderiales.bacterium",-1.11754186721251
"3773",158,"Citrobacter.werkmanii",-1.11754186721251
"3774",158,"Clostridium.clostridioforme.CAG.511",-1.11754186721251
"3775",158,"Clostridium.nexile.CAG.348",-1.11754186721251
"3776",158,"Clostridium.paraputrificum",-1.11754186721251
"3777",158,"Clostridium.sp..MP113D9",-1.11754186721251
"3778",158,"Clostridium.sp..MP49A11",-1.11754186721251
"3779",158,"Clostridium.sp..MP551E06",-1.11754186721251
"3780",158,"Eggerthella.lenta",5.15444055886395
"3781",158,"Eggerthella.sp..MP163B1",-1.11754186721251
"3782",158,"Lactobacillus.animalis",-1.11754186721251
"3783",158,"Megasphaera.sp..MP182G6",-1.11754186721251
"3784",158,"Paenibacillus.macerans",-1.11754186721251
"3785",158,"Romboutsia.sp..MP35A8",-1.11754186721251
"3786",158,"Sellimonas.intestinalis",-1.11754186721251
"3787",158,"Turicibacter.sp..MP236E3",-1.11754186721251
"3788",158,"Veillonella.atypica",-1.11754186721251
"3789",158,"Veillonella.dispar",-1.11754186721251
"3790",158,"X.Clostridium..citroniae",-1.11754186721251
"3791",158,"X.Clostridium..cocleatum",-1.11754186721251
"3792",158,"X.Clostridium..sp..MP626E2_ig1",1.20548798769386
"3793",159,"Anaerotruncus.colihominis",-0.205067303443503
"3794",159,"Bacteroides.sp..MP64F12",-0.205067303443503
"3795",159,"Blautia.coccoides",-0.205067303443503
"3796",159,"Burkholderiales.bacterium",-0.205067303443503
"3797",159,"Citrobacter.werkmanii",-0.205067303443503
"3798",159,"Clostridium.clostridioforme.CAG.511",-0.205067303443503
"3799",159,"Clostridium.nexile.CAG.348",-0.205067303443503
"3800",159,"Clostridium.paraputrificum",-0.205067303443503
"3801",159,"Clostridium.sp..MP113D9",-0.205067303443503
"3802",159,"Clostridium.sp..MP49A11",-0.205067303443503
"3803",159,"Clostridium.sp..MP551E06",-0.205067303443503
"3804",159,"Eggerthella.lenta",-0.205067303443503
"3805",159,"Eggerthella.sp..MP163B1",-0.205067303443503
"3806",159,"Lactobacillus.animalis",-0.205067303443503
"3807",159,"Megasphaera.sp..MP182G6",-0.205067303443503
"3808",159,"Paenibacillus.macerans",-0.205067303443503
"3809",159,"Romboutsia.sp..MP35A8",-0.205067303443503
"3810",159,"Sellimonas.intestinalis",-0.205067303443503
"3811",159,"Turicibacter.sp..MP236E3",-0.205067303443503
"3812",159,"Veillonella.atypica",-0.205067303443503
"3813",159,"Veillonella.dispar",-0.205067303443503
"3814",159,"X.Clostridium..citroniae",-0.205067303443503
"3815",159,"X.Clostridium..cocleatum",5.06130849246774
"3816",159,"X.Clostridium..sp..MP626E2_ig1",-0.205067303443503
"3817",160,"Anaerotruncus.colihominis",-0.380092992354085
"3818",160,"Bacteroides.sp..MP64F12",-0.380092992354085
"3819",160,"Blautia.coccoides",-0.380092992354085
"3820",160,"Burkholderiales.bacterium",-0.380092992354085
"3821",160,"Citrobacter.werkmanii",-0.380092992354085
"3822",160,"Clostridium.clostridioforme.CAG.511",-0.380092992354085
"3823",160,"Clostridium.nexile.CAG.348",-0.380092992354085
"3824",160,"Clostridium.paraputrificum",5.8194266838618
"3825",160,"Clostridium.sp..MP113D9",-0.380092992354085
"3826",160,"Clostridium.sp..MP49A11",-0.380092992354085
"3827",160,"Clostridium.sp..MP551E06",-0.380092992354085
"3828",160,"Eggerthella.lenta",-0.380092992354085
"3829",160,"Eggerthella.sp..MP163B1",-0.380092992354085
"3830",160,"Lactobacillus.animalis",-0.380092992354085
"3831",160,"Megasphaera.sp..MP182G6",-0.380092992354085
"3832",160,"Paenibacillus.macerans",-0.380092992354085
"3833",160,"Romboutsia.sp..MP35A8",-0.380092992354085
"3834",160,"Sellimonas.intestinalis",-0.380092992354085
"3835",160,"Turicibacter.sp..MP236E3",-0.380092992354085
"3836",160,"Veillonella.atypica",8.58652771982165
"3837",160,"Veillonella.dispar",-0.380092992354085
"3838",160,"X.Clostridium..citroniae",-0.380092992354085
"3839",160,"X.Clostridium..cocleatum",-0.380092992354085
"3840",160,"X.Clostridium..sp..MP626E2_ig1",-0.380092992354085
"3841",161,"Anaerotruncus.colihominis",-0.187038973802265
"3842",161,"Bacteroides.sp..MP64F12",-0.187038973802265
"3843",161,"Blautia.coccoides",-0.187038973802265
"3844",161,"Burkholderiales.bacterium",-0.187038973802265
"3845",161,"Citrobacter.werkmanii",-0.187038973802265
"3846",161,"Clostridium.clostridioforme.CAG.511",-0.187038973802265
"3847",161,"Clostridium.nexile.CAG.348",-0.187038973802265
"3848",161,"Clostridium.paraputrificum",-0.187038973802265
"3849",161,"Clostridium.sp..MP113D9",-0.187038973802265
"3850",161,"Clostridium.sp..MP49A11",-0.187038973802265
"3851",161,"Clostridium.sp..MP551E06",-0.187038973802265
"3852",161,"Eggerthella.lenta",-0.187038973802265
"3853",161,"Eggerthella.sp..MP163B1",-0.187038973802265
"3854",161,"Lactobacillus.animalis",-0.187038973802265
"3855",161,"Megasphaera.sp..MP182G6",-0.187038973802265
"3856",161,"Paenibacillus.macerans",-0.187038973802265
"3857",161,"Romboutsia.sp..MP35A8",-0.187038973802265
"3858",161,"Sellimonas.intestinalis",-0.187038973802265
"3859",161,"Turicibacter.sp..MP236E3",-0.187038973802265
"3860",161,"Veillonella.atypica",-0.187038973802265
"3861",161,"Veillonella.dispar",-0.187038973802265
"3862",161,"X.Clostridium..citroniae",-0.187038973802265
"3863",161,"X.Clostridium..cocleatum",-0.187038973802265
"3864",161,"X.Clostridium..sp..MP626E2_ig1",-0.187038973802265
"3865",162,"Anaerotruncus.colihominis",-0.383904055834019
"3866",162,"Bacteroides.sp..MP64F12",-0.383904055834019
"3867",162,"Blautia.coccoides",5.2344250548578
"3868",162,"Burkholderiales.bacterium",-0.383904055834019
"3869",162,"Citrobacter.werkmanii",-0.383904055834019
"3870",162,"Clostridium.clostridioforme.CAG.511",-0.383904055834019
"3871",162,"Clostridium.nexile.CAG.348",-0.383904055834019
"3872",162,"Clostridium.paraputrificum",-0.383904055834019
"3873",162,"Clostridium.sp..MP113D9",-0.383904055834019
"3874",162,"Clostridium.sp..MP49A11",-0.383904055834019
"3875",162,"Clostridium.sp..MP551E06",-0.383904055834019
"3876",162,"Eggerthella.lenta",-0.383904055834019
"3877",162,"Eggerthella.sp..MP163B1",-0.383904055834019
"3878",162,"Lactobacillus.animalis",-0.383904055834019
"3879",162,"Megasphaera.sp..MP182G6",-0.383904055834019
"3880",162,"Paenibacillus.macerans",-0.383904055834019
"3881",162,"Romboutsia.sp..MP35A8",-0.383904055834019
"3882",162,"Sellimonas.intestinalis",-0.383904055834019
"3883",162,"Turicibacter.sp..MP236E3",-0.383904055834019
"3884",162,"Veillonella.atypica",8.21024063454731
"3885",162,"Veillonella.dispar",6.47920788342151
"3886",162,"X.Clostridium..citroniae",-0.383904055834019
"3887",162,"X.Clostridium..cocleatum",-0.383904055834019
"3888",162,"X.Clostridium..sp..MP626E2_ig1",-0.383904055834019
"3889",163,"Anaerotruncus.colihominis",-0.470296752643181
"3890",163,"Bacteroides.sp..MP64F12",-0.470296752643181
"3891",163,"Blautia.coccoides",-0.470296752643181
"3892",163,"Burkholderiales.bacterium",-0.470296752643181
"3893",163,"Citrobacter.werkmanii",-0.470296752643181
"3894",163,"Clostridium.clostridioforme.CAG.511",-0.470296752643181
"3895",163,"Clostridium.nexile.CAG.348",-0.470296752643181
"3896",163,"Clostridium.paraputrificum",-0.470296752643181
"3897",163,"Clostridium.sp..MP113D9",-0.470296752643181
"3898",163,"Clostridium.sp..MP49A11",-0.470296752643181
"3899",163,"Clostridium.sp..MP551E06",-0.470296752643181
"3900",163,"Eggerthella.lenta",-0.470296752643181
"3901",163,"Eggerthella.sp..MP163B1",-0.470296752643181
"3902",163,"Lactobacillus.animalis",-0.470296752643181
"3903",163,"Megasphaera.sp..MP182G6",-0.470296752643181
"3904",163,"Paenibacillus.macerans",-0.470296752643181
"3905",163,"Romboutsia.sp..MP35A8",-0.470296752643181
"3906",163,"Sellimonas.intestinalis",-0.470296752643181
"3907",163,"Turicibacter.sp..MP236E3",-0.470296752643181
"3908",163,"Veillonella.atypica",-0.470296752643181
"3909",163,"Veillonella.dispar",-0.470296752643181
"3910",163,"X.Clostridium..citroniae",-0.470296752643181
"3911",163,"X.Clostridium..cocleatum",-0.470296752643181
"3912",163,"X.Clostridium..sp..MP626E2_ig1",-0.470296752643181
"3913",164,"Anaerotruncus.colihominis",-0.282055864067535
"3914",164,"Bacteroides.sp..MP64F12",-0.282055864067535
"3915",164,"Blautia.coccoides",-0.282055864067535
"3916",164,"Burkholderiales.bacterium",-0.282055864067535
"3917",164,"Citrobacter.werkmanii",-0.282055864067535
"3918",164,"Clostridium.clostridioforme.CAG.511",-0.282055864067535
"3919",164,"Clostridium.nexile.CAG.348",-0.282055864067535
"3920",164,"Clostridium.paraputrificum",-0.282055864067535
"3921",164,"Clostridium.sp..MP113D9",-0.282055864067535
"3922",164,"Clostridium.sp..MP49A11",-0.282055864067535
"3923",164,"Clostridium.sp..MP551E06",-0.282055864067535
"3924",164,"Eggerthella.lenta",-0.282055864067535
"3925",164,"Eggerthella.sp..MP163B1",-0.282055864067535
"3926",164,"Lactobacillus.animalis",-0.282055864067535
"3927",164,"Megasphaera.sp..MP182G6",-0.282055864067535
"3928",164,"Paenibacillus.macerans",-0.282055864067535
"3929",164,"Romboutsia.sp..MP35A8",-0.282055864067535
"3930",164,"Sellimonas.intestinalis",-0.282055864067535
"3931",164,"Turicibacter.sp..MP236E3",-0.282055864067535
"3932",164,"Veillonella.atypica",8.84179360761201
"3933",164,"Veillonella.dispar",-0.282055864067535
"3934",164,"X.Clostridium..citroniae",-0.282055864067535
"3935",164,"X.Clostridium..cocleatum",-0.282055864067535
"3936",164,"X.Clostridium..sp..MP626E2_ig1",-0.282055864067535
"3937",165,"Anaerotruncus.colihominis",-0.41398034497433
"3938",165,"Bacteroides.sp..MP64F12",-0.41398034497433
"3939",165,"Blautia.coccoides",8.68920033322051
"3940",165,"Burkholderiales.bacterium",-0.41398034497433
"3941",165,"Citrobacter.werkmanii",-0.41398034497433
"3942",165,"Clostridium.clostridioforme.CAG.511",-0.41398034497433
"3943",165,"Clostridium.nexile.CAG.348",-0.41398034497433
"3944",165,"Clostridium.paraputrificum",-0.41398034497433
"3945",165,"Clostridium.sp..MP113D9",-0.41398034497433
"3946",165,"Clostridium.sp..MP49A11",-0.41398034497433
"3947",165,"Clostridium.sp..MP551E06",-0.41398034497433
"3948",165,"Eggerthella.lenta",-0.41398034497433
"3949",165,"Eggerthella.sp..MP163B1",-0.41398034497433
"3950",165,"Lactobacillus.animalis",-0.41398034497433
"3951",165,"Megasphaera.sp..MP182G6",-0.41398034497433
"3952",165,"Paenibacillus.macerans",-0.41398034497433
"3953",165,"Romboutsia.sp..MP35A8",-0.41398034497433
"3954",165,"Sellimonas.intestinalis",-0.41398034497433
"3955",165,"Turicibacter.sp..MP236E3",-0.41398034497433
"3956",165,"Veillonella.atypica",6.54219267236493
"3957",165,"Veillonella.dispar",-0.41398034497433
"3958",165,"X.Clostridium..citroniae",6.3663814523788
"3959",165,"X.Clostridium..cocleatum",-0.41398034497433
"3960",165,"X.Clostridium..sp..MP626E2_ig1",-0.41398034497433
"3961",166,"Anaerotruncus.colihominis",7.0937461721948
"3962",166,"Bacteroides.sp..MP64F12",-0.93821462630101
"3963",166,"Blautia.coccoides",5.9020880270112
"3964",166,"Burkholderiales.bacterium",-0.93821462630101
"3965",166,"Citrobacter.werkmanii",-0.93821462630101
"3966",166,"Clostridium.clostridioforme.CAG.511",8.41821458161088
"3967",166,"Clostridium.nexile.CAG.348",-0.93821462630101
"3968",166,"Clostridium.paraputrificum",-0.93821462630101
"3969",166,"Clostridium.sp..MP113D9",-0.93821462630101
"3970",166,"Clostridium.sp..MP49A11",-0.93821462630101
"3971",166,"Clostridium.sp..MP551E06",-0.93821462630101
"3972",166,"Eggerthella.lenta",7.04821251576019
"3973",166,"Eggerthella.sp..MP163B1",-0.93821462630101
"3974",166,"Lactobacillus.animalis",-0.93821462630101
"3975",166,"Megasphaera.sp..MP182G6",-0.93821462630101
"3976",166,"Paenibacillus.macerans",-0.93821462630101
"3977",166,"Romboutsia.sp..MP35A8",-0.93821462630101
"3978",166,"Sellimonas.intestinalis",8.08941371480635
"3979",166,"Turicibacter.sp..MP236E3",-0.93821462630101
"3980",166,"Veillonella.atypica",-0.93821462630101
"3981",166,"Veillonella.dispar",-0.93821462630101
"3982",166,"X.Clostridium..citroniae",6.19473761542511
"3983",166,"X.Clostridium..cocleatum",-0.93821462630101
"3984",166,"X.Clostridium..sp..MP626E2_ig1",-0.93821462630101
"3985",167,"Anaerotruncus.colihominis",6.08769646279429
"3986",167,"Bacteroides.sp..MP64F12",-1.03797128405714
"3987",167,"Blautia.coccoides",3.88709731715055
"3988",167,"Burkholderiales.bacterium",-1.03797128405714
"3989",167,"Citrobacter.werkmanii",-1.03797128405714
"3990",167,"Clostridium.clostridioforme.CAG.511",-1.03797128405714
"3991",167,"Clostridium.nexile.CAG.348",-1.03797128405714
"3992",167,"Clostridium.paraputrificum",-1.03797128405714
"3993",167,"Clostridium.sp..MP113D9",-1.03797128405714
"3994",167,"Clostridium.sp..MP49A11",-1.03797128405714
"3995",167,"Clostridium.sp..MP551E06",4.34565566342569
"3996",167,"Eggerthella.lenta",6.19253747877129
"3997",167,"Eggerthella.sp..MP163B1",6.10237961592305
"3998",167,"Lactobacillus.animalis",-1.03797128405714
"3999",167,"Megasphaera.sp..MP182G6",-1.03797128405714
"4000",167,"Paenibacillus.macerans",-1.03797128405714
"4001",167,"Romboutsia.sp..MP35A8",-1.03797128405714
"4002",167,"Sellimonas.intestinalis",8.19244306570936
"4003",167,"Turicibacter.sp..MP236E3",5.5074855541136
"4004",167,"Veillonella.atypica",-1.03797128405714
"4005",167,"Veillonella.dispar",-1.03797128405714
"4006",167,"X.Clostridium..citroniae",9.01497386924975
"4007",167,"X.Clostridium..cocleatum",4.34668870397032
"4008",167,"X.Clostridium..sp..MP626E2_ig1",-1.03797128405714
"4009",168,"Anaerotruncus.colihominis",-0.162208531394988
"4010",168,"Bacteroides.sp..MP64F12",-0.162208531394988
"4011",168,"Blautia.coccoides",10.8172267665533
"4012",168,"Burkholderiales.bacterium",-0.162208531394988
"4013",168,"Citrobacter.werkmanii",-0.162208531394988
"4014",168,"Clostridium.clostridioforme.CAG.511",-0.162208531394988
"4015",168,"Clostridium.nexile.CAG.348",-0.162208531394988
"4016",168,"Clostridium.paraputrificum",6.23312167356037
"4017",168,"Clostridium.sp..MP113D9",-0.162208531394988
"4018",168,"Clostridium.sp..MP49A11",-0.162208531394988
"4019",168,"Clostridium.sp..MP551E06",-0.162208531394988
"4020",168,"Eggerthella.lenta",-0.162208531394988
"4021",168,"Eggerthella.sp..MP163B1",-0.162208531394988
"4022",168,"Lactobacillus.animalis",-0.162208531394988
"4023",168,"Megasphaera.sp..MP182G6",-0.162208531394988
"4024",168,"Paenibacillus.macerans",-0.162208531394988
"4025",168,"Romboutsia.sp..MP35A8",-0.162208531394988
"4026",168,"Sellimonas.intestinalis",-0.162208531394988
"4027",168,"Turicibacter.sp..MP236E3",-0.162208531394988
"4028",168,"Veillonella.atypica",-0.162208531394988
"4029",168,"Veillonella.dispar",-0.162208531394988
"4030",168,"X.Clostridium..citroniae",-0.162208531394988
"4031",168,"X.Clostridium..cocleatum",-0.162208531394988
"4032",168,"X.Clostridium..sp..MP626E2_ig1",-0.162208531394988
"4033",169,"Anaerotruncus.colihominis",-0.440187245201649
"4034",169,"Bacteroides.sp..MP64F12",-0.440187245201649
"4035",169,"Blautia.coccoides",-0.440187245201649
"4036",169,"Burkholderiales.bacterium",-0.440187245201649
"4037",169,"Citrobacter.werkmanii",-0.440187245201649
"4038",169,"Clostridium.clostridioforme.CAG.511",-0.440187245201649
"4039",169,"Clostridium.nexile.CAG.348",-0.440187245201649
"4040",169,"Clostridium.paraputrificum",-0.440187245201649
"4041",169,"Clostridium.sp..MP113D9",-0.440187245201649
"4042",169,"Clostridium.sp..MP49A11",-0.440187245201649
"4043",169,"Clostridium.sp..MP551E06",-0.440187245201649
"4044",169,"Eggerthella.lenta",-0.440187245201649
"4045",169,"Eggerthella.sp..MP163B1",-0.440187245201649
"4046",169,"Lactobacillus.animalis",-0.440187245201649
"4047",169,"Megasphaera.sp..MP182G6",-0.440187245201649
"4048",169,"Paenibacillus.macerans",5.4115085756487
"4049",169,"Romboutsia.sp..MP35A8",-0.440187245201649
"4050",169,"Sellimonas.intestinalis",-0.440187245201649
"4051",169,"Turicibacter.sp..MP236E3",4.8909338664478
"4052",169,"Veillonella.atypica",9.05288445019134
"4053",169,"Veillonella.dispar",6.77904257657303
"4054",169,"X.Clostridium..citroniae",-0.440187245201649
"4055",169,"X.Clostridium..cocleatum",7.87917288245552
"4056",169,"X.Clostridium..sp..MP626E2_ig1",-0.440187245201649
"4057",170,"Anaerotruncus.colihominis",-0.153328697984868
"4058",170,"Bacteroides.sp..MP64F12",-0.153328697984868
"4059",170,"Blautia.coccoides",-0.153328697984868
"4060",170,"Burkholderiales.bacterium",-0.153328697984868
"4061",170,"Citrobacter.werkmanii",-0.153328697984868
"4062",170,"Clostridium.clostridioforme.CAG.511",-0.153328697984868
"4063",170,"Clostridium.nexile.CAG.348",-0.153328697984868
"4064",170,"Clostridium.paraputrificum",-0.153328697984868
"4065",170,"Clostridium.sp..MP113D9",-0.153328697984868
"4066",170,"Clostridium.sp..MP49A11",-0.153328697984868
"4067",170,"Clostridium.sp..MP551E06",-0.153328697984868
"4068",170,"Eggerthella.lenta",-0.153328697984868
"4069",170,"Eggerthella.sp..MP163B1",-0.153328697984868
"4070",170,"Lactobacillus.animalis",-0.153328697984868
"4071",170,"Megasphaera.sp..MP182G6",-0.153328697984868
"4072",170,"Paenibacillus.macerans",-0.153328697984868
"4073",170,"Romboutsia.sp..MP35A8",-0.153328697984868
"4074",170,"Sellimonas.intestinalis",-0.153328697984868
"4075",170,"Turicibacter.sp..MP236E3",-0.153328697984868
"4076",170,"Veillonella.atypica",9.34187284196992
"4077",170,"Veillonella.dispar",7.51415707089624
"4078",170,"X.Clostridium..citroniae",-0.153328697984868
"4079",170,"X.Clostridium..cocleatum",-0.153328697984868
"4080",170,"X.Clostridium..sp..MP626E2_ig1",-0.153328697984868
"4081",171,"Anaerotruncus.colihominis",-0.376601007879087
"4082",171,"Bacteroides.sp..MP64F12",-0.376601007879087
"4083",171,"Blautia.coccoides",-0.376601007879087
"4084",171,"Burkholderiales.bacterium",-0.376601007879087
"4085",171,"Citrobacter.werkmanii",-0.376601007879087
"4086",171,"Clostridium.clostridioforme.CAG.511",-0.376601007879087
"4087",171,"Clostridium.nexile.CAG.348",-0.376601007879087
"4088",171,"Clostridium.paraputrificum",-0.376601007879087
"4089",171,"Clostridium.sp..MP113D9",-0.376601007879087
"4090",171,"Clostridium.sp..MP49A11",-0.376601007879087
"4091",171,"Clostridium.sp..MP551E06",-0.376601007879087
"4092",171,"Eggerthella.lenta",-0.376601007879087
"4093",171,"Eggerthella.sp..MP163B1",-0.376601007879087
"4094",171,"Lactobacillus.animalis",-0.376601007879087
"4095",171,"Megasphaera.sp..MP182G6",-0.376601007879087
"4096",171,"Paenibacillus.macerans",-0.376601007879087
"4097",171,"Romboutsia.sp..MP35A8",-0.376601007879087
"4098",171,"Sellimonas.intestinalis",-0.376601007879087
"4099",171,"Turicibacter.sp..MP236E3",-0.376601007879087
"4100",171,"Veillonella.atypica",9.33723338693212
"4101",171,"Veillonella.dispar",-0.376601007879087
"4102",171,"X.Clostridium..citroniae",-0.376601007879087
"4103",171,"X.Clostridium..cocleatum",-0.376601007879087
"4104",171,"X.Clostridium..sp..MP626E2_ig1",-0.376601007879087
"4105",172,"Anaerotruncus.colihominis",5.42967047816398
"4106",172,"Bacteroides.sp..MP64F12",-1.04236824890634
"4107",172,"Blautia.coccoides",5.83977459168577
"4108",172,"Burkholderiales.bacterium",-1.04236824890634
"4109",172,"Citrobacter.werkmanii",-1.04236824890634
"4110",172,"Clostridium.clostridioforme.CAG.511",-1.04236824890634
"4111",172,"Clostridium.nexile.CAG.348",-1.04236824890634
"4112",172,"Clostridium.paraputrificum",-1.04236824890634
"4113",172,"Clostridium.sp..MP113D9",-1.04236824890634
"4114",172,"Clostridium.sp..MP49A11",-1.04236824890634
"4115",172,"Clostridium.sp..MP551E06",4.22962414291559
"4116",172,"Eggerthella.lenta",7.24730629861623
"4117",172,"Eggerthella.sp..MP163B1",-1.04236824890634
"4118",172,"Lactobacillus.animalis",-1.04236824890634
"4119",172,"Megasphaera.sp..MP182G6",-1.04236824890634
"4120",172,"Paenibacillus.macerans",-1.04236824890634
"4121",172,"Romboutsia.sp..MP35A8",5.51888587525028
"4122",172,"Sellimonas.intestinalis",-1.04236824890634
"4123",172,"Turicibacter.sp..MP236E3",5.3394276197362
"4124",172,"Veillonella.atypica",-1.04236824890634
"4125",172,"Veillonella.dispar",-1.04236824890634
"4126",172,"X.Clostridium..citroniae",5.57034898736435
"4127",172,"X.Clostridium..cocleatum",-1.04236824890634
"4128",172,"X.Clostridium..sp..MP626E2_ig1",-1.04236824890634
"4129",173,"Anaerotruncus.colihominis",-0.698321496391436
"4130",173,"Bacteroides.sp..MP64F12",-0.698321496391436
"4131",173,"Blautia.coccoides",-0.698321496391436
"4132",173,"Burkholderiales.bacterium",-0.698321496391436
"4133",173,"Citrobacter.werkmanii",-0.698321496391436
"4134",173,"Clostridium.clostridioforme.CAG.511",-0.698321496391436
"4135",173,"Clostridium.nexile.CAG.348",7.66545031266062
"4136",173,"Clostridium.paraputrificum",6.40927291957899
"4137",173,"Clostridium.sp..MP113D9",-0.698321496391436
"4138",173,"Clostridium.sp..MP49A11",-0.698321496391436
"4139",173,"Clostridium.sp..MP551E06",-0.698321496391436
"4140",173,"Eggerthella.lenta",-0.698321496391436
"4141",173,"Eggerthella.sp..MP163B1",-0.698321496391436
"4142",173,"Lactobacillus.animalis",-0.698321496391436
"4143",173,"Megasphaera.sp..MP182G6",-0.698321496391436
"4144",173,"Paenibacillus.macerans",4.92750258563129
"4145",173,"Romboutsia.sp..MP35A8",4.1689127156304
"4146",173,"Sellimonas.intestinalis",-0.698321496391436
"4147",173,"Turicibacter.sp..MP236E3",4.59508735647583
"4148",173,"Veillonella.atypica",7.24026156007432
"4149",173,"Veillonella.dispar",-0.698321496391436
"4150",173,"X.Clostridium..citroniae",4.73250611445173
"4151",173,"X.Clostridium..cocleatum",-0.698321496391436
"4152",173,"X.Clostridium..sp..MP626E2_ig1",-0.698321496391436
"4153",174,"Anaerotruncus.colihominis",-0.521822399873273
"4154",174,"Bacteroides.sp..MP64F12",-0.521822399873273
"4155",174,"Blautia.coccoides",-0.521822399873273
"4156",174,"Burkholderiales.bacterium",-0.521822399873273
"4157",174,"Citrobacter.werkmanii",-0.521822399873273
"4158",174,"Clostridium.clostridioforme.CAG.511",6.32506203070602
"4159",174,"Clostridium.nexile.CAG.348",-0.521822399873273
"4160",174,"Clostridium.paraputrificum",-0.521822399873273
"4161",174,"Clostridium.sp..MP113D9",-0.521822399873273
"4162",174,"Clostridium.sp..MP49A11",-0.521822399873273
"4163",174,"Clostridium.sp..MP551E06",-0.521822399873273
"4164",174,"Eggerthella.lenta",-0.521822399873273
"4165",174,"Eggerthella.sp..MP163B1",-0.521822399873273
"4166",174,"Lactobacillus.animalis",-0.521822399873273
"4167",174,"Megasphaera.sp..MP182G6",-0.521822399873273
"4168",174,"Paenibacillus.macerans",-0.521822399873273
"4169",174,"Romboutsia.sp..MP35A8",-0.521822399873273
"4170",174,"Sellimonas.intestinalis",-0.521822399873273
"4171",174,"Turicibacter.sp..MP236E3",6.09298580573084
"4172",174,"Veillonella.atypica",9.44293527735393
"4173",174,"Veillonella.dispar",-0.521822399873273
"4174",174,"X.Clostridium..citroniae",-0.521822399873273
"4175",174,"X.Clostridium..cocleatum",-0.521822399873273
"4176",174,"X.Clostridium..sp..MP626E2_ig1",-0.521822399873273
"4177",175,"Anaerotruncus.colihominis",-0.674573902870081
"4178",175,"Bacteroides.sp..MP64F12",-0.674573902870081
"4179",175,"Blautia.coccoides",6.74035538243006
"4180",175,"Burkholderiales.bacterium",-0.674573902870081
"4181",175,"Citrobacter.werkmanii",-0.674573902870081
"4182",175,"Clostridium.clostridioforme.CAG.511",-0.674573902870081
"4183",175,"Clostridium.nexile.CAG.348",5.96039695146913
"4184",175,"Clostridium.paraputrificum",-0.674573902870081
"4185",175,"Clostridium.sp..MP113D9",-0.674573902870081
"4186",175,"Clostridium.sp..MP49A11",-0.674573902870081
"4187",175,"Clostridium.sp..MP551E06",-0.674573902870081
"4188",175,"Eggerthella.lenta",-0.674573902870081
"4189",175,"Eggerthella.sp..MP163B1",-0.674573902870081
"4190",175,"Lactobacillus.animalis",-0.674573902870081
"4191",175,"Megasphaera.sp..MP182G6",-0.674573902870081
"4192",175,"Paenibacillus.macerans",-0.674573902870081
"4193",175,"Romboutsia.sp..MP35A8",-0.674573902870081
"4194",175,"Sellimonas.intestinalis",-0.674573902870081
"4195",175,"Turicibacter.sp..MP236E3",-0.674573902870081
"4196",175,"Veillonella.atypica",-0.674573902870081
"4197",175,"Veillonella.dispar",-0.674573902870081
"4198",175,"X.Clostridium..citroniae",-0.674573902870081
"4199",175,"X.Clostridium..cocleatum",-0.674573902870081
"4200",175,"X.Clostridium..sp..MP626E2_ig1",-0.674573902870081
"4201",176,"Anaerotruncus.colihominis",-0.791607455958038
"4202",176,"Bacteroides.sp..MP64F12",-0.791607455958038
"4203",176,"Blautia.coccoides",3.05726057322979
"4204",176,"Burkholderiales.bacterium",-0.791607455958038
"4205",176,"Citrobacter.werkmanii",-0.791607455958038
"4206",176,"Clostridium.clostridioforme.CAG.511",-0.791607455958038
"4207",176,"Clostridium.nexile.CAG.348",7.07376688330981
"4208",176,"Clostridium.paraputrificum",5.38040055925157
"4209",176,"Clostridium.sp..MP113D9",-0.791607455958038
"4210",176,"Clostridium.sp..MP49A11",-0.791607455958038
"4211",176,"Clostridium.sp..MP551E06",-0.791607455958038
"4212",176,"Eggerthella.lenta",-0.791607455958038
"4213",176,"Eggerthella.sp..MP163B1",-0.791607455958038
"4214",176,"Lactobacillus.animalis",-0.791607455958038
"4215",176,"Megasphaera.sp..MP182G6",-0.791607455958038
"4216",176,"Paenibacillus.macerans",-0.791607455958038
"4217",176,"Romboutsia.sp..MP35A8",4.75600302541335
"4218",176,"Sellimonas.intestinalis",-0.791607455958038
"4219",176,"Turicibacter.sp..MP236E3",3.93137009525595
"4220",176,"Veillonella.atypica",9.17056342718448
"4221",176,"Veillonella.dispar",6.31705487321919
"4222",176,"X.Clostridium..citroniae",-0.791607455958038
"4223",176,"X.Clostridium..cocleatum",-0.791607455958038
"4224",176,"X.Clostridium..sp..MP626E2_ig1",-0.791607455958038
"4225",177,"Anaerotruncus.colihominis",-0.452411033075128
"4226",177,"Bacteroides.sp..MP64F12",-0.452411033075128
"4227",177,"Blautia.coccoides",-0.452411033075128
"4228",177,"Burkholderiales.bacterium",-0.452411033075128
"4229",177,"Citrobacter.werkmanii",-0.452411033075128
"4230",177,"Clostridium.clostridioforme.CAG.511",-0.452411033075128
"4231",177,"Clostridium.nexile.CAG.348",-0.452411033075128
"4232",177,"Clostridium.paraputrificum",-0.452411033075128
"4233",177,"Clostridium.sp..MP113D9",-0.452411033075128
"4234",177,"Clostridium.sp..MP49A11",-0.452411033075128
"4235",177,"Clostridium.sp..MP551E06",-0.452411033075128
"4236",177,"Eggerthella.lenta",-0.452411033075128
"4237",177,"Eggerthella.sp..MP163B1",-0.452411033075128
"4238",177,"Lactobacillus.animalis",-0.452411033075128
"4239",177,"Megasphaera.sp..MP182G6",-0.452411033075128
"4240",177,"Paenibacillus.macerans",-0.452411033075128
"4241",177,"Romboutsia.sp..MP35A8",-0.452411033075128
"4242",177,"Sellimonas.intestinalis",-0.452411033075128
"4243",177,"Turicibacter.sp..MP236E3",-0.452411033075128
"4244",177,"Veillonella.atypica",6.88667183199873
"4245",177,"Veillonella.dispar",-0.452411033075128
"4246",177,"X.Clostridium..citroniae",-0.452411033075128
"4247",177,"X.Clostridium..cocleatum",-0.452411033075128
"4248",177,"X.Clostridium..sp..MP626E2_ig1",-0.452411033075128
"4249",178,"Anaerotruncus.colihominis",-0.568793609061933
"4250",178,"Bacteroides.sp..MP64F12",-0.568793609061933
"4251",178,"Blautia.coccoides",6.99623785106202
"4252",178,"Burkholderiales.bacterium",-0.568793609061933
"4253",178,"Citrobacter.werkmanii",-0.568793609061933
"4254",178,"Clostridium.clostridioforme.CAG.511",-0.568793609061933
"4255",178,"Clostridium.nexile.CAG.348",-0.568793609061933
"4256",178,"Clostridium.paraputrificum",-0.568793609061933
"4257",178,"Clostridium.sp..MP113D9",-0.568793609061933
"4258",178,"Clostridium.sp..MP49A11",-0.568793609061933
"4259",178,"Clostridium.sp..MP551E06",-0.568793609061933
"4260",178,"Eggerthella.lenta",-0.568793609061933
"4261",178,"Eggerthella.sp..MP163B1",-0.568793609061933
"4262",178,"Lactobacillus.animalis",-0.568793609061933
"4263",178,"Megasphaera.sp..MP182G6",-0.568793609061933
"4264",178,"Paenibacillus.macerans",-0.568793609061933
"4265",178,"Romboutsia.sp..MP35A8",-0.568793609061933
"4266",178,"Sellimonas.intestinalis",-0.568793609061933
"4267",178,"Turicibacter.sp..MP236E3",-0.568793609061933
"4268",178,"Veillonella.atypica",-0.568793609061933
"4269",178,"Veillonella.dispar",-0.568793609061933
"4270",178,"X.Clostridium..citroniae",-0.568793609061933
"4271",178,"X.Clostridium..cocleatum",-0.568793609061933
"4272",178,"X.Clostridium..sp..MP626E2_ig1",-0.568793609061933
"4273",179,"Anaerotruncus.colihominis",-0.423174532450746
"4274",179,"Bacteroides.sp..MP64F12",-0.423174532450746
"4275",179,"Blautia.coccoides",6.9583653306236
"4276",179,"Burkholderiales.bacterium",-0.423174532450746
"4277",179,"Citrobacter.werkmanii",-0.423174532450746
"4278",179,"Clostridium.clostridioforme.CAG.511",-0.423174532450746
"4279",179,"Clostridium.nexile.CAG.348",-0.423174532450746
"4280",179,"Clostridium.paraputrificum",-0.423174532450746
"4281",179,"Clostridium.sp..MP113D9",-0.423174532450746
"4282",179,"Clostridium.sp..MP49A11",-0.423174532450746
"4283",179,"Clostridium.sp..MP551E06",-0.423174532450746
"4284",179,"Eggerthella.lenta",-0.423174532450746
"4285",179,"Eggerthella.sp..MP163B1",-0.423174532450746
"4286",179,"Lactobacillus.animalis",-0.423174532450746
"4287",179,"Megasphaera.sp..MP182G6",-0.423174532450746
"4288",179,"Paenibacillus.macerans",-0.423174532450746
"4289",179,"Romboutsia.sp..MP35A8",-0.423174532450746
"4290",179,"Sellimonas.intestinalis",-0.423174532450746
"4291",179,"Turicibacter.sp..MP236E3",-0.423174532450746
"4292",179,"Veillonella.atypica",7.76510990875135
"4293",179,"Veillonella.dispar",-0.423174532450746
"4294",179,"X.Clostridium..citroniae",6.39544501535997
"4295",179,"X.Clostridium..cocleatum",5.70885957397997
"4296",179,"X.Clostridium..sp..MP626E2_ig1",-0.423174532450746
"4297",180,"Anaerotruncus.colihominis",-0.515999084559434
"4298",180,"Bacteroides.sp..MP64F12",-0.515999084559434
"4299",180,"Blautia.coccoides",5.32094326238666
"4300",180,"Burkholderiales.bacterium",-0.515999084559434
"4301",180,"Citrobacter.werkmanii",-0.515999084559434
"4302",180,"Clostridium.clostridioforme.CAG.511",-0.515999084559434
"4303",180,"Clostridium.nexile.CAG.348",6.11535363486039
"4304",180,"Clostridium.paraputrificum",3.19089518458204
"4305",180,"Clostridium.sp..MP113D9",-0.515999084559434
"4306",180,"Clostridium.sp..MP49A11",-0.515999084559434
"4307",180,"Clostridium.sp..MP551E06",-0.515999084559434
"4308",180,"Eggerthella.lenta",-0.515999084559434
"4309",180,"Eggerthella.sp..MP163B1",-0.515999084559434
"4310",180,"Lactobacillus.animalis",-0.515999084559434
"4311",180,"Megasphaera.sp..MP182G6",-0.515999084559434
"4312",180,"Paenibacillus.macerans",-0.515999084559434
"4313",180,"Romboutsia.sp..MP35A8",-0.515999084559434
"4314",180,"Sellimonas.intestinalis",5.65913880102452
"4315",180,"Turicibacter.sp..MP236E3",-0.515999084559434
"4316",180,"Veillonella.atypica",8.47328202046272
"4317",180,"Veillonella.dispar",-0.515999084559434
"4318",180,"X.Clostridium..citroniae",-0.515999084559434
"4319",180,"X.Clostridium..cocleatum",6.49413217431141
"4320",180,"X.Clostridium..sp..MP626E2_ig1",-0.515999084559434
"4321",181,"Anaerotruncus.colihominis",-0.334575615008497
"4322",181,"Bacteroides.sp..MP64F12",-0.334575615008497
"4323",181,"Blautia.coccoides",-0.334575615008497
"4324",181,"Burkholderiales.bacterium",-0.334575615008497
"4325",181,"Citrobacter.werkmanii",-0.334575615008497
"4326",181,"Clostridium.clostridioforme.CAG.511",-0.334575615008497
"4327",181,"Clostridium.nexile.CAG.348",-0.334575615008497
"4328",181,"Clostridium.paraputrificum",-0.334575615008497
"4329",181,"Clostridium.sp..MP113D9",-0.334575615008497
"4330",181,"Clostridium.sp..MP49A11",-0.334575615008497
"4331",181,"Clostridium.sp..MP551E06",-0.334575615008497
"4332",181,"Eggerthella.lenta",-0.334575615008497
"4333",181,"Eggerthella.sp..MP163B1",-0.334575615008497
"4334",181,"Lactobacillus.animalis",-0.334575615008497
"4335",181,"Megasphaera.sp..MP182G6",-0.334575615008497
"4336",181,"Paenibacillus.macerans",-0.334575615008497
"4337",181,"Romboutsia.sp..MP35A8",-0.334575615008497
"4338",181,"Sellimonas.intestinalis",-0.334575615008497
"4339",181,"Turicibacter.sp..MP236E3",-0.334575615008497
"4340",181,"Veillonella.atypica",10.1740373933902
"4341",181,"Veillonella.dispar",7.34944871504628
"4342",181,"X.Clostridium..citroniae",-0.334575615008497
"4343",181,"X.Clostridium..cocleatum",-0.334575615008497
"4344",181,"X.Clostridium..sp..MP626E2_ig1",-0.334575615008497
"4345",182,"Anaerotruncus.colihominis",-0.312704906947701
"4346",182,"Bacteroides.sp..MP64F12",-0.312704906947701
"4347",182,"Blautia.coccoides",7.95211973532136
"4348",182,"Burkholderiales.bacterium",-0.312704906947701
"4349",182,"Citrobacter.werkmanii",-0.312704906947701
"4350",182,"Clostridium.clostridioforme.CAG.511",-0.312704906947701
"4351",182,"Clostridium.nexile.CAG.348",-0.312704906947701
"4352",182,"Clostridium.paraputrificum",-0.312704906947701
"4353",182,"Clostridium.sp..MP113D9",-0.312704906947701
"4354",182,"Clostridium.sp..MP49A11",-0.312704906947701
"4355",182,"Clostridium.sp..MP551E06",-0.312704906947701
"4356",182,"Eggerthella.lenta",-0.312704906947701
"4357",182,"Eggerthella.sp..MP163B1",-0.312704906947701
"4358",182,"Lactobacillus.animalis",-0.312704906947701
"4359",182,"Megasphaera.sp..MP182G6",-0.312704906947701
"4360",182,"Paenibacillus.macerans",-0.312704906947701
"4361",182,"Romboutsia.sp..MP35A8",-0.312704906947701
"4362",182,"Sellimonas.intestinalis",-0.312704906947701
"4363",182,"Turicibacter.sp..MP236E3",-0.312704906947701
"4364",182,"Veillonella.atypica",6.80527713035774
"4365",182,"Veillonella.dispar",-0.312704906947701
"4366",182,"X.Clostridium..citroniae",8.18108473520654
"4367",182,"X.Clostridium..cocleatum",-0.312704906947701
"4368",182,"X.Clostridium..sp..MP626E2_ig1",-0.312704906947701
"4369",183,"Anaerotruncus.colihominis",-0.498967353458537
"4370",183,"Bacteroides.sp..MP64F12",-0.498967353458537
"4371",183,"Blautia.coccoides",6.31503699602876
"4372",183,"Burkholderiales.bacterium",-0.498967353458537
"4373",183,"Citrobacter.werkmanii",-0.498967353458537
"4374",183,"Clostridium.clostridioforme.CAG.511",-0.498967353458537
"4375",183,"Clostridium.nexile.CAG.348",-0.498967353458537
"4376",183,"Clostridium.paraputrificum",5.11729517654659
"4377",183,"Clostridium.sp..MP113D9",-0.498967353458537
"4378",183,"Clostridium.sp..MP49A11",7.15882392660882
"4379",183,"Clostridium.sp..MP551E06",-0.498967353458537
"4380",183,"Eggerthella.lenta",-0.498967353458537
"4381",183,"Eggerthella.sp..MP163B1",-0.498967353458537
"4382",183,"Lactobacillus.animalis",-0.498967353458537
"4383",183,"Megasphaera.sp..MP182G6",-0.498967353458537
"4384",183,"Paenibacillus.macerans",-0.498967353458537
"4385",183,"Romboutsia.sp..MP35A8",-0.498967353458537
"4386",183,"Sellimonas.intestinalis",-0.498967353458537
"4387",183,"Turicibacter.sp..MP236E3",-0.498967353458537
"4388",183,"Veillonella.atypica",10.5408798949085
"4389",183,"Veillonella.dispar",6.02910866980947
"4390",183,"X.Clostridium..citroniae",-0.498967353458537
"4391",183,"X.Clostridium..cocleatum",8.35968244451401
"4392",183,"X.Clostridium..sp..MP626E2_ig1",-0.498967353458537
"4393",184,"Anaerotruncus.colihominis",-0.168932574128068
"4394",184,"Bacteroides.sp..MP64F12",-0.168932574128068
"4395",184,"Blautia.coccoides",-0.168932574128068
"4396",184,"Burkholderiales.bacterium",-0.168932574128068
"4397",184,"Citrobacter.werkmanii",-0.168932574128068
"4398",184,"Clostridium.clostridioforme.CAG.511",-0.168932574128068
"4399",184,"Clostridium.nexile.CAG.348",-0.168932574128068
"4400",184,"Clostridium.paraputrificum",5.34111055566234
"4401",184,"Clostridium.sp..MP113D9",-0.168932574128068
"4402",184,"Clostridium.sp..MP49A11",-0.168932574128068
"4403",184,"Clostridium.sp..MP551E06",-0.168932574128068
"4404",184,"Eggerthella.lenta",-0.168932574128068
"4405",184,"Eggerthella.sp..MP163B1",-0.168932574128068
"4406",184,"Lactobacillus.animalis",-0.168932574128068
"4407",184,"Megasphaera.sp..MP182G6",-0.168932574128068
"4408",184,"Paenibacillus.macerans",-0.168932574128068
"4409",184,"Romboutsia.sp..MP35A8",-0.168932574128068
"4410",184,"Sellimonas.intestinalis",-0.168932574128068
"4411",184,"Turicibacter.sp..MP236E3",-0.168932574128068
"4412",184,"Veillonella.atypica",-0.168932574128068
"4413",184,"Veillonella.dispar",-0.168932574128068
"4414",184,"X.Clostridium..citroniae",-0.168932574128068
"4415",184,"X.Clostridium..cocleatum",-0.168932574128068
"4416",184,"X.Clostridium..sp..MP626E2_ig1",-0.168932574128068
"4417",185,"Anaerotruncus.colihominis",-0.434772056468766
"4418",185,"Bacteroides.sp..MP64F12",-0.434772056468766
"4419",185,"Blautia.coccoides",8.69882398351849
"4420",185,"Burkholderiales.bacterium",-0.434772056468766
"4421",185,"Citrobacter.werkmanii",-0.434772056468766
"4422",185,"Clostridium.clostridioforme.CAG.511",-0.434772056468766
"4423",185,"Clostridium.nexile.CAG.348",-0.434772056468766
"4424",185,"Clostridium.paraputrificum",-0.434772056468766
"4425",185,"Clostridium.sp..MP113D9",-0.434772056468766
"4426",185,"Clostridium.sp..MP49A11",7.72375126215043
"4427",185,"Clostridium.sp..MP551E06",-0.434772056468766
"4428",185,"Eggerthella.lenta",-0.434772056468766
"4429",185,"Eggerthella.sp..MP163B1",-0.434772056468766
"4430",185,"Lactobacillus.animalis",-0.434772056468766
"4431",185,"Megasphaera.sp..MP182G6",-0.434772056468766
"4432",185,"Paenibacillus.macerans",-0.434772056468766
"4433",185,"Romboutsia.sp..MP35A8",-0.434772056468766
"4434",185,"Sellimonas.intestinalis",-0.434772056468766
"4435",185,"Turicibacter.sp..MP236E3",-0.434772056468766
"4436",185,"Veillonella.atypica",9.65435606977855
"4437",185,"Veillonella.dispar",-0.434772056468766
"4438",185,"X.Clostridium..citroniae",7.73286677842886
"4439",185,"X.Clostridium..cocleatum",-0.434772056468766
"4440",185,"X.Clostridium..sp..MP626E2_ig1",-0.434772056468766
"4441",186,"Anaerotruncus.colihominis",-0.488019249342624
"4442",186,"Bacteroides.sp..MP64F12",10.7959750681654
"4443",186,"Blautia.coccoides",5.46884550955027
"4444",186,"Burkholderiales.bacterium",-0.488019249342624
"4445",186,"Citrobacter.werkmanii",-0.488019249342624
"4446",186,"Clostridium.clostridioforme.CAG.511",6.83134960274421
"4447",186,"Clostridium.nexile.CAG.348",-0.488019249342624
"4448",186,"Clostridium.paraputrificum",-0.488019249342624
"4449",186,"Clostridium.sp..MP113D9",-0.488019249342624
"4450",186,"Clostridium.sp..MP49A11",-0.488019249342624
"4451",186,"Clostridium.sp..MP551E06",-0.488019249342624
"4452",186,"Eggerthella.lenta",6.12493893326336
"4453",186,"Eggerthella.sp..MP163B1",6.92666045056409
"4454",186,"Lactobacillus.animalis",-0.488019249342624
"4455",186,"Megasphaera.sp..MP182G6",-0.488019249342624
"4456",186,"Paenibacillus.macerans",-0.488019249342624
"4457",186,"Romboutsia.sp..MP35A8",-0.488019249342624
"4458",186,"Sellimonas.intestinalis",-0.488019249342624
"4459",186,"Turicibacter.sp..MP236E3",-0.488019249342624
"4460",186,"Veillonella.atypica",-0.488019249342624
"4461",186,"Veillonella.dispar",-0.488019249342624
"4462",186,"X.Clostridium..citroniae",-0.488019249342624
"4463",186,"X.Clostridium..cocleatum",-0.488019249342624
"4464",186,"X.Clostridium..sp..MP626E2_ig1",-0.488019249342624
"4465",187,"Anaerotruncus.colihominis",-0.340562026549323
"4466",187,"Bacteroides.sp..MP64F12",-0.340562026549323
"4467",187,"Blautia.coccoides",9.43559335695211
"4468",187,"Burkholderiales.bacterium",-0.340562026549323
"4469",187,"Citrobacter.werkmanii",4.80956583954696
"4470",187,"Clostridium.clostridioforme.CAG.511",-0.340562026549323
"4471",187,"Clostridium.nexile.CAG.348",-0.340562026549323
"4472",187,"Clostridium.paraputrificum",-0.340562026549323
"4473",187,"Clostridium.sp..MP113D9",-0.340562026549323
"4474",187,"Clostridium.sp..MP49A11",-0.340562026549323
"4475",187,"Clostridium.sp..MP551E06",-0.340562026549323
"4476",187,"Eggerthella.lenta",-0.340562026549323
"4477",187,"Eggerthella.sp..MP163B1",-0.340562026549323
"4478",187,"Lactobacillus.animalis",-0.340562026549323
"4479",187,"Megasphaera.sp..MP182G6",-0.340562026549323
"4480",187,"Paenibacillus.macerans",-0.340562026549323
"4481",187,"Romboutsia.sp..MP35A8",-0.340562026549323
"4482",187,"Sellimonas.intestinalis",-0.340562026549323
"4483",187,"Turicibacter.sp..MP236E3",-0.340562026549323
"4484",187,"Veillonella.atypica",9.39768514481425
"4485",187,"Veillonella.dispar",-0.340562026549323
"4486",187,"X.Clostridium..citroniae",8.66030857414247
"4487",187,"X.Clostridium..cocleatum",-0.340562026549323
"4488",187,"X.Clostridium..sp..MP626E2_ig1",-0.340562026549323
"4489",188,"Anaerotruncus.colihominis",-0.448933669026456
"4490",188,"Bacteroides.sp..MP64F12",-0.448933669026456
"4491",188,"Blautia.coccoides",8.33994967140132
"4492",188,"Burkholderiales.bacterium",-0.448933669026456
"4493",188,"Citrobacter.werkmanii",-0.448933669026456
"4494",188,"Clostridium.clostridioforme.CAG.511",-0.448933669026456
"4495",188,"Clostridium.nexile.CAG.348",-0.448933669026456
"4496",188,"Clostridium.paraputrificum",-0.448933669026456
"4497",188,"Clostridium.sp..MP113D9",-0.448933669026456
"4498",188,"Clostridium.sp..MP49A11",-0.448933669026456
"4499",188,"Clostridium.sp..MP551E06",-0.448933669026456
"4500",188,"Eggerthella.lenta",-0.448933669026456
"4501",188,"Eggerthella.sp..MP163B1",-0.448933669026456
"4502",188,"Lactobacillus.animalis",-0.448933669026456
"4503",188,"Megasphaera.sp..MP182G6",-0.448933669026456
"4504",188,"Paenibacillus.macerans",-0.448933669026456
"4505",188,"Romboutsia.sp..MP35A8",5.62065691876313
"4506",188,"Sellimonas.intestinalis",-0.448933669026456
"4507",188,"Turicibacter.sp..MP236E3",5.78541633685691
"4508",188,"Veillonella.atypica",6.95554864824471
"4509",188,"Veillonella.dispar",4.75851557803231
"4510",188,"X.Clostridium..citroniae",-0.448933669026456
"4511",188,"X.Clostridium..cocleatum",-0.448933669026456
"4512",188,"X.Clostridium..sp..MP626E2_ig1",-0.448933669026456
"4513",189,"Anaerotruncus.colihominis",-0.255498907650209
"4514",189,"Bacteroides.sp..MP64F12",-0.255498907650209
"4515",189,"Blautia.coccoides",9.50913381758275
"4516",189,"Burkholderiales.bacterium",-0.255498907650209
"4517",189,"Citrobacter.werkmanii",5.28533445701714
"4518",189,"Clostridium.clostridioforme.CAG.511",-0.255498907650209
"4519",189,"Clostridium.nexile.CAG.348",-0.255498907650209
"4520",189,"Clostridium.paraputrificum",5.51711822422538
"4521",189,"Clostridium.sp..MP113D9",6.43345598491312
"4522",189,"Clostridium.sp..MP49A11",-0.255498907650209
"4523",189,"Clostridium.sp..MP551E06",-0.255498907650209
"4524",189,"Eggerthella.lenta",-0.255498907650209
"4525",189,"Eggerthella.sp..MP163B1",-0.255498907650209
"4526",189,"Lactobacillus.animalis",-0.255498907650209
"4527",189,"Megasphaera.sp..MP182G6",-0.255498907650209
"4528",189,"Paenibacillus.macerans",-0.255498907650209
"4529",189,"Romboutsia.sp..MP35A8",-0.255498907650209
"4530",189,"Sellimonas.intestinalis",-0.255498907650209
"4531",189,"Turicibacter.sp..MP236E3",-0.255498907650209
"4532",189,"Veillonella.atypica",8.59576874464249
"4533",189,"Veillonella.dispar",-0.255498907650209
"4534",189,"X.Clostridium..citroniae",8.80621547866025
"4535",189,"X.Clostridium..cocleatum",-0.255498907650209
"4536",189,"X.Clostridium..sp..MP626E2_ig1",-0.255498907650209
"4537",190,"Anaerotruncus.colihominis",-0.236038620275242
"4538",190,"Bacteroides.sp..MP64F12",-0.236038620275242
"4539",190,"Blautia.coccoides",10.9569531072653
"4540",190,"Burkholderiales.bacterium",-0.236038620275242
"4541",190,"Citrobacter.werkmanii",-0.236038620275242
"4542",190,"Clostridium.clostridioforme.CAG.511",-0.236038620275242
"4543",190,"Clostridium.nexile.CAG.348",-0.236038620275242
"4544",190,"Clostridium.paraputrificum",3.09024491544997
"4545",190,"Clostridium.sp..MP113D9",-0.236038620275242
"4546",190,"Clostridium.sp..MP49A11",-0.236038620275242
"4547",190,"Clostridium.sp..MP551E06",-0.236038620275242
"4548",190,"Eggerthella.lenta",-0.236038620275242
"4549",190,"Eggerthella.sp..MP163B1",-0.236038620275242
"4550",190,"Lactobacillus.animalis",-0.236038620275242
"4551",190,"Megasphaera.sp..MP182G6",-0.236038620275242
"4552",190,"Paenibacillus.macerans",-0.236038620275242
"4553",190,"Romboutsia.sp..MP35A8",-0.236038620275242
"4554",190,"Sellimonas.intestinalis",-0.236038620275242
"4555",190,"Turicibacter.sp..MP236E3",-0.236038620275242
"4556",190,"Veillonella.atypica",-0.236038620275242
"4557",190,"Veillonella.dispar",-0.236038620275242
"4558",190,"X.Clostridium..citroniae",9.82399600966967
"4559",190,"X.Clostridium..cocleatum",5.44547524548672
"4560",190,"X.Clostridium..sp..MP626E2_ig1",-0.236038620275242
"4561",191,"Anaerotruncus.colihominis",-0.228688046395558
"4562",191,"Bacteroides.sp..MP64F12",-0.228688046395558
"4563",191,"Blautia.coccoides",10.0053269379621
"4564",191,"Burkholderiales.bacterium",-0.228688046395558
"4565",191,"Citrobacter.werkmanii",-0.228688046395558
"4566",191,"Clostridium.clostridioforme.CAG.511",-0.228688046395558
"4567",191,"Clostridium.nexile.CAG.348",-0.228688046395558
"4568",191,"Clostridium.paraputrificum",-0.228688046395558
"4569",191,"Clostridium.sp..MP113D9",-0.228688046395558
"4570",191,"Clostridium.sp..MP49A11",-0.228688046395558
"4571",191,"Clostridium.sp..MP551E06",-0.228688046395558
"4572",191,"Eggerthella.lenta",-0.228688046395558
"4573",191,"Eggerthella.sp..MP163B1",-0.228688046395558
"4574",191,"Lactobacillus.animalis",-0.228688046395558
"4575",191,"Megasphaera.sp..MP182G6",-0.228688046395558
"4576",191,"Paenibacillus.macerans",-0.228688046395558
"4577",191,"Romboutsia.sp..MP35A8",-0.228688046395558
"4578",191,"Sellimonas.intestinalis",-0.228688046395558
"4579",191,"Turicibacter.sp..MP236E3",-0.228688046395558
"4580",191,"Veillonella.atypica",7.38628760007696
"4581",191,"Veillonella.dispar",-0.228688046395558
"4582",191,"X.Clostridium..citroniae",8.23366911247453
"4583",191,"X.Clostridium..cocleatum",5.30131374883346
"4584",191,"X.Clostridium..sp..MP626E2_ig1",-0.228688046395558
"4585",192,"Anaerotruncus.colihominis",-0.0969567056585401
"4586",192,"Bacteroides.sp..MP64F12",-0.0969567056585401
"4587",192,"Blautia.coccoides",-0.0969567056585401
"4588",192,"Burkholderiales.bacterium",-0.0969567056585401
"4589",192,"Citrobacter.werkmanii",-0.0969567056585401
"4590",192,"Clostridium.clostridioforme.CAG.511",-0.0969567056585401
"4591",192,"Clostridium.nexile.CAG.348",-0.0969567056585401
"4592",192,"Clostridium.paraputrificum",-0.0969567056585401
"4593",192,"Clostridium.sp..MP113D9",-0.0969567056585401
"4594",192,"Clostridium.sp..MP49A11",-0.0969567056585401
"4595",192,"Clostridium.sp..MP551E06",-0.0969567056585401
"4596",192,"Eggerthella.lenta",-0.0969567056585401
"4597",192,"Eggerthella.sp..MP163B1",-0.0969567056585401
"4598",192,"Lactobacillus.animalis",-0.0969567056585401
"4599",192,"Megasphaera.sp..MP182G6",-0.0969567056585401
"4600",192,"Paenibacillus.macerans",-0.0969567056585401
"4601",192,"Romboutsia.sp..MP35A8",-0.0969567056585401
"4602",192,"Sellimonas.intestinalis",-0.0969567056585401
"4603",192,"Turicibacter.sp..MP236E3",-0.0969567056585401
"4604",192,"Veillonella.atypica",5.13748254738498
"4605",192,"Veillonella.dispar",-0.0969567056585401
"4606",192,"X.Clostridium..citroniae",-0.0969567056585401
"4607",192,"X.Clostridium..cocleatum",-0.0969567056585401
"4608",192,"X.Clostridium..sp..MP626E2_ig1",-0.0969567056585401
"4609",193,"Anaerotruncus.colihominis",-0.33372020039047
"4610",193,"Bacteroides.sp..MP64F12",-0.33372020039047
"4611",193,"Blautia.coccoides",8.69414447470536
"4612",193,"Burkholderiales.bacterium",-0.33372020039047
"4613",193,"Citrobacter.werkmanii",-0.33372020039047
"4614",193,"Clostridium.clostridioforme.CAG.511",-0.33372020039047
"4615",193,"Clostridium.nexile.CAG.348",-0.33372020039047
"4616",193,"Clostridium.paraputrificum",-0.33372020039047
"4617",193,"Clostridium.sp..MP113D9",-0.33372020039047
"4618",193,"Clostridium.sp..MP49A11",-0.33372020039047
"4619",193,"Clostridium.sp..MP551E06",-0.33372020039047
"4620",193,"Eggerthella.lenta",-0.33372020039047
"4621",193,"Eggerthella.sp..MP163B1",-0.33372020039047
"4622",193,"Lactobacillus.animalis",-0.33372020039047
"4623",193,"Megasphaera.sp..MP182G6",-0.33372020039047
"4624",193,"Paenibacillus.macerans",-0.33372020039047
"4625",193,"Romboutsia.sp..MP35A8",-0.33372020039047
"4626",193,"Sellimonas.intestinalis",-0.33372020039047
"4627",193,"Turicibacter.sp..MP236E3",-0.33372020039047
"4628",193,"Veillonella.atypica",-0.33372020039047
"4629",193,"Veillonella.dispar",-0.33372020039047
"4630",193,"X.Clostridium..citroniae",-0.33372020039047
"4631",193,"X.Clostridium..cocleatum",5.58315375545342
"4632",193,"X.Clostridium..sp..MP626E2_ig1",-0.33372020039047
"4633",194,"Anaerotruncus.colihominis",-0.24888813898662
"4634",194,"Bacteroides.sp..MP64F12",-0.24888813898662
"4635",194,"Blautia.coccoides",-0.24888813898662
"4636",194,"Burkholderiales.bacterium",-0.24888813898662
"4637",194,"Citrobacter.werkmanii",-0.24888813898662
"4638",194,"Clostridium.clostridioforme.CAG.511",-0.24888813898662
"4639",194,"Clostridium.nexile.CAG.348",-0.24888813898662
"4640",194,"Clostridium.paraputrificum",-0.24888813898662
"4641",194,"Clostridium.sp..MP113D9",-0.24888813898662
"4642",194,"Clostridium.sp..MP49A11",-0.24888813898662
"4643",194,"Clostridium.sp..MP551E06",-0.24888813898662
"4644",194,"Eggerthella.lenta",-0.24888813898662
"4645",194,"Eggerthella.sp..MP163B1",-0.24888813898662
"4646",194,"Lactobacillus.animalis",-0.24888813898662
"4647",194,"Megasphaera.sp..MP182G6",-0.24888813898662
"4648",194,"Paenibacillus.macerans",-0.24888813898662
"4649",194,"Romboutsia.sp..MP35A8",-0.24888813898662
"4650",194,"Sellimonas.intestinalis",-0.24888813898662
"4651",194,"Turicibacter.sp..MP236E3",-0.24888813898662
"4652",194,"Veillonella.atypica",11.1172980811415
"4653",194,"Veillonella.dispar",9.53233223522752
"4654",194,"X.Clostridium..citroniae",-0.24888813898662
"4655",194,"X.Clostridium..cocleatum",-0.24888813898662
"4656",194,"X.Clostridium..sp..MP626E2_ig1",-0.24888813898662
"4657",195,"Anaerotruncus.colihominis",-0.177091536337979
"4658",195,"Bacteroides.sp..MP64F12",-0.177091536337979
"4659",195,"Blautia.coccoides",-0.177091536337979
"4660",195,"Burkholderiales.bacterium",-0.177091536337979
"4661",195,"Citrobacter.werkmanii",-0.177091536337979
"4662",195,"Clostridium.clostridioforme.CAG.511",-0.177091536337979
"4663",195,"Clostridium.nexile.CAG.348",-0.177091536337979
"4664",195,"Clostridium.paraputrificum",-0.177091536337979
"4665",195,"Clostridium.sp..MP113D9",-0.177091536337979
"4666",195,"Clostridium.sp..MP49A11",-0.177091536337979
"4667",195,"Clostridium.sp..MP551E06",-0.177091536337979
"4668",195,"Eggerthella.lenta",-0.177091536337979
"4669",195,"Eggerthella.sp..MP163B1",-0.177091536337979
"4670",195,"Lactobacillus.animalis",-0.177091536337979
"4671",195,"Megasphaera.sp..MP182G6",-0.177091536337979
"4672",195,"Paenibacillus.macerans",-0.177091536337979
"4673",195,"Romboutsia.sp..MP35A8",-0.177091536337979
"4674",195,"Sellimonas.intestinalis",-0.177091536337979
"4675",195,"Turicibacter.sp..MP236E3",-0.177091536337979
"4676",195,"Veillonella.atypica",10.5736077392423
"4677",195,"Veillonella.dispar",8.18502064150374
"4678",195,"X.Clostridium..citroniae",-0.177091536337979
"4679",195,"X.Clostridium..cocleatum",-0.177091536337979
"4680",195,"X.Clostridium..sp..MP626E2_ig1",-0.177091536337979
"4681",196,"Anaerotruncus.colihominis",7.41086524809672
"4682",196,"Bacteroides.sp..MP64F12",-0.812764443478963
"4683",196,"Blautia.coccoides",5.00162069270329
"4684",196,"Burkholderiales.bacterium",-0.812764443478963
"4685",196,"Citrobacter.werkmanii",-0.812764443478963
"4686",196,"Clostridium.clostridioforme.CAG.511",-0.812764443478963
"4687",196,"Clostridium.nexile.CAG.348",-0.812764443478963
"4688",196,"Clostridium.paraputrificum",-0.812764443478963
"4689",196,"Clostridium.sp..MP113D9",-0.812764443478963
"4690",196,"Clostridium.sp..MP49A11",-0.812764443478963
"4691",196,"Clostridium.sp..MP551E06",-0.812764443478963
"4692",196,"Eggerthella.lenta",8.59300082080168
"4693",196,"Eggerthella.sp..MP163B1",8.43513654808769
"4694",196,"Lactobacillus.animalis",3.05588046590884
"4695",196,"Megasphaera.sp..MP182G6",-0.812764443478963
"4696",196,"Paenibacillus.macerans",-0.812764443478963
"4697",196,"Romboutsia.sp..MP35A8",6.343775998387
"4698",196,"Sellimonas.intestinalis",-0.812764443478963
"4699",196,"Turicibacter.sp..MP236E3",5.58951339644435
"4700",196,"Veillonella.atypica",-0.812764443478963
"4701",196,"Veillonella.dispar",-0.812764443478963
"4702",196,"X.Clostridium..citroniae",-0.812764443478963
"4703",196,"X.Clostridium..cocleatum",-0.812764443478963
"4704",196,"X.Clostridium..sp..MP626E2_ig1",-0.812764443478963
"4705",197,"Anaerotruncus.colihominis",5.23833542152108
"4706",197,"Bacteroides.sp..MP64F12",-0.894283970001467
"4707",197,"Blautia.coccoides",-0.894283970001467
"4708",197,"Burkholderiales.bacterium",-0.894283970001467
"4709",197,"Citrobacter.werkmanii",-0.894283970001467
"4710",197,"Clostridium.clostridioforme.CAG.511",-0.894283970001467
"4711",197,"Clostridium.nexile.CAG.348",1.04986753162303
"4712",197,"Clostridium.paraputrificum",-0.894283970001467
"4713",197,"Clostridium.sp..MP113D9",-0.894283970001467
"4714",197,"Clostridium.sp..MP49A11",-0.894283970001467
"4715",197,"Clostridium.sp..MP551E06",-0.894283970001467
"4716",197,"Eggerthella.lenta",-0.894283970001467
"4717",197,"Eggerthella.sp..MP163B1",-0.894283970001467
"4718",197,"Lactobacillus.animalis",-0.894283970001467
"4719",197,"Megasphaera.sp..MP182G6",-0.894283970001467
"4720",197,"Paenibacillus.macerans",-0.894283970001467
"4721",197,"Romboutsia.sp..MP35A8",-0.894283970001467
"4722",197,"Sellimonas.intestinalis",-0.894283970001467
"4723",197,"Turicibacter.sp..MP236E3",-0.894283970001467
"4724",197,"Veillonella.atypica",-0.894283970001467
"4725",197,"Veillonella.dispar",-0.894283970001467
"4726",197,"X.Clostridium..citroniae",-0.894283970001467
"4727",197,"X.Clostridium..cocleatum",-0.894283970001467
"4728",197,"X.Clostridium..sp..MP626E2_ig1",-0.894283970001467
"4729",198,"Anaerotruncus.colihominis",7.13405129881324
"4730",198,"Bacteroides.sp..MP64F12",-0.513072162879897
"4731",198,"Blautia.coccoides",-0.513072162879897
"4732",198,"Burkholderiales.bacterium",-0.513072162879897
"4733",198,"Citrobacter.werkmanii",-0.513072162879897
"4734",198,"Clostridium.clostridioforme.CAG.511",-0.513072162879897
"4735",198,"Clostridium.nexile.CAG.348",7.66042400703531
"4736",198,"Clostridium.paraputrificum",-0.513072162879897
"4737",198,"Clostridium.sp..MP113D9",-0.513072162879897
"4738",198,"Clostridium.sp..MP49A11",-0.513072162879897
"4739",198,"Clostridium.sp..MP551E06",-0.513072162879897
"4740",198,"Eggerthella.lenta",7.51480525808303
"4741",198,"Eggerthella.sp..MP163B1",7.52866156845376
"4742",198,"Lactobacillus.animalis",9.58132189798882
"4743",198,"Megasphaera.sp..MP182G6",-0.513072162879897
"4744",198,"Paenibacillus.macerans",-0.513072162879897
"4745",198,"Romboutsia.sp..MP35A8",-0.513072162879897
"4746",198,"Sellimonas.intestinalis",-0.513072162879897
"4747",198,"Turicibacter.sp..MP236E3",6.12133603111915
"4748",198,"Veillonella.atypica",-0.513072162879897
"4749",198,"Veillonella.dispar",-0.513072162879897
"4750",198,"X.Clostridium..citroniae",-0.513072162879897
"4751",198,"X.Clostridium..cocleatum",-0.513072162879897
"4752",198,"X.Clostridium..sp..MP626E2_ig1",-0.513072162879897
"4753",199,"Anaerotruncus.colihominis",6.71564243313137
"4754",199,"Bacteroides.sp..MP64F12",-0.832516926705809
"4755",199,"Blautia.coccoides",-0.832516926705809
"4756",199,"Burkholderiales.bacterium",-0.832516926705809
"4757",199,"Citrobacter.werkmanii",-0.832516926705809
"4758",199,"Clostridium.clostridioforme.CAG.511",-0.832516926705809
"4759",199,"Clostridium.nexile.CAG.348",-0.832516926705809
"4760",199,"Clostridium.paraputrificum",-0.832516926705809
"4761",199,"Clostridium.sp..MP113D9",-0.832516926705809
"4762",199,"Clostridium.sp..MP49A11",-0.832516926705809
"4763",199,"Clostridium.sp..MP551E06",-0.832516926705809
"4764",199,"Eggerthella.lenta",-0.832516926705809
"4765",199,"Eggerthella.sp..MP163B1",-0.832516926705809
"4766",199,"Lactobacillus.animalis",-0.832516926705809
"4767",199,"Megasphaera.sp..MP182G6",-0.832516926705809
"4768",199,"Paenibacillus.macerans",-0.832516926705809
"4769",199,"Romboutsia.sp..MP35A8",-0.832516926705809
"4770",199,"Sellimonas.intestinalis",7.23809828683212
"4771",199,"Turicibacter.sp..MP236E3",-0.832516926705809
"4772",199,"Veillonella.atypica",-0.832516926705809
"4773",199,"Veillonella.dispar",-0.832516926705809
"4774",199,"X.Clostridium..citroniae",-0.832516926705809
"4775",199,"X.Clostridium..cocleatum",-0.832516926705809
"4776",199,"X.Clostridium..sp..MP626E2_ig1",4.18000993042924
"4777",200,"Anaerotruncus.colihominis",5.7926721344789
"4778",200,"Bacteroides.sp..MP64F12",-0.891368760783074
"4779",200,"Blautia.coccoides",4.76012700426923
"4780",200,"Burkholderiales.bacterium",-0.891368760783074
"4781",200,"Citrobacter.werkmanii",-0.891368760783074
"4782",200,"Clostridium.clostridioforme.CAG.511",-0.891368760783074
"4783",200,"Clostridium.nexile.CAG.348",-0.891368760783074
"4784",200,"Clostridium.paraputrificum",-0.891368760783074
"4785",200,"Clostridium.sp..MP113D9",-0.891368760783074
"4786",200,"Clostridium.sp..MP49A11",-0.891368760783074
"4787",200,"Clostridium.sp..MP551E06",-0.891368760783074
"4788",200,"Eggerthella.lenta",8.21688370267742
"4789",200,"Eggerthella.sp..MP163B1",7.76983787369058
"4790",200,"Lactobacillus.animalis",-0.891368760783074
"4791",200,"Megasphaera.sp..MP182G6",-0.891368760783074
"4792",200,"Paenibacillus.macerans",-0.891368760783074
"4793",200,"Romboutsia.sp..MP35A8",-0.891368760783074
"4794",200,"Sellimonas.intestinalis",-0.891368760783074
"4795",200,"Turicibacter.sp..MP236E3",6.47916060251971
"4796",200,"Veillonella.atypica",-0.891368760783074
"4797",200,"Veillonella.dispar",-0.891368760783074
"4798",200,"X.Clostridium..citroniae",-0.891368760783074
"4799",200,"X.Clostridium..cocleatum",-0.891368760783074
"4800",200,"X.Clostridium..sp..MP626E2_ig1",-0.891368760783074
"4801",201,"Anaerotruncus.colihominis",6.289633360792
"4802",201,"Bacteroides.sp..MP64F12",-0.72909555082054
"4803",201,"Blautia.coccoides",-0.72909555082054
"4804",201,"Burkholderiales.bacterium",-0.72909555082054
"4805",201,"Citrobacter.werkmanii",-0.72909555082054
"4806",201,"Clostridium.clostridioforme.CAG.511",-0.72909555082054
"4807",201,"Clostridium.nexile.CAG.348",-0.72909555082054
"4808",201,"Clostridium.paraputrificum",-0.72909555082054
"4809",201,"Clostridium.sp..MP113D9",-0.72909555082054
"4810",201,"Clostridium.sp..MP49A11",-0.72909555082054
"4811",201,"Clostridium.sp..MP551E06",-0.72909555082054
"4812",201,"Eggerthella.lenta",-0.72909555082054
"4813",201,"Eggerthella.sp..MP163B1",-0.72909555082054
"4814",201,"Lactobacillus.animalis",4.42268563937638
"4815",201,"Megasphaera.sp..MP182G6",-0.72909555082054
"4816",201,"Paenibacillus.macerans",-0.72909555082054
"4817",201,"Romboutsia.sp..MP35A8",-0.72909555082054
"4818",201,"Sellimonas.intestinalis",7.4193610078361
"4819",201,"Turicibacter.sp..MP236E3",-0.72909555082054
"4820",201,"Veillonella.atypica",4.86490980800079
"4821",201,"Veillonella.dispar",-0.72909555082054
"4822",201,"X.Clostridium..citroniae",-0.72909555082054
"4823",201,"X.Clostridium..cocleatum",-0.72909555082054
"4824",201,"X.Clostridium..sp..MP626E2_ig1",3.52625957721057
"4825",202,"Anaerotruncus.colihominis",-0.53783934051739
"4826",202,"Bacteroides.sp..MP64F12",-0.53783934051739
"4827",202,"Blautia.coccoides",-0.53783934051739
"4828",202,"Burkholderiales.bacterium",-0.53783934051739
"4829",202,"Citrobacter.werkmanii",-0.53783934051739
"4830",202,"Clostridium.clostridioforme.CAG.511",-0.53783934051739
"4831",202,"Clostridium.nexile.CAG.348",-0.53783934051739
"4832",202,"Clostridium.paraputrificum",-0.53783934051739
"4833",202,"Clostridium.sp..MP113D9",8.6994012866919
"4834",202,"Clostridium.sp..MP49A11",-0.53783934051739
"4835",202,"Clostridium.sp..MP551E06",-0.53783934051739
"4836",202,"Eggerthella.lenta",-0.53783934051739
"4837",202,"Eggerthella.sp..MP163B1",-0.53783934051739
"4838",202,"Lactobacillus.animalis",-0.53783934051739
"4839",202,"Megasphaera.sp..MP182G6",10.2280265926274
"4840",202,"Paenibacillus.macerans",3.30674222226735
"4841",202,"Romboutsia.sp..MP35A8",-0.53783934051739
"4842",202,"Sellimonas.intestinalis",-0.53783934051739
"4843",202,"Turicibacter.sp..MP236E3",-0.53783934051739
"4844",202,"Veillonella.atypica",8.39126631155155
"4845",202,"Veillonella.dispar",5.58908476169334
"4846",202,"X.Clostridium..citroniae",-0.53783934051739
"4847",202,"X.Clostridium..cocleatum",-0.53783934051739
"4848",202,"X.Clostridium..sp..MP626E2_ig1",-0.53783934051739
"4849",203,"Anaerotruncus.colihominis",-0.393647360594295
"4850",203,"Bacteroides.sp..MP64F12",-0.393647360594295
"4851",203,"Blautia.coccoides",-0.393647360594295
"4852",203,"Burkholderiales.bacterium",-0.393647360594295
"4853",203,"Citrobacter.werkmanii",-0.393647360594295
"4854",203,"Clostridium.clostridioforme.CAG.511",-0.393647360594295
"4855",203,"Clostridium.nexile.CAG.348",-0.393647360594295
"4856",203,"Clostridium.paraputrificum",-0.393647360594295
"4857",203,"Clostridium.sp..MP113D9",7.5850023040488
"4858",203,"Clostridium.sp..MP49A11",-0.393647360594295
"4859",203,"Clostridium.sp..MP551E06",-0.393647360594295
"4860",203,"Eggerthella.lenta",-0.393647360594295
"4861",203,"Eggerthella.sp..MP163B1",-0.393647360594295
"4862",203,"Lactobacillus.animalis",-0.393647360594295
"4863",203,"Megasphaera.sp..MP182G6",9.66521723419104
"4864",203,"Paenibacillus.macerans",-0.393647360594295
"4865",203,"Romboutsia.sp..MP35A8",-0.393647360594295
"4866",203,"Sellimonas.intestinalis",-0.393647360594295
"4867",203,"Turicibacter.sp..MP236E3",-0.393647360594295
"4868",203,"Veillonella.atypica",10.4865218255188
"4869",203,"Veillonella.dispar",6.23974553757138
"4870",203,"X.Clostridium..citroniae",-0.393647360594295
"4871",203,"X.Clostridium..cocleatum",-0.393647360594295
"4872",203,"X.Clostridium..sp..MP626E2_ig1",-0.393647360594295
"4873",204,"Anaerotruncus.colihominis",-0.341568930764563
"4874",204,"Bacteroides.sp..MP64F12",-0.341568930764563
"4875",204,"Blautia.coccoides",-0.341568930764563
"4876",204,"Burkholderiales.bacterium",-0.341568930764563
"4877",204,"Citrobacter.werkmanii",3.31074918286735
"4878",204,"Clostridium.clostridioforme.CAG.511",-0.341568930764563
"4879",204,"Clostridium.nexile.CAG.348",-0.341568930764563
"4880",204,"Clostridium.paraputrificum",-0.341568930764563
"4881",204,"Clostridium.sp..MP113D9",-0.341568930764563
"4882",204,"Clostridium.sp..MP49A11",-0.341568930764563
"4883",204,"Clostridium.sp..MP551E06",-0.341568930764563
"4884",204,"Eggerthella.lenta",-0.341568930764563
"4885",204,"Eggerthella.sp..MP163B1",-0.341568930764563
"4886",204,"Lactobacillus.animalis",12.3418683415091
"4887",204,"Megasphaera.sp..MP182G6",-0.341568930764563
"4888",204,"Paenibacillus.macerans",-0.341568930764563
"4889",204,"Romboutsia.sp..MP35A8",-0.341568930764563
"4890",204,"Sellimonas.intestinalis",-0.341568930764563
"4891",204,"Turicibacter.sp..MP236E3",-0.341568930764563
"4892",204,"Veillonella.atypica",-0.341568930764563
"4893",204,"Veillonella.dispar",7.17319373397486
"4894",204,"X.Clostridium..citroniae",-0.341568930764563
"4895",204,"X.Clostridium..cocleatum",-0.341568930764563
"4896",204,"X.Clostridium..sp..MP626E2_ig1",-0.341568930764563
"4897",205,"Anaerotruncus.colihominis",-0.758551120088846
"4898",205,"Bacteroides.sp..MP64F12",-0.758551120088846
"4899",205,"Blautia.coccoides",-0.758551120088846
"4900",205,"Burkholderiales.bacterium",-0.758551120088846
"4901",205,"Citrobacter.werkmanii",-0.758551120088846
"4902",205,"Clostridium.clostridioforme.CAG.511",-0.758551120088846
"4903",205,"Clostridium.nexile.CAG.348",-0.758551120088846
"4904",205,"Clostridium.paraputrificum",-0.758551120088846
"4905",205,"Clostridium.sp..MP113D9",-0.758551120088846
"4906",205,"Clostridium.sp..MP49A11",-0.758551120088846
"4907",205,"Clostridium.sp..MP551E06",-0.758551120088846
"4908",205,"Eggerthella.lenta",-0.758551120088846
"4909",205,"Eggerthella.sp..MP163B1",-0.758551120088846
"4910",205,"Lactobacillus.animalis",-0.758551120088846
"4911",205,"Megasphaera.sp..MP182G6",-0.758551120088846
"4912",205,"Paenibacillus.macerans",-0.758551120088846
"4913",205,"Romboutsia.sp..MP35A8",-0.758551120088846
"4914",205,"Sellimonas.intestinalis",-0.758551120088846
"4915",205,"Turicibacter.sp..MP236E3",-0.758551120088846
"4916",205,"Veillonella.atypica",6.63307271704351
"4917",205,"Veillonella.dispar",-0.758551120088846
"4918",205,"X.Clostridium..citroniae",-0.758551120088846
"4919",205,"X.Clostridium..cocleatum",2.52426569775931
"4920",205,"X.Clostridium..sp..MP626E2_ig1",7.54443208280003
"4921",206,"Anaerotruncus.colihominis",5.83904341078214
"4922",206,"Bacteroides.sp..MP64F12",-0.688167006942736
"4923",206,"Blautia.coccoides",7.39519779160435
"4924",206,"Burkholderiales.bacterium",-0.688167006942736
"4925",206,"Citrobacter.werkmanii",-0.688167006942736
"4926",206,"Clostridium.clostridioforme.CAG.511",6.883985010545
"4927",206,"Clostridium.nexile.CAG.348",-0.688167006942736
"4928",206,"Clostridium.paraputrificum",-0.688167006942736
"4929",206,"Clostridium.sp..MP113D9",-0.688167006942736
"4930",206,"Clostridium.sp..MP49A11",-0.688167006942736
"4931",206,"Clostridium.sp..MP551E06",-0.688167006942736
"4932",206,"Eggerthella.lenta",-0.688167006942736
"4933",206,"Eggerthella.sp..MP163B1",-0.688167006942736
"4934",206,"Lactobacillus.animalis",-0.688167006942736
"4935",206,"Megasphaera.sp..MP182G6",8.22099658199612
"4936",206,"Paenibacillus.macerans",-0.688167006942736
"4937",206,"Romboutsia.sp..MP35A8",-0.688167006942736
"4938",206,"Sellimonas.intestinalis",7.37298405142708
"4939",206,"Turicibacter.sp..MP236E3",-0.688167006942736
"4940",206,"Veillonella.atypica",5.55172859759542
"4941",206,"Veillonella.dispar",-0.688167006942736
"4942",206,"X.Clostridium..citroniae",4.3825451034327
"4943",206,"X.Clostridium..cocleatum",-0.688167006942736
"4944",206,"X.Clostridium..sp..MP626E2_ig1",4.21644782294505
"4945",207,"Anaerotruncus.colihominis",-0.498114100501599
"4946",207,"Bacteroides.sp..MP64F12",-0.498114100501599
"4947",207,"Blautia.coccoides",7.63744974199515
"4948",207,"Burkholderiales.bacterium",-0.498114100501599
"4949",207,"Citrobacter.werkmanii",-0.498114100501599
"4950",207,"Clostridium.clostridioforme.CAG.511",-0.498114100501599
"4951",207,"Clostridium.nexile.CAG.348",5.83309081613191
"4952",207,"Clostridium.paraputrificum",-0.498114100501599
"4953",207,"Clostridium.sp..MP113D9",-0.498114100501599
"4954",207,"Clostridium.sp..MP49A11",-0.498114100501599
"4955",207,"Clostridium.sp..MP551E06",-0.498114100501599
"4956",207,"Eggerthella.lenta",-0.498114100501599
"4957",207,"Eggerthella.sp..MP163B1",-0.498114100501599
"4958",207,"Lactobacillus.animalis",-0.498114100501599
"4959",207,"Megasphaera.sp..MP182G6",-0.498114100501599
"4960",207,"Paenibacillus.macerans",-0.498114100501599
"4961",207,"Romboutsia.sp..MP35A8",-0.498114100501599
"4962",207,"Sellimonas.intestinalis",-0.498114100501599
"4963",207,"Turicibacter.sp..MP236E3",-0.498114100501599
"4964",207,"Veillonella.atypica",-0.498114100501599
"4965",207,"Veillonella.dispar",-0.498114100501599
"4966",207,"X.Clostridium..citroniae",2.7191142040363
"4967",207,"X.Clostridium..cocleatum",-0.498114100501599
"4968",207,"X.Clostridium..sp..MP626E2_ig1",-0.498114100501599
"4969",208,"Anaerotruncus.colihominis",-0.880591963512648
"4970",208,"Bacteroides.sp..MP64F12",-0.880591963512648
"4971",208,"Blautia.coccoides",6.6383617718453
"4972",208,"Burkholderiales.bacterium",-0.880591963512648
"4973",208,"Citrobacter.werkmanii",-0.880591963512648
"4974",208,"Clostridium.clostridioforme.CAG.511",-0.880591963512648
"4975",208,"Clostridium.nexile.CAG.348",-0.880591963512648
"4976",208,"Clostridium.paraputrificum",-0.880591963512648
"4977",208,"Clostridium.sp..MP113D9",-0.880591963512648
"4978",208,"Clostridium.sp..MP49A11",-0.880591963512648
"4979",208,"Clostridium.sp..MP551E06",-0.880591963512648
"4980",208,"Eggerthella.lenta",-0.880591963512648
"4981",208,"Eggerthella.sp..MP163B1",-0.880591963512648
"4982",208,"Lactobacillus.animalis",-0.880591963512648
"4983",208,"Megasphaera.sp..MP182G6",-0.880591963512648
"4984",208,"Paenibacillus.macerans",-0.880591963512648
"4985",208,"Romboutsia.sp..MP35A8",-0.880591963512648
"4986",208,"Sellimonas.intestinalis",-0.880591963512648
"4987",208,"Turicibacter.sp..MP236E3",-0.880591963512648
"4988",208,"Veillonella.atypica",7.03097973236383
"4989",208,"Veillonella.dispar",-0.880591963512648
"4990",208,"X.Clostridium..citroniae",-0.880591963512648
"4991",208,"X.Clostridium..cocleatum",-0.880591963512648
"4992",208,"X.Clostridium..sp..MP626E2_ig1",5.92712403938835
"4993",209,"Anaerotruncus.colihominis",-1.22058488592501
"4994",209,"Bacteroides.sp..MP64F12",-1.22058488592501
"4995",209,"Blautia.coccoides",-1.22058488592501
"4996",209,"Burkholderiales.bacterium",-1.22058488592501
"4997",209,"Citrobacter.werkmanii",-1.22058488592501
"4998",209,"Clostridium.clostridioforme.CAG.511",-1.22058488592501
"4999",209,"Clostridium.nexile.CAG.348",-1.22058488592501
"5000",209,"Clostridium.paraputrificum",-1.22058488592501
"5001",209,"Clostridium.sp..MP113D9",-1.22058488592501
"5002",209,"Clostridium.sp..MP49A11",-1.22058488592501
"5003",209,"Clostridium.sp..MP551E06",-1.22058488592501
"5004",209,"Eggerthella.lenta",-1.22058488592501
"5005",209,"Eggerthella.sp..MP163B1",-1.22058488592501
"5006",209,"Lactobacillus.animalis",-1.22058488592501
"5007",209,"Megasphaera.sp..MP182G6",-1.22058488592501
"5008",209,"Paenibacillus.macerans",-1.22058488592501
"5009",209,"Romboutsia.sp..MP35A8",-1.22058488592501
"5010",209,"Sellimonas.intestinalis",5.78537842068411
"5011",209,"Turicibacter.sp..MP236E3",-1.22058488592501
"5012",209,"Veillonella.atypica",6.24468860919152
"5013",209,"Veillonella.dispar",-1.22058488592501
"5014",209,"X.Clostridium..citroniae",-1.22058488592501
"5015",209,"X.Clostridium..cocleatum",-1.22058488592501
"5016",209,"X.Clostridium..sp..MP626E2_ig1",6.25306963261422
"5017",210,"Anaerotruncus.colihominis",5.56168649651316
"5018",210,"Bacteroides.sp..MP64F12",-0.916226299611504
"5019",210,"Blautia.coccoides",9.28373265398547
"5020",210,"Burkholderiales.bacterium",-0.916226299611504
"5021",210,"Citrobacter.werkmanii",-0.916226299611504
"5022",210,"Clostridium.clostridioforme.CAG.511",8.83450816026523
"5023",210,"Clostridium.nexile.CAG.348",-0.916226299611504
"5024",210,"Clostridium.paraputrificum",-0.916226299611504
"5025",210,"Clostridium.sp..MP113D9",5.07693104933747
"5026",210,"Clostridium.sp..MP49A11",7.34567378208762
"5027",210,"Clostridium.sp..MP551E06",-0.916226299611504
"5028",210,"Eggerthella.lenta",-0.916226299611504
"5029",210,"Eggerthella.sp..MP163B1",-0.916226299611504
"5030",210,"Lactobacillus.animalis",-0.916226299611504
"5031",210,"Megasphaera.sp..MP182G6",9.22782816082578
"5032",210,"Paenibacillus.macerans",-0.916226299611504
"5033",210,"Romboutsia.sp..MP35A8",-0.916226299611504
"5034",210,"Sellimonas.intestinalis",-0.916226299611504
"5035",210,"Turicibacter.sp..MP236E3",-0.916226299611504
"5036",210,"Veillonella.atypica",7.11807826550559
"5037",210,"Veillonella.dispar",-0.916226299611504
"5038",210,"X.Clostridium..citroniae",5.06586255466378
"5039",210,"X.Clostridium..cocleatum",-0.916226299611504
"5040",210,"X.Clostridium..sp..MP626E2_ig1",-0.916226299611504
"5041",211,"Anaerotruncus.colihominis",-0.353482863750594
"5042",211,"Bacteroides.sp..MP64F12",-0.353482863750594
"5043",211,"Blautia.coccoides",-0.353482863750594
"5044",211,"Burkholderiales.bacterium",-0.353482863750594
"5045",211,"Citrobacter.werkmanii",-0.353482863750594
"5046",211,"Clostridium.clostridioforme.CAG.511",-0.353482863750594
"5047",211,"Clostridium.nexile.CAG.348",-0.353482863750594
"5048",211,"Clostridium.paraputrificum",-0.353482863750594
"5049",211,"Clostridium.sp..MP113D9",-0.353482863750594
"5050",211,"Clostridium.sp..MP49A11",-0.353482863750594
"5051",211,"Clostridium.sp..MP551E06",-0.353482863750594
"5052",211,"Eggerthella.lenta",-0.353482863750594
"5053",211,"Eggerthella.sp..MP163B1",-0.353482863750594
"5054",211,"Lactobacillus.animalis",-0.353482863750594
"5055",211,"Megasphaera.sp..MP182G6",-0.353482863750594
"5056",211,"Paenibacillus.macerans",-0.353482863750594
"5057",211,"Romboutsia.sp..MP35A8",-0.353482863750594
"5058",211,"Sellimonas.intestinalis",-0.353482863750594
"5059",211,"Turicibacter.sp..MP236E3",-0.353482863750594
"5060",211,"Veillonella.atypica",-0.353482863750594
"5061",211,"Veillonella.dispar",-0.353482863750594
"5062",211,"X.Clostridium..citroniae",10.4624307708598
"5063",211,"X.Clostridium..cocleatum",-0.353482863750594
"5064",211,"X.Clostridium..sp..MP626E2_ig1",-0.353482863750594
"5065",212,"Anaerotruncus.colihominis",-0.605521271915958
"5066",212,"Bacteroides.sp..MP64F12",-0.605521271915958
"5067",212,"Blautia.coccoides",8.62314635430037
"5068",212,"Burkholderiales.bacterium",-0.605521271915958
"5069",212,"Citrobacter.werkmanii",5.2524406706917
"5070",212,"Clostridium.clostridioforme.CAG.511",-0.605521271915958
"5071",212,"Clostridium.nexile.CAG.348",-0.605521271915958
"5072",212,"Clostridium.paraputrificum",-0.605521271915958
"5073",212,"Clostridium.sp..MP113D9",-0.605521271915958
"5074",212,"Clostridium.sp..MP49A11",-0.605521271915958
"5075",212,"Clostridium.sp..MP551E06",-0.605521271915958
"5076",212,"Eggerthella.lenta",-0.605521271915958
"5077",212,"Eggerthella.sp..MP163B1",-0.605521271915958
"5078",212,"Lactobacillus.animalis",-0.605521271915958
"5079",212,"Megasphaera.sp..MP182G6",-0.605521271915958
"5080",212,"Paenibacillus.macerans",-0.605521271915958
"5081",212,"Romboutsia.sp..MP35A8",-0.605521271915958
"5082",212,"Sellimonas.intestinalis",-0.605521271915958
"5083",212,"Turicibacter.sp..MP236E3",-0.605521271915958
"5084",212,"Veillonella.atypica",-0.605521271915958
"5085",212,"Veillonella.dispar",-0.605521271915958
"5086",212,"X.Clostridium..citroniae",-0.605521271915958
"5087",212,"X.Clostridium..cocleatum",-0.605521271915958
"5088",212,"X.Clostridium..sp..MP626E2_ig1",-0.605521271915958
"5089",213,"Anaerotruncus.colihominis",-0.760076367015987
"5090",213,"Bacteroides.sp..MP64F12",-0.760076367015987
"5091",213,"Blautia.coccoides",7.15530899862278
"5092",213,"Burkholderiales.bacterium",-0.760076367015987
"5093",213,"Citrobacter.werkmanii",-0.760076367015987
"5094",213,"Clostridium.clostridioforme.CAG.511",8.29972062547739
"5095",213,"Clostridium.nexile.CAG.348",-0.760076367015987
"5096",213,"Clostridium.paraputrificum",-0.760076367015987
"5097",213,"Clostridium.sp..MP113D9",-0.760076367015987
"5098",213,"Clostridium.sp..MP49A11",6.40525528513251
"5099",213,"Clostridium.sp..MP551E06",-0.760076367015987
"5100",213,"Eggerthella.lenta",-0.760076367015987
"5101",213,"Eggerthella.sp..MP163B1",-0.760076367015987
"5102",213,"Lactobacillus.animalis",-0.760076367015987
"5103",213,"Megasphaera.sp..MP182G6",-0.760076367015987
"5104",213,"Paenibacillus.macerans",-0.760076367015987
"5105",213,"Romboutsia.sp..MP35A8",-0.760076367015987
"5106",213,"Sellimonas.intestinalis",6.6486659104552
"5107",213,"Turicibacter.sp..MP236E3",-0.760076367015987
"5108",213,"Veillonella.atypica",10.2517143232199
"5109",213,"Veillonella.dispar",7.31518582262771
"5110",213,"X.Clostridium..citroniae",4.85970353171085
"5111",213,"X.Clostridium..cocleatum",-0.760076367015987
"5112",213,"X.Clostridium..sp..MP626E2_ig1",5.7730227643257
"5113",214,"Anaerotruncus.colihominis",-0.532714563796789
"5114",214,"Bacteroides.sp..MP64F12",-0.532714563796789
"5115",214,"Blautia.coccoides",8.91891585544078
"5116",214,"Burkholderiales.bacterium",-0.532714563796789
"5117",214,"Citrobacter.werkmanii",-0.532714563796789
"5118",214,"Clostridium.clostridioforme.CAG.511",-0.532714563796789
"5119",214,"Clostridium.nexile.CAG.348",-0.532714563796789
"5120",214,"Clostridium.paraputrificum",-0.532714563796789
"5121",214,"Clostridium.sp..MP113D9",-0.532714563796789
"5122",214,"Clostridium.sp..MP49A11",-0.532714563796789
"5123",214,"Clostridium.sp..MP551E06",-0.532714563796789
"5124",214,"Eggerthella.lenta",-0.532714563796789
"5125",214,"Eggerthella.sp..MP163B1",-0.532714563796789
"5126",214,"Lactobacillus.animalis",-0.532714563796789
"5127",214,"Megasphaera.sp..MP182G6",-0.532714563796789
"5128",214,"Paenibacillus.macerans",-0.532714563796789
"5129",214,"Romboutsia.sp..MP35A8",-0.532714563796789
"5130",214,"Sellimonas.intestinalis",-0.532714563796789
"5131",214,"Turicibacter.sp..MP236E3",-0.532714563796789
"5132",214,"Veillonella.atypica",-0.532714563796789
"5133",214,"Veillonella.dispar",-0.532714563796789
"5134",214,"X.Clostridium..citroniae",5.50502031805462
"5135",214,"X.Clostridium..cocleatum",4.26831235738596
"5136",214,"X.Clostridium..sp..MP626E2_ig1",6.19699723676987
"5137",215,"Anaerotruncus.colihominis",6.86258393643094
"5138",215,"Bacteroides.sp..MP64F12",-0.464469769505964
"5139",215,"Blautia.coccoides",8.91024247819387
"5140",215,"Burkholderiales.bacterium",-0.464469769505964
"5141",215,"Citrobacter.werkmanii",-0.464469769505964
"5142",215,"Clostridium.clostridioforme.CAG.511",-0.464469769505964
"5143",215,"Clostridium.nexile.CAG.348",-0.464469769505964
"5144",215,"Clostridium.paraputrificum",2.93605501336234
"5145",215,"Clostridium.sp..MP113D9",-0.464469769505964
"5146",215,"Clostridium.sp..MP49A11",-0.464469769505964
"5147",215,"Clostridium.sp..MP551E06",-0.464469769505964
"5148",215,"Eggerthella.lenta",-0.464469769505964
"5149",215,"Eggerthella.sp..MP163B1",-0.464469769505964
"5150",215,"Lactobacillus.animalis",-0.464469769505964
"5151",215,"Megasphaera.sp..MP182G6",-0.464469769505964
"5152",215,"Paenibacillus.macerans",-0.464469769505964
"5153",215,"Romboutsia.sp..MP35A8",-0.464469769505964
"5154",215,"Sellimonas.intestinalis",-0.464469769505964
"5155",215,"Turicibacter.sp..MP236E3",-0.464469769505964
"5156",215,"Veillonella.atypica",1.43747877851039
"5157",215,"Veillonella.dispar",-0.464469769505964
"5158",215,"X.Clostridium..citroniae",-0.464469769505964
"5159",215,"X.Clostridium..cocleatum",-0.464469769505964
"5160",215,"X.Clostridium..sp..MP626E2_ig1",-0.464469769505964
"5161",216,"Anaerotruncus.colihominis",-0.425119262717745
"5162",216,"Bacteroides.sp..MP64F12",-0.425119262717745
"5163",216,"Blautia.coccoides",6.46427025903293
"5164",216,"Burkholderiales.bacterium",-0.425119262717745
"5165",216,"Citrobacter.werkmanii",-0.425119262717745
"5166",216,"Clostridium.clostridioforme.CAG.511",9.44170695802087
"5167",216,"Clostridium.nexile.CAG.348",-0.425119262717745
"5168",216,"Clostridium.paraputrificum",2.24671678763653
"5169",216,"Clostridium.sp..MP113D9",-0.425119262717745
"5170",216,"Clostridium.sp..MP49A11",-0.425119262717745
"5171",216,"Clostridium.sp..MP551E06",-0.425119262717745
"5172",216,"Eggerthella.lenta",6.25543282702956
"5173",216,"Eggerthella.sp..MP163B1",6.14128620587353
"5174",216,"Lactobacillus.animalis",-0.425119262717745
"5175",216,"Megasphaera.sp..MP182G6",-0.425119262717745
"5176",216,"Paenibacillus.macerans",-0.425119262717745
"5177",216,"Romboutsia.sp..MP35A8",-0.425119262717745
"5178",216,"Sellimonas.intestinalis",-0.425119262717745
"5179",216,"Turicibacter.sp..MP236E3",-0.425119262717745
"5180",216,"Veillonella.atypica",-0.425119262717745
"5181",216,"Veillonella.dispar",-0.425119262717745
"5182",216,"X.Clostridium..citroniae",5.74599340573324
"5183",216,"X.Clostridium..cocleatum",-0.425119262717745
"5184",216,"X.Clostridium..sp..MP626E2_ig1",-0.425119262717745
"5185",217,"Anaerotruncus.colihominis",-0.341171936690579
"5186",217,"Bacteroides.sp..MP64F12",-0.341171936690579
"5187",217,"Blautia.coccoides",-0.341171936690579
"5188",217,"Burkholderiales.bacterium",-0.341171936690579
"5189",217,"Citrobacter.werkmanii",-0.341171936690579
"5190",217,"Clostridium.clostridioforme.CAG.511",-0.341171936690579
"5191",217,"Clostridium.nexile.CAG.348",-0.341171936690579
"5192",217,"Clostridium.paraputrificum",2.60162751955242
"5193",217,"Clostridium.sp..MP113D9",-0.341171936690579
"5194",217,"Clostridium.sp..MP49A11",-0.341171936690579
"5195",217,"Clostridium.sp..MP551E06",-0.341171936690579
"5196",217,"Eggerthella.lenta",-0.341171936690579
"5197",217,"Eggerthella.sp..MP163B1",-0.341171936690579
"5198",217,"Lactobacillus.animalis",-0.341171936690579
"5199",217,"Megasphaera.sp..MP182G6",-0.341171936690579
"5200",217,"Paenibacillus.macerans",-0.341171936690579
"5201",217,"Romboutsia.sp..MP35A8",-0.341171936690579
"5202",217,"Sellimonas.intestinalis",-0.341171936690579
"5203",217,"Turicibacter.sp..MP236E3",4.90604752671385
"5204",217,"Veillonella.atypica",7.74945850337818
"5205",217,"Veillonella.dispar",5.47923815511142
"5206",217,"X.Clostridium..citroniae",6.46346121674113
"5207",217,"X.Clostridium..cocleatum",-0.341171936690579
"5208",217,"X.Clostridium..sp..MP626E2_ig1",-0.341171936690579
"5209",218,"Anaerotruncus.colihominis",-0.174892096291099
"5210",218,"Bacteroides.sp..MP64F12",-0.174892096291099
"5211",218,"Blautia.coccoides",-0.174892096291099
"5212",218,"Burkholderiales.bacterium",2.19408521669382
"5213",218,"Citrobacter.werkmanii",-0.174892096291099
"5214",218,"Clostridium.clostridioforme.CAG.511",-0.174892096291099
"5215",218,"Clostridium.nexile.CAG.348",-0.174892096291099
"5216",218,"Clostridium.paraputrificum",-0.174892096291099
"5217",218,"Clostridium.sp..MP113D9",-0.174892096291099
"5218",218,"Clostridium.sp..MP49A11",-0.174892096291099
"5219",218,"Clostridium.sp..MP551E06",-0.174892096291099
"5220",218,"Eggerthella.lenta",-0.174892096291099
"5221",218,"Eggerthella.sp..MP163B1",-0.174892096291099
"5222",218,"Lactobacillus.animalis",-0.174892096291099
"5223",218,"Megasphaera.sp..MP182G6",-0.174892096291099
"5224",218,"Paenibacillus.macerans",-0.174892096291099
"5225",218,"Romboutsia.sp..MP35A8",-0.174892096291099
"5226",218,"Sellimonas.intestinalis",-0.174892096291099
"5227",218,"Turicibacter.sp..MP236E3",-0.174892096291099
"5228",218,"Veillonella.atypica",7.4706278153184
"5229",218,"Veillonella.dispar",-0.174892096291099
"5230",218,"X.Clostridium..citroniae",-0.174892096291099
"5231",218,"X.Clostridium..cocleatum",5.92569300406099
"5232",218,"X.Clostridium..sp..MP626E2_ig1",-0.174892096291099
"5233",219,"Anaerotruncus.colihominis",-0.219489767850938
"5234",219,"Bacteroides.sp..MP64F12",-0.219489767850938
"5235",219,"Blautia.coccoides",-0.219489767850938
"5236",219,"Burkholderiales.bacterium",-0.219489767850938
"5237",219,"Citrobacter.werkmanii",-0.219489767850938
"5238",219,"Clostridium.clostridioforme.CAG.511",-0.219489767850938
"5239",219,"Clostridium.nexile.CAG.348",-0.219489767850938
"5240",219,"Clostridium.paraputrificum",-0.219489767850938
"5241",219,"Clostridium.sp..MP113D9",-0.219489767850938
"5242",219,"Clostridium.sp..MP49A11",-0.219489767850938
"5243",219,"Clostridium.sp..MP551E06",-0.219489767850938
"5244",219,"Eggerthella.lenta",-0.219489767850938
"5245",219,"Eggerthella.sp..MP163B1",-0.219489767850938
"5246",219,"Lactobacillus.animalis",-0.219489767850938
"5247",219,"Megasphaera.sp..MP182G6",-0.219489767850938
"5248",219,"Paenibacillus.macerans",-0.219489767850938
"5249",219,"Romboutsia.sp..MP35A8",-0.219489767850938
"5250",219,"Sellimonas.intestinalis",-0.219489767850938
"5251",219,"Turicibacter.sp..MP236E3",-0.219489767850938
"5252",219,"Veillonella.atypica",9.39662392467305
"5253",219,"Veillonella.dispar",-0.219489767850938
"5254",219,"X.Clostridium..citroniae",-0.219489767850938
"5255",219,"X.Clostridium..cocleatum",-0.219489767850938
"5256",219,"X.Clostridium..sp..MP626E2_ig1",-0.219489767850938
"5257",220,"Anaerotruncus.colihominis",-0.310853092963582
"5258",220,"Bacteroides.sp..MP64F12",-0.310853092963582
"5259",220,"Blautia.coccoides",9.87251539064518
"5260",220,"Burkholderiales.bacterium",-0.310853092963582
"5261",220,"Citrobacter.werkmanii",-0.310853092963582
"5262",220,"Clostridium.clostridioforme.CAG.511",-0.310853092963582
"5263",220,"Clostridium.nexile.CAG.348",-0.310853092963582
"5264",220,"Clostridium.paraputrificum",-0.310853092963582
"5265",220,"Clostridium.sp..MP113D9",5.15363192558698
"5266",220,"Clostridium.sp..MP49A11",-0.310853092963582
"5267",220,"Clostridium.sp..MP551E06",-0.310853092963582
"5268",220,"Eggerthella.lenta",-0.310853092963582
"5269",220,"Eggerthella.sp..MP163B1",-0.310853092963582
"5270",220,"Lactobacillus.animalis",-0.310853092963582
"5271",220,"Megasphaera.sp..MP182G6",-0.310853092963582
"5272",220,"Paenibacillus.macerans",-0.310853092963582
"5273",220,"Romboutsia.sp..MP35A8",-0.310853092963582
"5274",220,"Sellimonas.intestinalis",-0.310853092963582
"5275",220,"Turicibacter.sp..MP236E3",-0.310853092963582
"5276",220,"Veillonella.atypica",7.73406465344049
"5277",220,"Veillonella.dispar",5.99914562740666
"5278",220,"X.Clostridium..citroniae",-0.310853092963582
"5279",220,"X.Clostridium..cocleatum",-0.310853092963582
"5280",220,"X.Clostridium..sp..MP626E2_ig1",-0.310853092963582
"5281",221,"Anaerotruncus.colihominis",-0.442389243006616
"5282",221,"Bacteroides.sp..MP64F12",-0.442389243006616
"5283",221,"Blautia.coccoides",6.76278275703921
"5284",221,"Burkholderiales.bacterium",-0.442389243006616
"5285",221,"Citrobacter.werkmanii",-0.442389243006616
"5286",221,"Clostridium.clostridioforme.CAG.511",-0.442389243006616
"5287",221,"Clostridium.nexile.CAG.348",-0.442389243006616
"5288",221,"Clostridium.paraputrificum",-0.442389243006616
"5289",221,"Clostridium.sp..MP113D9",-0.442389243006616
"5290",221,"Clostridium.sp..MP49A11",-0.442389243006616
"5291",221,"Clostridium.sp..MP551E06",-0.442389243006616
"5292",221,"Eggerthella.lenta",-0.442389243006616
"5293",221,"Eggerthella.sp..MP163B1",-0.442389243006616
"5294",221,"Lactobacillus.animalis",-0.442389243006616
"5295",221,"Megasphaera.sp..MP182G6",-0.442389243006616
"5296",221,"Paenibacillus.macerans",-0.442389243006616
"5297",221,"Romboutsia.sp..MP35A8",-0.442389243006616
"5298",221,"Sellimonas.intestinalis",-0.442389243006616
"5299",221,"Turicibacter.sp..MP236E3",-0.442389243006616
"5300",221,"Veillonella.atypica",10.716612200189
"5301",221,"Veillonella.dispar",7.59796615877437
"5302",221,"X.Clostridium..citroniae",-0.442389243006616
"5303",221,"X.Clostridium..cocleatum",1.74690941788329
"5304",221,"X.Clostridium..sp..MP626E2_ig1",-0.442389243006616
"5305",222,"Anaerotruncus.colihominis",5.54857451170175
"5306",222,"Bacteroides.sp..MP64F12",-0.831570302833871
"5307",222,"Blautia.coccoides",-0.831570302833871
"5308",222,"Burkholderiales.bacterium",3.78755763755882
"5309",222,"Citrobacter.werkmanii",-0.831570302833871
"5310",222,"Clostridium.clostridioforme.CAG.511",-0.831570302833871
"5311",222,"Clostridium.nexile.CAG.348",-0.831570302833871
"5312",222,"Clostridium.paraputrificum",-0.831570302833871
"5313",222,"Clostridium.sp..MP113D9",-0.831570302833871
"5314",222,"Clostridium.sp..MP49A11",-0.831570302833871
"5315",222,"Clostridium.sp..MP551E06",-0.831570302833871
"5316",222,"Eggerthella.lenta",6.17356900559121
"5317",222,"Eggerthella.sp..MP163B1",4.79652579734042
"5318",222,"Lactobacillus.animalis",-0.831570302833871
"5319",222,"Megasphaera.sp..MP182G6",-0.831570302833871
"5320",222,"Paenibacillus.macerans",-0.831570302833871
"5321",222,"Romboutsia.sp..MP35A8",-0.831570302833871
"5322",222,"Sellimonas.intestinalis",-0.831570302833871
"5323",222,"Turicibacter.sp..MP236E3",-0.831570302833871
"5324",222,"Veillonella.atypica",6.72650208857644
"5325",222,"Veillonella.dispar",-0.831570302833871
"5326",222,"X.Clostridium..citroniae",6.29995297946567
"5327",222,"X.Clostridium..cocleatum",-0.831570302833871
"5328",222,"X.Clostridium..sp..MP626E2_ig1",-0.831570302833871
"5329",223,"Anaerotruncus.colihominis",-0.282801840223792
"5330",223,"Bacteroides.sp..MP64F12",-0.282801840223792
"5331",223,"Blautia.coccoides",5.07687697927902
"5332",223,"Burkholderiales.bacterium",-0.282801840223792
"5333",223,"Citrobacter.werkmanii",-0.282801840223792
"5334",223,"Clostridium.clostridioforme.CAG.511",-0.282801840223792
"5335",223,"Clostridium.nexile.CAG.348",-0.282801840223792
"5336",223,"Clostridium.paraputrificum",-0.282801840223792
"5337",223,"Clostridium.sp..MP113D9",-0.282801840223792
"5338",223,"Clostridium.sp..MP49A11",-0.282801840223792
"5339",223,"Clostridium.sp..MP551E06",-0.282801840223792
"5340",223,"Eggerthella.lenta",-0.282801840223792
"5341",223,"Eggerthella.sp..MP163B1",-0.282801840223792
"5342",223,"Lactobacillus.animalis",-0.282801840223792
"5343",223,"Megasphaera.sp..MP182G6",-0.282801840223792
"5344",223,"Paenibacillus.macerans",-0.282801840223792
"5345",223,"Romboutsia.sp..MP35A8",-0.282801840223792
"5346",223,"Sellimonas.intestinalis",-0.282801840223792
"5347",223,"Turicibacter.sp..MP236E3",-0.282801840223792
"5348",223,"Veillonella.atypica",-0.282801840223792
"5349",223,"Veillonella.dispar",-0.282801840223792
"5350",223,"X.Clostridium..citroniae",-0.282801840223792
"5351",223,"X.Clostridium..cocleatum",-0.282801840223792
"5352",223,"X.Clostridium..sp..MP626E2_ig1",-0.282801840223792
"5353",224,"Anaerotruncus.colihominis",-0.977917968635994
"5354",224,"Bacteroides.sp..MP64F12",-0.977917968635994
"5355",224,"Blautia.coccoides",5.74871447621558
"5356",224,"Burkholderiales.bacterium",-0.977917968635994
"5357",224,"Citrobacter.werkmanii",-0.977917968635994
"5358",224,"Clostridium.clostridioforme.CAG.511",-0.977917968635994
"5359",224,"Clostridium.nexile.CAG.348",-0.977917968635994
"5360",224,"Clostridium.paraputrificum",-0.977917968635994
"5361",224,"Clostridium.sp..MP113D9",-0.977917968635994
"5362",224,"Clostridium.sp..MP49A11",-0.977917968635994
"5363",224,"Clostridium.sp..MP551E06",-0.977917968635994
"5364",224,"Eggerthella.lenta",7.11458738802384
"5365",224,"Eggerthella.sp..MP163B1",-0.977917968635994
"5366",224,"Lactobacillus.animalis",-0.977917968635994
"5367",224,"Megasphaera.sp..MP182G6",-0.977917968635994
"5368",224,"Paenibacillus.macerans",-0.977917968635994
"5369",224,"Romboutsia.sp..MP35A8",-0.977917968635994
"5370",224,"Sellimonas.intestinalis",-0.977917968635994
"5371",224,"Turicibacter.sp..MP236E3",-0.977917968635994
"5372",224,"Veillonella.atypica",-0.977917968635994
"5373",224,"Veillonella.dispar",-0.977917968635994
"5374",224,"X.Clostridium..citroniae",-0.977917968635994
"5375",224,"X.Clostridium..cocleatum",-0.977917968635994
"5376",224,"X.Clostridium..sp..MP626E2_ig1",-0.977917968635994
"5377",225,"Anaerotruncus.colihominis",-0.285423792414219
"5378",225,"Bacteroides.sp..MP64F12",-0.285423792414219
"5379",225,"Blautia.coccoides",-0.285423792414219
"5380",225,"Burkholderiales.bacterium",-0.285423792414219
"5381",225,"Citrobacter.werkmanii",5.54900350025418
"5382",225,"Clostridium.clostridioforme.CAG.511",-0.285423792414219
"5383",225,"Clostridium.nexile.CAG.348",-0.285423792414219
"5384",225,"Clostridium.paraputrificum",-0.285423792414219
"5385",225,"Clostridium.sp..MP113D9",-0.285423792414219
"5386",225,"Clostridium.sp..MP49A11",5.90715686931479
"5387",225,"Clostridium.sp..MP551E06",-0.285423792414219
"5388",225,"Eggerthella.lenta",-0.285423792414219
"5389",225,"Eggerthella.sp..MP163B1",-0.285423792414219
"5390",225,"Lactobacillus.animalis",-0.285423792414219
"5391",225,"Megasphaera.sp..MP182G6",-0.285423792414219
"5392",225,"Paenibacillus.macerans",-0.285423792414219
"5393",225,"Romboutsia.sp..MP35A8",-0.285423792414219
"5394",225,"Sellimonas.intestinalis",-0.285423792414219
"5395",225,"Turicibacter.sp..MP236E3",-0.285423792414219
"5396",225,"Veillonella.atypica",-0.285423792414219
"5397",225,"Veillonella.dispar",-0.285423792414219
"5398",225,"X.Clostridium..citroniae",-0.285423792414219
"5399",225,"X.Clostridium..cocleatum",-0.285423792414219
"5400",225,"X.Clostridium..sp..MP626E2_ig1",-0.285423792414219
"5401",226,"Anaerotruncus.colihominis",-0.408766917388428
"5402",226,"Bacteroides.sp..MP64F12",-0.408766917388428
"5403",226,"Blautia.coccoides",8.64524163874104
"5404",226,"Burkholderiales.bacterium",-0.408766917388428
"5405",226,"Citrobacter.werkmanii",-0.408766917388428
"5406",226,"Clostridium.clostridioforme.CAG.511",-0.408766917388428
"5407",226,"Clostridium.nexile.CAG.348",-0.408766917388428
"5408",226,"Clostridium.paraputrificum",-0.408766917388428
"5409",226,"Clostridium.sp..MP113D9",-0.408766917388428
"5410",226,"Clostridium.sp..MP49A11",-0.408766917388428
"5411",226,"Clostridium.sp..MP551E06",-0.408766917388428
"5412",226,"Eggerthella.lenta",-0.408766917388428
"5413",226,"Eggerthella.sp..MP163B1",-0.408766917388428
"5414",226,"Lactobacillus.animalis",-0.408766917388428
"5415",226,"Megasphaera.sp..MP182G6",-0.408766917388428
"5416",226,"Paenibacillus.macerans",-0.408766917388428
"5417",226,"Romboutsia.sp..MP35A8",-0.408766917388428
"5418",226,"Sellimonas.intestinalis",-0.408766917388428
"5419",226,"Turicibacter.sp..MP236E3",-0.408766917388428
"5420",226,"Veillonella.atypica",-0.408766917388428
"5421",226,"Veillonella.dispar",-0.408766917388428
"5422",226,"X.Clostridium..citroniae",-0.408766917388428
"5423",226,"X.Clostridium..cocleatum",-0.408766917388428
"5424",226,"X.Clostridium..sp..MP626E2_ig1",-0.408766917388428
"5425",227,"Anaerotruncus.colihominis",-0.335135585559073
"5426",227,"Bacteroides.sp..MP64F12",-0.335135585559073
"5427",227,"Blautia.coccoides",-0.335135585559073
"5428",227,"Burkholderiales.bacterium",5.82011793639144
"5429",227,"Citrobacter.werkmanii",-0.335135585559073
"5430",227,"Clostridium.clostridioforme.CAG.511",-0.335135585559073
"5431",227,"Clostridium.nexile.CAG.348",-0.335135585559073
"5432",227,"Clostridium.paraputrificum",-0.335135585559073
"5433",227,"Clostridium.sp..MP113D9",-0.335135585559073
"5434",227,"Clostridium.sp..MP49A11",-0.335135585559073
"5435",227,"Clostridium.sp..MP551E06",-0.335135585559073
"5436",227,"Eggerthella.lenta",-0.335135585559073
"5437",227,"Eggerthella.sp..MP163B1",-0.335135585559073
"5438",227,"Lactobacillus.animalis",-0.335135585559073
"5439",227,"Megasphaera.sp..MP182G6",-0.335135585559073
"5440",227,"Paenibacillus.macerans",-0.335135585559073
"5441",227,"Romboutsia.sp..MP35A8",-0.335135585559073
"5442",227,"Sellimonas.intestinalis",-0.335135585559073
"5443",227,"Turicibacter.sp..MP236E3",-0.335135585559073
"5444",227,"Veillonella.atypica",-0.335135585559073
"5445",227,"Veillonella.dispar",-0.335135585559073
"5446",227,"X.Clostridium..citroniae",9.12260071697882
"5447",227,"X.Clostridium..cocleatum",-0.335135585559073
"5448",227,"X.Clostridium..sp..MP626E2_ig1",-0.335135585559073
"5449",228,"Anaerotruncus.colihominis",5.88664676749394
"5450",228,"Bacteroides.sp..MP64F12",-0.772205780661331
"5451",228,"Blautia.coccoides",6.23875653786343
"5452",228,"Burkholderiales.bacterium",3.2147545121215
"5453",228,"Citrobacter.werkmanii",-0.772205780661331
"5454",228,"Clostridium.clostridioforme.CAG.511",5.74065232039973
"5455",228,"Clostridium.nexile.CAG.348",-0.772205780661331
"5456",228,"Clostridium.paraputrificum",-0.772205780661331
"5457",228,"Clostridium.sp..MP113D9",-0.772205780661331
"5458",228,"Clostridium.sp..MP49A11",-0.772205780661331
"5459",228,"Clostridium.sp..MP551E06",-0.772205780661331
"5460",228,"Eggerthella.lenta",8.07155945694939
"5461",228,"Eggerthella.sp..MP163B1",5.45153369313937
"5462",228,"Lactobacillus.animalis",-0.772205780661331
"5463",228,"Megasphaera.sp..MP182G6",-0.772205780661331
"5464",228,"Paenibacillus.macerans",-0.772205780661331
"5465",228,"Romboutsia.sp..MP35A8",-0.772205780661331
"5466",228,"Sellimonas.intestinalis",-0.772205780661331
"5467",228,"Turicibacter.sp..MP236E3",-0.772205780661331
"5468",228,"Veillonella.atypica",-0.772205780661331
"5469",228,"Veillonella.dispar",-0.772205780661331
"5470",228,"X.Clostridium..citroniae",-0.772205780661331
"5471",228,"X.Clostridium..cocleatum",-0.772205780661331
"5472",228,"X.Clostridium..sp..MP626E2_ig1",-0.772205780661331
"5473",229,"Anaerotruncus.colihominis",-0.220338150896138
"5474",229,"Bacteroides.sp..MP64F12",-0.220338150896138
"5475",229,"Blautia.coccoides",-0.220338150896138
"5476",229,"Burkholderiales.bacterium",-0.220338150896138
"5477",229,"Citrobacter.werkmanii",-0.220338150896138
"5478",229,"Clostridium.clostridioforme.CAG.511",-0.220338150896138
"5479",229,"Clostridium.nexile.CAG.348",-0.220338150896138
"5480",229,"Clostridium.paraputrificum",-0.220338150896138
"5481",229,"Clostridium.sp..MP113D9",-0.220338150896138
"5482",229,"Clostridium.sp..MP49A11",-0.220338150896138
"5483",229,"Clostridium.sp..MP551E06",-0.220338150896138
"5484",229,"Eggerthella.lenta",-0.220338150896138
"5485",229,"Eggerthella.sp..MP163B1",-0.220338150896138
"5486",229,"Lactobacillus.animalis",-0.220338150896138
"5487",229,"Megasphaera.sp..MP182G6",-0.220338150896138
"5488",229,"Paenibacillus.macerans",-0.220338150896138
"5489",229,"Romboutsia.sp..MP35A8",-0.220338150896138
"5490",229,"Sellimonas.intestinalis",-0.220338150896138
"5491",229,"Turicibacter.sp..MP236E3",-0.220338150896138
"5492",229,"Veillonella.atypica",8.10713451104512
"5493",229,"Veillonella.dispar",-0.220338150896138
"5494",229,"X.Clostridium..citroniae",-0.220338150896138
"5495",229,"X.Clostridium..cocleatum",-0.220338150896138
"5496",229,"X.Clostridium..sp..MP626E2_ig1",-0.220338150896138
"5497",230,"Anaerotruncus.colihominis",2.67212688820058
"5498",230,"Bacteroides.sp..MP64F12",-0.973050944394599
"5499",230,"Blautia.coccoides",5.01400182853169
"5500",230,"Burkholderiales.bacterium",-0.973050944394599
"5501",230,"Citrobacter.werkmanii",-0.973050944394599
"5502",230,"Clostridium.clostridioforme.CAG.511",-0.973050944394599
"5503",230,"Clostridium.nexile.CAG.348",-0.973050944394599
"5504",230,"Clostridium.paraputrificum",-0.973050944394599
"5505",230,"Clostridium.sp..MP113D9",-0.973050944394599
"5506",230,"Clostridium.sp..MP49A11",-0.973050944394599
"5507",230,"Clostridium.sp..MP551E06",-0.973050944394599
"5508",230,"Eggerthella.lenta",-0.973050944394599
"5509",230,"Eggerthella.sp..MP163B1",-0.973050944394599
"5510",230,"Lactobacillus.animalis",-0.973050944394599
"5511",230,"Megasphaera.sp..MP182G6",-0.973050944394599
"5512",230,"Paenibacillus.macerans",-0.973050944394599
"5513",230,"Romboutsia.sp..MP35A8",-0.973050944394599
"5514",230,"Sellimonas.intestinalis",-0.973050944394599
"5515",230,"Turicibacter.sp..MP236E3",-0.973050944394599
"5516",230,"Veillonella.atypica",-0.973050944394599
"5517",230,"Veillonella.dispar",-0.973050944394599
"5518",230,"X.Clostridium..citroniae",-0.973050944394599
"5519",230,"X.Clostridium..cocleatum",-0.973050944394599
"5520",230,"X.Clostridium..sp..MP626E2_ig1",-0.973050944394599
"5521",231,"Anaerotruncus.colihominis",-0.722291415402074
"5522",231,"Bacteroides.sp..MP64F12",-0.722291415402074
"5523",231,"Blautia.coccoides",7.65153206036794
"5524",231,"Burkholderiales.bacterium",-0.722291415402074
"5525",231,"Citrobacter.werkmanii",-0.722291415402074
"5526",231,"Clostridium.clostridioforme.CAG.511",-0.722291415402074
"5527",231,"Clostridium.nexile.CAG.348",-0.722291415402074
"5528",231,"Clostridium.paraputrificum",-0.722291415402074
"5529",231,"Clostridium.sp..MP113D9",-0.722291415402074
"5530",231,"Clostridium.sp..MP49A11",-0.722291415402074
"5531",231,"Clostridium.sp..MP551E06",-0.722291415402074
"5532",231,"Eggerthella.lenta",-0.722291415402074
"5533",231,"Eggerthella.sp..MP163B1",-0.722291415402074
"5534",231,"Lactobacillus.animalis",-0.722291415402074
"5535",231,"Megasphaera.sp..MP182G6",-0.722291415402074
"5536",231,"Paenibacillus.macerans",-0.722291415402074
"5537",231,"Romboutsia.sp..MP35A8",-0.722291415402074
"5538",231,"Sellimonas.intestinalis",-0.722291415402074
"5539",231,"Turicibacter.sp..MP236E3",4.17017778247317
"5540",231,"Veillonella.atypica",-0.722291415402074
"5541",231,"Veillonella.dispar",-0.722291415402074
"5542",231,"X.Clostridium..citroniae",-0.722291415402074
"5543",231,"X.Clostridium..cocleatum",-0.722291415402074
"5544",231,"X.Clostridium..sp..MP626E2_ig1",-0.722291415402074
"5545",232,"Anaerotruncus.colihominis",-0.656110793664286
"5546",232,"Bacteroides.sp..MP64F12",-0.656110793664286
"5547",232,"Blautia.coccoides",-0.656110793664286
"5548",232,"Burkholderiales.bacterium",5.07667038406108
"5549",232,"Citrobacter.werkmanii",-0.656110793664286
"5550",232,"Clostridium.clostridioforme.CAG.511",-0.656110793664286
"5551",232,"Clostridium.nexile.CAG.348",-0.656110793664286
"5552",232,"Clostridium.paraputrificum",2.82361334160448
"5553",232,"Clostridium.sp..MP113D9",-0.656110793664286
"5554",232,"Clostridium.sp..MP49A11",-0.656110793664286
"5555",232,"Clostridium.sp..MP551E06",-0.656110793664286
"5556",232,"Eggerthella.lenta",-0.656110793664286
"5557",232,"Eggerthella.sp..MP163B1",7.5721958026305
"5558",232,"Lactobacillus.animalis",-0.656110793664286
"5559",232,"Megasphaera.sp..MP182G6",5.41685075812578
"5560",232,"Paenibacillus.macerans",-0.656110793664286
"5561",232,"Romboutsia.sp..MP35A8",-0.656110793664286
"5562",232,"Sellimonas.intestinalis",-0.656110793664286
"5563",232,"Turicibacter.sp..MP236E3",-0.656110793664286
"5564",232,"Veillonella.atypica",-0.656110793664286
"5565",232,"Veillonella.dispar",-0.656110793664286
"5566",232,"X.Clostridium..citroniae",-0.656110793664286
"5567",232,"X.Clostridium..cocleatum",-0.656110793664286
"5568",232,"X.Clostridium..sp..MP626E2_ig1",-0.656110793664286
"5569",233,"Anaerotruncus.colihominis",-0.398050190475331
"5570",233,"Bacteroides.sp..MP64F12",-0.398050190475331
"5571",233,"Blautia.coccoides",-0.398050190475331
"5572",233,"Burkholderiales.bacterium",-0.398050190475331
"5573",233,"Citrobacter.werkmanii",-0.398050190475331
"5574",233,"Clostridium.clostridioforme.CAG.511",-0.398050190475331
"5575",233,"Clostridium.nexile.CAG.348",-0.398050190475331
"5576",233,"Clostridium.paraputrificum",4.19414248572731
"5577",233,"Clostridium.sp..MP113D9",-0.398050190475331
"5578",233,"Clostridium.sp..MP49A11",-0.398050190475331
"5579",233,"Clostridium.sp..MP551E06",-0.398050190475331
"5580",233,"Eggerthella.lenta",-0.398050190475331
"5581",233,"Eggerthella.sp..MP163B1",-0.398050190475331
"5582",233,"Lactobacillus.animalis",-0.398050190475331
"5583",233,"Megasphaera.sp..MP182G6",-0.398050190475331
"5584",233,"Paenibacillus.macerans",-0.398050190475331
"5585",233,"Romboutsia.sp..MP35A8",6.54622702698865
"5586",233,"Sellimonas.intestinalis",-0.398050190475331
"5587",233,"Turicibacter.sp..MP236E3",-0.398050190475331
"5588",233,"Veillonella.atypica",4.41571401978335
"5589",233,"Veillonella.dispar",-0.398050190475331
"5590",233,"X.Clostridium..citroniae",-0.398050190475331
"5591",233,"X.Clostridium..cocleatum",-0.398050190475331
"5592",233,"X.Clostridium..sp..MP626E2_ig1",-0.398050190475331
"5593",234,"Anaerotruncus.colihominis",-0.473011728829039
"5594",234,"Bacteroides.sp..MP64F12",-0.473011728829039
"5595",234,"Blautia.coccoides",5.64474802731757
"5596",234,"Burkholderiales.bacterium",-0.473011728829039
"5597",234,"Citrobacter.werkmanii",-0.473011728829039
"5598",234,"Clostridium.clostridioforme.CAG.511",-0.473011728829039
"5599",234,"Clostridium.nexile.CAG.348",-0.473011728829039
"5600",234,"Clostridium.paraputrificum",-0.473011728829039
"5601",234,"Clostridium.sp..MP113D9",-0.473011728829039
"5602",234,"Clostridium.sp..MP49A11",-0.473011728829039
"5603",234,"Clostridium.sp..MP551E06",-0.473011728829039
"5604",234,"Eggerthella.lenta",-0.473011728829039
"5605",234,"Eggerthella.sp..MP163B1",-0.473011728829039
"5606",234,"Lactobacillus.animalis",-0.473011728829039
"5607",234,"Megasphaera.sp..MP182G6",-0.473011728829039
"5608",234,"Paenibacillus.macerans",-0.473011728829039
"5609",234,"Romboutsia.sp..MP35A8",-0.473011728829039
"5610",234,"Sellimonas.intestinalis",-0.473011728829039
"5611",234,"Turicibacter.sp..MP236E3",-0.473011728829039
"5612",234,"Veillonella.atypica",-0.473011728829039
"5613",234,"Veillonella.dispar",-0.473011728829039
"5614",234,"X.Clostridium..citroniae",-0.473011728829039
"5615",234,"X.Clostridium..cocleatum",-0.473011728829039
"5616",234,"X.Clostridium..sp..MP626E2_ig1",-0.473011728829039
"5617",235,"Anaerotruncus.colihominis",4.10661624157133
"5618",235,"Bacteroides.sp..MP64F12",-0.743542850189126
"5619",235,"Blautia.coccoides",3.2740280425287
"5620",235,"Burkholderiales.bacterium",-0.743542850189126
"5621",235,"Citrobacter.werkmanii",-0.743542850189126
"5622",235,"Clostridium.clostridioforme.CAG.511",-0.743542850189126
"5623",235,"Clostridium.nexile.CAG.348",-0.743542850189126
"5624",235,"Clostridium.paraputrificum",-0.743542850189126
"5625",235,"Clostridium.sp..MP113D9",-0.743542850189126
"5626",235,"Clostridium.sp..MP49A11",-0.743542850189126
"5627",235,"Clostridium.sp..MP551E06",-0.743542850189126
"5628",235,"Eggerthella.lenta",-0.743542850189126
"5629",235,"Eggerthella.sp..MP163B1",4.14101820648777
"5630",235,"Lactobacillus.animalis",-0.743542850189126
"5631",235,"Megasphaera.sp..MP182G6",-0.743542850189126
"5632",235,"Paenibacillus.macerans",-0.743542850189126
"5633",235,"Romboutsia.sp..MP35A8",-0.743542850189126
"5634",235,"Sellimonas.intestinalis",7.62031191990624
"5635",235,"Turicibacter.sp..MP236E3",-0.743542850189126
"5636",235,"Veillonella.atypica",5.90319453167341
"5637",235,"Veillonella.dispar",-0.743542850189126
"5638",235,"X.Clostridium..citroniae",5.36099287450692
"5639",235,"X.Clostridium..cocleatum",-0.743542850189126
"5640",235,"X.Clostridium..sp..MP626E2_ig1",-0.743542850189126
"5641",236,"Anaerotruncus.colihominis",-0.246698345426575
"5642",236,"Bacteroides.sp..MP64F12",-0.246698345426575
"5643",236,"Blautia.coccoides",-0.246698345426575
"5644",236,"Burkholderiales.bacterium",-0.246698345426575
"5645",236,"Citrobacter.werkmanii",-0.246698345426575
"5646",236,"Clostridium.clostridioforme.CAG.511",-0.246698345426575
"5647",236,"Clostridium.nexile.CAG.348",-0.246698345426575
"5648",236,"Clostridium.paraputrificum",-0.246698345426575
"5649",236,"Clostridium.sp..MP113D9",-0.246698345426575
"5650",236,"Clostridium.sp..MP49A11",-0.246698345426575
"5651",236,"Clostridium.sp..MP551E06",-0.246698345426575
"5652",236,"Eggerthella.lenta",7.22061418064976
"5653",236,"Eggerthella.sp..MP163B1",5.56572044324813
"5654",236,"Lactobacillus.animalis",-0.246698345426575
"5655",236,"Megasphaera.sp..MP182G6",-0.246698345426575
"5656",236,"Paenibacillus.macerans",-0.246698345426575
"5657",236,"Romboutsia.sp..MP35A8",-0.246698345426575
"5658",236,"Sellimonas.intestinalis",-0.246698345426575
"5659",236,"Turicibacter.sp..MP236E3",-0.246698345426575
"5660",236,"Veillonella.atypica",10.2930020855772
"5661",236,"Veillonella.dispar",-0.246698345426575
"5662",236,"X.Clostridium..citroniae",-0.246698345426575
"5663",236,"X.Clostridium..cocleatum",-0.246698345426575
"5664",236,"X.Clostridium..sp..MP626E2_ig1",-0.246698345426575
"5665",237,"Anaerotruncus.colihominis",-0.270931268653182
"5666",237,"Bacteroides.sp..MP64F12",-0.270931268653182
"5667",237,"Blautia.coccoides",-0.270931268653182
"5668",237,"Burkholderiales.bacterium",-0.270931268653182
"5669",237,"Citrobacter.werkmanii",-0.270931268653182
"5670",237,"Clostridium.clostridioforme.CAG.511",-0.270931268653182
"5671",237,"Clostridium.nexile.CAG.348",-0.270931268653182
"5672",237,"Clostridium.paraputrificum",-0.270931268653182
"5673",237,"Clostridium.sp..MP113D9",-0.270931268653182
"5674",237,"Clostridium.sp..MP49A11",-0.270931268653182
"5675",237,"Clostridium.sp..MP551E06",-0.270931268653182
"5676",237,"Eggerthella.lenta",-0.270931268653182
"5677",237,"Eggerthella.sp..MP163B1",-0.270931268653182
"5678",237,"Lactobacillus.animalis",-0.270931268653182
"5679",237,"Megasphaera.sp..MP182G6",-0.270931268653182
"5680",237,"Paenibacillus.macerans",-0.270931268653182
"5681",237,"Romboutsia.sp..MP35A8",-0.270931268653182
"5682",237,"Sellimonas.intestinalis",-0.270931268653182
"5683",237,"Turicibacter.sp..MP236E3",-0.270931268653182
"5684",237,"Veillonella.atypica",-0.270931268653182
"5685",237,"Veillonella.dispar",-0.270931268653182
"5686",237,"X.Clostridium..citroniae",-0.270931268653182
"5687",237,"X.Clostridium..cocleatum",-0.270931268653182
"5688",237,"X.Clostridium..sp..MP626E2_ig1",-0.270931268653182
"5689",238,"Anaerotruncus.colihominis",-0.371527906416578
"5690",238,"Bacteroides.sp..MP64F12",-0.371527906416578
"5691",238,"Blautia.coccoides",10.9469631530043
"5692",238,"Burkholderiales.bacterium",-0.371527906416578
"5693",238,"Citrobacter.werkmanii",-0.371527906416578
"5694",238,"Clostridium.clostridioforme.CAG.511",-0.371527906416578
"5695",238,"Clostridium.nexile.CAG.348",-0.371527906416578
"5696",238,"Clostridium.paraputrificum",-0.371527906416578
"5697",238,"Clostridium.sp..MP113D9",-0.371527906416578
"5698",238,"Clostridium.sp..MP49A11",-0.371527906416578
"5699",238,"Clostridium.sp..MP551E06",-0.371527906416578
"5700",238,"Eggerthella.lenta",-0.371527906416578
"5701",238,"Eggerthella.sp..MP163B1",-0.371527906416578
"5702",238,"Lactobacillus.animalis",-0.371527906416578
"5703",238,"Megasphaera.sp..MP182G6",-0.371527906416578
"5704",238,"Paenibacillus.macerans",-0.371527906416578
"5705",238,"Romboutsia.sp..MP35A8",-0.371527906416578
"5706",238,"Sellimonas.intestinalis",-0.371527906416578
"5707",238,"Turicibacter.sp..MP236E3",-0.371527906416578
"5708",238,"Veillonella.atypica",-0.371527906416578
"5709",238,"Veillonella.dispar",-0.371527906416578
"5710",238,"X.Clostridium..citroniae",-0.371527906416578
"5711",238,"X.Clostridium..cocleatum",3.92324517210136
"5712",238,"X.Clostridium..sp..MP626E2_ig1",-0.371527906416578
"5713",239,"Anaerotruncus.colihominis",-0.663573555527861
"5714",239,"Bacteroides.sp..MP64F12",-1.01403163746798
"5715",239,"Blautia.coccoides",7.19792976819115
"5716",239,"Burkholderiales.bacterium",-1.01403163746798
"5717",239,"Citrobacter.werkmanii",-1.01403163746798
"5718",239,"Clostridium.clostridioforme.CAG.511",-1.01403163746798
"5719",239,"Clostridium.nexile.CAG.348",0.370160728294678
"5720",239,"Clostridium.paraputrificum",-1.01403163746798
"5721",239,"Clostridium.sp..MP113D9",-1.01403163746798
"5722",239,"Clostridium.sp..MP49A11",-1.01403163746798
"5723",239,"Clostridium.sp..MP551E06",-1.01403163746798
"5724",239,"Eggerthella.lenta",-1.01403163746798
"5725",239,"Eggerthella.sp..MP163B1",-1.01403163746798
"5726",239,"Lactobacillus.animalis",-1.01403163746798
"5727",239,"Megasphaera.sp..MP182G6",-1.01403163746798
"5728",239,"Paenibacillus.macerans",-1.01403163746798
"5729",239,"Romboutsia.sp..MP35A8",-1.01403163746798
"5730",239,"Sellimonas.intestinalis",1.73956025029627
"5731",239,"Turicibacter.sp..MP236E3",4.19984560319221
"5732",239,"Veillonella.atypica",-1.01403163746798
"5733",239,"Veillonella.dispar",-1.01403163746798
"5734",239,"X.Clostridium..citroniae",-1.01403163746798
"5735",239,"X.Clostridium..cocleatum",-1.01403163746798
"5736",239,"X.Clostridium..sp..MP626E2_ig1",-1.01403163746798
"5737",240,"Anaerotruncus.colihominis",-0.44942104326886
"5738",240,"Bacteroides.sp..MP64F12",-0.44942104326886
"5739",240,"Blautia.coccoides",-0.44942104326886
"5740",240,"Burkholderiales.bacterium",7.05238004496572
"5741",240,"Citrobacter.werkmanii",-0.44942104326886
"5742",240,"Clostridium.clostridioforme.CAG.511",-0.44942104326886
"5743",240,"Clostridium.nexile.CAG.348",-0.44942104326886
"5744",240,"Clostridium.paraputrificum",-0.44942104326886
"5745",240,"Clostridium.sp..MP113D9",-0.44942104326886
"5746",240,"Clostridium.sp..MP49A11",-0.44942104326886
"5747",240,"Clostridium.sp..MP551E06",-0.44942104326886
"5748",240,"Eggerthella.lenta",-0.44942104326886
"5749",240,"Eggerthella.sp..MP163B1",-0.44942104326886
"5750",240,"Lactobacillus.animalis",-0.44942104326886
"5751",240,"Megasphaera.sp..MP182G6",-0.44942104326886
"5752",240,"Paenibacillus.macerans",-0.44942104326886
"5753",240,"Romboutsia.sp..MP35A8",-0.44942104326886
"5754",240,"Sellimonas.intestinalis",-0.44942104326886
"5755",240,"Turicibacter.sp..MP236E3",-0.44942104326886
"5756",240,"Veillonella.atypica",7.4710569206125
"5757",240,"Veillonella.dispar",6.27704529098876
"5758",240,"X.Clostridium..citroniae",-0.44942104326886
"5759",240,"X.Clostridium..cocleatum",-0.44942104326886
"5760",240,"X.Clostridium..sp..MP626E2_ig1",-0.44942104326886
"5761",241,"Anaerotruncus.colihominis",9.07561108649988
"5762",241,"Bacteroides.sp..MP64F12",-0.296896298154367
"5763",241,"Blautia.coccoides",-0.296896298154367
"5764",241,"Burkholderiales.bacterium",-0.296896298154367
"5765",241,"Citrobacter.werkmanii",-0.296896298154367
"5766",241,"Clostridium.clostridioforme.CAG.511",-0.296896298154367
"5767",241,"Clostridium.nexile.CAG.348",-0.296896298154367
"5768",241,"Clostridium.paraputrificum",5.28637356877172
"5769",241,"Clostridium.sp..MP113D9",-0.296896298154367
"5770",241,"Clostridium.sp..MP49A11",-0.296896298154367
"5771",241,"Clostridium.sp..MP551E06",-0.296896298154367
"5772",241,"Eggerthella.lenta",-0.296896298154367
"5773",241,"Eggerthella.sp..MP163B1",-0.296896298154367
"5774",241,"Lactobacillus.animalis",-0.296896298154367
"5775",241,"Megasphaera.sp..MP182G6",-0.296896298154367
"5776",241,"Paenibacillus.macerans",-0.296896298154367
"5777",241,"Romboutsia.sp..MP35A8",-0.296896298154367
"5778",241,"Sellimonas.intestinalis",-0.296896298154367
"5779",241,"Turicibacter.sp..MP236E3",-0.296896298154367
"5780",241,"Veillonella.atypica",-0.296896298154367
"5781",241,"Veillonella.dispar",-0.296896298154367
"5782",241,"X.Clostridium..citroniae",-0.296896298154367
"5783",241,"X.Clostridium..cocleatum",-0.296896298154367
"5784",241,"X.Clostridium..sp..MP626E2_ig1",8.89129479070759
"5785",242,"Anaerotruncus.colihominis",-0.280512099406113
"5786",242,"Bacteroides.sp..MP64F12",-0.280512099406113
"5787",242,"Blautia.coccoides",-0.280512099406113
"5788",242,"Burkholderiales.bacterium",7.75739358715934
"5789",242,"Citrobacter.werkmanii",-0.280512099406113
"5790",242,"Clostridium.clostridioforme.CAG.511",-0.280512099406113
"5791",242,"Clostridium.nexile.CAG.348",-0.280512099406113
"5792",242,"Clostridium.paraputrificum",-0.280512099406113
"5793",242,"Clostridium.sp..MP113D9",-0.280512099406113
"5794",242,"Clostridium.sp..MP49A11",-0.280512099406113
"5795",242,"Clostridium.sp..MP551E06",-0.280512099406113
"5796",242,"Eggerthella.lenta",-0.280512099406113
"5797",242,"Eggerthella.sp..MP163B1",-0.280512099406113
"5798",242,"Lactobacillus.animalis",-0.280512099406113
"5799",242,"Megasphaera.sp..MP182G6",-0.280512099406113
"5800",242,"Paenibacillus.macerans",-0.280512099406113
"5801",242,"Romboutsia.sp..MP35A8",-0.280512099406113
"5802",242,"Sellimonas.intestinalis",-0.280512099406113
"5803",242,"Turicibacter.sp..MP236E3",-0.280512099406113
"5804",242,"Veillonella.atypica",-0.280512099406113
"5805",242,"Veillonella.dispar",-0.280512099406113
"5806",242,"X.Clostridium..citroniae",-0.280512099406113
"5807",242,"X.Clostridium..cocleatum",-0.280512099406113
"5808",242,"X.Clostridium..sp..MP626E2_ig1",-0.280512099406113
"5809",243,"Anaerotruncus.colihominis",5.97803935116948
"5810",243,"Bacteroides.sp..MP64F12",-0.800813575032132
"5811",243,"Blautia.coccoides",4.835451985602
"5812",243,"Burkholderiales.bacterium",-0.800813575032132
"5813",243,"Citrobacter.werkmanii",-0.800813575032132
"5814",243,"Clostridium.clostridioforme.CAG.511",6.83476239959182
"5815",243,"Clostridium.nexile.CAG.348",-0.800813575032132
"5816",243,"Clostridium.paraputrificum",-0.800813575032132
"5817",243,"Clostridium.sp..MP113D9",-0.800813575032132
"5818",243,"Clostridium.sp..MP49A11",-0.800813575032132
"5819",243,"Clostridium.sp..MP551E06",-0.800813575032132
"5820",243,"Eggerthella.lenta",3.89105408743159
"5821",243,"Eggerthella.sp..MP163B1",-0.800813575032132
"5822",243,"Lactobacillus.animalis",-0.800813575032132
"5823",243,"Megasphaera.sp..MP182G6",-0.800813575032132
"5824",243,"Paenibacillus.macerans",-0.800813575032132
"5825",243,"Romboutsia.sp..MP35A8",-0.800813575032132
"5826",243,"Sellimonas.intestinalis",6.19446979641465
"5827",243,"Turicibacter.sp..MP236E3",-0.800813575032132
"5828",243,"Veillonella.atypica",-0.800813575032132
"5829",243,"Veillonella.dispar",-0.800813575032132
"5830",243,"X.Clostridium..citroniae",-0.800813575032132
"5831",243,"X.Clostridium..cocleatum",-0.800813575032132
"5832",243,"X.Clostridium..sp..MP626E2_ig1",-0.800813575032132
"5833",244,"Anaerotruncus.colihominis",6.19247163536831
"5834",244,"Bacteroides.sp..MP64F12",-0.779202939330306
"5835",244,"Blautia.coccoides",4.83934802023195
"5836",244,"Burkholderiales.bacterium",4.41089544297653
"5837",244,"Citrobacter.werkmanii",-0.779202939330306
"5838",244,"Clostridium.clostridioforme.CAG.511",5.97117472256012
"5839",244,"Clostridium.nexile.CAG.348",5.98164295638896
"5840",244,"Clostridium.paraputrificum",-0.779202939330306
"5841",244,"Clostridium.sp..MP113D9",-0.779202939330306
"5842",244,"Clostridium.sp..MP49A11",-0.779202939330306
"5843",244,"Clostridium.sp..MP551E06",-0.779202939330306
"5844",244,"Eggerthella.lenta",7.13866571801202
"5845",244,"Eggerthella.sp..MP163B1",-0.779202939330306
"5846",244,"Lactobacillus.animalis",-0.779202939330306
"5847",244,"Megasphaera.sp..MP182G6",-0.779202939330306
"5848",244,"Paenibacillus.macerans",-0.779202939330306
"5849",244,"Romboutsia.sp..MP35A8",-0.779202939330306
"5850",244,"Sellimonas.intestinalis",-0.779202939330306
"5851",244,"Turicibacter.sp..MP236E3",-0.779202939330306
"5852",244,"Veillonella.atypica",5.56719293092081
"5853",244,"Veillonella.dispar",-0.779202939330306
"5854",244,"X.Clostridium..citroniae",-0.779202939330306
"5855",244,"X.Clostridium..cocleatum",-0.779202939330306
"5856",244,"X.Clostridium..sp..MP626E2_ig1",-0.779202939330306
"5857",245,"Anaerotruncus.colihominis",-0.259148465266566
"5858",245,"Bacteroides.sp..MP64F12",-0.259148465266566
"5859",245,"Blautia.coccoides",8.01179327029744
"5860",245,"Burkholderiales.bacterium",-0.259148465266566
"5861",245,"Citrobacter.werkmanii",-0.259148465266566
"5862",245,"Clostridium.clostridioforme.CAG.511",-0.259148465266566
"5863",245,"Clostridium.nexile.CAG.348",-0.259148465266566
"5864",245,"Clostridium.paraputrificum",-0.259148465266566
"5865",245,"Clostridium.sp..MP113D9",-0.259148465266566
"5866",245,"Clostridium.sp..MP49A11",-0.259148465266566
"5867",245,"Clostridium.sp..MP551E06",-0.259148465266566
"5868",245,"Eggerthella.lenta",-0.259148465266566
"5869",245,"Eggerthella.sp..MP163B1",-0.259148465266566
"5870",245,"Lactobacillus.animalis",-0.259148465266566
"5871",245,"Megasphaera.sp..MP182G6",-0.259148465266566
"5872",245,"Paenibacillus.macerans",-0.259148465266566
"5873",245,"Romboutsia.sp..MP35A8",-0.259148465266566
"5874",245,"Sellimonas.intestinalis",-0.259148465266566
"5875",245,"Turicibacter.sp..MP236E3",-0.259148465266566
"5876",245,"Veillonella.atypica",-0.259148465266566
"5877",245,"Veillonella.dispar",-0.259148465266566
"5878",245,"X.Clostridium..citroniae",8.68214477629324
"5879",245,"X.Clostridium..cocleatum",-0.259148465266566
"5880",245,"X.Clostridium..sp..MP626E2_ig1",-0.259148465266566
"5881",246,"Anaerotruncus.colihominis",-0.148633468767519
"5882",246,"Bacteroides.sp..MP64F12",-0.148633468767519
"5883",246,"Blautia.coccoides",-0.148633468767519
"5884",246,"Burkholderiales.bacterium",-0.148633468767519
"5885",246,"Citrobacter.werkmanii",-0.148633468767519
"5886",246,"Clostridium.clostridioforme.CAG.511",-0.148633468767519
"5887",246,"Clostridium.nexile.CAG.348",-0.148633468767519
"5888",246,"Clostridium.paraputrificum",-0.148633468767519
"5889",246,"Clostridium.sp..MP113D9",-0.148633468767519
"5890",246,"Clostridium.sp..MP49A11",-0.148633468767519
"5891",246,"Clostridium.sp..MP551E06",-0.148633468767519
"5892",246,"Eggerthella.lenta",-0.148633468767519
"5893",246,"Eggerthella.sp..MP163B1",-0.148633468767519
"5894",246,"Lactobacillus.animalis",-0.148633468767519
"5895",246,"Megasphaera.sp..MP182G6",-0.148633468767519
"5896",246,"Paenibacillus.macerans",-0.148633468767519
"5897",246,"Romboutsia.sp..MP35A8",-0.148633468767519
"5898",246,"Sellimonas.intestinalis",-0.148633468767519
"5899",246,"Turicibacter.sp..MP236E3",-0.148633468767519
"5900",246,"Veillonella.atypica",11.0819001391148
"5901",246,"Veillonella.dispar",-0.148633468767519
"5902",246,"X.Clostridium..citroniae",-0.148633468767519
"5903",246,"X.Clostridium..cocleatum",-0.148633468767519
"5904",246,"X.Clostridium..sp..MP626E2_ig1",-0.148633468767519
"5905",247,"Anaerotruncus.colihominis",-0.241860441338815
"5906",247,"Bacteroides.sp..MP64F12",-0.241860441338815
"5907",247,"Blautia.coccoides",-0.241860441338815
"5908",247,"Burkholderiales.bacterium",6.32792858784485
"5909",247,"Citrobacter.werkmanii",-0.241860441338815
"5910",247,"Clostridium.clostridioforme.CAG.511",-0.241860441338815
"5911",247,"Clostridium.nexile.CAG.348",-0.241860441338815
"5912",247,"Clostridium.paraputrificum",-0.241860441338815
"5913",247,"Clostridium.sp..MP113D9",-0.241860441338815
"5914",247,"Clostridium.sp..MP49A11",-0.241860441338815
"5915",247,"Clostridium.sp..MP551E06",-0.241860441338815
"5916",247,"Eggerthella.lenta",-0.241860441338815
"5917",247,"Eggerthella.sp..MP163B1",-0.241860441338815
"5918",247,"Lactobacillus.animalis",-0.241860441338815
"5919",247,"Megasphaera.sp..MP182G6",-0.241860441338815
"5920",247,"Paenibacillus.macerans",-0.241860441338815
"5921",247,"Romboutsia.sp..MP35A8",-0.241860441338815
"5922",247,"Sellimonas.intestinalis",-0.241860441338815
"5923",247,"Turicibacter.sp..MP236E3",-0.241860441338815
"5924",247,"Veillonella.atypica",7.47458203192609
"5925",247,"Veillonella.dispar",-0.241860441338815
"5926",247,"X.Clostridium..citroniae",4.55601166257949
"5927",247,"X.Clostridium..cocleatum",-0.241860441338815
"5928",247,"X.Clostridium..sp..MP626E2_ig1",-0.241860441338815
"5929",248,"Anaerotruncus.colihominis",9.03979256343264
"5930",248,"Bacteroides.sp..MP64F12",-0.278816250063132
"5931",248,"Blautia.coccoides",-0.278816250063132
"5932",248,"Burkholderiales.bacterium",-0.278816250063132
"5933",248,"Citrobacter.werkmanii",-0.278816250063132
"5934",248,"Clostridium.clostridioforme.CAG.511",-0.278816250063132
"5935",248,"Clostridium.nexile.CAG.348",-0.278816250063132
"5936",248,"Clostridium.paraputrificum",4.00600588851429
"5937",248,"Clostridium.sp..MP113D9",-0.278816250063132
"5938",248,"Clostridium.sp..MP49A11",8.13291742439261
"5939",248,"Clostridium.sp..MP551E06",-0.278816250063132
"5940",248,"Eggerthella.lenta",-0.278816250063132
"5941",248,"Eggerthella.sp..MP163B1",-0.278816250063132
"5942",248,"Lactobacillus.animalis",-0.278816250063132
"5943",248,"Megasphaera.sp..MP182G6",-0.278816250063132
"5944",248,"Paenibacillus.macerans",-0.278816250063132
"5945",248,"Romboutsia.sp..MP35A8",-0.278816250063132
"5946",248,"Sellimonas.intestinalis",-0.278816250063132
"5947",248,"Turicibacter.sp..MP236E3",-0.278816250063132
"5948",248,"Veillonella.atypica",-0.278816250063132
"5949",248,"Veillonella.dispar",-0.278816250063132
"5950",248,"X.Clostridium..citroniae",-0.278816250063132
"5951",248,"X.Clostridium..cocleatum",-0.278816250063132
"5952",248,"X.Clostridium..sp..MP626E2_ig1",-0.278816250063132
"5953",249,"Anaerotruncus.colihominis",-0.339269577055372
"5954",249,"Bacteroides.sp..MP64F12",-0.339269577055372
"5955",249,"Blautia.coccoides",7.05309181056759
"5956",249,"Burkholderiales.bacterium",-0.339269577055372
"5957",249,"Citrobacter.werkmanii",-0.339269577055372
"5958",249,"Clostridium.clostridioforme.CAG.511",-0.339269577055372
"5959",249,"Clostridium.nexile.CAG.348",-0.339269577055372
"5960",249,"Clostridium.paraputrificum",-0.339269577055372
"5961",249,"Clostridium.sp..MP113D9",-0.339269577055372
"5962",249,"Clostridium.sp..MP49A11",-0.339269577055372
"5963",249,"Clostridium.sp..MP551E06",-0.339269577055372
"5964",249,"Eggerthella.lenta",-0.339269577055372
"5965",249,"Eggerthella.sp..MP163B1",-0.339269577055372
"5966",249,"Lactobacillus.animalis",-0.339269577055372
"5967",249,"Megasphaera.sp..MP182G6",-0.339269577055372
"5968",249,"Paenibacillus.macerans",-0.339269577055372
"5969",249,"Romboutsia.sp..MP35A8",-0.339269577055372
"5970",249,"Sellimonas.intestinalis",-0.339269577055372
"5971",249,"Turicibacter.sp..MP236E3",-0.339269577055372
"5972",249,"Veillonella.atypica",9.20058938133636
"5973",249,"Veillonella.dispar",6.11026995709472
"5974",249,"X.Clostridium..citroniae",-0.339269577055372
"5975",249,"X.Clostridium..cocleatum",4.14729121242886
"5976",249,"X.Clostridium..sp..MP626E2_ig1",-0.339269577055372
"5977",250,"Anaerotruncus.colihominis",6.21576660279043
"5978",250,"Bacteroides.sp..MP64F12",-0.491482638661921
"5979",250,"Blautia.coccoides",8.00386918485653
"5980",250,"Burkholderiales.bacterium",-0.491482638661921
"5981",250,"Citrobacter.werkmanii",-0.491482638661921
"5982",250,"Clostridium.clostridioforme.CAG.511",-0.491482638661921
"5983",250,"Clostridium.nexile.CAG.348",-0.491482638661921
"5984",250,"Clostridium.paraputrificum",4.17916879065019
"5985",250,"Clostridium.sp..MP113D9",-0.491482638661921
"5986",250,"Clostridium.sp..MP49A11",-0.491482638661921
"5987",250,"Clostridium.sp..MP551E06",-0.491482638661921
"5988",250,"Eggerthella.lenta",-0.491482638661921
"5989",250,"Eggerthella.sp..MP163B1",-0.491482638661921
"5990",250,"Lactobacillus.animalis",-0.491482638661921
"5991",250,"Megasphaera.sp..MP182G6",-0.491482638661921
"5992",250,"Paenibacillus.macerans",-0.491482638661921
"5993",250,"Romboutsia.sp..MP35A8",-0.491482638661921
"5994",250,"Sellimonas.intestinalis",8.82726707262717
"5995",250,"Turicibacter.sp..MP236E3",-0.491482638661921
"5996",250,"Veillonella.atypica",-0.491482638661921
"5997",250,"Veillonella.dispar",-0.491482638661921
"5998",250,"X.Clostridium..citroniae",-0.491482638661921
"5999",250,"X.Clostridium..cocleatum",-0.491482638661921
"6000",250,"X.Clostridium..sp..MP626E2_ig1",4.74781273308346
"6001",251,"Anaerotruncus.colihominis",-0.433682194353242
"6002",251,"Bacteroides.sp..MP64F12",-0.433682194353242
"6003",251,"Blautia.coccoides",8.610020304655
"6004",251,"Burkholderiales.bacterium",-0.433682194353242
"6005",251,"Citrobacter.werkmanii",-0.433682194353242
"6006",251,"Clostridium.clostridioforme.CAG.511",-0.433682194353242
"6007",251,"Clostridium.nexile.CAG.348",-0.433682194353242
"6008",251,"Clostridium.paraputrificum",-0.433682194353242
"6009",251,"Clostridium.sp..MP113D9",-0.433682194353242
"6010",251,"Clostridium.sp..MP49A11",-0.433682194353242
"6011",251,"Clostridium.sp..MP551E06",-0.433682194353242
"6012",251,"Eggerthella.lenta",-0.433682194353242
"6013",251,"Eggerthella.sp..MP163B1",-0.433682194353242
"6014",251,"Lactobacillus.animalis",-0.433682194353242
"6015",251,"Megasphaera.sp..MP182G6",-0.433682194353242
"6016",251,"Paenibacillus.macerans",-0.433682194353242
"6017",251,"Romboutsia.sp..MP35A8",-0.433682194353242
"6018",251,"Sellimonas.intestinalis",-0.433682194353242
"6019",251,"Turicibacter.sp..MP236E3",-0.433682194353242
"6020",251,"Veillonella.atypica",8.10714804654083
"6021",251,"Veillonella.dispar",-0.433682194353242
"6022",251,"X.Clostridium..citroniae",7.53636476523518
"6023",251,"X.Clostridium..cocleatum",6.76970253344418
"6024",251,"X.Clostridium..sp..MP626E2_ig1",-0.433682194353242
"6025",252,"Anaerotruncus.colihominis",-0.532861301568968
"6026",252,"Bacteroides.sp..MP64F12",-0.532861301568968
"6027",252,"Blautia.coccoides",-0.532861301568968
"6028",252,"Burkholderiales.bacterium",-0.532861301568968
"6029",252,"Citrobacter.werkmanii",-0.532861301568968
"6030",252,"Clostridium.clostridioforme.CAG.511",-0.532861301568968
"6031",252,"Clostridium.nexile.CAG.348",-0.532861301568968
"6032",252,"Clostridium.paraputrificum",-0.532861301568968
"6033",252,"Clostridium.sp..MP113D9",-0.532861301568968
"6034",252,"Clostridium.sp..MP49A11",-0.532861301568968
"6035",252,"Clostridium.sp..MP551E06",-0.532861301568968
"6036",252,"Eggerthella.lenta",-0.532861301568968
"6037",252,"Eggerthella.sp..MP163B1",-0.532861301568968
"6038",252,"Lactobacillus.animalis",-0.532861301568968
"6039",252,"Megasphaera.sp..MP182G6",-0.532861301568968
"6040",252,"Paenibacillus.macerans",-0.532861301568968
"6041",252,"Romboutsia.sp..MP35A8",-0.532861301568968
"6042",252,"Sellimonas.intestinalis",-0.532861301568968
"6043",252,"Turicibacter.sp..MP236E3",-0.532861301568968
"6044",252,"Veillonella.atypica",5.34416201241395
"6045",252,"Veillonella.dispar",4.52515221912694
"6046",252,"X.Clostridium..citroniae",4.78798257931097
"6047",252,"X.Clostridium..cocleatum",-0.532861301568968
"6048",252,"X.Clostridium..sp..MP626E2_ig1",-0.532861301568968
"6049",253,"Anaerotruncus.colihominis",-0.770366712800103
"6050",253,"Bacteroides.sp..MP64F12",-0.770366712800103
"6051",253,"Blautia.coccoides",-0.770366712800103
"6052",253,"Burkholderiales.bacterium",-0.770366712800103
"6053",253,"Citrobacter.werkmanii",-0.770366712800103
"6054",253,"Clostridium.clostridioforme.CAG.511",-0.770366712800103
"6055",253,"Clostridium.nexile.CAG.348",-0.770366712800103
"6056",253,"Clostridium.paraputrificum",-0.770366712800103
"6057",253,"Clostridium.sp..MP113D9",-0.770366712800103
"6058",253,"Clostridium.sp..MP49A11",-0.770366712800103
"6059",253,"Clostridium.sp..MP551E06",-0.770366712800103
"6060",253,"Eggerthella.lenta",-0.770366712800103
"6061",253,"Eggerthella.sp..MP163B1",-0.770366712800103
"6062",253,"Lactobacillus.animalis",-0.770366712800103
"6063",253,"Megasphaera.sp..MP182G6",-0.770366712800103
"6064",253,"Paenibacillus.macerans",-0.770366712800103
"6065",253,"Romboutsia.sp..MP35A8",-0.770366712800103
"6066",253,"Sellimonas.intestinalis",-0.770366712800103
"6067",253,"Turicibacter.sp..MP236E3",-0.770366712800103
"6068",253,"Veillonella.atypica",-0.770366712800103
"6069",253,"Veillonella.dispar",4.62876938008228
"6070",253,"X.Clostridium..citroniae",-0.770366712800103
"6071",253,"X.Clostridium..cocleatum",-0.770366712800103
"6072",253,"X.Clostridium..sp..MP626E2_ig1",-0.770366712800103
"6073",254,"Anaerotruncus.colihominis",-0.196190712810749
"6074",254,"Bacteroides.sp..MP64F12",-0.196190712810749
"6075",254,"Blautia.coccoides",-0.196190712810749
"6076",254,"Burkholderiales.bacterium",-0.196190712810749
"6077",254,"Citrobacter.werkmanii",-0.196190712810749
"6078",254,"Clostridium.clostridioforme.CAG.511",-0.196190712810749
"6079",254,"Clostridium.nexile.CAG.348",-0.196190712810749
"6080",254,"Clostridium.paraputrificum",-0.196190712810749
"6081",254,"Clostridium.sp..MP113D9",-0.196190712810749
"6082",254,"Clostridium.sp..MP49A11",-0.196190712810749
"6083",254,"Clostridium.sp..MP551E06",-0.196190712810749
"6084",254,"Eggerthella.lenta",-0.196190712810749
"6085",254,"Eggerthella.sp..MP163B1",-0.196190712810749
"6086",254,"Lactobacillus.animalis",-0.196190712810749
"6087",254,"Megasphaera.sp..MP182G6",-0.196190712810749
"6088",254,"Paenibacillus.macerans",-0.196190712810749
"6089",254,"Romboutsia.sp..MP35A8",-0.196190712810749
"6090",254,"Sellimonas.intestinalis",-0.196190712810749
"6091",254,"Turicibacter.sp..MP236E3",-0.196190712810749
"6092",254,"Veillonella.atypica",-0.196190712810749
"6093",254,"Veillonella.dispar",-0.196190712810749
"6094",254,"X.Clostridium..citroniae",-0.196190712810749
"6095",254,"X.Clostridium..cocleatum",-0.196190712810749
"6096",254,"X.Clostridium..sp..MP626E2_ig1",-0.196190712810749
"6097",255,"Anaerotruncus.colihominis",-0.466247561136653
"6098",255,"Bacteroides.sp..MP64F12",-0.466247561136653
"6099",255,"Blautia.coccoides",-0.466247561136653
"6100",255,"Burkholderiales.bacterium",-0.466247561136653
"6101",255,"Citrobacter.werkmanii",-0.466247561136653
"6102",255,"Clostridium.clostridioforme.CAG.511",-0.466247561136653
"6103",255,"Clostridium.nexile.CAG.348",-0.466247561136653
"6104",255,"Clostridium.paraputrificum",-0.466247561136653
"6105",255,"Clostridium.sp..MP113D9",-0.466247561136653
"6106",255,"Clostridium.sp..MP49A11",-0.466247561136653
"6107",255,"Clostridium.sp..MP551E06",-0.466247561136653
"6108",255,"Eggerthella.lenta",-0.466247561136653
"6109",255,"Eggerthella.sp..MP163B1",-0.466247561136653
"6110",255,"Lactobacillus.animalis",-0.466247561136653
"6111",255,"Megasphaera.sp..MP182G6",-0.466247561136653
"6112",255,"Paenibacillus.macerans",-0.466247561136653
"6113",255,"Romboutsia.sp..MP35A8",-0.466247561136653
"6114",255,"Sellimonas.intestinalis",-0.466247561136653
"6115",255,"Turicibacter.sp..MP236E3",-0.466247561136653
"6116",255,"Veillonella.atypica",-0.466247561136653
"6117",255,"Veillonella.dispar",-0.466247561136653
"6118",255,"X.Clostridium..citroniae",7.30925688485578
"6119",255,"X.Clostridium..cocleatum",-0.466247561136653
"6120",255,"X.Clostridium..sp..MP626E2_ig1",-0.466247561136653
"6121",256,"Anaerotruncus.colihominis",2.99881106945685
"6122",256,"Bacteroides.sp..MP64F12",-1.27386487495343
"6123",256,"Blautia.coccoides",3.96281084523247
"6124",256,"Burkholderiales.bacterium",-1.27386487495343
"6125",256,"Citrobacter.werkmanii",-1.27386487495343
"6126",256,"Clostridium.clostridioforme.CAG.511",6.63474166519366
"6127",256,"Clostridium.nexile.CAG.348",-1.27386487495343
"6128",256,"Clostridium.paraputrificum",-1.27386487495343
"6129",256,"Clostridium.sp..MP113D9",-1.27386487495343
"6130",256,"Clostridium.sp..MP49A11",-1.27386487495343
"6131",256,"Clostridium.sp..MP551E06",-1.27386487495343
"6132",256,"Eggerthella.lenta",7.1003550952977
"6133",256,"Eggerthella.sp..MP163B1",5.42268449490194
"6134",256,"Lactobacillus.animalis",-1.27386487495343
"6135",256,"Megasphaera.sp..MP182G6",-1.27386487495343
"6136",256,"Paenibacillus.macerans",-1.27386487495343
"6137",256,"Romboutsia.sp..MP35A8",-1.27386487495343
"6138",256,"Sellimonas.intestinalis",-1.27386487495343
"6139",256,"Turicibacter.sp..MP236E3",-1.27386487495343
"6140",256,"Veillonella.atypica",-1.27386487495343
"6141",256,"Veillonella.dispar",-1.27386487495343
"6142",256,"X.Clostridium..citroniae",-1.27386487495343
"6143",256,"X.Clostridium..cocleatum",-1.27386487495343
"6144",256,"X.Clostridium..sp..MP626E2_ig1",-1.27386487495343
"6145",257,"Anaerotruncus.colihominis",3.28386451131892
"6146",257,"Bacteroides.sp..MP64F12",-0.789152705664874
"6147",257,"Blautia.coccoides",3.74850241553486
"6148",257,"Burkholderiales.bacterium",-0.789152705664874
"6149",257,"Citrobacter.werkmanii",-0.789152705664874
"6150",257,"Clostridium.clostridioforme.CAG.511",-0.789152705664874
"6151",257,"Clostridium.nexile.CAG.348",-0.789152705664874
"6152",257,"Clostridium.paraputrificum",-0.789152705664874
"6153",257,"Clostridium.sp..MP113D9",-0.789152705664874
"6154",257,"Clostridium.sp..MP49A11",-0.789152705664874
"6155",257,"Clostridium.sp..MP551E06",-0.789152705664874
"6156",257,"Eggerthella.lenta",-0.789152705664874
"6157",257,"Eggerthella.sp..MP163B1",-0.789152705664874
"6158",257,"Lactobacillus.animalis",-0.789152705664874
"6159",257,"Megasphaera.sp..MP182G6",-0.789152705664874
"6160",257,"Paenibacillus.macerans",-0.789152705664874
"6161",257,"Romboutsia.sp..MP35A8",-0.789152705664874
"6162",257,"Sellimonas.intestinalis",-0.789152705664874
"6163",257,"Turicibacter.sp..MP236E3",-0.789152705664874
"6164",257,"Veillonella.atypica",-0.789152705664874
"6165",257,"Veillonella.dispar",-0.789152705664874
"6166",257,"X.Clostridium..citroniae",-0.789152705664874
"6167",257,"X.Clostridium..cocleatum",-0.789152705664874
"6168",257,"X.Clostridium..sp..MP626E2_ig1",-0.789152705664874
"6169",258,"Anaerotruncus.colihominis",-0.0736607202881672
"6170",258,"Bacteroides.sp..MP64F12",-0.0736607202881672
"6171",258,"Blautia.coccoides",-0.0736607202881672
"6172",258,"Burkholderiales.bacterium",-0.0736607202881672
"6173",258,"Citrobacter.werkmanii",-0.0736607202881672
"6174",258,"Clostridium.clostridioforme.CAG.511",-0.0736607202881672
"6175",258,"Clostridium.nexile.CAG.348",-0.0736607202881672
"6176",258,"Clostridium.paraputrificum",-0.0736607202881672
"6177",258,"Clostridium.sp..MP113D9",-0.0736607202881672
"6178",258,"Clostridium.sp..MP49A11",-0.0736607202881672
"6179",258,"Clostridium.sp..MP551E06",-0.0736607202881672
"6180",258,"Eggerthella.lenta",-0.0736607202881672
"6181",258,"Eggerthella.sp..MP163B1",-0.0736607202881672
"6182",258,"Lactobacillus.animalis",9.9548130038106
"6183",258,"Megasphaera.sp..MP182G6",-0.0736607202881672
"6184",258,"Paenibacillus.macerans",-0.0736607202881672
"6185",258,"Romboutsia.sp..MP35A8",-0.0736607202881672
"6186",258,"Sellimonas.intestinalis",-0.0736607202881672
"6187",258,"Turicibacter.sp..MP236E3",-0.0736607202881672
"6188",258,"Veillonella.atypica",-0.0736607202881672
"6189",258,"Veillonella.dispar",-0.0736607202881672
"6190",258,"X.Clostridium..citroniae",-0.0736607202881672
"6191",258,"X.Clostridium..cocleatum",-0.0736607202881672
"6192",258,"X.Clostridium..sp..MP626E2_ig1",-0.0736607202881672
"6193",259,"Anaerotruncus.colihominis",-0.929122594783131
"6194",259,"Bacteroides.sp..MP64F12",-0.929122594783131
"6195",259,"Blautia.coccoides",5.48132548339492
"6196",259,"Burkholderiales.bacterium",-0.929122594783131
"6197",259,"Citrobacter.werkmanii",-0.929122594783131
"6198",259,"Clostridium.clostridioforme.CAG.511",-0.929122594783131
"6199",259,"Clostridium.nexile.CAG.348",-0.929122594783131
"6200",259,"Clostridium.paraputrificum",-0.929122594783131
"6201",259,"Clostridium.sp..MP113D9",-0.929122594783131
"6202",259,"Clostridium.sp..MP49A11",-0.929122594783131
"6203",259,"Clostridium.sp..MP551E06",-0.929122594783131
"6204",259,"Eggerthella.lenta",-0.929122594783131
"6205",259,"Eggerthella.sp..MP163B1",-0.929122594783131
"6206",259,"Lactobacillus.animalis",-0.929122594783131
"6207",259,"Megasphaera.sp..MP182G6",-0.929122594783131
"6208",259,"Paenibacillus.macerans",-0.929122594783131
"6209",259,"Romboutsia.sp..MP35A8",-0.929122594783131
"6210",259,"Sellimonas.intestinalis",-0.929122594783131
"6211",259,"Turicibacter.sp..MP236E3",-0.929122594783131
"6212",259,"Veillonella.atypica",-0.929122594783131
"6213",259,"Veillonella.dispar",-0.929122594783131
"6214",259,"X.Clostridium..citroniae",-0.929122594783131
"6215",259,"X.Clostridium..cocleatum",-0.929122594783131
"6216",259,"X.Clostridium..sp..MP626E2_ig1",-0.929122594783131
"6217",260,"Anaerotruncus.colihominis",-0.408415818582016
"6218",260,"Bacteroides.sp..MP64F12",-0.408415818582016
"6219",260,"Blautia.coccoides",-0.408415818582016
"6220",260,"Burkholderiales.bacterium",5.92402614381581
"6221",260,"Citrobacter.werkmanii",-0.408415818582016
"6222",260,"Clostridium.clostridioforme.CAG.511",-0.408415818582016
"6223",260,"Clostridium.nexile.CAG.348",-0.408415818582016
"6224",260,"Clostridium.paraputrificum",-0.408415818582016
"6225",260,"Clostridium.sp..MP113D9",-0.408415818582016
"6226",260,"Clostridium.sp..MP49A11",8.66249923360836
"6227",260,"Clostridium.sp..MP551E06",-0.408415818582016
"6228",260,"Eggerthella.lenta",-0.408415818582016
"6229",260,"Eggerthella.sp..MP163B1",-0.408415818582016
"6230",260,"Lactobacillus.animalis",-0.408415818582016
"6231",260,"Megasphaera.sp..MP182G6",-0.408415818582016
"6232",260,"Paenibacillus.macerans",-0.408415818582016
"6233",260,"Romboutsia.sp..MP35A8",-0.408415818582016
"6234",260,"Sellimonas.intestinalis",-0.408415818582016
"6235",260,"Turicibacter.sp..MP236E3",-0.408415818582016
"6236",260,"Veillonella.atypica",8.72196628973426
"6237",260,"Veillonella.dispar",-0.408415818582016
"6238",260,"X.Clostridium..citroniae",-0.408415818582016
"6239",260,"X.Clostridium..cocleatum",-0.408415818582016
"6240",260,"X.Clostridium..sp..MP626E2_ig1",-0.408415818582016
"6241",261,"Anaerotruncus.colihominis",-0.165629640212609
"6242",261,"Bacteroides.sp..MP64F12",-0.165629640212609
"6243",261,"Blautia.coccoides",-0.165629640212609
"6244",261,"Burkholderiales.bacterium",-0.165629640212609
"6245",261,"Citrobacter.werkmanii",-0.165629640212609
"6246",261,"Clostridium.clostridioforme.CAG.511",-0.165629640212609
"6247",261,"Clostridium.nexile.CAG.348",-0.165629640212609
"6248",261,"Clostridium.paraputrificum",-0.165629640212609
"6249",261,"Clostridium.sp..MP113D9",-0.165629640212609
"6250",261,"Clostridium.sp..MP49A11",-0.165629640212609
"6251",261,"Clostridium.sp..MP551E06",-0.165629640212609
"6252",261,"Eggerthella.lenta",-0.165629640212609
"6253",261,"Eggerthella.sp..MP163B1",-0.165629640212609
"6254",261,"Lactobacillus.animalis",-0.165629640212609
"6255",261,"Megasphaera.sp..MP182G6",-0.165629640212609
"6256",261,"Paenibacillus.macerans",-0.165629640212609
"6257",261,"Romboutsia.sp..MP35A8",-0.165629640212609
"6258",261,"Sellimonas.intestinalis",-0.165629640212609
"6259",261,"Turicibacter.sp..MP236E3",-0.165629640212609
"6260",261,"Veillonella.atypica",-0.165629640212609
"6261",261,"Veillonella.dispar",-0.165629640212609
"6262",261,"X.Clostridium..citroniae",-0.165629640212609
"6263",261,"X.Clostridium..cocleatum",-0.165629640212609
"6264",261,"X.Clostridium..sp..MP626E2_ig1",-0.165629640212609
"6265",262,"Anaerotruncus.colihominis",-0.604271770085818
"6266",262,"Bacteroides.sp..MP64F12",-0.604271770085818
"6267",262,"Blautia.coccoides",9.37861001919
"6268",262,"Burkholderiales.bacterium",-0.604271770085818
"6269",262,"Citrobacter.werkmanii",-0.604271770085818
"6270",262,"Clostridium.clostridioforme.CAG.511",-0.604271770085818
"6271",262,"Clostridium.nexile.CAG.348",-0.604271770085818
"6272",262,"Clostridium.paraputrificum",-0.604271770085818
"6273",262,"Clostridium.sp..MP113D9",-0.604271770085818
"6274",262,"Clostridium.sp..MP49A11",-0.604271770085818
"6275",262,"Clostridium.sp..MP551E06",-0.604271770085818
"6276",262,"Eggerthella.lenta",-0.604271770085818
"6277",262,"Eggerthella.sp..MP163B1",-0.604271770085818
"6278",262,"Lactobacillus.animalis",-0.604271770085818
"6279",262,"Megasphaera.sp..MP182G6",-0.604271770085818
"6280",262,"Paenibacillus.macerans",-0.604271770085818
"6281",262,"Romboutsia.sp..MP35A8",-0.604271770085818
"6282",262,"Sellimonas.intestinalis",-0.604271770085818
"6283",262,"Turicibacter.sp..MP236E3",-0.604271770085818
"6284",262,"Veillonella.atypica",-0.604271770085818
"6285",262,"Veillonella.dispar",-0.604271770085818
"6286",262,"X.Clostridium..citroniae",-0.604271770085818
"6287",262,"X.Clostridium..cocleatum",-0.604271770085818
"6288",262,"X.Clostridium..sp..MP626E2_ig1",-0.604271770085818
"6289",263,"Anaerotruncus.colihominis",-0.291417250140579
"6290",263,"Bacteroides.sp..MP64F12",13.0829551259009
"6291",263,"Blautia.coccoides",5.10293097740053
"6292",263,"Burkholderiales.bacterium",5.03468662036863
"6293",263,"Citrobacter.werkmanii",-0.291417250140579
"6294",263,"Clostridium.clostridioforme.CAG.511",6.37299502619936
"6295",263,"Clostridium.nexile.CAG.348",-0.291417250140579
"6296",263,"Clostridium.paraputrificum",-0.291417250140579
"6297",263,"Clostridium.sp..MP113D9",-0.291417250140579
"6298",263,"Clostridium.sp..MP49A11",-0.291417250140579
"6299",263,"Clostridium.sp..MP551E06",-0.291417250140579
"6300",263,"Eggerthella.lenta",-0.291417250140579
"6301",263,"Eggerthella.sp..MP163B1",-0.291417250140579
"6302",263,"Lactobacillus.animalis",-0.291417250140579
"6303",263,"Megasphaera.sp..MP182G6",-0.291417250140579
"6304",263,"Paenibacillus.macerans",-0.291417250140579
"6305",263,"Romboutsia.sp..MP35A8",-0.291417250140579
"6306",263,"Sellimonas.intestinalis",-0.291417250140579
"6307",263,"Turicibacter.sp..MP236E3",-0.291417250140579
"6308",263,"Veillonella.atypica",-0.291417250140579
"6309",263,"Veillonella.dispar",-0.291417250140579
"6310",263,"X.Clostridium..citroniae",-0.291417250140579
"6311",263,"X.Clostridium..cocleatum",-0.291417250140579
"6312",263,"X.Clostridium..sp..MP626E2_ig1",-0.291417250140579
"6313",264,"Anaerotruncus.colihominis",-0.291393342192155
"6314",264,"Bacteroides.sp..MP64F12",-0.291393342192155
"6315",264,"Blautia.coccoides",-0.291393342192155
"6316",264,"Burkholderiales.bacterium",-0.291393342192155
"6317",264,"Citrobacter.werkmanii",-0.291393342192155
"6318",264,"Clostridium.clostridioforme.CAG.511",-0.291393342192155
"6319",264,"Clostridium.nexile.CAG.348",8.54252305864386
"6320",264,"Clostridium.paraputrificum",-0.291393342192155
"6321",264,"Clostridium.sp..MP113D9",-0.291393342192155
"6322",264,"Clostridium.sp..MP49A11",-0.291393342192155
"6323",264,"Clostridium.sp..MP551E06",-0.291393342192155
"6324",264,"Eggerthella.lenta",-0.291393342192155
"6325",264,"Eggerthella.sp..MP163B1",-0.291393342192155
"6326",264,"Lactobacillus.animalis",-0.291393342192155
"6327",264,"Megasphaera.sp..MP182G6",-0.291393342192155
"6328",264,"Paenibacillus.macerans",-0.291393342192155
"6329",264,"Romboutsia.sp..MP35A8",-0.291393342192155
"6330",264,"Sellimonas.intestinalis",-0.291393342192155
"6331",264,"Turicibacter.sp..MP236E3",-0.291393342192155
"6332",264,"Veillonella.atypica",10.5462267973625
"6333",264,"Veillonella.dispar",-0.291393342192155
"6334",264,"X.Clostridium..citroniae",7.58520555478067
"6335",264,"X.Clostridium..cocleatum",-0.291393342192155
"6336",264,"X.Clostridium..sp..MP626E2_ig1",-0.291393342192155
"6337",265,"Anaerotruncus.colihominis",-0.296663088260903
"6338",265,"Bacteroides.sp..MP64F12",-0.296663088260903
"6339",265,"Blautia.coccoides",7.89484874799304
"6340",265,"Burkholderiales.bacterium",-0.296663088260903
"6341",265,"Citrobacter.werkmanii",-0.296663088260903
"6342",265,"Clostridium.clostridioforme.CAG.511",-0.296663088260903
"6343",265,"Clostridium.nexile.CAG.348",-0.296663088260903
"6344",265,"Clostridium.paraputrificum",-0.296663088260903
"6345",265,"Clostridium.sp..MP113D9",-0.296663088260903
"6346",265,"Clostridium.sp..MP49A11",-0.296663088260903
"6347",265,"Clostridium.sp..MP551E06",-0.296663088260903
"6348",265,"Eggerthella.lenta",-0.296663088260903
"6349",265,"Eggerthella.sp..MP163B1",-0.296663088260903
"6350",265,"Lactobacillus.animalis",10.9176405642849
"6351",265,"Megasphaera.sp..MP182G6",-0.296663088260903
"6352",265,"Paenibacillus.macerans",-0.296663088260903
"6353",265,"Romboutsia.sp..MP35A8",-0.296663088260903
"6354",265,"Sellimonas.intestinalis",-0.296663088260903
"6355",265,"Turicibacter.sp..MP236E3",-0.296663088260903
"6356",265,"Veillonella.atypica",-0.296663088260903
"6357",265,"Veillonella.dispar",-0.296663088260903
"6358",265,"X.Clostridium..citroniae",10.522372637142
"6359",265,"X.Clostridium..cocleatum",-0.296663088260903
"6360",265,"X.Clostridium..sp..MP626E2_ig1",-0.296663088260903
"6361",266,"Anaerotruncus.colihominis",-0.302046708244287
"6362",266,"Bacteroides.sp..MP64F12",-0.302046708244287
"6363",266,"Blautia.coccoides",-0.302046708244287
"6364",266,"Burkholderiales.bacterium",-0.302046708244287
"6365",266,"Citrobacter.werkmanii",-0.302046708244287
"6366",266,"Clostridium.clostridioforme.CAG.511",6.23199697738317
"6367",266,"Clostridium.nexile.CAG.348",-0.302046708244287
"6368",266,"Clostridium.paraputrificum",-0.302046708244287
"6369",266,"Clostridium.sp..MP113D9",-0.302046708244287
"6370",266,"Clostridium.sp..MP49A11",-0.302046708244287
"6371",266,"Clostridium.sp..MP551E06",-0.302046708244287
"6372",266,"Eggerthella.lenta",7.12475575689002
"6373",266,"Eggerthella.sp..MP163B1",6.78968446357386
"6374",266,"Lactobacillus.animalis",-0.302046708244287
"6375",266,"Megasphaera.sp..MP182G6",-0.302046708244287
"6376",266,"Paenibacillus.macerans",-0.302046708244287
"6377",266,"Romboutsia.sp..MP35A8",-0.302046708244287
"6378",266,"Sellimonas.intestinalis",-0.302046708244287
"6379",266,"Turicibacter.sp..MP236E3",-0.302046708244287
"6380",266,"Veillonella.atypica",7.63553022913416
"6381",266,"Veillonella.dispar",-0.302046708244287
"6382",266,"X.Clostridium..citroniae",6.07255151171377
"6383",266,"X.Clostridium..cocleatum",-0.302046708244287
"6384",266,"X.Clostridium..sp..MP626E2_ig1",-0.302046708244287
"6385",267,"Anaerotruncus.colihominis",5.16458861324986
"6386",267,"Bacteroides.sp..MP64F12",-0.843141888656115
"6387",267,"Blautia.coccoides",-0.843141888656115
"6388",267,"Burkholderiales.bacterium",3.28244312543583
"6389",267,"Citrobacter.werkmanii",-0.843141888656115
"6390",267,"Clostridium.clostridioforme.CAG.511",-0.843141888656115
"6391",267,"Clostridium.nexile.CAG.348",-0.843141888656115
"6392",267,"Clostridium.paraputrificum",-0.843141888656115
"6393",267,"Clostridium.sp..MP113D9",-0.843141888656115
"6394",267,"Clostridium.sp..MP49A11",-0.843141888656115
"6395",267,"Clostridium.sp..MP551E06",-0.843141888656115
"6396",267,"Eggerthella.lenta",7.49493156285266
"6397",267,"Eggerthella.sp..MP163B1",5.17236636287321
"6398",267,"Lactobacillus.animalis",-0.843141888656115
"6399",267,"Megasphaera.sp..MP182G6",-0.843141888656115
"6400",267,"Paenibacillus.macerans",-0.843141888656115
"6401",267,"Romboutsia.sp..MP35A8",-0.843141888656115
"6402",267,"Sellimonas.intestinalis",-0.843141888656115
"6403",267,"Turicibacter.sp..MP236E3",-0.843141888656115
"6404",267,"Veillonella.atypica",6.63162296380596
"6405",267,"Veillonella.dispar",-0.843141888656115
"6406",267,"X.Clostridium..citroniae",6.02364572817647
"6407",267,"X.Clostridium..cocleatum",-0.843141888656115
"6408",267,"X.Clostridium..sp..MP626E2_ig1",-0.843141888656115
"6409",268,"Anaerotruncus.colihominis",-0.310491155863538
"6410",268,"Bacteroides.sp..MP64F12",-0.310491155863538
"6411",268,"Blautia.coccoides",-0.310491155863538
"6412",268,"Burkholderiales.bacterium",-0.310491155863538
"6413",268,"Citrobacter.werkmanii",-0.310491155863538
"6414",268,"Clostridium.clostridioforme.CAG.511",-0.310491155863538
"6415",268,"Clostridium.nexile.CAG.348",-0.310491155863538
"6416",268,"Clostridium.paraputrificum",-0.310491155863538
"6417",268,"Clostridium.sp..MP113D9",-0.310491155863538
"6418",268,"Clostridium.sp..MP49A11",-0.310491155863538
"6419",268,"Clostridium.sp..MP551E06",-0.310491155863538
"6420",268,"Eggerthella.lenta",-0.310491155863538
"6421",268,"Eggerthella.sp..MP163B1",-0.310491155863538
"6422",268,"Lactobacillus.animalis",-0.310491155863538
"6423",268,"Megasphaera.sp..MP182G6",-0.310491155863538
"6424",268,"Paenibacillus.macerans",-0.310491155863538
"6425",268,"Romboutsia.sp..MP35A8",-0.310491155863538
"6426",268,"Sellimonas.intestinalis",-0.310491155863538
"6427",268,"Turicibacter.sp..MP236E3",-0.310491155863538
"6428",268,"Veillonella.atypica",-0.310491155863538
"6429",268,"Veillonella.dispar",10.3778922910435
"6430",268,"X.Clostridium..citroniae",-0.310491155863538
"6431",268,"X.Clostridium..cocleatum",-0.310491155863538
"6432",268,"X.Clostridium..sp..MP626E2_ig1",-0.310491155863538
"6433",269,"Anaerotruncus.colihominis",-0.393321452672797
"6434",269,"Bacteroides.sp..MP64F12",-0.393321452672797
"6435",269,"Blautia.coccoides",-0.393321452672797
"6436",269,"Burkholderiales.bacterium",5.5847748400968
"6437",269,"Citrobacter.werkmanii",-0.393321452672797
"6438",269,"Clostridium.clostridioforme.CAG.511",-0.393321452672797
"6439",269,"Clostridium.nexile.CAG.348",-0.393321452672797
"6440",269,"Clostridium.paraputrificum",-0.393321452672797
"6441",269,"Clostridium.sp..MP113D9",-0.393321452672797
"6442",269,"Clostridium.sp..MP49A11",-0.393321452672797
"6443",269,"Clostridium.sp..MP551E06",-0.393321452672797
"6444",269,"Eggerthella.lenta",-0.393321452672797
"6445",269,"Eggerthella.sp..MP163B1",-0.393321452672797
"6446",269,"Lactobacillus.animalis",-0.393321452672797
"6447",269,"Megasphaera.sp..MP182G6",-0.393321452672797
"6448",269,"Paenibacillus.macerans",-0.393321452672797
"6449",269,"Romboutsia.sp..MP35A8",-0.393321452672797
"6450",269,"Sellimonas.intestinalis",-0.393321452672797
"6451",269,"Turicibacter.sp..MP236E3",-0.393321452672797
"6452",269,"Veillonella.atypica",-0.393321452672797
"6453",269,"Veillonella.dispar",-0.393321452672797
"6454",269,"X.Clostridium..citroniae",8.90769326046321
"6455",269,"X.Clostridium..cocleatum",-0.393321452672797
"6456",269,"X.Clostridium..sp..MP626E2_ig1",-0.393321452672797
"6457",270,"Anaerotruncus.colihominis",5.39376517186972
"6458",270,"Bacteroides.sp..MP64F12",-0.832573095109998
"6459",270,"Blautia.coccoides",-0.832573095109998
"6460",270,"Burkholderiales.bacterium",-0.832573095109998
"6461",270,"Citrobacter.werkmanii",-0.832573095109998
"6462",270,"Clostridium.clostridioforme.CAG.511",7.72080131150711
"6463",270,"Clostridium.nexile.CAG.348",-0.832573095109998
"6464",270,"Clostridium.paraputrificum",-0.832573095109998
"6465",270,"Clostridium.sp..MP113D9",-0.832573095109998
"6466",270,"Clostridium.sp..MP49A11",-0.832573095109998
"6467",270,"Clostridium.sp..MP551E06",-0.832573095109998
"6468",270,"Eggerthella.lenta",-0.832573095109998
"6469",270,"Eggerthella.sp..MP163B1",-0.832573095109998
"6470",270,"Lactobacillus.animalis",-0.832573095109998
"6471",270,"Megasphaera.sp..MP182G6",-0.832573095109998
"6472",270,"Paenibacillus.macerans",-0.832573095109998
"6473",270,"Romboutsia.sp..MP35A8",-0.832573095109998
"6474",270,"Sellimonas.intestinalis",7.64442108955429
"6475",270,"Turicibacter.sp..MP236E3",-0.832573095109998
"6476",270,"Veillonella.atypica",7.87563995751225
"6477",270,"Veillonella.dispar",-0.832573095109998
"6478",270,"X.Clostridium..citroniae",5.45961119700577
"6479",270,"X.Clostridium..cocleatum",-0.832573095109998
"6480",270,"X.Clostridium..sp..MP626E2_ig1",5.6501799733256
"6481",271,"Anaerotruncus.colihominis",-0.446973743309657
"6482",271,"Bacteroides.sp..MP64F12",-0.446973743309657
"6483",271,"Blautia.coccoides",-0.446973743309657
"6484",271,"Burkholderiales.bacterium",-0.446973743309657
"6485",271,"Citrobacter.werkmanii",-0.446973743309657
"6486",271,"Clostridium.clostridioforme.CAG.511",-0.446973743309657
"6487",271,"Clostridium.nexile.CAG.348",-0.446973743309657
"6488",271,"Clostridium.paraputrificum",4.87126689798657
"6489",271,"Clostridium.sp..MP113D9",-0.446973743309657
"6490",271,"Clostridium.sp..MP49A11",-0.446973743309657
"6491",271,"Clostridium.sp..MP551E06",-0.446973743309657
"6492",271,"Eggerthella.lenta",6.97406949419096
"6493",271,"Eggerthella.sp..MP163B1",6.17792560835653
"6494",271,"Lactobacillus.animalis",-0.446973743309657
"6495",271,"Megasphaera.sp..MP182G6",-0.446973743309657
"6496",271,"Paenibacillus.macerans",-0.446973743309657
"6497",271,"Romboutsia.sp..MP35A8",-0.446973743309657
"6498",271,"Sellimonas.intestinalis",-0.446973743309657
"6499",271,"Turicibacter.sp..MP236E3",-0.446973743309657
"6500",271,"Veillonella.atypica",-0.446973743309657
"6501",271,"Veillonella.dispar",-0.446973743309657
"6502",271,"X.Clostridium..citroniae",-0.446973743309657
"6503",271,"X.Clostridium..cocleatum",-0.446973743309657
"6504",271,"X.Clostridium..sp..MP626E2_ig1",-0.446973743309657
"6505",272,"Anaerotruncus.colihominis",2.54451232841712
"6506",272,"Bacteroides.sp..MP64F12",-0.637515217181038
"6507",272,"Blautia.coccoides",4.93147222549216
"6508",272,"Burkholderiales.bacterium",-0.637515217181038
"6509",272,"Citrobacter.werkmanii",-0.637515217181038
"6510",272,"Clostridium.clostridioforme.CAG.511",-0.637515217181038
"6511",272,"Clostridium.nexile.CAG.348",-0.637515217181038
"6512",272,"Clostridium.paraputrificum",-0.637515217181038
"6513",272,"Clostridium.sp..MP113D9",-0.637515217181038
"6514",272,"Clostridium.sp..MP49A11",-0.637515217181038
"6515",272,"Clostridium.sp..MP551E06",-0.637515217181038
"6516",272,"Eggerthella.lenta",8.34082174157994
"6517",272,"Eggerthella.sp..MP163B1",8.26202372220933
"6518",272,"Lactobacillus.animalis",-0.637515217181038
"6519",272,"Megasphaera.sp..MP182G6",-0.637515217181038
"6520",272,"Paenibacillus.macerans",-0.637515217181038
"6521",272,"Romboutsia.sp..MP35A8",-0.637515217181038
"6522",272,"Sellimonas.intestinalis",-0.637515217181038
"6523",272,"Turicibacter.sp..MP236E3",-0.637515217181038
"6524",272,"Veillonella.atypica",5.67086050304162
"6525",272,"Veillonella.dispar",-0.637515217181038
"6526",272,"X.Clostridium..citroniae",8.15915777440035
"6527",272,"X.Clostridium..cocleatum",3.08885999287222
"6528",272,"X.Clostridium..sp..MP626E2_ig1",-0.637515217181038
"6529",273,"Anaerotruncus.colihominis",-0.544053877583771
"6530",273,"Bacteroides.sp..MP64F12",-0.544053877583771
"6531",273,"Blautia.coccoides",7.96355622098422
"6532",273,"Burkholderiales.bacterium",-0.544053877583771
"6533",273,"Citrobacter.werkmanii",-0.544053877583771
"6534",273,"Clostridium.clostridioforme.CAG.511",-0.544053877583771
"6535",273,"Clostridium.nexile.CAG.348",-0.544053877583771
"6536",273,"Clostridium.paraputrificum",-0.544053877583771
"6537",273,"Clostridium.sp..MP113D9",-0.544053877583771
"6538",273,"Clostridium.sp..MP49A11",-0.544053877583771
"6539",273,"Clostridium.sp..MP551E06",-0.544053877583771
"6540",273,"Eggerthella.lenta",7.57891095025913
"6541",273,"Eggerthella.sp..MP163B1",6.65843622128711
"6542",273,"Lactobacillus.animalis",-0.544053877583771
"6543",273,"Megasphaera.sp..MP182G6",-0.544053877583771
"6544",273,"Paenibacillus.macerans",-0.544053877583771
"6545",273,"Romboutsia.sp..MP35A8",-0.544053877583771
"6546",273,"Sellimonas.intestinalis",-0.544053877583771
"6547",273,"Turicibacter.sp..MP236E3",-0.544053877583771
"6548",273,"Veillonella.atypica",5.59807210661243
"6549",273,"Veillonella.dispar",-0.544053877583771
"6550",273,"X.Clostridium..citroniae",-0.544053877583771
"6551",273,"X.Clostridium..cocleatum",-0.544053877583771
"6552",273,"X.Clostridium..sp..MP626E2_ig1",-0.544053877583771
"6553",274,"Anaerotruncus.colihominis",5.98243978076235
"6554",274,"Bacteroides.sp..MP64F12",-0.826816311580329
"6555",274,"Blautia.coccoides",4.52768366924874
"6556",274,"Burkholderiales.bacterium",-0.826816311580329
"6557",274,"Citrobacter.werkmanii",-0.826816311580329
"6558",274,"Clostridium.clostridioforme.CAG.511",-0.826816311580329
"6559",274,"Clostridium.nexile.CAG.348",-0.826816311580329
"6560",274,"Clostridium.paraputrificum",-0.826816311580329
"6561",274,"Clostridium.sp..MP113D9",-0.826816311580329
"6562",274,"Clostridium.sp..MP49A11",-0.826816311580329
"6563",274,"Clostridium.sp..MP551E06",-0.826816311580329
"6564",274,"Eggerthella.lenta",5.79648388620682
"6565",274,"Eggerthella.sp..MP163B1",6.09807175270713
"6566",274,"Lactobacillus.animalis",-0.826816311580329
"6567",274,"Megasphaera.sp..MP182G6",-0.826816311580329
"6568",274,"Paenibacillus.macerans",-0.826816311580329
"6569",274,"Romboutsia.sp..MP35A8",-0.826816311580329
"6570",274,"Sellimonas.intestinalis",-0.826816311580329
"6571",274,"Turicibacter.sp..MP236E3",-0.826816311580329
"6572",274,"Veillonella.atypica",-0.826816311580329
"6573",274,"Veillonella.dispar",-0.826816311580329
"6574",274,"X.Clostridium..citroniae",-0.826816311580329
"6575",274,"X.Clostridium..cocleatum",-0.826816311580329
"6576",274,"X.Clostridium..sp..MP626E2_ig1",-0.826816311580329
"6577",275,"Anaerotruncus.colihominis",-0.766438094354694
"6578",275,"Bacteroides.sp..MP64F12",-0.766438094354694
"6579",275,"Blautia.coccoides",6.90470374478357
"6580",275,"Burkholderiales.bacterium",-0.766438094354694
"6581",275,"Citrobacter.werkmanii",-0.766438094354694
"6582",275,"Clostridium.clostridioforme.CAG.511",-0.766438094354694
"6583",275,"Clostridium.nexile.CAG.348",-0.766438094354694
"6584",275,"Clostridium.paraputrificum",-0.766438094354694
"6585",275,"Clostridium.sp..MP113D9",-0.766438094354694
"6586",275,"Clostridium.sp..MP49A11",-0.766438094354694
"6587",275,"Clostridium.sp..MP551E06",-0.766438094354694
"6588",275,"Eggerthella.lenta",-0.766438094354694
"6589",275,"Eggerthella.sp..MP163B1",-0.766438094354694
"6590",275,"Lactobacillus.animalis",-0.766438094354694
"6591",275,"Megasphaera.sp..MP182G6",-0.766438094354694
"6592",275,"Paenibacillus.macerans",-0.766438094354694
"6593",275,"Romboutsia.sp..MP35A8",-0.766438094354694
"6594",275,"Sellimonas.intestinalis",-0.766438094354694
"6595",275,"Turicibacter.sp..MP236E3",-0.766438094354694
"6596",275,"Veillonella.atypica",-0.766438094354694
"6597",275,"Veillonella.dispar",-0.766438094354694
"6598",275,"X.Clostridium..citroniae",-0.766438094354694
"6599",275,"X.Clostridium..cocleatum",-0.766438094354694
"6600",275,"X.Clostridium..sp..MP626E2_ig1",-0.766438094354694
"6601",276,"Anaerotruncus.colihominis",-0.402305834127993
"6602",276,"Bacteroides.sp..MP64F12",-0.402305834127993
"6603",276,"Blautia.coccoides",-0.402305834127993
"6604",276,"Burkholderiales.bacterium",-0.402305834127993
"6605",276,"Citrobacter.werkmanii",-0.402305834127993
"6606",276,"Clostridium.clostridioforme.CAG.511",-0.402305834127993
"6607",276,"Clostridium.nexile.CAG.348",-0.402305834127993
"6608",276,"Clostridium.paraputrificum",-0.402305834127993
"6609",276,"Clostridium.sp..MP113D9",-0.402305834127993
"6610",276,"Clostridium.sp..MP49A11",-0.402305834127993
"6611",276,"Clostridium.sp..MP551E06",-0.402305834127993
"6612",276,"Eggerthella.lenta",-0.402305834127993
"6613",276,"Eggerthella.sp..MP163B1",-0.402305834127993
"6614",276,"Lactobacillus.animalis",-0.402305834127993
"6615",276,"Megasphaera.sp..MP182G6",-0.402305834127993
"6616",276,"Paenibacillus.macerans",-0.402305834127993
"6617",276,"Romboutsia.sp..MP35A8",-0.402305834127993
"6618",276,"Sellimonas.intestinalis",-0.402305834127993
"6619",276,"Turicibacter.sp..MP236E3",-0.402305834127993
"6620",276,"Veillonella.atypica",-0.402305834127993
"6621",276,"Veillonella.dispar",-0.402305834127993
"6622",276,"X.Clostridium..citroniae",-0.402305834127993
"6623",276,"X.Clostridium..cocleatum",-0.402305834127993
"6624",276,"X.Clostridium..sp..MP626E2_ig1",-0.402305834127993
"6625",277,"Anaerotruncus.colihominis",-0.29458090810011
"6626",277,"Bacteroides.sp..MP64F12",-0.29458090810011
"6627",277,"Blautia.coccoides",-0.29458090810011
"6628",277,"Burkholderiales.bacterium",-0.29458090810011
"6629",277,"Citrobacter.werkmanii",-0.29458090810011
"6630",277,"Clostridium.clostridioforme.CAG.511",-0.29458090810011
"6631",277,"Clostridium.nexile.CAG.348",-0.29458090810011
"6632",277,"Clostridium.paraputrificum",-0.29458090810011
"6633",277,"Clostridium.sp..MP113D9",-0.29458090810011
"6634",277,"Clostridium.sp..MP49A11",-0.29458090810011
"6635",277,"Clostridium.sp..MP551E06",-0.29458090810011
"6636",277,"Eggerthella.lenta",-0.29458090810011
"6637",277,"Eggerthella.sp..MP163B1",-0.29458090810011
"6638",277,"Lactobacillus.animalis",-0.29458090810011
"6639",277,"Megasphaera.sp..MP182G6",-0.29458090810011
"6640",277,"Paenibacillus.macerans",-0.29458090810011
"6641",277,"Romboutsia.sp..MP35A8",-0.29458090810011
"6642",277,"Sellimonas.intestinalis",-0.29458090810011
"6643",277,"Turicibacter.sp..MP236E3",-0.29458090810011
"6644",277,"Veillonella.atypica",-0.29458090810011
"6645",277,"Veillonella.dispar",-0.29458090810011
"6646",277,"X.Clostridium..citroniae",-0.29458090810011
"6647",277,"X.Clostridium..cocleatum",-0.29458090810011
"6648",277,"X.Clostridium..sp..MP626E2_ig1",-0.29458090810011
"6649",278,"Anaerotruncus.colihominis",5.40613393371654
"6650",278,"Bacteroides.sp..MP64F12",-0.531815453689461
"6651",278,"Blautia.coccoides",5.82862273689407
"6652",278,"Burkholderiales.bacterium",-0.531815453689461
"6653",278,"Citrobacter.werkmanii",-0.531815453689461
"6654",278,"Clostridium.clostridioforme.CAG.511",-0.531815453689461
"6655",278,"Clostridium.nexile.CAG.348",-0.531815453689461
"6656",278,"Clostridium.paraputrificum",-0.531815453689461
"6657",278,"Clostridium.sp..MP113D9",-0.531815453689461
"6658",278,"Clostridium.sp..MP49A11",-0.531815453689461
"6659",278,"Clostridium.sp..MP551E06",-0.531815453689461
"6660",278,"Eggerthella.lenta",-0.531815453689461
"6661",278,"Eggerthella.sp..MP163B1",-0.531815453689461
"6662",278,"Lactobacillus.animalis",-0.531815453689461
"6663",278,"Megasphaera.sp..MP182G6",-0.531815453689461
"6664",278,"Paenibacillus.macerans",-0.531815453689461
"6665",278,"Romboutsia.sp..MP35A8",-0.531815453689461
"6666",278,"Sellimonas.intestinalis",-0.531815453689461
"6667",278,"Turicibacter.sp..MP236E3",-0.531815453689461
"6668",278,"Veillonella.atypica",-0.531815453689461
"6669",278,"Veillonella.dispar",-0.531815453689461
"6670",278,"X.Clostridium..citroniae",6.0275393010278
"6671",278,"X.Clostridium..cocleatum",-0.531815453689461
"6672",278,"X.Clostridium..sp..MP626E2_ig1",-0.531815453689461
"6673",279,"Anaerotruncus.colihominis",1.65959523523032
"6674",279,"Bacteroides.sp..MP64F12",-0.779161273794049
"6675",279,"Blautia.coccoides",6.96189674975499
"6676",279,"Burkholderiales.bacterium",-0.779161273794049
"6677",279,"Citrobacter.werkmanii",-0.779161273794049
"6678",279,"Clostridium.clostridioforme.CAG.511",-0.779161273794049
"6679",279,"Clostridium.nexile.CAG.348",-0.779161273794049
"6680",279,"Clostridium.paraputrificum",-0.779161273794049
"6681",279,"Clostridium.sp..MP113D9",-0.779161273794049
"6682",279,"Clostridium.sp..MP49A11",-0.779161273794049
"6683",279,"Clostridium.sp..MP551E06",-0.779161273794049
"6684",279,"Eggerthella.lenta",-0.779161273794049
"6685",279,"Eggerthella.sp..MP163B1",-0.779161273794049
"6686",279,"Lactobacillus.animalis",-0.779161273794049
"6687",279,"Megasphaera.sp..MP182G6",-0.779161273794049
"6688",279,"Paenibacillus.macerans",-0.779161273794049
"6689",279,"Romboutsia.sp..MP35A8",-0.779161273794049
"6690",279,"Sellimonas.intestinalis",4.7149426056889
"6691",279,"Turicibacter.sp..MP236E3",-0.779161273794049
"6692",279,"Veillonella.atypica",-0.779161273794049
"6693",279,"Veillonella.dispar",-0.779161273794049
"6694",279,"X.Clostridium..citroniae",-0.779161273794049
"6695",279,"X.Clostridium..cocleatum",-0.779161273794049
"6696",279,"X.Clostridium..sp..MP626E2_ig1",-0.779161273794049
"6697",280,"Anaerotruncus.colihominis",4.95638770341962
"6698",280,"Bacteroides.sp..MP64F12",-0.736603124862722
"6699",280,"Blautia.coccoides",7.67357581178619
"6700",280,"Burkholderiales.bacterium",-0.736603124862722
"6701",280,"Citrobacter.werkmanii",-0.736603124862722
"6702",280,"Clostridium.clostridioforme.CAG.511",-0.736603124862722
"6703",280,"Clostridium.nexile.CAG.348",6.5894285833649
"6704",280,"Clostridium.paraputrificum",-0.736603124862722
"6705",280,"Clostridium.sp..MP113D9",-0.736603124862722
"6706",280,"Clostridium.sp..MP49A11",-0.736603124862722
"6707",280,"Clostridium.sp..MP551E06",-0.736603124862722
"6708",280,"Eggerthella.lenta",7.81816531258281
"6709",280,"Eggerthella.sp..MP163B1",7.2973048710736
"6710",280,"Lactobacillus.animalis",-0.736603124862722
"6711",280,"Megasphaera.sp..MP182G6",-0.736603124862722
"6712",280,"Paenibacillus.macerans",-0.736603124862722
"6713",280,"Romboutsia.sp..MP35A8",-0.736603124862722
"6714",280,"Sellimonas.intestinalis",7.7900588096119
"6715",280,"Turicibacter.sp..MP236E3",-0.736603124862722
"6716",280,"Veillonella.atypica",-0.736603124862722
"6717",280,"Veillonella.dispar",-0.736603124862722
"6718",280,"X.Clostridium..citroniae",8.71870829035555
"6719",280,"X.Clostridium..cocleatum",-0.736603124862722
"6720",280,"X.Clostridium..sp..MP626E2_ig1",-0.736603124862722
"6721",281,"Anaerotruncus.colihominis",-0.513276375904203
"6722",281,"Bacteroides.sp..MP64F12",-0.513276375904203
"6723",281,"Blautia.coccoides",10.2001882009426
"6724",281,"Burkholderiales.bacterium",-0.513276375904203
"6725",281,"Citrobacter.werkmanii",-0.513276375904203
"6726",281,"Clostridium.clostridioforme.CAG.511",-0.513276375904203
"6727",281,"Clostridium.nexile.CAG.348",-0.513276375904203
"6728",281,"Clostridium.paraputrificum",-0.513276375904203
"6729",281,"Clostridium.sp..MP113D9",-0.513276375904203
"6730",281,"Clostridium.sp..MP49A11",-0.513276375904203
"6731",281,"Clostridium.sp..MP551E06",-0.513276375904203
"6732",281,"Eggerthella.lenta",7.54301225094315
"6733",281,"Eggerthella.sp..MP163B1",7.07129898847313
"6734",281,"Lactobacillus.animalis",-0.513276375904203
"6735",281,"Megasphaera.sp..MP182G6",-0.513276375904203
"6736",281,"Paenibacillus.macerans",-0.513276375904203
"6737",281,"Romboutsia.sp..MP35A8",-0.513276375904203
"6738",281,"Sellimonas.intestinalis",-0.513276375904203
"6739",281,"Turicibacter.sp..MP236E3",-0.513276375904203
"6740",281,"Veillonella.atypica",6.99451482798187
"6741",281,"Veillonella.dispar",-0.513276375904203
"6742",281,"X.Clostridium..citroniae",4.1632240447051
"6743",281,"X.Clostridium..cocleatum",-0.513276375904203
"6744",281,"X.Clostridium..sp..MP626E2_ig1",-0.513276375904203
"6745",282,"Anaerotruncus.colihominis",-0.682556384340691
"6746",282,"Bacteroides.sp..MP64F12",-0.682556384340691
"6747",282,"Blautia.coccoides",6.75072442852527
"6748",282,"Burkholderiales.bacterium",-0.682556384340691
"6749",282,"Citrobacter.werkmanii",-0.682556384340691
"6750",282,"Clostridium.clostridioforme.CAG.511",-0.682556384340691
"6751",282,"Clostridium.nexile.CAG.348",-0.682556384340691
"6752",282,"Clostridium.paraputrificum",5.37131808168445
"6753",282,"Clostridium.sp..MP113D9",-0.682556384340691
"6754",282,"Clostridium.sp..MP49A11",-0.682556384340691
"6755",282,"Clostridium.sp..MP551E06",-0.682556384340691
"6756",282,"Eggerthella.lenta",-0.682556384340691
"6757",282,"Eggerthella.sp..MP163B1",-0.682556384340691
"6758",282,"Lactobacillus.animalis",-0.682556384340691
"6759",282,"Megasphaera.sp..MP182G6",-0.682556384340691
"6760",282,"Paenibacillus.macerans",-0.682556384340691
"6761",282,"Romboutsia.sp..MP35A8",-0.682556384340691
"6762",282,"Sellimonas.intestinalis",-0.682556384340691
"6763",282,"Turicibacter.sp..MP236E3",-0.682556384340691
"6764",282,"Veillonella.atypica",-0.682556384340691
"6765",282,"Veillonella.dispar",-0.682556384340691
"6766",282,"X.Clostridium..citroniae",-0.682556384340691
"6767",282,"X.Clostridium..cocleatum",-0.682556384340691
"6768",282,"X.Clostridium..sp..MP626E2_ig1",-0.682556384340691
"6769",283,"Anaerotruncus.colihominis",-0.336990024804223
"6770",283,"Bacteroides.sp..MP64F12",-0.336990024804223
"6771",283,"Blautia.coccoides",-0.336990024804223
"6772",283,"Burkholderiales.bacterium",-0.336990024804223
"6773",283,"Citrobacter.werkmanii",-0.336990024804223
"6774",283,"Clostridium.clostridioforme.CAG.511",-0.336990024804223
"6775",283,"Clostridium.nexile.CAG.348",-0.336990024804223
"6776",283,"Clostridium.paraputrificum",-0.336990024804223
"6777",283,"Clostridium.sp..MP113D9",-0.336990024804223
"6778",283,"Clostridium.sp..MP49A11",-0.336990024804223
"6779",283,"Clostridium.sp..MP551E06",-0.336990024804223
"6780",283,"Eggerthella.lenta",6.72593656366502
"6781",283,"Eggerthella.sp..MP163B1",4.0935878873987
"6782",283,"Lactobacillus.animalis",-0.336990024804223
"6783",283,"Megasphaera.sp..MP182G6",-0.336990024804223
"6784",283,"Paenibacillus.macerans",-0.336990024804223
"6785",283,"Romboutsia.sp..MP35A8",-0.336990024804223
"6786",283,"Sellimonas.intestinalis",-0.336990024804223
"6787",283,"Turicibacter.sp..MP236E3",-0.336990024804223
"6788",283,"Veillonella.atypica",-0.336990024804223
"6789",283,"Veillonella.dispar",-0.336990024804223
"6790",283,"X.Clostridium..citroniae",-0.336990024804223
"6791",283,"X.Clostridium..cocleatum",-0.336990024804223
"6792",283,"X.Clostridium..sp..MP626E2_ig1",-0.336990024804223
"6793",284,"Anaerotruncus.colihominis",-0.203244972236927
"6794",284,"Bacteroides.sp..MP64F12",-0.203244972236927
"6795",284,"Blautia.coccoides",-0.203244972236927
"6796",284,"Burkholderiales.bacterium",-0.203244972236927
"6797",284,"Citrobacter.werkmanii",-0.203244972236927
"6798",284,"Clostridium.clostridioforme.CAG.511",-0.203244972236927
"6799",284,"Clostridium.nexile.CAG.348",-0.203244972236927
"6800",284,"Clostridium.paraputrificum",-0.203244972236927
"6801",284,"Clostridium.sp..MP113D9",-0.203244972236927
"6802",284,"Clostridium.sp..MP49A11",-0.203244972236927
"6803",284,"Clostridium.sp..MP551E06",-0.203244972236927
"6804",284,"Eggerthella.lenta",-0.203244972236927
"6805",284,"Eggerthella.sp..MP163B1",-0.203244972236927
"6806",284,"Lactobacillus.animalis",-0.203244972236927
"6807",284,"Megasphaera.sp..MP182G6",-0.203244972236927
"6808",284,"Paenibacillus.macerans",-0.203244972236927
"6809",284,"Romboutsia.sp..MP35A8",-0.203244972236927
"6810",284,"Sellimonas.intestinalis",-0.203244972236927
"6811",284,"Turicibacter.sp..MP236E3",-0.203244972236927
"6812",284,"Veillonella.atypica",8.94247484969072
"6813",284,"Veillonella.dispar",7.43855333138401
"6814",284,"X.Clostridium..citroniae",-0.203244972236927
"6815",284,"X.Clostridium..cocleatum",-0.203244972236927
"6816",284,"X.Clostridium..sp..MP626E2_ig1",-0.203244972236927
"6817",285,"Anaerotruncus.colihominis",-0.348412964213987
"6818",285,"Bacteroides.sp..MP64F12",-0.348412964213987
"6819",285,"Blautia.coccoides",-0.348412964213987
"6820",285,"Burkholderiales.bacterium",-0.348412964213987
"6821",285,"Citrobacter.werkmanii",-0.348412964213987
"6822",285,"Clostridium.clostridioforme.CAG.511",-0.348412964213987
"6823",285,"Clostridium.nexile.CAG.348",-0.348412964213987
"6824",285,"Clostridium.paraputrificum",-0.348412964213987
"6825",285,"Clostridium.sp..MP113D9",-0.348412964213987
"6826",285,"Clostridium.sp..MP49A11",-0.348412964213987
"6827",285,"Clostridium.sp..MP551E06",-0.348412964213987
"6828",285,"Eggerthella.lenta",-0.348412964213987
"6829",285,"Eggerthella.sp..MP163B1",-0.348412964213987
"6830",285,"Lactobacillus.animalis",-0.348412964213987
"6831",285,"Megasphaera.sp..MP182G6",-0.348412964213987
"6832",285,"Paenibacillus.macerans",-0.348412964213987
"6833",285,"Romboutsia.sp..MP35A8",-0.348412964213987
"6834",285,"Sellimonas.intestinalis",-0.348412964213987
"6835",285,"Turicibacter.sp..MP236E3",-0.348412964213987
"6836",285,"Veillonella.atypica",-0.348412964213987
"6837",285,"Veillonella.dispar",-0.348412964213987
"6838",285,"X.Clostridium..citroniae",-0.348412964213987
"6839",285,"X.Clostridium..cocleatum",-0.348412964213987
"6840",285,"X.Clostridium..sp..MP626E2_ig1",-0.348412964213987
"6841",286,"Anaerotruncus.colihominis",-0.31644353559653
"6842",286,"Bacteroides.sp..MP64F12",-0.31644353559653
"6843",286,"Blautia.coccoides",6.65077456599346
"6844",286,"Burkholderiales.bacterium",-0.31644353559653
"6845",286,"Citrobacter.werkmanii",-0.31644353559653
"6846",286,"Clostridium.clostridioforme.CAG.511",-0.31644353559653
"6847",286,"Clostridium.nexile.CAG.348",-0.31644353559653
"6848",286,"Clostridium.paraputrificum",-0.31644353559653
"6849",286,"Clostridium.sp..MP113D9",-0.31644353559653
"6850",286,"Clostridium.sp..MP49A11",-0.31644353559653
"6851",286,"Clostridium.sp..MP551E06",-0.31644353559653
"6852",286,"Eggerthella.lenta",-0.31644353559653
"6853",286,"Eggerthella.sp..MP163B1",-0.31644353559653
"6854",286,"Lactobacillus.animalis",-0.31644353559653
"6855",286,"Megasphaera.sp..MP182G6",-0.31644353559653
"6856",286,"Paenibacillus.macerans",-0.31644353559653
"6857",286,"Romboutsia.sp..MP35A8",-0.31644353559653
"6858",286,"Sellimonas.intestinalis",-0.31644353559653
"6859",286,"Turicibacter.sp..MP236E3",-0.31644353559653
"6860",286,"Veillonella.atypica",-0.31644353559653
"6861",286,"Veillonella.dispar",-0.31644353559653
"6862",286,"X.Clostridium..citroniae",-0.31644353559653
"6863",286,"X.Clostridium..cocleatum",-0.31644353559653
"6864",286,"X.Clostridium..sp..MP626E2_ig1",-0.31644353559653
"6865",287,"Anaerotruncus.colihominis",-0.439640463416968
"6866",287,"Bacteroides.sp..MP64F12",-0.439640463416968
"6867",287,"Blautia.coccoides",10.8542020827512
"6868",287,"Burkholderiales.bacterium",5.50482184681312
"6869",287,"Citrobacter.werkmanii",-0.439640463416968
"6870",287,"Clostridium.clostridioforme.CAG.511",-0.439640463416968
"6871",287,"Clostridium.nexile.CAG.348",-0.439640463416968
"6872",287,"Clostridium.paraputrificum",-0.439640463416968
"6873",287,"Clostridium.sp..MP113D9",-0.439640463416968
"6874",287,"Clostridium.sp..MP49A11",-0.439640463416968
"6875",287,"Clostridium.sp..MP551E06",-0.439640463416968
"6876",287,"Eggerthella.lenta",-0.439640463416968
"6877",287,"Eggerthella.sp..MP163B1",-0.439640463416968
"6878",287,"Lactobacillus.animalis",-0.439640463416968
"6879",287,"Megasphaera.sp..MP182G6",-0.439640463416968
"6880",287,"Paenibacillus.macerans",-0.439640463416968
"6881",287,"Romboutsia.sp..MP35A8",-0.439640463416968
"6882",287,"Sellimonas.intestinalis",-0.439640463416968
"6883",287,"Turicibacter.sp..MP236E3",-0.439640463416968
"6884",287,"Veillonella.atypica",-0.439640463416968
"6885",287,"Veillonella.dispar",-0.439640463416968
"6886",287,"X.Clostridium..citroniae",-0.439640463416968
"6887",287,"X.Clostridium..cocleatum",4.16719938431163
"6888",287,"X.Clostridium..sp..MP626E2_ig1",-0.439640463416968
"6889",288,"Anaerotruncus.colihominis",-0.502524883558692
"6890",288,"Bacteroides.sp..MP64F12",-0.502524883558692
"6891",288,"Blautia.coccoides",6.6728004110713
"6892",288,"Burkholderiales.bacterium",-0.502524883558692
"6893",288,"Citrobacter.werkmanii",-0.502524883558692
"6894",288,"Clostridium.clostridioforme.CAG.511",-0.502524883558692
"6895",288,"Clostridium.nexile.CAG.348",-0.502524883558692
"6896",288,"Clostridium.paraputrificum",3.42505509305263
"6897",288,"Clostridium.sp..MP113D9",-0.502524883558692
"6898",288,"Clostridium.sp..MP49A11",-0.502524883558692
"6899",288,"Clostridium.sp..MP551E06",-0.502524883558692
"6900",288,"Eggerthella.lenta",7.70014306112589
"6901",288,"Eggerthella.sp..MP163B1",7.62668851277755
"6902",288,"Lactobacillus.animalis",11.0056333414868
"6903",288,"Megasphaera.sp..MP182G6",-0.502524883558692
"6904",288,"Paenibacillus.macerans",6.00440662457199
"6905",288,"Romboutsia.sp..MP35A8",-0.502524883558692
"6906",288,"Sellimonas.intestinalis",-0.502524883558692
"6907",288,"Turicibacter.sp..MP236E3",-0.502524883558692
"6908",288,"Veillonella.atypica",-0.502524883558692
"6909",288,"Veillonella.dispar",-0.502524883558692
"6910",288,"X.Clostridium..citroniae",-0.502524883558692
"6911",288,"X.Clostridium..cocleatum",-0.502524883558692
"6912",288,"X.Clostridium..sp..MP626E2_ig1",-0.502524883558692
"6913",289,"Anaerotruncus.colihominis",-0.0981360294837117
"6914",289,"Bacteroides.sp..MP64F12",-0.0981360294837117
"6915",289,"Blautia.coccoides",-0.0981360294837117
"6916",289,"Burkholderiales.bacterium",-0.0981360294837117
"6917",289,"Citrobacter.werkmanii",-0.0981360294837117
"6918",289,"Clostridium.clostridioforme.CAG.511",-0.0981360294837117
"6919",289,"Clostridium.nexile.CAG.348",-0.0981360294837117
"6920",289,"Clostridium.paraputrificum",-0.0981360294837117
"6921",289,"Clostridium.sp..MP113D9",-0.0981360294837117
"6922",289,"Clostridium.sp..MP49A11",-0.0981360294837117
"6923",289,"Clostridium.sp..MP551E06",-0.0981360294837117
"6924",289,"Eggerthella.lenta",-0.0981360294837117
"6925",289,"Eggerthella.sp..MP163B1",-0.0981360294837117
"6926",289,"Lactobacillus.animalis",-0.0981360294837117
"6927",289,"Megasphaera.sp..MP182G6",-0.0981360294837117
"6928",289,"Paenibacillus.macerans",-0.0981360294837117
"6929",289,"Romboutsia.sp..MP35A8",-0.0981360294837117
"6930",289,"Sellimonas.intestinalis",-0.0981360294837117
"6931",289,"Turicibacter.sp..MP236E3",-0.0981360294837117
"6932",289,"Veillonella.atypica",-0.0981360294837117
"6933",289,"Veillonella.dispar",-0.0981360294837117
"6934",289,"X.Clostridium..citroniae",-0.0981360294837117
"6935",289,"X.Clostridium..cocleatum",-0.0981360294837117
"6936",289,"X.Clostridium..sp..MP626E2_ig1",-0.0981360294837117
"6937",290,"Anaerotruncus.colihominis",-0.387221745989057
"6938",290,"Bacteroides.sp..MP64F12",-0.387221745989057
"6939",290,"Blautia.coccoides",-0.387221745989057
"6940",290,"Burkholderiales.bacterium",-0.387221745989057
"6941",290,"Citrobacter.werkmanii",-0.387221745989057
"6942",290,"Clostridium.clostridioforme.CAG.511",-0.387221745989057
"6943",290,"Clostridium.nexile.CAG.348",-0.387221745989057
"6944",290,"Clostridium.paraputrificum",-0.387221745989057
"6945",290,"Clostridium.sp..MP113D9",-0.387221745989057
"6946",290,"Clostridium.sp..MP49A11",-0.387221745989057
"6947",290,"Clostridium.sp..MP551E06",-0.387221745989057
"6948",290,"Eggerthella.lenta",-0.387221745989057
"6949",290,"Eggerthella.sp..MP163B1",-0.387221745989057
"6950",290,"Lactobacillus.animalis",-0.387221745989057
"6951",290,"Megasphaera.sp..MP182G6",-0.387221745989057
"6952",290,"Paenibacillus.macerans",-0.387221745989057
"6953",290,"Romboutsia.sp..MP35A8",-0.387221745989057
"6954",290,"Sellimonas.intestinalis",-0.387221745989057
"6955",290,"Turicibacter.sp..MP236E3",-0.387221745989057
"6956",290,"Veillonella.atypica",-0.387221745989057
"6957",290,"Veillonella.dispar",-0.387221745989057
"6958",290,"X.Clostridium..citroniae",-0.387221745989057
"6959",290,"X.Clostridium..cocleatum",-0.387221745989057
"6960",290,"X.Clostridium..sp..MP626E2_ig1",-0.387221745989057
"6961",291,"Anaerotruncus.colihominis",4.53445609094871
"6962",291,"Bacteroides.sp..MP64F12",-1.00739562015995
"6963",291,"Blautia.coccoides",10.4385706889628
"6964",291,"Burkholderiales.bacterium",2.67192901839455
"6965",291,"Citrobacter.werkmanii",-1.00739562015995
"6966",291,"Clostridium.clostridioforme.CAG.511",8.06022038313273
"6967",291,"Clostridium.nexile.CAG.348",-1.00739562015995
"6968",291,"Clostridium.paraputrificum",5.04700693678591
"6969",291,"Clostridium.sp..MP113D9",-1.00739562015995
"6970",291,"Clostridium.sp..MP49A11",-1.00739562015995
"6971",291,"Clostridium.sp..MP551E06",-1.00739562015995
"6972",291,"Eggerthella.lenta",6.68392871164716
"6973",291,"Eggerthella.sp..MP163B1",6.45220518930364
"6974",291,"Lactobacillus.animalis",-1.00739562015995
"6975",291,"Megasphaera.sp..MP182G6",-1.00739562015995
"6976",291,"Paenibacillus.macerans",-1.00739562015995
"6977",291,"Romboutsia.sp..MP35A8",6.30332556615142
"6978",291,"Sellimonas.intestinalis",-1.00739562015995
"6979",291,"Turicibacter.sp..MP236E3",-1.00739562015995
"6980",291,"Veillonella.atypica",7.41477384906806
"6981",291,"Veillonella.dispar",-1.00739562015995
"6982",291,"X.Clostridium..citroniae",8.66149919853178
"6983",291,"X.Clostridium..cocleatum",-1.00739562015995
"6984",291,"X.Clostridium..sp..MP626E2_ig1",-1.00739562015995
"6985",292,"Anaerotruncus.colihominis",-0.542140791041074
"6986",292,"Bacteroides.sp..MP64F12",-0.542140791041074
"6987",292,"Blautia.coccoides",7.27951059601132
"6988",292,"Burkholderiales.bacterium",-0.542140791041074
"6989",292,"Citrobacter.werkmanii",-0.542140791041074
"6990",292,"Clostridium.clostridioforme.CAG.511",-0.542140791041074
"6991",292,"Clostridium.nexile.CAG.348",3.24175739767795
"6992",292,"Clostridium.paraputrificum",-0.542140791041074
"6993",292,"Clostridium.sp..MP113D9",-0.542140791041074
"6994",292,"Clostridium.sp..MP49A11",-0.542140791041074
"6995",292,"Clostridium.sp..MP551E06",-0.542140791041074
"6996",292,"Eggerthella.lenta",7.30501167494129
"6997",292,"Eggerthella.sp..MP163B1",7.50589431046752
"6998",292,"Lactobacillus.animalis",-0.542140791041074
"6999",292,"Megasphaera.sp..MP182G6",-0.542140791041074
"7000",292,"Paenibacillus.macerans",-0.542140791041074
"7001",292,"Romboutsia.sp..MP35A8",-0.542140791041074
"7002",292,"Sellimonas.intestinalis",-0.542140791041074
"7003",292,"Turicibacter.sp..MP236E3",-0.542140791041074
"7004",292,"Veillonella.atypica",-0.542140791041074
"7005",292,"Veillonella.dispar",-0.542140791041074
"7006",292,"X.Clostridium..citroniae",-0.542140791041074
"7007",292,"X.Clostridium..cocleatum",4.44371680806808
"7008",292,"X.Clostridium..sp..MP626E2_ig1",-0.542140791041074
"7009",293,"Anaerotruncus.colihominis",-0.472514545851942
"7010",293,"Bacteroides.sp..MP64F12",-0.472514545851942
"7011",293,"Blautia.coccoides",-0.472514545851942
"7012",293,"Burkholderiales.bacterium",-0.472514545851942
"7013",293,"Citrobacter.werkmanii",7.70233519746136
"7014",293,"Clostridium.clostridioforme.CAG.511",-0.472514545851942
"7015",293,"Clostridium.nexile.CAG.348",-0.472514545851942
"7016",293,"Clostridium.paraputrificum",-0.472514545851942
"7017",293,"Clostridium.sp..MP113D9",-0.472514545851942
"7018",293,"Clostridium.sp..MP49A11",-0.472514545851942
"7019",293,"Clostridium.sp..MP551E06",-0.472514545851942
"7020",293,"Eggerthella.lenta",-0.472514545851942
"7021",293,"Eggerthella.sp..MP163B1",-0.472514545851942
"7022",293,"Lactobacillus.animalis",-0.472514545851942
"7023",293,"Megasphaera.sp..MP182G6",-0.472514545851942
"7024",293,"Paenibacillus.macerans",-0.472514545851942
"7025",293,"Romboutsia.sp..MP35A8",-0.472514545851942
"7026",293,"Sellimonas.intestinalis",-0.472514545851942
"7027",293,"Turicibacter.sp..MP236E3",-0.472514545851942
"7028",293,"Veillonella.atypica",-0.472514545851942
"7029",293,"Veillonella.dispar",-0.472514545851942
"7030",293,"X.Clostridium..citroniae",8.64507746592032
"7031",293,"X.Clostridium..cocleatum",-0.472514545851942
"7032",293,"X.Clostridium..sp..MP626E2_ig1",-0.472514545851942
"7033",294,"Anaerotruncus.colihominis",-0.685062743147226
"7034",294,"Bacteroides.sp..MP64F12",-0.685062743147226
"7035",294,"Blautia.coccoides",3.96837076173723
"7036",294,"Burkholderiales.bacterium",6.19454379114096
"7037",294,"Citrobacter.werkmanii",-0.685062743147226
"7038",294,"Clostridium.clostridioforme.CAG.511",-0.685062743147226
"7039",294,"Clostridium.nexile.CAG.348",-0.685062743147226
"7040",294,"Clostridium.paraputrificum",-0.685062743147226
"7041",294,"Clostridium.sp..MP113D9",-0.685062743147226
"7042",294,"Clostridium.sp..MP49A11",-0.685062743147226
"7043",294,"Clostridium.sp..MP551E06",-0.685062743147226
"7044",294,"Eggerthella.lenta",-0.685062743147226
"7045",294,"Eggerthella.sp..MP163B1",-0.685062743147226
"7046",294,"Lactobacillus.animalis",-0.685062743147226
"7047",294,"Megasphaera.sp..MP182G6",-0.685062743147226
"7048",294,"Paenibacillus.macerans",-0.685062743147226
"7049",294,"Romboutsia.sp..MP35A8",-0.685062743147226
"7050",294,"Sellimonas.intestinalis",4.89384817859825
"7051",294,"Turicibacter.sp..MP236E3",-0.685062743147226
"7052",294,"Veillonella.atypica",-0.685062743147226
"7053",294,"Veillonella.dispar",-0.685062743147226
"7054",294,"X.Clostridium..citroniae",-0.685062743147226
"7055",294,"X.Clostridium..cocleatum",-0.685062743147226
"7056",294,"X.Clostridium..sp..MP626E2_ig1",-0.685062743147226
"7057",295,"Anaerotruncus.colihominis",3.89734232586808
"7058",295,"Bacteroides.sp..MP64F12",-0.851490165550855
"7059",295,"Blautia.coccoides",7.7267344798409
"7060",295,"Burkholderiales.bacterium",-0.851490165550855
"7061",295,"Citrobacter.werkmanii",-0.851490165550855
"7062",295,"Clostridium.clostridioforme.CAG.511",-0.851490165550855
"7063",295,"Clostridium.nexile.CAG.348",-0.851490165550855
"7064",295,"Clostridium.paraputrificum",-0.851490165550855
"7065",295,"Clostridium.sp..MP113D9",-0.851490165550855
"7066",295,"Clostridium.sp..MP49A11",-0.851490165550855
"7067",295,"Clostridium.sp..MP551E06",-0.851490165550855
"7068",295,"Eggerthella.lenta",4.7892156724452
"7069",295,"Eggerthella.sp..MP163B1",5.33505389154752
"7070",295,"Lactobacillus.animalis",-0.851490165550855
"7071",295,"Megasphaera.sp..MP182G6",-0.851490165550855
"7072",295,"Paenibacillus.macerans",-0.851490165550855
"7073",295,"Romboutsia.sp..MP35A8",5.18848979178393
"7074",295,"Sellimonas.intestinalis",-0.851490165550855
"7075",295,"Turicibacter.sp..MP236E3",-0.851490165550855
"7076",295,"Veillonella.atypica",-0.851490165550855
"7077",295,"Veillonella.dispar",-0.851490165550855
"7078",295,"X.Clostridium..citroniae",3.12632425339509
"7079",295,"X.Clostridium..cocleatum",-0.851490165550855
"7080",295,"X.Clostridium..sp..MP626E2_ig1",-0.851490165550855
"7081",296,"Anaerotruncus.colihominis",-0.620089709084626
"7082",296,"Bacteroides.sp..MP64F12",10.9330764658331
"7083",296,"Blautia.coccoides",5.85094146517823
"7084",296,"Burkholderiales.bacterium",2.71720499716688
"7085",296,"Citrobacter.werkmanii",-0.620089709084626
"7086",296,"Clostridium.clostridioforme.CAG.511",-0.620089709084626
"7087",296,"Clostridium.nexile.CAG.348",-0.620089709084626
"7088",296,"Clostridium.paraputrificum",-0.620089709084626
"7089",296,"Clostridium.sp..MP113D9",-0.620089709084626
"7090",296,"Clostridium.sp..MP49A11",-0.620089709084626
"7091",296,"Clostridium.sp..MP551E06",-0.620089709084626
"7092",296,"Eggerthella.lenta",6.85038065778347
"7093",296,"Eggerthella.sp..MP163B1",6.59118078281727
"7094",296,"Lactobacillus.animalis",-0.620089709084626
"7095",296,"Megasphaera.sp..MP182G6",-0.620089709084626
"7096",296,"Paenibacillus.macerans",-0.620089709084626
"7097",296,"Romboutsia.sp..MP35A8",-0.620089709084626
"7098",296,"Sellimonas.intestinalis",-0.620089709084626
"7099",296,"Turicibacter.sp..MP236E3",-0.620089709084626
"7100",296,"Veillonella.atypica",-0.620089709084626
"7101",296,"Veillonella.dispar",-0.620089709084626
"7102",296,"X.Clostridium..citroniae",-0.620089709084626
"7103",296,"X.Clostridium..cocleatum",-0.620089709084626
"7104",296,"X.Clostridium..sp..MP626E2_ig1",-0.620089709084626
"7105",297,"Anaerotruncus.colihominis",-0.421523781420381
"7106",297,"Bacteroides.sp..MP64F12",-0.421523781420381
"7107",297,"Blautia.coccoides",7.31996900638364
"7108",297,"Burkholderiales.bacterium",-0.421523781420381
"7109",297,"Citrobacter.werkmanii",-0.421523781420381
"7110",297,"Clostridium.clostridioforme.CAG.511",-0.421523781420381
"7111",297,"Clostridium.nexile.CAG.348",-0.421523781420381
"7112",297,"Clostridium.paraputrificum",-0.421523781420381
"7113",297,"Clostridium.sp..MP113D9",-0.421523781420381
"7114",297,"Clostridium.sp..MP49A11",-0.421523781420381
"7115",297,"Clostridium.sp..MP551E06",-0.421523781420381
"7116",297,"Eggerthella.lenta",-0.421523781420381
"7117",297,"Eggerthella.sp..MP163B1",-0.421523781420381
"7118",297,"Lactobacillus.animalis",-0.421523781420381
"7119",297,"Megasphaera.sp..MP182G6",-0.421523781420381
"7120",297,"Paenibacillus.macerans",-0.421523781420381
"7121",297,"Romboutsia.sp..MP35A8",-0.421523781420381
"7122",297,"Sellimonas.intestinalis",-0.421523781420381
"7123",297,"Turicibacter.sp..MP236E3",-0.421523781420381
"7124",297,"Veillonella.atypica",-0.421523781420381
"7125",297,"Veillonella.dispar",5.30344606097731
"7126",297,"X.Clostridium..citroniae",-0.421523781420381
"7127",297,"X.Clostridium..cocleatum",-0.421523781420381
"7128",297,"X.Clostridium..sp..MP626E2_ig1",-0.421523781420381
"7129",298,"Anaerotruncus.colihominis",5.50727496530366
"7130",298,"Bacteroides.sp..MP64F12",-0.552334682182277
"7131",298,"Blautia.coccoides",7.844737006316
"7132",298,"Burkholderiales.bacterium",-0.552334682182277
"7133",298,"Citrobacter.werkmanii",-0.552334682182277
"7134",298,"Clostridium.clostridioforme.CAG.511",-0.552334682182277
"7135",298,"Clostridium.nexile.CAG.348",-0.552334682182277
"7136",298,"Clostridium.paraputrificum",-0.552334682182277
"7137",298,"Clostridium.sp..MP113D9",-0.552334682182277
"7138",298,"Clostridium.sp..MP49A11",-0.552334682182277
"7139",298,"Clostridium.sp..MP551E06",-0.552334682182277
"7140",298,"Eggerthella.lenta",-0.552334682182277
"7141",298,"Eggerthella.sp..MP163B1",-0.552334682182277
"7142",298,"Lactobacillus.animalis",-0.552334682182277
"7143",298,"Megasphaera.sp..MP182G6",-0.552334682182277
"7144",298,"Paenibacillus.macerans",-0.552334682182277
"7145",298,"Romboutsia.sp..MP35A8",-0.552334682182277
"7146",298,"Sellimonas.intestinalis",-0.552334682182277
"7147",298,"Turicibacter.sp..MP236E3",-0.552334682182277
"7148",298,"Veillonella.atypica",-0.552334682182277
"7149",298,"Veillonella.dispar",-0.552334682182277
"7150",298,"X.Clostridium..citroniae",6.01249776773129
"7151",298,"X.Clostridium..cocleatum",-0.552334682182277
"7152",298,"X.Clostridium..sp..MP626E2_ig1",-0.552334682182277
"7153",299,"Anaerotruncus.colihominis",-0.263684129136232
"7154",299,"Bacteroides.sp..MP64F12",-0.263684129136232
"7155",299,"Blautia.coccoides",-0.263684129136232
"7156",299,"Burkholderiales.bacterium",-0.263684129136232
"7157",299,"Citrobacter.werkmanii",-0.263684129136232
"7158",299,"Clostridium.clostridioforme.CAG.511",-0.263684129136232
"7159",299,"Clostridium.nexile.CAG.348",-0.263684129136232
"7160",299,"Clostridium.paraputrificum",-0.263684129136232
"7161",299,"Clostridium.sp..MP113D9",-0.263684129136232
"7162",299,"Clostridium.sp..MP49A11",-0.263684129136232
"7163",299,"Clostridium.sp..MP551E06",-0.263684129136232
"7164",299,"Eggerthella.lenta",-0.263684129136232
"7165",299,"Eggerthella.sp..MP163B1",-0.263684129136232
"7166",299,"Lactobacillus.animalis",-0.263684129136232
"7167",299,"Megasphaera.sp..MP182G6",-0.263684129136232
"7168",299,"Paenibacillus.macerans",-0.263684129136232
"7169",299,"Romboutsia.sp..MP35A8",-0.263684129136232
"7170",299,"Sellimonas.intestinalis",-0.263684129136232
"7171",299,"Turicibacter.sp..MP236E3",-0.263684129136232
"7172",299,"Veillonella.atypica",-0.263684129136232
"7173",299,"Veillonella.dispar",-0.263684129136232
"7174",299,"X.Clostridium..citroniae",-0.263684129136232
"7175",299,"X.Clostridium..cocleatum",-0.263684129136232
"7176",299,"X.Clostridium..sp..MP626E2_ig1",-0.263684129136232
"7177",300,"Anaerotruncus.colihominis",-0.369370570888155
"7178",300,"Bacteroides.sp..MP64F12",-0.369370570888155
"7179",300,"Blautia.coccoides",7.77277267989992
"7180",300,"Burkholderiales.bacterium",-0.369370570888155
"7181",300,"Citrobacter.werkmanii",-0.369370570888155
"7182",300,"Clostridium.clostridioforme.CAG.511",9.1729786979412
"7183",300,"Clostridium.nexile.CAG.348",-0.369370570888155
"7184",300,"Clostridium.paraputrificum",-0.369370570888155
"7185",300,"Clostridium.sp..MP113D9",-0.369370570888155
"7186",300,"Clostridium.sp..MP49A11",-0.369370570888155
"7187",300,"Clostridium.sp..MP551E06",-0.369370570888155
"7188",300,"Eggerthella.lenta",-0.369370570888155
"7189",300,"Eggerthella.sp..MP163B1",-0.369370570888155
"7190",300,"Lactobacillus.animalis",-0.369370570888155
"7191",300,"Megasphaera.sp..MP182G6",-0.369370570888155
"7192",300,"Paenibacillus.macerans",-0.369370570888155
"7193",300,"Romboutsia.sp..MP35A8",-0.369370570888155
"7194",300,"Sellimonas.intestinalis",-0.369370570888155
"7195",300,"Turicibacter.sp..MP236E3",-0.369370570888155
"7196",300,"Veillonella.atypica",5.94144681879174
"7197",300,"Veillonella.dispar",-0.369370570888155
"7198",300,"X.Clostridium..citroniae",8.37867322944227
"7199",300,"X.Clostridium..cocleatum",6.3829512427423
"7200",300,"X.Clostridium..sp..MP626E2_ig1",-0.369370570888155
"7201",301,"Anaerotruncus.colihominis",-0.622571839378502
"7202",301,"Bacteroides.sp..MP64F12",-0.622571839378502
"7203",301,"Blautia.coccoides",-0.622571839378502
"7204",301,"Burkholderiales.bacterium",-0.622571839378502
"7205",301,"Citrobacter.werkmanii",-0.622571839378502
"7206",301,"Clostridium.clostridioforme.CAG.511",-0.622571839378502
"7207",301,"Clostridium.nexile.CAG.348",-0.622571839378502
"7208",301,"Clostridium.paraputrificum",-0.622571839378502
"7209",301,"Clostridium.sp..MP113D9",-0.622571839378502
"7210",301,"Clostridium.sp..MP49A11",-0.622571839378502
"7211",301,"Clostridium.sp..MP551E06",-0.622571839378502
"7212",301,"Eggerthella.lenta",-0.622571839378502
"7213",301,"Eggerthella.sp..MP163B1",-0.622571839378502
"7214",301,"Lactobacillus.animalis",-0.622571839378502
"7215",301,"Megasphaera.sp..MP182G6",-0.622571839378502
"7216",301,"Paenibacillus.macerans",-0.622571839378502
"7217",301,"Romboutsia.sp..MP35A8",-0.622571839378502
"7218",301,"Sellimonas.intestinalis",-0.622571839378502
"7219",301,"Turicibacter.sp..MP236E3",-0.622571839378502
"7220",301,"Veillonella.atypica",-0.622571839378502
"7221",301,"Veillonella.dispar",-0.622571839378502
"7222",301,"X.Clostridium..citroniae",-0.622571839378502
"7223",301,"X.Clostridium..cocleatum",-0.622571839378502
"7224",301,"X.Clostridium..sp..MP626E2_ig1",5.3916804403743
"7225",302,"Anaerotruncus.colihominis",7.84611838252057
"7226",302,"Bacteroides.sp..MP64F12",-0.363630462981376
"7227",302,"Blautia.coccoides",-0.363630462981376
"7228",302,"Burkholderiales.bacterium",-0.363630462981376
"7229",302,"Citrobacter.werkmanii",-0.363630462981376
"7230",302,"Clostridium.clostridioforme.CAG.511",-0.363630462981376
"7231",302,"Clostridium.nexile.CAG.348",-0.363630462981376
"7232",302,"Clostridium.paraputrificum",4.0406155287453
"7233",302,"Clostridium.sp..MP113D9",-0.363630462981376
"7234",302,"Clostridium.sp..MP49A11",-0.363630462981376
"7235",302,"Clostridium.sp..MP551E06",-0.363630462981376
"7236",302,"Eggerthella.lenta",-0.363630462981376
"7237",302,"Eggerthella.sp..MP163B1",-0.363630462981376
"7238",302,"Lactobacillus.animalis",-0.363630462981376
"7239",302,"Megasphaera.sp..MP182G6",-0.363630462981376
"7240",302,"Paenibacillus.macerans",-0.363630462981376
"7241",302,"Romboutsia.sp..MP35A8",-0.363630462981376
"7242",302,"Sellimonas.intestinalis",-0.363630462981376
"7243",302,"Turicibacter.sp..MP236E3",-0.363630462981376
"7244",302,"Veillonella.atypica",-0.363630462981376
"7245",302,"Veillonella.dispar",6.79907434295048
"7246",302,"X.Clostridium..citroniae",11.1310810758609
"7247",302,"X.Clostridium..cocleatum",-0.363630462981376
"7248",302,"X.Clostridium..sp..MP626E2_ig1",-0.363630462981376
"7249",303,"Anaerotruncus.colihominis",-0.26260832205508
"7250",303,"Bacteroides.sp..MP64F12",-0.26260832205508
"7251",303,"Blautia.coccoides",-0.26260832205508
"7252",303,"Burkholderiales.bacterium",-0.26260832205508
"7253",303,"Citrobacter.werkmanii",-0.26260832205508
"7254",303,"Clostridium.clostridioforme.CAG.511",-0.26260832205508
"7255",303,"Clostridium.nexile.CAG.348",-0.26260832205508
"7256",303,"Clostridium.paraputrificum",-0.26260832205508
"7257",303,"Clostridium.sp..MP113D9",-0.26260832205508
"7258",303,"Clostridium.sp..MP49A11",-0.26260832205508
"7259",303,"Clostridium.sp..MP551E06",-0.26260832205508
"7260",303,"Eggerthella.lenta",7.92011792015694
"7261",303,"Eggerthella.sp..MP163B1",6.19289579268279
"7262",303,"Lactobacillus.animalis",-0.26260832205508
"7263",303,"Megasphaera.sp..MP182G6",6.7411185523069
"7264",303,"Paenibacillus.macerans",-0.26260832205508
"7265",303,"Romboutsia.sp..MP35A8",-0.26260832205508
"7266",303,"Sellimonas.intestinalis",-0.26260832205508
"7267",303,"Turicibacter.sp..MP236E3",-0.26260832205508
"7268",303,"Veillonella.atypica",-0.26260832205508
"7269",303,"Veillonella.dispar",-0.26260832205508
"7270",303,"X.Clostridium..citroniae",11.9042673299716
"7271",303,"X.Clostridium..cocleatum",-0.26260832205508
"7272",303,"X.Clostridium..sp..MP626E2_ig1",-0.26260832205508
"7273",304,"Anaerotruncus.colihominis",5.72151390600683
"7274",304,"Bacteroides.sp..MP64F12",-0.874444050636196
"7275",304,"Blautia.coccoides",1.67986227447503
"7276",304,"Burkholderiales.bacterium",-0.874444050636196
"7277",304,"Citrobacter.werkmanii",-0.874444050636196
"7278",304,"Clostridium.clostridioforme.CAG.511",-0.874444050636196
"7279",304,"Clostridium.nexile.CAG.348",-0.874444050636196
"7280",304,"Clostridium.paraputrificum",-0.874444050636196
"7281",304,"Clostridium.sp..MP113D9",-0.874444050636196
"7282",304,"Clostridium.sp..MP49A11",-0.874444050636196
"7283",304,"Clostridium.sp..MP551E06",-0.874444050636196
"7284",304,"Eggerthella.lenta",7.75329656786068
"7285",304,"Eggerthella.sp..MP163B1",7.00837934326255
"7286",304,"Lactobacillus.animalis",-0.874444050636196
"7287",304,"Megasphaera.sp..MP182G6",-0.874444050636196
"7288",304,"Paenibacillus.macerans",-0.874444050636196
"7289",304,"Romboutsia.sp..MP35A8",-0.874444050636196
"7290",304,"Sellimonas.intestinalis",8.02520543128447
"7291",304,"Turicibacter.sp..MP236E3",-0.874444050636196
"7292",304,"Veillonella.atypica",-0.874444050636196
"7293",304,"Veillonella.dispar",-0.874444050636196
"7294",304,"X.Clostridium..citroniae",7.77668266834929
"7295",304,"X.Clostridium..cocleatum",-0.874444050636196
"7296",304,"X.Clostridium..sp..MP626E2_ig1",-0.874444050636196
"7297",305,"Anaerotruncus.colihominis",-0.16401837846502
"7298",305,"Bacteroides.sp..MP64F12",-0.16401837846502
"7299",305,"Blautia.coccoides",4.17558193302717
"7300",305,"Burkholderiales.bacterium",4.13443423593884
"7301",305,"Citrobacter.werkmanii",-0.16401837846502
"7302",305,"Clostridium.clostridioforme.CAG.511",-0.16401837846502
"7303",305,"Clostridium.nexile.CAG.348",-0.16401837846502
"7304",305,"Clostridium.paraputrificum",-0.16401837846502
"7305",305,"Clostridium.sp..MP113D9",-0.16401837846502
"7306",305,"Clostridium.sp..MP49A11",-0.16401837846502
"7307",305,"Clostridium.sp..MP551E06",-0.16401837846502
"7308",305,"Eggerthella.lenta",-0.16401837846502
"7309",305,"Eggerthella.sp..MP163B1",-0.16401837846502
"7310",305,"Lactobacillus.animalis",-0.16401837846502
"7311",305,"Megasphaera.sp..MP182G6",-0.16401837846502
"7312",305,"Paenibacillus.macerans",-0.16401837846502
"7313",305,"Romboutsia.sp..MP35A8",-0.16401837846502
"7314",305,"Sellimonas.intestinalis",-0.16401837846502
"7315",305,"Turicibacter.sp..MP236E3",-0.16401837846502
"7316",305,"Veillonella.atypica",11.7934521951274
"7317",305,"Veillonella.dispar",-0.16401837846502
"7318",305,"X.Clostridium..citroniae",-0.16401837846502
"7319",305,"X.Clostridium..cocleatum",-0.16401837846502
"7320",305,"X.Clostridium..sp..MP626E2_ig1",-0.16401837846502
"7321",306,"Anaerotruncus.colihominis",-0.64748094673836
"7322",306,"Bacteroides.sp..MP64F12",-0.64748094673836
"7323",306,"Blautia.coccoides",-0.64748094673836
"7324",306,"Burkholderiales.bacterium",3.38727975537363
"7325",306,"Citrobacter.werkmanii",-0.64748094673836
"7326",306,"Clostridium.clostridioforme.CAG.511",-0.64748094673836
"7327",306,"Clostridium.nexile.CAG.348",-0.64748094673836
"7328",306,"Clostridium.paraputrificum",-0.64748094673836
"7329",306,"Clostridium.sp..MP113D9",-0.64748094673836
"7330",306,"Clostridium.sp..MP49A11",-0.64748094673836
"7331",306,"Clostridium.sp..MP551E06",-0.64748094673836
"7332",306,"Eggerthella.lenta",7.71770167514111
"7333",306,"Eggerthella.sp..MP163B1",6.59719572976449
"7334",306,"Lactobacillus.animalis",-0.64748094673836
"7335",306,"Megasphaera.sp..MP182G6",-0.64748094673836
"7336",306,"Paenibacillus.macerans",-0.64748094673836
"7337",306,"Romboutsia.sp..MP35A8",-0.64748094673836
"7338",306,"Sellimonas.intestinalis",-0.64748094673836
"7339",306,"Turicibacter.sp..MP236E3",-0.64748094673836
"7340",306,"Veillonella.atypica",5.32811554245013
"7341",306,"Veillonella.dispar",-0.64748094673836
"7342",306,"X.Clostridium..citroniae",-0.64748094673836
"7343",306,"X.Clostridium..cocleatum",-0.64748094673836
"7344",306,"X.Clostridium..sp..MP626E2_ig1",-0.64748094673836
"7345",307,"Anaerotruncus.colihominis",-0.442084406739813
"7346",307,"Bacteroides.sp..MP64F12",-0.442084406739813
"7347",307,"Blautia.coccoides",-0.442084406739813
"7348",307,"Burkholderiales.bacterium",5.75981407293005
"7349",307,"Citrobacter.werkmanii",-0.442084406739813
"7350",307,"Clostridium.clostridioforme.CAG.511",-0.442084406739813
"7351",307,"Clostridium.nexile.CAG.348",-0.442084406739813
"7352",307,"Clostridium.paraputrificum",-0.442084406739813
"7353",307,"Clostridium.sp..MP113D9",-0.442084406739813
"7354",307,"Clostridium.sp..MP49A11",-0.442084406739813
"7355",307,"Clostridium.sp..MP551E06",-0.442084406739813
"7356",307,"Eggerthella.lenta",-0.442084406739813
"7357",307,"Eggerthella.sp..MP163B1",-0.442084406739813
"7358",307,"Lactobacillus.animalis",-0.442084406739813
"7359",307,"Megasphaera.sp..MP182G6",-0.442084406739813
"7360",307,"Paenibacillus.macerans",-0.442084406739813
"7361",307,"Romboutsia.sp..MP35A8",-0.442084406739813
"7362",307,"Sellimonas.intestinalis",-0.442084406739813
"7363",307,"Turicibacter.sp..MP236E3",-0.442084406739813
"7364",307,"Veillonella.atypica",-0.442084406739813
"7365",307,"Veillonella.dispar",-0.442084406739813
"7366",307,"X.Clostridium..citroniae",-0.442084406739813
"7367",307,"X.Clostridium..cocleatum",-0.442084406739813
"7368",307,"X.Clostridium..sp..MP626E2_ig1",-0.442084406739813
"7369",308,"Anaerotruncus.colihominis",5.22624442368691
"7370",308,"Bacteroides.sp..MP64F12",-0.561288435209653
"7371",308,"Blautia.coccoides",6.83812232360443
"7372",308,"Burkholderiales.bacterium",-0.561288435209653
"7373",308,"Citrobacter.werkmanii",-0.561288435209653
"7374",308,"Clostridium.clostridioforme.CAG.511",-0.561288435209653
"7375",308,"Clostridium.nexile.CAG.348",6.65301793708929
"7376",308,"Clostridium.paraputrificum",3.85495925156066
"7377",308,"Clostridium.sp..MP113D9",-0.561288435209653
"7378",308,"Clostridium.sp..MP49A11",-0.561288435209653
"7379",308,"Clostridium.sp..MP551E06",-0.561288435209653
"7380",308,"Eggerthella.lenta",-0.561288435209653
"7381",308,"Eggerthella.sp..MP163B1",-0.561288435209653
"7382",308,"Lactobacillus.animalis",-0.561288435209653
"7383",308,"Megasphaera.sp..MP182G6",-0.561288435209653
"7384",308,"Paenibacillus.macerans",-0.561288435209653
"7385",308,"Romboutsia.sp..MP35A8",-0.561288435209653
"7386",308,"Sellimonas.intestinalis",-0.561288435209653
"7387",308,"Turicibacter.sp..MP236E3",-0.561288435209653
"7388",308,"Veillonella.atypica",10.606577488649
"7389",308,"Veillonella.dispar",-0.561288435209653
"7390",308,"X.Clostridium..citroniae",8.62791630697338
"7391",308,"X.Clostridium..cocleatum",-0.561288435209653
"7392",308,"X.Clostridium..sp..MP626E2_ig1",4.67057447536332
"7393",309,"Anaerotruncus.colihominis",-0.331458426645085
"7394",309,"Bacteroides.sp..MP64F12",-0.331458426645085
"7395",309,"Blautia.coccoides",-0.331458426645085
"7396",309,"Burkholderiales.bacterium",-0.331458426645085
"7397",309,"Citrobacter.werkmanii",-0.331458426645085
"7398",309,"Clostridium.clostridioforme.CAG.511",-0.331458426645085
"7399",309,"Clostridium.nexile.CAG.348",-0.331458426645085
"7400",309,"Clostridium.paraputrificum",-0.331458426645085
"7401",309,"Clostridium.sp..MP113D9",-0.331458426645085
"7402",309,"Clostridium.sp..MP49A11",-0.331458426645085
"7403",309,"Clostridium.sp..MP551E06",-0.331458426645085
"7404",309,"Eggerthella.lenta",-0.331458426645085
"7405",309,"Eggerthella.sp..MP163B1",-0.331458426645085
"7406",309,"Lactobacillus.animalis",-0.331458426645085
"7407",309,"Megasphaera.sp..MP182G6",-0.331458426645085
"7408",309,"Paenibacillus.macerans",-0.331458426645085
"7409",309,"Romboutsia.sp..MP35A8",-0.331458426645085
"7410",309,"Sellimonas.intestinalis",-0.331458426645085
"7411",309,"Turicibacter.sp..MP236E3",-0.331458426645085
"7412",309,"Veillonella.atypica",-0.331458426645085
"7413",309,"Veillonella.dispar",-0.331458426645085
"7414",309,"X.Clostridium..citroniae",-0.331458426645085
"7415",309,"X.Clostridium..cocleatum",-0.331458426645085
"7416",309,"X.Clostridium..sp..MP626E2_ig1",-0.331458426645085
"7417",310,"Anaerotruncus.colihominis",-0.447852589771403
"7418",310,"Bacteroides.sp..MP64F12",-0.447852589771403
"7419",310,"Blautia.coccoides",-0.447852589771403
"7420",310,"Burkholderiales.bacterium",-0.447852589771403
"7421",310,"Citrobacter.werkmanii",-0.447852589771403
"7422",310,"Clostridium.clostridioforme.CAG.511",-0.447852589771403
"7423",310,"Clostridium.nexile.CAG.348",-0.447852589771403
"7424",310,"Clostridium.paraputrificum",-0.447852589771403
"7425",310,"Clostridium.sp..MP113D9",-0.447852589771403
"7426",310,"Clostridium.sp..MP49A11",-0.447852589771403
"7427",310,"Clostridium.sp..MP551E06",-0.447852589771403
"7428",310,"Eggerthella.lenta",-0.447852589771403
"7429",310,"Eggerthella.sp..MP163B1",-0.447852589771403
"7430",310,"Lactobacillus.animalis",-0.447852589771403
"7431",310,"Megasphaera.sp..MP182G6",-0.447852589771403
"7432",310,"Paenibacillus.macerans",-0.447852589771403
"7433",310,"Romboutsia.sp..MP35A8",-0.447852589771403
"7434",310,"Sellimonas.intestinalis",-0.447852589771403
"7435",310,"Turicibacter.sp..MP236E3",-0.447852589771403
"7436",310,"Veillonella.atypica",-0.447852589771403
"7437",310,"Veillonella.dispar",-0.447852589771403
"7438",310,"X.Clostridium..citroniae",-0.447852589771403
"7439",310,"X.Clostridium..cocleatum",-0.447852589771403
"7440",310,"X.Clostridium..sp..MP626E2_ig1",-0.447852589771403
"7441",311,"Anaerotruncus.colihominis",-0.347913385429113
"7442",311,"Bacteroides.sp..MP64F12",-0.347913385429113
"7443",311,"Blautia.coccoides",-0.347913385429113
"7444",311,"Burkholderiales.bacterium",-0.347913385429113
"7445",311,"Citrobacter.werkmanii",-0.347913385429113
"7446",311,"Clostridium.clostridioforme.CAG.511",-0.347913385429113
"7447",311,"Clostridium.nexile.CAG.348",-0.347913385429113
"7448",311,"Clostridium.paraputrificum",-0.347913385429113
"7449",311,"Clostridium.sp..MP113D9",-0.347913385429113
"7450",311,"Clostridium.sp..MP49A11",-0.347913385429113
"7451",311,"Clostridium.sp..MP551E06",-0.347913385429113
"7452",311,"Eggerthella.lenta",7.46167488332767
"7453",311,"Eggerthella.sp..MP163B1",6.17851276371757
"7454",311,"Lactobacillus.animalis",-0.347913385429113
"7455",311,"Megasphaera.sp..MP182G6",-0.347913385429113
"7456",311,"Paenibacillus.macerans",-0.347913385429113
"7457",311,"Romboutsia.sp..MP35A8",-0.347913385429113
"7458",311,"Sellimonas.intestinalis",-0.347913385429113
"7459",311,"Turicibacter.sp..MP236E3",-0.347913385429113
"7460",311,"Veillonella.atypica",-0.347913385429113
"7461",311,"Veillonella.dispar",-0.347913385429113
"7462",311,"X.Clostridium..citroniae",-0.347913385429113
"7463",311,"X.Clostridium..cocleatum",6.66894211596246
"7464",311,"X.Clostridium..sp..MP626E2_ig1",-0.347913385429113
"7465",312,"Anaerotruncus.colihominis",-0.152100828536634
"7466",312,"Bacteroides.sp..MP64F12",-0.152100828536634
"7467",312,"Blautia.coccoides",-0.152100828536634
"7468",312,"Burkholderiales.bacterium",-0.152100828536634
"7469",312,"Citrobacter.werkmanii",-0.152100828536634
"7470",312,"Clostridium.clostridioforme.CAG.511",-0.152100828536634
"7471",312,"Clostridium.nexile.CAG.348",-0.152100828536634
"7472",312,"Clostridium.paraputrificum",-0.152100828536634
"7473",312,"Clostridium.sp..MP113D9",-0.152100828536634
"7474",312,"Clostridium.sp..MP49A11",-0.152100828536634
"7475",312,"Clostridium.sp..MP551E06",-0.152100828536634
"7476",312,"Eggerthella.lenta",-0.152100828536634
"7477",312,"Eggerthella.sp..MP163B1",-0.152100828536634
"7478",312,"Lactobacillus.animalis",-0.152100828536634
"7479",312,"Megasphaera.sp..MP182G6",-0.152100828536634
"7480",312,"Paenibacillus.macerans",-0.152100828536634
"7481",312,"Romboutsia.sp..MP35A8",-0.152100828536634
"7482",312,"Sellimonas.intestinalis",-0.152100828536634
"7483",312,"Turicibacter.sp..MP236E3",-0.152100828536634
"7484",312,"Veillonella.atypica",-0.152100828536634
"7485",312,"Veillonella.dispar",-0.152100828536634
"7486",312,"X.Clostridium..citroniae",-0.152100828536634
"7487",312,"X.Clostridium..cocleatum",-0.152100828536634
"7488",312,"X.Clostridium..sp..MP626E2_ig1",-0.152100828536634
"7489",313,"Anaerotruncus.colihominis",2.8648456784121
"7490",313,"Bacteroides.sp..MP64F12",-1.2866903706436
"7491",313,"Blautia.coccoides",3.3109075672755
"7492",313,"Burkholderiales.bacterium",-1.2866903706436
"7493",313,"Citrobacter.werkmanii",-1.2866903706436
"7494",313,"Clostridium.clostridioforme.CAG.511",-1.2866903706436
"7495",313,"Clostridium.nexile.CAG.348",-1.2866903706436
"7496",313,"Clostridium.paraputrificum",-1.2866903706436
"7497",313,"Clostridium.sp..MP113D9",-1.2866903706436
"7498",313,"Clostridium.sp..MP49A11",-1.2866903706436
"7499",313,"Clostridium.sp..MP551E06",-1.2866903706436
"7500",313,"Eggerthella.lenta",6.34002577447309
"7501",313,"Eggerthella.sp..MP163B1",4.77145475053267
"7502",313,"Lactobacillus.animalis",-1.2866903706436
"7503",313,"Megasphaera.sp..MP182G6",-1.2866903706436
"7504",313,"Paenibacillus.macerans",-1.2866903706436
"7505",313,"Romboutsia.sp..MP35A8",-1.2866903706436
"7506",313,"Sellimonas.intestinalis",4.64565020565544
"7507",313,"Turicibacter.sp..MP236E3",-1.2866903706436
"7508",313,"Veillonella.atypica",-1.2866903706436
"7509",313,"Veillonella.dispar",-1.2866903706436
"7510",313,"X.Clostridium..citroniae",-1.2866903706436
"7511",313,"X.Clostridium..cocleatum",-1.2866903706436
"7512",313,"X.Clostridium..sp..MP626E2_ig1",4.14438525836393
"7513",314,"Anaerotruncus.colihominis",-0.493936617374214
"7514",314,"Bacteroides.sp..MP64F12",-0.493936617374214
"7515",314,"Blautia.coccoides",-0.493936617374214
"7516",314,"Burkholderiales.bacterium",-0.493936617374214
"7517",314,"Citrobacter.werkmanii",-0.493936617374214
"7518",314,"Clostridium.clostridioforme.CAG.511",-0.493936617374214
"7519",314,"Clostridium.nexile.CAG.348",-0.493936617374214
"7520",314,"Clostridium.paraputrificum",-0.493936617374214
"7521",314,"Clostridium.sp..MP113D9",-0.493936617374214
"7522",314,"Clostridium.sp..MP49A11",-0.493936617374214
"7523",314,"Clostridium.sp..MP551E06",-0.493936617374214
"7524",314,"Eggerthella.lenta",-0.493936617374214
"7525",314,"Eggerthella.sp..MP163B1",-0.493936617374214
"7526",314,"Lactobacillus.animalis",-0.493936617374214
"7527",314,"Megasphaera.sp..MP182G6",-0.493936617374214
"7528",314,"Paenibacillus.macerans",-0.493936617374214
"7529",314,"Romboutsia.sp..MP35A8",-0.493936617374214
"7530",314,"Sellimonas.intestinalis",-0.493936617374214
"7531",314,"Turicibacter.sp..MP236E3",-0.493936617374214
"7532",314,"Veillonella.atypica",-0.493936617374214
"7533",314,"Veillonella.dispar",-0.493936617374214
"7534",314,"X.Clostridium..citroniae",-0.493936617374214
"7535",314,"X.Clostridium..cocleatum",-0.493936617374214
"7536",314,"X.Clostridium..sp..MP626E2_ig1",-0.493936617374214
"7537",315,"Anaerotruncus.colihominis",-0.564721024608877
"7538",315,"Bacteroides.sp..MP64F12",-0.564721024608877
"7539",315,"Blautia.coccoides",3.81356691315961
"7540",315,"Burkholderiales.bacterium",-0.564721024608877
"7541",315,"Citrobacter.werkmanii",-0.564721024608877
"7542",315,"Clostridium.clostridioforme.CAG.511",-0.564721024608877
"7543",315,"Clostridium.nexile.CAG.348",-0.564721024608877
"7544",315,"Clostridium.paraputrificum",-0.564721024608877
"7545",315,"Clostridium.sp..MP113D9",5.20772778406541
"7546",315,"Clostridium.sp..MP49A11",-0.564721024608877
"7547",315,"Clostridium.sp..MP551E06",-0.564721024608877
"7548",315,"Eggerthella.lenta",-0.564721024608877
"7549",315,"Eggerthella.sp..MP163B1",-0.564721024608877
"7550",315,"Lactobacillus.animalis",-0.564721024608877
"7551",315,"Megasphaera.sp..MP182G6",-0.564721024608877
"7552",315,"Paenibacillus.macerans",-0.564721024608877
"7553",315,"Romboutsia.sp..MP35A8",-0.564721024608877
"7554",315,"Sellimonas.intestinalis",-0.564721024608877
"7555",315,"Turicibacter.sp..MP236E3",-0.564721024608877
"7556",315,"Veillonella.atypica",-0.564721024608877
"7557",315,"Veillonella.dispar",-0.564721024608877
"7558",315,"X.Clostridium..citroniae",-0.564721024608877
"7559",315,"X.Clostridium..cocleatum",-0.564721024608877
"7560",315,"X.Clostridium..sp..MP626E2_ig1",7.78835885964811
"7561",316,"Anaerotruncus.colihominis",-0.324565832535479
"7562",316,"Bacteroides.sp..MP64F12",-0.324565832535479
"7563",316,"Blautia.coccoides",-0.324565832535479
"7564",316,"Burkholderiales.bacterium",-0.324565832535479
"7565",316,"Citrobacter.werkmanii",-0.324565832535479
"7566",316,"Clostridium.clostridioforme.CAG.511",8.44452065001846
"7567",316,"Clostridium.nexile.CAG.348",-0.324565832535479
"7568",316,"Clostridium.paraputrificum",-0.324565832535479
"7569",316,"Clostridium.sp..MP113D9",-0.324565832535479
"7570",316,"Clostridium.sp..MP49A11",-0.324565832535479
"7571",316,"Clostridium.sp..MP551E06",-0.324565832535479
"7572",316,"Eggerthella.lenta",-0.324565832535479
"7573",316,"Eggerthella.sp..MP163B1",-0.324565832535479
"7574",316,"Lactobacillus.animalis",-0.324565832535479
"7575",316,"Megasphaera.sp..MP182G6",-0.324565832535479
"7576",316,"Paenibacillus.macerans",-0.324565832535479
"7577",316,"Romboutsia.sp..MP35A8",-0.324565832535479
"7578",316,"Sellimonas.intestinalis",-0.324565832535479
"7579",316,"Turicibacter.sp..MP236E3",-0.324565832535479
"7580",316,"Veillonella.atypica",10.5698563091306
"7581",316,"Veillonella.dispar",-0.324565832535479
"7582",316,"X.Clostridium..citroniae",-0.324565832535479
"7583",316,"X.Clostridium..cocleatum",-0.324565832535479
"7584",316,"X.Clostridium..sp..MP626E2_ig1",-0.324565832535479
"7585",317,"Anaerotruncus.colihominis",6.67102639642782
"7586",317,"Bacteroides.sp..MP64F12",-0.25737659049202
"7587",317,"Blautia.coccoides",10.7171954002369
"7588",317,"Burkholderiales.bacterium",-0.25737659049202
"7589",317,"Citrobacter.werkmanii",-0.25737659049202
"7590",317,"Clostridium.clostridioforme.CAG.511",-0.25737659049202
"7591",317,"Clostridium.nexile.CAG.348",-0.25737659049202
"7592",317,"Clostridium.paraputrificum",6.81717138829233
"7593",317,"Clostridium.sp..MP113D9",-0.25737659049202
"7594",317,"Clostridium.sp..MP49A11",-0.25737659049202
"7595",317,"Clostridium.sp..MP551E06",-0.25737659049202
"7596",317,"Eggerthella.lenta",-0.25737659049202
"7597",317,"Eggerthella.sp..MP163B1",-0.25737659049202
"7598",317,"Lactobacillus.animalis",-0.25737659049202
"7599",317,"Megasphaera.sp..MP182G6",-0.25737659049202
"7600",317,"Paenibacillus.macerans",-0.25737659049202
"7601",317,"Romboutsia.sp..MP35A8",-0.25737659049202
"7602",317,"Sellimonas.intestinalis",-0.25737659049202
"7603",317,"Turicibacter.sp..MP236E3",-0.25737659049202
"7604",317,"Veillonella.atypica",-0.25737659049202
"7605",317,"Veillonella.dispar",-0.25737659049202
"7606",317,"X.Clostridium..citroniae",-0.25737659049202
"7607",317,"X.Clostridium..cocleatum",-0.25737659049202
"7608",317,"X.Clostridium..sp..MP626E2_ig1",-0.25737659049202
"7609",318,"Anaerotruncus.colihominis",-0.192117432152877
"7610",318,"Bacteroides.sp..MP64F12",-0.192117432152877
"7611",318,"Blautia.coccoides",-0.192117432152877
"7612",318,"Burkholderiales.bacterium",-0.192117432152877
"7613",318,"Citrobacter.werkmanii",-0.192117432152877
"7614",318,"Clostridium.clostridioforme.CAG.511",-0.192117432152877
"7615",318,"Clostridium.nexile.CAG.348",-0.192117432152877
"7616",318,"Clostridium.paraputrificum",-0.192117432152877
"7617",318,"Clostridium.sp..MP113D9",-0.192117432152877
"7618",318,"Clostridium.sp..MP49A11",-0.192117432152877
"7619",318,"Clostridium.sp..MP551E06",-0.192117432152877
"7620",318,"Eggerthella.lenta",-0.192117432152877
"7621",318,"Eggerthella.sp..MP163B1",-0.192117432152877
"7622",318,"Lactobacillus.animalis",-0.192117432152877
"7623",318,"Megasphaera.sp..MP182G6",-0.192117432152877
"7624",318,"Paenibacillus.macerans",-0.192117432152877
"7625",318,"Romboutsia.sp..MP35A8",-0.192117432152877
"7626",318,"Sellimonas.intestinalis",-0.192117432152877
"7627",318,"Turicibacter.sp..MP236E3",-0.192117432152877
"7628",318,"Veillonella.atypica",9.56031154420035
"7629",318,"Veillonella.dispar",-0.192117432152877
"7630",318,"X.Clostridium..citroniae",-0.192117432152877
"7631",318,"X.Clostridium..cocleatum",-0.192117432152877
"7632",318,"X.Clostridium..sp..MP626E2_ig1",-0.192117432152877
"7633",319,"Anaerotruncus.colihominis",-0.409877656478956
"7634",319,"Bacteroides.sp..MP64F12",-0.409877656478956
"7635",319,"Blautia.coccoides",7.36224381600391
"7636",319,"Burkholderiales.bacterium",-0.409877656478956
"7637",319,"Citrobacter.werkmanii",-0.409877656478956
"7638",319,"Clostridium.clostridioforme.CAG.511",-0.409877656478956
"7639",319,"Clostridium.nexile.CAG.348",-0.409877656478956
"7640",319,"Clostridium.paraputrificum",-0.409877656478956
"7641",319,"Clostridium.sp..MP113D9",-0.409877656478956
"7642",319,"Clostridium.sp..MP49A11",-0.409877656478956
"7643",319,"Clostridium.sp..MP551E06",-0.409877656478956
"7644",319,"Eggerthella.lenta",-0.409877656478956
"7645",319,"Eggerthella.sp..MP163B1",5.4514846519372
"7646",319,"Lactobacillus.animalis",7.98971263736634
"7647",319,"Megasphaera.sp..MP182G6",-0.409877656478956
"7648",319,"Paenibacillus.macerans",2.82168932337479
"7649",319,"Romboutsia.sp..MP35A8",-0.409877656478956
"7650",319,"Sellimonas.intestinalis",-0.409877656478956
"7651",319,"Turicibacter.sp..MP236E3",-0.409877656478956
"7652",319,"Veillonella.atypica",7.83764025455198
"7653",319,"Veillonella.dispar",-0.409877656478956
"7654",319,"X.Clostridium..citroniae",-0.409877656478956
"7655",319,"X.Clostridium..cocleatum",6.83982697517066
"7656",319,"X.Clostridium..sp..MP626E2_ig1",-0.409877656478956
"7657",320,"Anaerotruncus.colihominis",-0.27041293490266
"7658",320,"Bacteroides.sp..MP64F12",-0.27041293490266
"7659",320,"Blautia.coccoides",4.5780071120368
"7660",320,"Burkholderiales.bacterium",-0.27041293490266
"7661",320,"Citrobacter.werkmanii",-0.27041293490266
"7662",320,"Clostridium.clostridioforme.CAG.511",-0.27041293490266
"7663",320,"Clostridium.nexile.CAG.348",-0.27041293490266
"7664",320,"Clostridium.paraputrificum",-0.27041293490266
"7665",320,"Clostridium.sp..MP113D9",-0.27041293490266
"7666",320,"Clostridium.sp..MP49A11",-0.27041293490266
"7667",320,"Clostridium.sp..MP551E06",-0.27041293490266
"7668",320,"Eggerthella.lenta",-0.27041293490266
"7669",320,"Eggerthella.sp..MP163B1",-0.27041293490266
"7670",320,"Lactobacillus.animalis",-0.27041293490266
"7671",320,"Megasphaera.sp..MP182G6",-0.27041293490266
"7672",320,"Paenibacillus.macerans",-0.27041293490266
"7673",320,"Romboutsia.sp..MP35A8",-0.27041293490266
"7674",320,"Sellimonas.intestinalis",-0.27041293490266
"7675",320,"Turicibacter.sp..MP236E3",-0.27041293490266
"7676",320,"Veillonella.atypica",-0.27041293490266
"7677",320,"Veillonella.dispar",-0.27041293490266
"7678",320,"X.Clostridium..citroniae",-0.27041293490266
"7679",320,"X.Clostridium..cocleatum",-0.27041293490266
"7680",320,"X.Clostridium..sp..MP626E2_ig1",-0.27041293490266
"7681",321,"Anaerotruncus.colihominis",3.83686971762039
"7682",321,"Bacteroides.sp..MP64F12",-0.959486888382401
"7683",321,"Blautia.coccoides",6.02553511256944
"7684",321,"Burkholderiales.bacterium",-0.959486888382401
"7685",321,"Citrobacter.werkmanii",-0.959486888382401
"7686",321,"Clostridium.clostridioforme.CAG.511",7.26900064778331
"7687",321,"Clostridium.nexile.CAG.348",-0.959486888382401
"7688",321,"Clostridium.paraputrificum",-0.959486888382401
"7689",321,"Clostridium.sp..MP113D9",-0.959486888382401
"7690",321,"Clostridium.sp..MP49A11",-0.959486888382401
"7691",321,"Clostridium.sp..MP551E06",-0.959486888382401
"7692",321,"Eggerthella.lenta",6.94153384158202
"7693",321,"Eggerthella.sp..MP163B1",7.11172724720001
"7694",321,"Lactobacillus.animalis",-0.959486888382401
"7695",321,"Megasphaera.sp..MP182G6",-0.959486888382401
"7696",321,"Paenibacillus.macerans",-0.959486888382401
"7697",321,"Romboutsia.sp..MP35A8",-0.959486888382401
"7698",321,"Sellimonas.intestinalis",6.81075848517595
"7699",321,"Turicibacter.sp..MP236E3",-0.959486888382401
"7700",321,"Veillonella.atypica",-0.959486888382401
"7701",321,"Veillonella.dispar",-0.959486888382401
"7702",321,"X.Clostridium..citroniae",3.8584127077057
"7703",321,"X.Clostridium..cocleatum",-0.959486888382401
"7704",321,"X.Clostridium..sp..MP626E2_ig1",-0.959486888382401
"7705",322,"Anaerotruncus.colihominis",-0.135178882645919
"7706",322,"Bacteroides.sp..MP64F12",-0.135178882645919
"7707",322,"Blautia.coccoides",-0.135178882645919
"7708",322,"Burkholderiales.bacterium",-0.135178882645919
"7709",322,"Citrobacter.werkmanii",-0.135178882645919
"7710",322,"Clostridium.clostridioforme.CAG.511",-0.135178882645919
"7711",322,"Clostridium.nexile.CAG.348",-0.135178882645919
"7712",322,"Clostridium.paraputrificum",-0.135178882645919
"7713",322,"Clostridium.sp..MP113D9",-0.135178882645919
"7714",322,"Clostridium.sp..MP49A11",-0.135178882645919
"7715",322,"Clostridium.sp..MP551E06",-0.135178882645919
"7716",322,"Eggerthella.lenta",-0.135178882645919
"7717",322,"Eggerthella.sp..MP163B1",-0.135178882645919
"7718",322,"Lactobacillus.animalis",-0.135178882645919
"7719",322,"Megasphaera.sp..MP182G6",-0.135178882645919
"7720",322,"Paenibacillus.macerans",-0.135178882645919
"7721",322,"Romboutsia.sp..MP35A8",-0.135178882645919
"7722",322,"Sellimonas.intestinalis",-0.135178882645919
"7723",322,"Turicibacter.sp..MP236E3",-0.135178882645919
"7724",322,"Veillonella.atypica",-0.135178882645919
"7725",322,"Veillonella.dispar",-0.135178882645919
"7726",322,"X.Clostridium..citroniae",-0.135178882645919
"7727",322,"X.Clostridium..cocleatum",-0.135178882645919
"7728",322,"X.Clostridium..sp..MP626E2_ig1",-0.135178882645919
"7729",323,"Anaerotruncus.colihominis",-0.255757636802977
"7730",323,"Bacteroides.sp..MP64F12",-0.255757636802977
"7731",323,"Blautia.coccoides",12.3614402405709
"7732",323,"Burkholderiales.bacterium",-0.255757636802977
"7733",323,"Citrobacter.werkmanii",-0.255757636802977
"7734",323,"Clostridium.clostridioforme.CAG.511",-0.255757636802977
"7735",323,"Clostridium.nexile.CAG.348",-0.255757636802977
"7736",323,"Clostridium.paraputrificum",-0.255757636802977
"7737",323,"Clostridium.sp..MP113D9",-0.255757636802977
"7738",323,"Clostridium.sp..MP49A11",-0.255757636802977
"7739",323,"Clostridium.sp..MP551E06",-0.255757636802977
"7740",323,"Eggerthella.lenta",-0.255757636802977
"7741",323,"Eggerthella.sp..MP163B1",-0.255757636802977
"7742",323,"Lactobacillus.animalis",-0.255757636802977
"7743",323,"Megasphaera.sp..MP182G6",-0.255757636802977
"7744",323,"Paenibacillus.macerans",-0.255757636802977
"7745",323,"Romboutsia.sp..MP35A8",-0.255757636802977
"7746",323,"Sellimonas.intestinalis",-0.255757636802977
"7747",323,"Turicibacter.sp..MP236E3",-0.255757636802977
"7748",323,"Veillonella.atypica",-0.255757636802977
"7749",323,"Veillonella.dispar",-0.255757636802977
"7750",323,"X.Clostridium..citroniae",-0.255757636802977
"7751",323,"X.Clostridium..cocleatum",6.05942461005887
"7752",323,"X.Clostridium..sp..MP626E2_ig1",-0.255757636802977
"7753",324,"Anaerotruncus.colihominis",-0.574111497990449
"7754",324,"Bacteroides.sp..MP64F12",-0.574111497990449
"7755",324,"Blautia.coccoides",-0.574111497990449
"7756",324,"Burkholderiales.bacterium",-0.574111497990449
"7757",324,"Citrobacter.werkmanii",-0.574111497990449
"7758",324,"Clostridium.clostridioforme.CAG.511",-0.574111497990449
"7759",324,"Clostridium.nexile.CAG.348",-0.574111497990449
"7760",324,"Clostridium.paraputrificum",-0.574111497990449
"7761",324,"Clostridium.sp..MP113D9",-0.574111497990449
"7762",324,"Clostridium.sp..MP49A11",-0.574111497990449
"7763",324,"Clostridium.sp..MP551E06",-0.574111497990449
"7764",324,"Eggerthella.lenta",-0.574111497990449
"7765",324,"Eggerthella.sp..MP163B1",-0.574111497990449
"7766",324,"Lactobacillus.animalis",-0.574111497990449
"7767",324,"Megasphaera.sp..MP182G6",-0.574111497990449
"7768",324,"Paenibacillus.macerans",-0.574111497990449
"7769",324,"Romboutsia.sp..MP35A8",-0.574111497990449
"7770",324,"Sellimonas.intestinalis",-0.574111497990449
"7771",324,"Turicibacter.sp..MP236E3",5.63691733171018
"7772",324,"Veillonella.atypica",-0.574111497990449
"7773",324,"Veillonella.dispar",9.46259890193331
"7774",324,"X.Clostridium..citroniae",7.66282765418066
"7775",324,"X.Clostridium..cocleatum",-0.574111497990449
"7776",324,"X.Clostridium..sp..MP626E2_ig1",-0.574111497990449
"7777",325,"Anaerotruncus.colihominis",-0.308385171785554
"7778",325,"Bacteroides.sp..MP64F12",-0.308385171785554
"7779",325,"Blautia.coccoides",-0.308385171785554
"7780",325,"Burkholderiales.bacterium",4.53962099349397
"7781",325,"Citrobacter.werkmanii",-0.308385171785554
"7782",325,"Clostridium.clostridioforme.CAG.511",-0.308385171785554
"7783",325,"Clostridium.nexile.CAG.348",-0.308385171785554
"7784",325,"Clostridium.paraputrificum",3.45901531441166
"7785",325,"Clostridium.sp..MP113D9",-0.308385171785554
"7786",325,"Clostridium.sp..MP49A11",-0.308385171785554
"7787",325,"Clostridium.sp..MP551E06",-0.308385171785554
"7788",325,"Eggerthella.lenta",-0.308385171785554
"7789",325,"Eggerthella.sp..MP163B1",-0.308385171785554
"7790",325,"Lactobacillus.animalis",-0.308385171785554
"7791",325,"Megasphaera.sp..MP182G6",-0.308385171785554
"7792",325,"Paenibacillus.macerans",-0.308385171785554
"7793",325,"Romboutsia.sp..MP35A8",-0.308385171785554
"7794",325,"Sellimonas.intestinalis",-0.308385171785554
"7795",325,"Turicibacter.sp..MP236E3",-0.308385171785554
"7796",325,"Veillonella.atypica",8.97341627285982
"7797",325,"Veillonella.dispar",-0.308385171785554
"7798",325,"X.Clostridium..citroniae",-0.308385171785554
"7799",325,"X.Clostridium..cocleatum",-0.308385171785554
"7800",325,"X.Clostridium..sp..MP626E2_ig1",-0.308385171785554
"7801",326,"Anaerotruncus.colihominis",-0.316763240845319
"7802",326,"Bacteroides.sp..MP64F12",-0.316763240845319
"7803",326,"Blautia.coccoides",-0.316763240845319
"7804",326,"Burkholderiales.bacterium",-0.316763240845319
"7805",326,"Citrobacter.werkmanii",-0.316763240845319
"7806",326,"Clostridium.clostridioforme.CAG.511",-0.316763240845319
"7807",326,"Clostridium.nexile.CAG.348",-0.316763240845319
"7808",326,"Clostridium.paraputrificum",-0.316763240845319
"7809",326,"Clostridium.sp..MP113D9",-0.316763240845319
"7810",326,"Clostridium.sp..MP49A11",-0.316763240845319
"7811",326,"Clostridium.sp..MP551E06",-0.316763240845319
"7812",326,"Eggerthella.lenta",-0.316763240845319
"7813",326,"Eggerthella.sp..MP163B1",-0.316763240845319
"7814",326,"Lactobacillus.animalis",10.7287785561504
"7815",326,"Megasphaera.sp..MP182G6",-0.316763240845319
"7816",326,"Paenibacillus.macerans",7.21328243447102
"7817",326,"Romboutsia.sp..MP35A8",-0.316763240845319
"7818",326,"Sellimonas.intestinalis",-0.316763240845319
"7819",326,"Turicibacter.sp..MP236E3",-0.316763240845319
"7820",326,"Veillonella.atypica",-0.316763240845319
"7821",326,"Veillonella.dispar",-0.316763240845319
"7822",326,"X.Clostridium..citroniae",-0.316763240845319
"7823",326,"X.Clostridium..cocleatum",6.70970773115386
"7824",326,"X.Clostridium..sp..MP626E2_ig1",-0.316763240845319
"7825",327,"Anaerotruncus.colihominis",-0.655421878088138
"7826",327,"Bacteroides.sp..MP64F12",-0.655421878088138
"7827",327,"Blautia.coccoides",-0.655421878088138
"7828",327,"Burkholderiales.bacterium",-0.655421878088138
"7829",327,"Citrobacter.werkmanii",-0.655421878088138
"7830",327,"Clostridium.clostridioforme.CAG.511",-0.655421878088138
"7831",327,"Clostridium.nexile.CAG.348",-0.655421878088138
"7832",327,"Clostridium.paraputrificum",-0.655421878088138
"7833",327,"Clostridium.sp..MP113D9",-0.655421878088138
"7834",327,"Clostridium.sp..MP49A11",-0.655421878088138
"7835",327,"Clostridium.sp..MP551E06",-0.655421878088138
"7836",327,"Eggerthella.lenta",-0.655421878088138
"7837",327,"Eggerthella.sp..MP163B1",-0.655421878088138
"7838",327,"Lactobacillus.animalis",-0.655421878088138
"7839",327,"Megasphaera.sp..MP182G6",-0.655421878088138
"7840",327,"Paenibacillus.macerans",-0.655421878088138
"7841",327,"Romboutsia.sp..MP35A8",-0.655421878088138
"7842",327,"Sellimonas.intestinalis",-0.655421878088138
"7843",327,"Turicibacter.sp..MP236E3",-0.655421878088138
"7844",327,"Veillonella.atypica",6.4813203153464
"7845",327,"Veillonella.dispar",6.10902169291914
"7846",327,"X.Clostridium..citroniae",-0.655421878088138
"7847",327,"X.Clostridium..cocleatum",-0.655421878088138
"7848",327,"X.Clostridium..sp..MP626E2_ig1",-0.655421878088138
"7849",328,"Anaerotruncus.colihominis",-0.198167084739415
"7850",328,"Bacteroides.sp..MP64F12",-0.198167084739415
"7851",328,"Blautia.coccoides",-0.198167084739415
"7852",328,"Burkholderiales.bacterium",-0.198167084739415
"7853",328,"Citrobacter.werkmanii",-0.198167084739415
"7854",328,"Clostridium.clostridioforme.CAG.511",-0.198167084739415
"7855",328,"Clostridium.nexile.CAG.348",-0.198167084739415
"7856",328,"Clostridium.paraputrificum",4.61319632823779
"7857",328,"Clostridium.sp..MP113D9",-0.198167084739415
"7858",328,"Clostridium.sp..MP49A11",-0.198167084739415
"7859",328,"Clostridium.sp..MP551E06",-0.198167084739415
"7860",328,"Eggerthella.lenta",-0.198167084739415
"7861",328,"Eggerthella.sp..MP163B1",-0.198167084739415
"7862",328,"Lactobacillus.animalis",10.3526692407994
"7863",328,"Megasphaera.sp..MP182G6",-0.198167084739415
"7864",328,"Paenibacillus.macerans",-0.198167084739415
"7865",328,"Romboutsia.sp..MP35A8",-0.198167084739415
"7866",328,"Sellimonas.intestinalis",-0.198167084739415
"7867",328,"Turicibacter.sp..MP236E3",-0.198167084739415
"7868",328,"Veillonella.atypica",9.32891754422386
"7869",328,"Veillonella.dispar",8.74784600536516
"7870",328,"X.Clostridium..citroniae",-0.198167084739415
"7871",328,"X.Clostridium..cocleatum",-0.198167084739415
"7872",328,"X.Clostridium..sp..MP626E2_ig1",-0.198167084739415
"7873",329,"Anaerotruncus.colihominis",8.32725081039126
"7874",329,"Bacteroides.sp..MP64F12",-0.822875081016056
"7875",329,"Blautia.coccoides",-0.822875081016056
"7876",329,"Burkholderiales.bacterium",-0.822875081016056
"7877",329,"Citrobacter.werkmanii",-0.822875081016056
"7878",329,"Clostridium.clostridioforme.CAG.511",-0.822875081016056
"7879",329,"Clostridium.nexile.CAG.348",-0.822875081016056
"7880",329,"Clostridium.paraputrificum",-0.822875081016056
"7881",329,"Clostridium.sp..MP113D9",-0.822875081016056
"7882",329,"Clostridium.sp..MP49A11",-0.822875081016056
"7883",329,"Clostridium.sp..MP551E06",-0.822875081016056
"7884",329,"Eggerthella.lenta",8.97795577156807
"7885",329,"Eggerthella.sp..MP163B1",6.16023028072347
"7886",329,"Lactobacillus.animalis",-0.822875081016056
"7887",329,"Megasphaera.sp..MP182G6",-0.822875081016056
"7888",329,"Paenibacillus.macerans",-0.822875081016056
"7889",329,"Romboutsia.sp..MP35A8",-0.822875081016056
"7890",329,"Sellimonas.intestinalis",7.40036190266714
"7891",329,"Turicibacter.sp..MP236E3",-0.822875081016056
"7892",329,"Veillonella.atypica",-0.822875081016056
"7893",329,"Veillonella.dispar",-0.822875081016056
"7894",329,"X.Clostridium..citroniae",7.99980685960545
"7895",329,"X.Clostridium..cocleatum",-0.822875081016056
"7896",329,"X.Clostridium..sp..MP626E2_ig1",5.05278108992956
"7897",330,"Anaerotruncus.colihominis",-0.0967407669698659
"7898",330,"Bacteroides.sp..MP64F12",-0.0967407669698659
"7899",330,"Blautia.coccoides",-0.0967407669698659
"7900",330,"Burkholderiales.bacterium",-0.0967407669698659
"7901",330,"Citrobacter.werkmanii",-0.0967407669698659
"7902",330,"Clostridium.clostridioforme.CAG.511",-0.0967407669698659
"7903",330,"Clostridium.nexile.CAG.348",-0.0967407669698659
"7904",330,"Clostridium.paraputrificum",-0.0967407669698659
"7905",330,"Clostridium.sp..MP113D9",-0.0967407669698659
"7906",330,"Clostridium.sp..MP49A11",-0.0967407669698659
"7907",330,"Clostridium.sp..MP551E06",-0.0967407669698659
"7908",330,"Eggerthella.lenta",8.76178493259523
"7909",330,"Eggerthella.sp..MP163B1",-0.0967407669698659
"7910",330,"Lactobacillus.animalis",-0.0967407669698659
"7911",330,"Megasphaera.sp..MP182G6",-0.0967407669698659
"7912",330,"Paenibacillus.macerans",-0.0967407669698659
"7913",330,"Romboutsia.sp..MP35A8",-0.0967407669698659
"7914",330,"Sellimonas.intestinalis",-0.0967407669698659
"7915",330,"Turicibacter.sp..MP236E3",-0.0967407669698659
"7916",330,"Veillonella.atypica",-0.0967407669698659
"7917",330,"Veillonella.dispar",-0.0967407669698659
"7918",330,"X.Clostridium..citroniae",-0.0967407669698659
"7919",330,"X.Clostridium..cocleatum",-0.0967407669698659
"7920",330,"X.Clostridium..sp..MP626E2_ig1",-0.0967407669698659
"7921",331,"Anaerotruncus.colihominis",-0.384188902373243
"7922",331,"Bacteroides.sp..MP64F12",-0.384188902373243
"7923",331,"Blautia.coccoides",-0.384188902373243
"7924",331,"Burkholderiales.bacterium",-0.384188902373243
"7925",331,"Citrobacter.werkmanii",-0.384188902373243
"7926",331,"Clostridium.clostridioforme.CAG.511",-0.384188902373243
"7927",331,"Clostridium.nexile.CAG.348",-0.384188902373243
"7928",331,"Clostridium.paraputrificum",-0.384188902373243
"7929",331,"Clostridium.sp..MP113D9",5.24050068107855
"7930",331,"Clostridium.sp..MP49A11",-0.384188902373243
"7931",331,"Clostridium.sp..MP551E06",-0.384188902373243
"7932",331,"Eggerthella.lenta",8.20351897954541
"7933",331,"Eggerthella.sp..MP163B1",6.15992954275729
"7934",331,"Lactobacillus.animalis",-0.384188902373243
"7935",331,"Megasphaera.sp..MP182G6",-0.384188902373243
"7936",331,"Paenibacillus.macerans",-0.384188902373243
"7937",331,"Romboutsia.sp..MP35A8",-0.384188902373243
"7938",331,"Sellimonas.intestinalis",-0.384188902373243
"7939",331,"Turicibacter.sp..MP236E3",-0.384188902373243
"7940",331,"Veillonella.atypica",-0.384188902373243
"7941",331,"Veillonella.dispar",-0.384188902373243
"7942",331,"X.Clostridium..citroniae",-0.384188902373243
"7943",331,"X.Clostridium..cocleatum",-0.384188902373243
"7944",331,"X.Clostridium..sp..MP626E2_ig1",-0.384188902373243
"7945",332,"Anaerotruncus.colihominis",4.60711976778264
"7946",332,"Bacteroides.sp..MP64F12",-0.684338239866319
"7947",332,"Blautia.coccoides",7.41823052314239
"7948",332,"Burkholderiales.bacterium",-0.684338239866319
"7949",332,"Citrobacter.werkmanii",-0.684338239866319
"7950",332,"Clostridium.clostridioforme.CAG.511",7.46287561685423
"7951",332,"Clostridium.nexile.CAG.348",-0.684338239866319
"7952",332,"Clostridium.paraputrificum",-0.684338239866319
"7953",332,"Clostridium.sp..MP113D9",-0.684338239866319
"7954",332,"Clostridium.sp..MP49A11",-0.684338239866319
"7955",332,"Clostridium.sp..MP551E06",-0.684338239866319
"7956",332,"Eggerthella.lenta",7.74628465210329
"7957",332,"Eggerthella.sp..MP163B1",6.86051155789652
"7958",332,"Lactobacillus.animalis",-0.684338239866319
"7959",332,"Megasphaera.sp..MP182G6",-0.684338239866319
"7960",332,"Paenibacillus.macerans",-0.684338239866319
"7961",332,"Romboutsia.sp..MP35A8",-0.684338239866319
"7962",332,"Sellimonas.intestinalis",-0.684338239866319
"7963",332,"Turicibacter.sp..MP236E3",-0.684338239866319
"7964",332,"Veillonella.atypica",8.63784092974445
"7965",332,"Veillonella.dispar",-0.684338239866319
"7966",332,"X.Clostridium..citroniae",4.16124846599551
"7967",332,"X.Clostridium..cocleatum",-0.684338239866319
"7968",332,"X.Clostridium..sp..MP626E2_ig1",-0.684338239866319
"7969",333,"Anaerotruncus.colihominis",-0.724852976364668
"7970",333,"Bacteroides.sp..MP64F12",-0.724852976364668
"7971",333,"Blautia.coccoides",7.28091138833495
"7972",333,"Burkholderiales.bacterium",4.92241838564957
"7973",333,"Citrobacter.werkmanii",5.82449479236037
"7974",333,"Clostridium.clostridioforme.CAG.511",-0.724852976364668
"7975",333,"Clostridium.nexile.CAG.348",-0.724852976364668
"7976",333,"Clostridium.paraputrificum",-0.724852976364668
"7977",333,"Clostridium.sp..MP113D9",-0.724852976364668
"7978",333,"Clostridium.sp..MP49A11",-0.724852976364668
"7979",333,"Clostridium.sp..MP551E06",-0.724852976364668
"7980",333,"Eggerthella.lenta",-0.724852976364668
"7981",333,"Eggerthella.sp..MP163B1",-0.724852976364668
"7982",333,"Lactobacillus.animalis",-0.724852976364668
"7983",333,"Megasphaera.sp..MP182G6",-0.724852976364668
"7984",333,"Paenibacillus.macerans",-0.724852976364668
"7985",333,"Romboutsia.sp..MP35A8",-0.724852976364668
"7986",333,"Sellimonas.intestinalis",-0.724852976364668
"7987",333,"Turicibacter.sp..MP236E3",-0.724852976364668
"7988",333,"Veillonella.atypica",-0.724852976364668
"7989",333,"Veillonella.dispar",-0.724852976364668
"7990",333,"X.Clostridium..citroniae",-0.724852976364668
"7991",333,"X.Clostridium..cocleatum",6.89659942345105
"7992",333,"X.Clostridium..sp..MP626E2_ig1",-0.724852976364668
"7993",334,"Anaerotruncus.colihominis",-0.480625184083433
"7994",334,"Bacteroides.sp..MP64F12",-0.480625184083433
"7995",334,"Blautia.coccoides",8.62113446570483
"7996",334,"Burkholderiales.bacterium",-0.480625184083433
"7997",334,"Citrobacter.werkmanii",-0.480625184083433
"7998",334,"Clostridium.clostridioforme.CAG.511",-0.480625184083433
"7999",334,"Clostridium.nexile.CAG.348",-0.480625184083433
"8000",334,"Clostridium.paraputrificum",-0.480625184083433
"8001",334,"Clostridium.sp..MP113D9",-0.480625184083433
"8002",334,"Clostridium.sp..MP49A11",-0.480625184083433
"8003",334,"Clostridium.sp..MP551E06",-0.480625184083433
"8004",334,"Eggerthella.lenta",-0.480625184083433
"8005",334,"Eggerthella.sp..MP163B1",-0.480625184083433
"8006",334,"Lactobacillus.animalis",-0.480625184083433
"8007",334,"Megasphaera.sp..MP182G6",-0.480625184083433
"8008",334,"Paenibacillus.macerans",-0.480625184083433
"8009",334,"Romboutsia.sp..MP35A8",-0.480625184083433
"8010",334,"Sellimonas.intestinalis",-0.480625184083433
"8011",334,"Turicibacter.sp..MP236E3",-0.480625184083433
"8012",334,"Veillonella.atypica",7.7457521347688
"8013",334,"Veillonella.dispar",6.2433585611912
"8014",334,"X.Clostridium..citroniae",5.6495833365289
"8015",334,"X.Clostridium..cocleatum",4.23944263035403
"8016",334,"X.Clostridium..sp..MP626E2_ig1",-0.480625184083433
"8017",335,"Anaerotruncus.colihominis",-0.566663590377688
"8018",335,"Bacteroides.sp..MP64F12",-0.566663590377688
"8019",335,"Blautia.coccoides",-0.566663590377688
"8020",335,"Burkholderiales.bacterium",-0.566663590377688
"8021",335,"Citrobacter.werkmanii",-0.566663590377688
"8022",335,"Clostridium.clostridioforme.CAG.511",-0.566663590377688
"8023",335,"Clostridium.nexile.CAG.348",-0.566663590377688
"8024",335,"Clostridium.paraputrificum",4.30806286731422
"8025",335,"Clostridium.sp..MP113D9",-0.566663590377688
"8026",335,"Clostridium.sp..MP49A11",-0.566663590377688
"8027",335,"Clostridium.sp..MP551E06",-0.566663590377688
"8028",335,"Eggerthella.lenta",8.21301033671808
"8029",335,"Eggerthella.sp..MP163B1",-0.566663590377688
"8030",335,"Lactobacillus.animalis",-0.566663590377688
"8031",335,"Megasphaera.sp..MP182G6",-0.566663590377688
"8032",335,"Paenibacillus.macerans",-0.566663590377688
"8033",335,"Romboutsia.sp..MP35A8",-0.566663590377688
"8034",335,"Sellimonas.intestinalis",6.85598321395904
"8035",335,"Turicibacter.sp..MP236E3",-0.566663590377688
"8036",335,"Veillonella.atypica",-0.566663590377688
"8037",335,"Veillonella.dispar",-0.566663590377688
"8038",335,"X.Clostridium..citroniae",7.46347563060892
"8039",335,"X.Clostridium..cocleatum",-0.566663590377688
"8040",335,"X.Clostridium..sp..MP626E2_ig1",-0.566663590377688
"8041",336,"Anaerotruncus.colihominis",-0.933114216426548
"8042",336,"Bacteroides.sp..MP64F12",-0.933114216426548
"8043",336,"Blautia.coccoides",5.7090074251137
"8044",336,"Burkholderiales.bacterium",-0.933114216426548
"8045",336,"Citrobacter.werkmanii",-0.933114216426548
"8046",336,"Clostridium.clostridioforme.CAG.511",-0.933114216426548
"8047",336,"Clostridium.nexile.CAG.348",-0.933114216426548
"8048",336,"Clostridium.paraputrificum",-0.933114216426548
"8049",336,"Clostridium.sp..MP113D9",-0.933114216426548
"8050",336,"Clostridium.sp..MP49A11",-0.933114216426548
"8051",336,"Clostridium.sp..MP551E06",-0.933114216426548
"8052",336,"Eggerthella.lenta",9.67799515474044
"8053",336,"Eggerthella.sp..MP163B1",-0.933114216426548
"8054",336,"Lactobacillus.animalis",-0.933114216426548
"8055",336,"Megasphaera.sp..MP182G6",-0.933114216426548
"8056",336,"Paenibacillus.macerans",-0.933114216426548
"8057",336,"Romboutsia.sp..MP35A8",-0.933114216426548
"8058",336,"Sellimonas.intestinalis",6.17178817821483
"8059",336,"Turicibacter.sp..MP236E3",-0.933114216426548
"8060",336,"Veillonella.atypica",-0.933114216426548
"8061",336,"Veillonella.dispar",-0.933114216426548
"8062",336,"X.Clostridium..citroniae",6.63842061725285
"8063",336,"X.Clostridium..cocleatum",-0.933114216426548
"8064",336,"X.Clostridium..sp..MP626E2_ig1",-0.933114216426548
"8065",337,"Anaerotruncus.colihominis",-0.387837771922353
"8066",337,"Bacteroides.sp..MP64F12",-0.387837771922353
"8067",337,"Blautia.coccoides",-0.387837771922353
"8068",337,"Burkholderiales.bacterium",6.32925047078674
"8069",337,"Citrobacter.werkmanii",-0.387837771922353
"8070",337,"Clostridium.clostridioforme.CAG.511",-0.387837771922353
"8071",337,"Clostridium.nexile.CAG.348",9.03954532335304
"8072",337,"Clostridium.paraputrificum",-0.387837771922353
"8073",337,"Clostridium.sp..MP113D9",-0.387837771922353
"8074",337,"Clostridium.sp..MP49A11",-0.387837771922353
"8075",337,"Clostridium.sp..MP551E06",-0.387837771922353
"8076",337,"Eggerthella.lenta",7.72515070239993
"8077",337,"Eggerthella.sp..MP163B1",5.76982376078868
"8078",337,"Lactobacillus.animalis",-0.387837771922353
"8079",337,"Megasphaera.sp..MP182G6",-0.387837771922353
"8080",337,"Paenibacillus.macerans",-0.387837771922353
"8081",337,"Romboutsia.sp..MP35A8",-0.387837771922353
"8082",337,"Sellimonas.intestinalis",-0.387837771922353
"8083",337,"Turicibacter.sp..MP236E3",-0.387837771922353
"8084",337,"Veillonella.atypica",8.9071445557897
"8085",337,"Veillonella.dispar",-0.387837771922353
"8086",337,"X.Clostridium..citroniae",8.34758348867271
"8087",337,"X.Clostridium..cocleatum",-0.387837771922353
"8088",337,"X.Clostridium..sp..MP626E2_ig1",-0.387837771922353
"8089",338,"Anaerotruncus.colihominis",-0.50038024039981
"8090",338,"Bacteroides.sp..MP64F12",-0.50038024039981
"8091",338,"Blautia.coccoides",-0.50038024039981
"8092",338,"Burkholderiales.bacterium",-0.50038024039981
"8093",338,"Citrobacter.werkmanii",-0.50038024039981
"8094",338,"Clostridium.clostridioforme.CAG.511",-0.50038024039981
"8095",338,"Clostridium.nexile.CAG.348",-0.50038024039981
"8096",338,"Clostridium.paraputrificum",-0.50038024039981
"8097",338,"Clostridium.sp..MP113D9",-0.50038024039981
"8098",338,"Clostridium.sp..MP49A11",-0.50038024039981
"8099",338,"Clostridium.sp..MP551E06",-0.50038024039981
"8100",338,"Eggerthella.lenta",-0.50038024039981
"8101",338,"Eggerthella.sp..MP163B1",-0.50038024039981
"8102",338,"Lactobacillus.animalis",-0.50038024039981
"8103",338,"Megasphaera.sp..MP182G6",-0.50038024039981
"8104",338,"Paenibacillus.macerans",-0.50038024039981
"8105",338,"Romboutsia.sp..MP35A8",-0.50038024039981
"8106",338,"Sellimonas.intestinalis",-0.50038024039981
"8107",338,"Turicibacter.sp..MP236E3",-0.50038024039981
"8108",338,"Veillonella.atypica",-0.50038024039981
"8109",338,"Veillonella.dispar",-0.50038024039981
"8110",338,"X.Clostridium..citroniae",-0.50038024039981
"8111",338,"X.Clostridium..cocleatum",4.53315459376597
"8112",338,"X.Clostridium..sp..MP626E2_ig1",-0.50038024039981
"8113",339,"Anaerotruncus.colihominis",-0.692808683098841
"8114",339,"Bacteroides.sp..MP64F12",-0.692808683098841
"8115",339,"Blautia.coccoides",3.15800263267818
"8116",339,"Burkholderiales.bacterium",-0.692808683098841
"8117",339,"Citrobacter.werkmanii",-0.692808683098841
"8118",339,"Clostridium.clostridioforme.CAG.511",-0.692808683098841
"8119",339,"Clostridium.nexile.CAG.348",-0.692808683098841
"8120",339,"Clostridium.paraputrificum",-0.692808683098841
"8121",339,"Clostridium.sp..MP113D9",-0.692808683098841
"8122",339,"Clostridium.sp..MP49A11",-0.692808683098841
"8123",339,"Clostridium.sp..MP551E06",-0.692808683098841
"8124",339,"Eggerthella.lenta",-0.692808683098841
"8125",339,"Eggerthella.sp..MP163B1",-0.692808683098841
"8126",339,"Lactobacillus.animalis",-0.692808683098841
"8127",339,"Megasphaera.sp..MP182G6",-0.692808683098841
"8128",339,"Paenibacillus.macerans",-0.692808683098841
"8129",339,"Romboutsia.sp..MP35A8",-0.692808683098841
"8130",339,"Sellimonas.intestinalis",-0.692808683098841
"8131",339,"Turicibacter.sp..MP236E3",-0.692808683098841
"8132",339,"Veillonella.atypica",-0.692808683098841
"8133",339,"Veillonella.dispar",-0.692808683098841
"8134",339,"X.Clostridium..citroniae",-0.692808683098841
"8135",339,"X.Clostridium..cocleatum",-0.692808683098841
"8136",339,"X.Clostridium..sp..MP626E2_ig1",-0.692808683098841
"8137",340,"Anaerotruncus.colihominis",-0.347926244921215
"8138",340,"Bacteroides.sp..MP64F12",12.6387207241044
"8139",340,"Blautia.coccoides",-0.347926244921215
"8140",340,"Burkholderiales.bacterium",4.57831912453029
"8141",340,"Citrobacter.werkmanii",-0.347926244921215
"8142",340,"Clostridium.clostridioforme.CAG.511",-0.347926244921215
"8143",340,"Clostridium.nexile.CAG.348",-0.347926244921215
"8144",340,"Clostridium.paraputrificum",-0.347926244921215
"8145",340,"Clostridium.sp..MP113D9",-0.347926244921215
"8146",340,"Clostridium.sp..MP49A11",-0.347926244921215
"8147",340,"Clostridium.sp..MP551E06",-0.347926244921215
"8148",340,"Eggerthella.lenta",-0.347926244921215
"8149",340,"Eggerthella.sp..MP163B1",-0.347926244921215
"8150",340,"Lactobacillus.animalis",-0.347926244921215
"8151",340,"Megasphaera.sp..MP182G6",-0.347926244921215
"8152",340,"Paenibacillus.macerans",-0.347926244921215
"8153",340,"Romboutsia.sp..MP35A8",-0.347926244921215
"8154",340,"Sellimonas.intestinalis",-0.347926244921215
"8155",340,"Turicibacter.sp..MP236E3",-0.347926244921215
"8156",340,"Veillonella.atypica",-0.347926244921215
"8157",340,"Veillonella.dispar",-0.347926244921215
"8158",340,"X.Clostridium..citroniae",4.70238735401571
"8159",340,"X.Clostridium..cocleatum",-0.347926244921215
"8160",340,"X.Clostridium..sp..MP626E2_ig1",-0.347926244921215
"8161",341,"Anaerotruncus.colihominis",-0.283573358516779
"8162",341,"Bacteroides.sp..MP64F12",-0.283573358516779
"8163",341,"Blautia.coccoides",4.8044738607916
"8164",341,"Burkholderiales.bacterium",-0.283573358516779
"8165",341,"Citrobacter.werkmanii",-0.283573358516779
"8166",341,"Clostridium.clostridioforme.CAG.511",-0.283573358516779
"8167",341,"Clostridium.nexile.CAG.348",-0.283573358516779
"8168",341,"Clostridium.paraputrificum",-0.283573358516779
"8169",341,"Clostridium.sp..MP113D9",-0.283573358516779
"8170",341,"Clostridium.sp..MP49A11",-0.283573358516779
"8171",341,"Clostridium.sp..MP551E06",-0.283573358516779
"8172",341,"Eggerthella.lenta",-0.283573358516779
"8173",341,"Eggerthella.sp..MP163B1",-0.283573358516779
"8174",341,"Lactobacillus.animalis",-0.283573358516779
"8175",341,"Megasphaera.sp..MP182G6",-0.283573358516779
"8176",341,"Paenibacillus.macerans",-0.283573358516779
"8177",341,"Romboutsia.sp..MP35A8",-0.283573358516779
"8178",341,"Sellimonas.intestinalis",-0.283573358516779
"8179",341,"Turicibacter.sp..MP236E3",-0.283573358516779
"8180",341,"Veillonella.atypica",7.75691179334751
"8181",341,"Veillonella.dispar",-0.283573358516779
"8182",341,"X.Clostridium..citroniae",8.23978521388618
"8183",341,"X.Clostridium..cocleatum",-0.283573358516779
"8184",341,"X.Clostridium..sp..MP626E2_ig1",-0.283573358516779
"8185",342,"Anaerotruncus.colihominis",-0.272328171466011
"8186",342,"Bacteroides.sp..MP64F12",12.3356227255285
"8187",342,"Blautia.coccoides",-0.272328171466011
"8188",342,"Burkholderiales.bacterium",-0.272328171466011
"8189",342,"Citrobacter.werkmanii",5.48427731422306
"8190",342,"Clostridium.clostridioforme.CAG.511",-0.272328171466011
"8191",342,"Clostridium.nexile.CAG.348",-0.272328171466011
"8192",342,"Clostridium.paraputrificum",-0.272328171466011
"8193",342,"Clostridium.sp..MP113D9",-0.272328171466011
"8194",342,"Clostridium.sp..MP49A11",-0.272328171466011
"8195",342,"Clostridium.sp..MP551E06",-0.272328171466011
"8196",342,"Eggerthella.lenta",-0.272328171466011
"8197",342,"Eggerthella.sp..MP163B1",-0.272328171466011
"8198",342,"Lactobacillus.animalis",-0.272328171466011
"8199",342,"Megasphaera.sp..MP182G6",-0.272328171466011
"8200",342,"Paenibacillus.macerans",2.68735420918534
"8201",342,"Romboutsia.sp..MP35A8",-0.272328171466011
"8202",342,"Sellimonas.intestinalis",-0.272328171466011
"8203",342,"Turicibacter.sp..MP236E3",-0.272328171466011
"8204",342,"Veillonella.atypica",-0.272328171466011
"8205",342,"Veillonella.dispar",-0.272328171466011
"8206",342,"X.Clostridium..citroniae",-0.272328171466011
"8207",342,"X.Clostridium..cocleatum",-0.272328171466011
"8208",342,"X.Clostridium..sp..MP626E2_ig1",-0.272328171466011
"8209",343,"Anaerotruncus.colihominis",-0.178374711231589
"8210",343,"Bacteroides.sp..MP64F12",-0.178374711231589
"8211",343,"Blautia.coccoides",-0.178374711231589
"8212",343,"Burkholderiales.bacterium",-0.178374711231589
"8213",343,"Citrobacter.werkmanii",-0.178374711231589
"8214",343,"Clostridium.clostridioforme.CAG.511",-0.178374711231589
"8215",343,"Clostridium.nexile.CAG.348",-0.178374711231589
"8216",343,"Clostridium.paraputrificum",-0.178374711231589
"8217",343,"Clostridium.sp..MP113D9",-0.178374711231589
"8218",343,"Clostridium.sp..MP49A11",-0.178374711231589
"8219",343,"Clostridium.sp..MP551E06",-0.178374711231589
"8220",343,"Eggerthella.lenta",-0.178374711231589
"8221",343,"Eggerthella.sp..MP163B1",-0.178374711231589
"8222",343,"Lactobacillus.animalis",-0.178374711231589
"8223",343,"Megasphaera.sp..MP182G6",6.63236126750948
"8224",343,"Paenibacillus.macerans",-0.178374711231589
"8225",343,"Romboutsia.sp..MP35A8",-0.178374711231589
"8226",343,"Sellimonas.intestinalis",-0.178374711231589
"8227",343,"Turicibacter.sp..MP236E3",-0.178374711231589
"8228",343,"Veillonella.atypica",-0.178374711231589
"8229",343,"Veillonella.dispar",7.46934604145237
"8230",343,"X.Clostridium..citroniae",-0.178374711231589
"8231",343,"X.Clostridium..cocleatum",-0.178374711231589
"8232",343,"X.Clostridium..sp..MP626E2_ig1",-0.178374711231589
"8233",344,"Anaerotruncus.colihominis",-0.26327605071517
"8234",344,"Bacteroides.sp..MP64F12",-0.26327605071517
"8235",344,"Blautia.coccoides",7.22205156916049
"8236",344,"Burkholderiales.bacterium",-0.26327605071517
"8237",344,"Citrobacter.werkmanii",-0.26327605071517
"8238",344,"Clostridium.clostridioforme.CAG.511",-0.26327605071517
"8239",344,"Clostridium.nexile.CAG.348",-0.26327605071517
"8240",344,"Clostridium.paraputrificum",3.44506170151585
"8241",344,"Clostridium.sp..MP113D9",-0.26327605071517
"8242",344,"Clostridium.sp..MP49A11",-0.26327605071517
"8243",344,"Clostridium.sp..MP551E06",-0.26327605071517
"8244",344,"Eggerthella.lenta",-0.26327605071517
"8245",344,"Eggerthella.sp..MP163B1",-0.26327605071517
"8246",344,"Lactobacillus.animalis",-0.26327605071517
"8247",344,"Megasphaera.sp..MP182G6",6.46111587221765
"8248",344,"Paenibacillus.macerans",-0.26327605071517
"8249",344,"Romboutsia.sp..MP35A8",-0.26327605071517
"8250",344,"Sellimonas.intestinalis",-0.26327605071517
"8251",344,"Turicibacter.sp..MP236E3",-0.26327605071517
"8252",344,"Veillonella.atypica",-0.26327605071517
"8253",344,"Veillonella.dispar",-0.26327605071517
"8254",344,"X.Clostridium..citroniae",8.84092354794894
"8255",344,"X.Clostridium..cocleatum",-0.26327605071517
"8256",344,"X.Clostridium..sp..MP626E2_ig1",-0.26327605071517
"8257",345,"Anaerotruncus.colihominis",4.22228302987126
"8258",345,"Bacteroides.sp..MP64F12",-1.25051631627205
"8259",345,"Blautia.coccoides",2.81491434061146
"8260",345,"Burkholderiales.bacterium",3.2381305665973
"8261",345,"Citrobacter.werkmanii",-1.25051631627205
"8262",345,"Clostridium.clostridioforme.CAG.511",6.80715133030034
"8263",345,"Clostridium.nexile.CAG.348",-1.25051631627205
"8264",345,"Clostridium.paraputrificum",-1.25051631627205
"8265",345,"Clostridium.sp..MP113D9",-1.25051631627205
"8266",345,"Clostridium.sp..MP49A11",-1.25051631627205
"8267",345,"Clostridium.sp..MP551E06",-1.25051631627205
"8268",345,"Eggerthella.lenta",6.23134910836304
"8269",345,"Eggerthella.sp..MP163B1",3.5745583738001
"8270",345,"Lactobacillus.animalis",-1.25051631627205
"8271",345,"Megasphaera.sp..MP182G6",-1.25051631627205
"8272",345,"Paenibacillus.macerans",-1.25051631627205
"8273",345,"Romboutsia.sp..MP35A8",-1.25051631627205
"8274",345,"Sellimonas.intestinalis",-1.25051631627205
"8275",345,"Turicibacter.sp..MP236E3",-1.25051631627205
"8276",345,"Veillonella.atypica",6.19263531534182
"8277",345,"Veillonella.dispar",-1.25051631627205
"8278",345,"X.Clostridium..citroniae",4.96651366833975
"8279",345,"X.Clostridium..cocleatum",-1.25051631627205
"8280",345,"X.Clostridium..sp..MP626E2_ig1",3.67506661281596
"8281",346,"Anaerotruncus.colihominis",-0.27503495194509
"8282",346,"Bacteroides.sp..MP64F12",-0.27503495194509
"8283",346,"Blautia.coccoides",-0.27503495194509
"8284",346,"Burkholderiales.bacterium",-0.27503495194509
"8285",346,"Citrobacter.werkmanii",-0.27503495194509
"8286",346,"Clostridium.clostridioforme.CAG.511",-0.27503495194509
"8287",346,"Clostridium.nexile.CAG.348",-0.27503495194509
"8288",346,"Clostridium.paraputrificum",5.09293894513067
"8289",346,"Clostridium.sp..MP113D9",-0.27503495194509
"8290",346,"Clostridium.sp..MP49A11",-0.27503495194509
"8291",346,"Clostridium.sp..MP551E06",-0.27503495194509
"8292",346,"Eggerthella.lenta",-0.27503495194509
"8293",346,"Eggerthella.sp..MP163B1",-0.27503495194509
"8294",346,"Lactobacillus.animalis",-0.27503495194509
"8295",346,"Megasphaera.sp..MP182G6",-0.27503495194509
"8296",346,"Paenibacillus.macerans",-0.27503495194509
"8297",346,"Romboutsia.sp..MP35A8",-0.27503495194509
"8298",346,"Sellimonas.intestinalis",-0.27503495194509
"8299",346,"Turicibacter.sp..MP236E3",-0.27503495194509
"8300",346,"Veillonella.atypica",-0.27503495194509
"8301",346,"Veillonella.dispar",-0.27503495194509
"8302",346,"X.Clostridium..citroniae",-0.27503495194509
"8303",346,"X.Clostridium..cocleatum",3.07993768781053
"8304",346,"X.Clostridium..sp..MP626E2_ig1",-0.27503495194509
"8305",347,"Anaerotruncus.colihominis",6.5691321659126
"8306",347,"Bacteroides.sp..MP64F12",-0.624514867785308
"8307",347,"Blautia.coccoides",7.46427225397184
"8308",347,"Burkholderiales.bacterium",-0.624514867785308
"8309",347,"Citrobacter.werkmanii",-0.624514867785308
"8310",347,"Clostridium.clostridioforme.CAG.511",-0.624514867785308
"8311",347,"Clostridium.nexile.CAG.348",6.41141170356235
"8312",347,"Clostridium.paraputrificum",-0.624514867785308
"8313",347,"Clostridium.sp..MP113D9",-0.624514867785308
"8314",347,"Clostridium.sp..MP49A11",-0.624514867785308
"8315",347,"Clostridium.sp..MP551E06",-0.624514867785308
"8316",347,"Eggerthella.lenta",-0.624514867785308
"8317",347,"Eggerthella.sp..MP163B1",-0.624514867785308
"8318",347,"Lactobacillus.animalis",-0.624514867785308
"8319",347,"Megasphaera.sp..MP182G6",-0.624514867785308
"8320",347,"Paenibacillus.macerans",-0.624514867785308
"8321",347,"Romboutsia.sp..MP35A8",-0.624514867785308
"8322",347,"Sellimonas.intestinalis",7.61972016096633
"8323",347,"Turicibacter.sp..MP236E3",-0.624514867785308
"8324",347,"Veillonella.atypica",-0.624514867785308
"8325",347,"Veillonella.dispar",-0.624514867785308
"8326",347,"X.Clostridium..citroniae",8.5402156902861
"8327",347,"X.Clostridium..cocleatum",6.94826238306238
"8328",347,"X.Clostridium..sp..MP626E2_ig1",-0.624514867785308
"8329",348,"Anaerotruncus.colihominis",-0.485316159410186
"8330",348,"Bacteroides.sp..MP64F12",-0.485316159410186
"8331",348,"Blautia.coccoides",4.91847785576729
"8332",348,"Burkholderiales.bacterium",-0.485316159410186
"8333",348,"Citrobacter.werkmanii",-0.485316159410186
"8334",348,"Clostridium.clostridioforme.CAG.511",9.67991424228689
"8335",348,"Clostridium.nexile.CAG.348",-0.485316159410186
"8336",348,"Clostridium.paraputrificum",-0.485316159410186
"8337",348,"Clostridium.sp..MP113D9",-0.485316159410186
"8338",348,"Clostridium.sp..MP49A11",-0.485316159410186
"8339",348,"Clostridium.sp..MP551E06",-0.485316159410186
"8340",348,"Eggerthella.lenta",7.29960703043151
"8341",348,"Eggerthella.sp..MP163B1",6.53154361510918
"8342",348,"Lactobacillus.animalis",-0.485316159410186
"8343",348,"Megasphaera.sp..MP182G6",-0.485316159410186
"8344",348,"Paenibacillus.macerans",-0.485316159410186
"8345",348,"Romboutsia.sp..MP35A8",-0.485316159410186
"8346",348,"Sellimonas.intestinalis",-0.485316159410186
"8347",348,"Turicibacter.sp..MP236E3",-0.485316159410186
"8348",348,"Veillonella.atypica",-0.485316159410186
"8349",348,"Veillonella.dispar",-0.485316159410186
"8350",348,"X.Clostridium..citroniae",7.0379683539934
"8351",348,"X.Clostridium..cocleatum",-0.485316159410186
"8352",348,"X.Clostridium..sp..MP626E2_ig1",-0.485316159410186
"8353",349,"Anaerotruncus.colihominis",-0.305659058404791
"8354",349,"Bacteroides.sp..MP64F12",-0.305659058404791
"8355",349,"Blautia.coccoides",4.18997205365772
"8356",349,"Burkholderiales.bacterium",-0.305659058404791
"8357",349,"Citrobacter.werkmanii",-0.305659058404791
"8358",349,"Clostridium.clostridioforme.CAG.511",2.44917740498806
"8359",349,"Clostridium.nexile.CAG.348",-0.305659058404791
"8360",349,"Clostridium.paraputrificum",-0.305659058404791
"8361",349,"Clostridium.sp..MP113D9",-0.305659058404791
"8362",349,"Clostridium.sp..MP49A11",-0.305659058404791
"8363",349,"Clostridium.sp..MP551E06",-0.305659058404791
"8364",349,"Eggerthella.lenta",-0.305659058404791
"8365",349,"Eggerthella.sp..MP163B1",-0.305659058404791
"8366",349,"Lactobacillus.animalis",-0.305659058404791
"8367",349,"Megasphaera.sp..MP182G6",-0.305659058404791
"8368",349,"Paenibacillus.macerans",-0.305659058404791
"8369",349,"Romboutsia.sp..MP35A8",-0.305659058404791
"8370",349,"Sellimonas.intestinalis",-0.305659058404791
"8371",349,"Turicibacter.sp..MP236E3",-0.305659058404791
"8372",349,"Veillonella.atypica",10.069835652445
"8373",349,"Veillonella.dispar",-0.305659058404791
"8374",349,"X.Clostridium..citroniae",5.31330636919456
"8375",349,"X.Clostridium..cocleatum",-0.305659058404791
"8376",349,"X.Clostridium..sp..MP626E2_ig1",-0.305659058404791
"8377",350,"Anaerotruncus.colihominis",-0.383772436133963
"8378",350,"Bacteroides.sp..MP64F12",-0.383772436133963
"8379",350,"Blautia.coccoides",5.80154105495459
"8380",350,"Burkholderiales.bacterium",-0.383772436133963
"8381",350,"Citrobacter.werkmanii",-0.383772436133963
"8382",350,"Clostridium.clostridioforme.CAG.511",-0.383772436133963
"8383",350,"Clostridium.nexile.CAG.348",-0.383772436133963
"8384",350,"Clostridium.paraputrificum",-0.383772436133963
"8385",350,"Clostridium.sp..MP113D9",-0.383772436133963
"8386",350,"Clostridium.sp..MP49A11",-0.383772436133963
"8387",350,"Clostridium.sp..MP551E06",-0.383772436133963
"8388",350,"Eggerthella.lenta",-0.383772436133963
"8389",350,"Eggerthella.sp..MP163B1",-0.383772436133963
"8390",350,"Lactobacillus.animalis",-0.383772436133963
"8391",350,"Megasphaera.sp..MP182G6",-0.383772436133963
"8392",350,"Paenibacillus.macerans",-0.383772436133963
"8393",350,"Romboutsia.sp..MP35A8",-0.383772436133963
"8394",350,"Sellimonas.intestinalis",-0.383772436133963
"8395",350,"Turicibacter.sp..MP236E3",-0.383772436133963
"8396",350,"Veillonella.atypica",-0.383772436133963
"8397",350,"Veillonella.dispar",-0.383772436133963
"8398",350,"X.Clostridium..citroniae",-0.383772436133963
"8399",350,"X.Clostridium..cocleatum",-0.383772436133963
"8400",350,"X.Clostridium..sp..MP626E2_ig1",-0.383772436133963
"8401",351,"Anaerotruncus.colihominis",-0.260464818510115
"8402",351,"Bacteroides.sp..MP64F12",-0.260464818510115
"8403",351,"Blautia.coccoides",-0.260464818510115
"8404",351,"Burkholderiales.bacterium",6.10329090718107
"8405",351,"Citrobacter.werkmanii",-0.260464818510115
"8406",351,"Clostridium.clostridioforme.CAG.511",-0.260464818510115
"8407",351,"Clostridium.nexile.CAG.348",-0.260464818510115
"8408",351,"Clostridium.paraputrificum",-0.260464818510115
"8409",351,"Clostridium.sp..MP113D9",-0.260464818510115
"8410",351,"Clostridium.sp..MP49A11",-0.260464818510115
"8411",351,"Clostridium.sp..MP551E06",-0.260464818510115
"8412",351,"Eggerthella.lenta",-0.260464818510115
"8413",351,"Eggerthella.sp..MP163B1",-0.260464818510115
"8414",351,"Lactobacillus.animalis",-0.260464818510115
"8415",351,"Megasphaera.sp..MP182G6",-0.260464818510115
"8416",351,"Paenibacillus.macerans",-0.260464818510115
"8417",351,"Romboutsia.sp..MP35A8",-0.260464818510115
"8418",351,"Sellimonas.intestinalis",-0.260464818510115
"8419",351,"Turicibacter.sp..MP236E3",-0.260464818510115
"8420",351,"Veillonella.atypica",-0.260464818510115
"8421",351,"Veillonella.dispar",7.73242510350281
"8422",351,"X.Clostridium..citroniae",-0.260464818510115
"8423",351,"X.Clostridium..cocleatum",-0.260464818510115
"8424",351,"X.Clostridium..sp..MP626E2_ig1",-0.260464818510115
"8425",352,"Anaerotruncus.colihominis",-0.409674301750746
"8426",352,"Bacteroides.sp..MP64F12",-0.409674301750746
"8427",352,"Blautia.coccoides",-0.409674301750746
"8428",352,"Burkholderiales.bacterium",-0.409674301750746
"8429",352,"Citrobacter.werkmanii",-0.409674301750746
"8430",352,"Clostridium.clostridioforme.CAG.511",-0.409674301750746
"8431",352,"Clostridium.nexile.CAG.348",-0.409674301750746
"8432",352,"Clostridium.paraputrificum",-0.409674301750746
"8433",352,"Clostridium.sp..MP113D9",-0.409674301750746
"8434",352,"Clostridium.sp..MP49A11",-0.409674301750746
"8435",352,"Clostridium.sp..MP551E06",-0.409674301750746
"8436",352,"Eggerthella.lenta",-0.409674301750746
"8437",352,"Eggerthella.sp..MP163B1",-0.409674301750746
"8438",352,"Lactobacillus.animalis",-0.409674301750746
"8439",352,"Megasphaera.sp..MP182G6",-0.409674301750746
"8440",352,"Paenibacillus.macerans",-0.409674301750746
"8441",352,"Romboutsia.sp..MP35A8",-0.409674301750746
"8442",352,"Sellimonas.intestinalis",-0.409674301750746
"8443",352,"Turicibacter.sp..MP236E3",-0.409674301750746
"8444",352,"Veillonella.atypica",-0.409674301750746
"8445",352,"Veillonella.dispar",-0.409674301750746
"8446",352,"X.Clostridium..citroniae",-0.409674301750746
"8447",352,"X.Clostridium..cocleatum",3.68487842865063
"8448",352,"X.Clostridium..sp..MP626E2_ig1",-0.409674301750746
"8449",353,"Anaerotruncus.colihominis",-0.704362684548997
"8450",353,"Bacteroides.sp..MP64F12",-0.704362684548997
"8451",353,"Blautia.coccoides",-0.704362684548997
"8452",353,"Burkholderiales.bacterium",-0.704362684548997
"8453",353,"Citrobacter.werkmanii",-0.704362684548997
"8454",353,"Clostridium.clostridioforme.CAG.511",-0.704362684548997
"8455",353,"Clostridium.nexile.CAG.348",-0.704362684548997
"8456",353,"Clostridium.paraputrificum",-0.704362684548997
"8457",353,"Clostridium.sp..MP113D9",-0.704362684548997
"8458",353,"Clostridium.sp..MP49A11",-0.704362684548997
"8459",353,"Clostridium.sp..MP551E06",-0.704362684548997
"8460",353,"Eggerthella.lenta",-0.704362684548997
"8461",353,"Eggerthella.sp..MP163B1",-0.704362684548997
"8462",353,"Lactobacillus.animalis",-0.704362684548997
"8463",353,"Megasphaera.sp..MP182G6",-0.704362684548997
"8464",353,"Paenibacillus.macerans",-0.704362684548997
"8465",353,"Romboutsia.sp..MP35A8",-0.704362684548997
"8466",353,"Sellimonas.intestinalis",-0.704362684548997
"8467",353,"Turicibacter.sp..MP236E3",-0.704362684548997
"8468",353,"Veillonella.atypica",0.80932595815403
"8469",353,"Veillonella.dispar",-0.704362684548997
"8470",353,"X.Clostridium..citroniae",-0.704362684548997
"8471",353,"X.Clostridium..cocleatum",-0.704362684548997
"8472",353,"X.Clostridium..sp..MP626E2_ig1",-0.704362684548997
"8473",354,"Anaerotruncus.colihominis",3.7828552443773
"8474",354,"Bacteroides.sp..MP64F12",-0.954644131777101
"8475",354,"Blautia.coccoides",4.28213664035402
"8476",354,"Burkholderiales.bacterium",-0.954644131777101
"8477",354,"Citrobacter.werkmanii",-0.954644131777101
"8478",354,"Clostridium.clostridioforme.CAG.511",6.3291215202897
"8479",354,"Clostridium.nexile.CAG.348",-0.954644131777101
"8480",354,"Clostridium.paraputrificum",-0.954644131777101
"8481",354,"Clostridium.sp..MP113D9",-0.954644131777101
"8482",354,"Clostridium.sp..MP49A11",-0.954644131777101
"8483",354,"Clostridium.sp..MP551E06",-0.954644131777101
"8484",354,"Eggerthella.lenta",6.40065607435127
"8485",354,"Eggerthella.sp..MP163B1",6.64314226623574
"8486",354,"Lactobacillus.animalis",-0.954644131777101
"8487",354,"Megasphaera.sp..MP182G6",-0.954644131777101
"8488",354,"Paenibacillus.macerans",-0.954644131777101
"8489",354,"Romboutsia.sp..MP35A8",-0.954644131777101
"8490",354,"Sellimonas.intestinalis",-0.954644131777101
"8491",354,"Turicibacter.sp..MP236E3",-0.954644131777101
"8492",354,"Veillonella.atypica",-0.954644131777101
"8493",354,"Veillonella.dispar",-0.954644131777101
"8494",354,"X.Clostridium..citroniae",2.74363023693018
"8495",354,"X.Clostridium..cocleatum",-0.954644131777101
"8496",354,"X.Clostridium..sp..MP626E2_ig1",-0.954644131777101
"8497",355,"Anaerotruncus.colihominis",-0.227790187116588
"8498",355,"Bacteroides.sp..MP64F12",-0.227790187116588
"8499",355,"Blautia.coccoides",-0.227790187116588
"8500",355,"Burkholderiales.bacterium",-0.227790187116588
"8501",355,"Citrobacter.werkmanii",-0.227790187116588
"8502",355,"Clostridium.clostridioforme.CAG.511",-0.227790187116588
"8503",355,"Clostridium.nexile.CAG.348",-0.227790187116588
"8504",355,"Clostridium.paraputrificum",-0.227790187116588
"8505",355,"Clostridium.sp..MP113D9",-0.227790187116588
"8506",355,"Clostridium.sp..MP49A11",-0.227790187116588
"8507",355,"Clostridium.sp..MP551E06",-0.227790187116588
"8508",355,"Eggerthella.lenta",-0.227790187116588
"8509",355,"Eggerthella.sp..MP163B1",-0.227790187116588
"8510",355,"Lactobacillus.animalis",-0.227790187116588
"8511",355,"Megasphaera.sp..MP182G6",-0.227790187116588
"8512",355,"Paenibacillus.macerans",-0.227790187116588
"8513",355,"Romboutsia.sp..MP35A8",-0.227790187116588
"8514",355,"Sellimonas.intestinalis",-0.227790187116588
"8515",355,"Turicibacter.sp..MP236E3",-0.227790187116588
"8516",355,"Veillonella.atypica",-0.227790187116588
"8517",355,"Veillonella.dispar",-0.227790187116588
"8518",355,"X.Clostridium..citroniae",-0.227790187116588
"8519",355,"X.Clostridium..cocleatum",-0.227790187116588
"8520",355,"X.Clostridium..sp..MP626E2_ig1",-0.227790187116588
"8521",356,"Anaerotruncus.colihominis",-0.36127955847674
"8522",356,"Bacteroides.sp..MP64F12",-0.36127955847674
"8523",356,"Blautia.coccoides",-0.36127955847674
"8524",356,"Burkholderiales.bacterium",-0.36127955847674
"8525",356,"Citrobacter.werkmanii",-0.36127955847674
"8526",356,"Clostridium.clostridioforme.CAG.511",-0.36127955847674
"8527",356,"Clostridium.nexile.CAG.348",-0.36127955847674
"8528",356,"Clostridium.paraputrificum",-0.36127955847674
"8529",356,"Clostridium.sp..MP113D9",-0.36127955847674
"8530",356,"Clostridium.sp..MP49A11",-0.36127955847674
"8531",356,"Clostridium.sp..MP551E06",-0.36127955847674
"8532",356,"Eggerthella.lenta",-0.36127955847674
"8533",356,"Eggerthella.sp..MP163B1",-0.36127955847674
"8534",356,"Lactobacillus.animalis",-0.36127955847674
"8535",356,"Megasphaera.sp..MP182G6",-0.36127955847674
"8536",356,"Paenibacillus.macerans",-0.36127955847674
"8537",356,"Romboutsia.sp..MP35A8",-0.36127955847674
"8538",356,"Sellimonas.intestinalis",-0.36127955847674
"8539",356,"Turicibacter.sp..MP236E3",-0.36127955847674
"8540",356,"Veillonella.atypica",-0.36127955847674
"8541",356,"Veillonella.dispar",-0.36127955847674
"8542",356,"X.Clostridium..citroniae",-0.36127955847674
"8543",356,"X.Clostridium..cocleatum",-0.36127955847674
"8544",356,"X.Clostridium..sp..MP626E2_ig1",-0.36127955847674
"8545",357,"Anaerotruncus.colihominis",-0.48249180644544
"8546",357,"Bacteroides.sp..MP64F12",-0.48249180644544
"8547",357,"Blautia.coccoides",8.95688551660398
"8548",357,"Burkholderiales.bacterium",-0.48249180644544
"8549",357,"Citrobacter.werkmanii",-0.48249180644544
"8550",357,"Clostridium.clostridioforme.CAG.511",-0.48249180644544
"8551",357,"Clostridium.nexile.CAG.348",-0.48249180644544
"8552",357,"Clostridium.paraputrificum",-0.48249180644544
"8553",357,"Clostridium.sp..MP113D9",-0.48249180644544
"8554",357,"Clostridium.sp..MP49A11",-0.48249180644544
"8555",357,"Clostridium.sp..MP551E06",-0.48249180644544
"8556",357,"Eggerthella.lenta",8.63216957388914
"8557",357,"Eggerthella.sp..MP163B1",8.32473363307162
"8558",357,"Lactobacillus.animalis",-0.48249180644544
"8559",357,"Megasphaera.sp..MP182G6",-0.48249180644544
"8560",357,"Paenibacillus.macerans",-0.48249180644544
"8561",357,"Romboutsia.sp..MP35A8",-0.48249180644544
"8562",357,"Sellimonas.intestinalis",-0.48249180644544
"8563",357,"Turicibacter.sp..MP236E3",-0.48249180644544
"8564",357,"Veillonella.atypica",9.10798438106873
"8565",357,"Veillonella.dispar",-0.48249180644544
"8566",357,"X.Clostridium..citroniae",-0.48249180644544
"8567",357,"X.Clostridium..cocleatum",-0.48249180644544
"8568",357,"X.Clostridium..sp..MP626E2_ig1",-0.48249180644544
"8569",358,"Anaerotruncus.colihominis",-0.35521505665432
"8570",358,"Bacteroides.sp..MP64F12",-0.35521505665432
"8571",358,"Blautia.coccoides",-0.35521505665432
"8572",358,"Burkholderiales.bacterium",-0.35521505665432
"8573",358,"Citrobacter.werkmanii",-0.35521505665432
"8574",358,"Clostridium.clostridioforme.CAG.511",-0.35521505665432
"8575",358,"Clostridium.nexile.CAG.348",-0.35521505665432
"8576",358,"Clostridium.paraputrificum",-0.35521505665432
"8577",358,"Clostridium.sp..MP113D9",-0.35521505665432
"8578",358,"Clostridium.sp..MP49A11",-0.35521505665432
"8579",358,"Clostridium.sp..MP551E06",-0.35521505665432
"8580",358,"Eggerthella.lenta",-0.35521505665432
"8581",358,"Eggerthella.sp..MP163B1",-0.35521505665432
"8582",358,"Lactobacillus.animalis",12.2702792571753
"8583",358,"Megasphaera.sp..MP182G6",-0.35521505665432
"8584",358,"Paenibacillus.macerans",-0.35521505665432
"8585",358,"Romboutsia.sp..MP35A8",-0.35521505665432
"8586",358,"Sellimonas.intestinalis",-0.35521505665432
"8587",358,"Turicibacter.sp..MP236E3",-0.35521505665432
"8588",358,"Veillonella.atypica",8.04865395423481
"8589",358,"Veillonella.dispar",-0.35521505665432
"8590",358,"X.Clostridium..citroniae",-0.35521505665432
"8591",358,"X.Clostridium..cocleatum",-0.35521505665432
"8592",358,"X.Clostridium..sp..MP626E2_ig1",-0.35521505665432
"8593",359,"Anaerotruncus.colihominis",-0.42575006527747
"8594",359,"Bacteroides.sp..MP64F12",-0.42575006527747
"8595",359,"Blautia.coccoides",-0.42575006527747
"8596",359,"Burkholderiales.bacterium",-0.42575006527747
"8597",359,"Citrobacter.werkmanii",-0.42575006527747
"8598",359,"Clostridium.clostridioforme.CAG.511",-0.42575006527747
"8599",359,"Clostridium.nexile.CAG.348",-0.42575006527747
"8600",359,"Clostridium.paraputrificum",-0.42575006527747
"8601",359,"Clostridium.sp..MP113D9",-0.42575006527747
"8602",359,"Clostridium.sp..MP49A11",-0.42575006527747
"8603",359,"Clostridium.sp..MP551E06",-0.42575006527747
"8604",359,"Eggerthella.lenta",-0.42575006527747
"8605",359,"Eggerthella.sp..MP163B1",-0.42575006527747
"8606",359,"Lactobacillus.animalis",-0.42575006527747
"8607",359,"Megasphaera.sp..MP182G6",-0.42575006527747
"8608",359,"Paenibacillus.macerans",-0.42575006527747
"8609",359,"Romboutsia.sp..MP35A8",-0.42575006527747
"8610",359,"Sellimonas.intestinalis",-0.42575006527747
"8611",359,"Turicibacter.sp..MP236E3",-0.42575006527747
"8612",359,"Veillonella.atypica",8.53653019825203
"8613",359,"Veillonella.dispar",7.70582137348544
"8614",359,"X.Clostridium..citroniae",-0.42575006527747
"8615",359,"X.Clostridium..cocleatum",-0.42575006527747
"8616",359,"X.Clostridium..sp..MP626E2_ig1",-0.42575006527747
"8617",360,"Anaerotruncus.colihominis",-0.345830843754467
"8618",360,"Bacteroides.sp..MP64F12",-0.345830843754467
"8619",360,"Blautia.coccoides",7.64519786337293
"8620",360,"Burkholderiales.bacterium",-0.345830843754467
"8621",360,"Citrobacter.werkmanii",-0.345830843754467
"8622",360,"Clostridium.clostridioforme.CAG.511",9.08267552412385
"8623",360,"Clostridium.nexile.CAG.348",-0.345830843754467
"8624",360,"Clostridium.paraputrificum",-0.345830843754467
"8625",360,"Clostridium.sp..MP113D9",-0.345830843754467
"8626",360,"Clostridium.sp..MP49A11",7.07755728678906
"8627",360,"Clostridium.sp..MP551E06",-0.345830843754467
"8628",360,"Eggerthella.lenta",-0.345830843754467
"8629",360,"Eggerthella.sp..MP163B1",-0.345830843754467
"8630",360,"Lactobacillus.animalis",-0.345830843754467
"8631",360,"Megasphaera.sp..MP182G6",-0.345830843754467
"8632",360,"Paenibacillus.macerans",-0.345830843754467
"8633",360,"Romboutsia.sp..MP35A8",-0.345830843754467
"8634",360,"Sellimonas.intestinalis",-0.345830843754467
"8635",360,"Turicibacter.sp..MP236E3",-0.345830843754467
"8636",360,"Veillonella.atypica",8.31933477175903
"8637",360,"Veillonella.dispar",-0.345830843754467
"8638",360,"X.Clostridium..citroniae",6.21029439260751
"8639",360,"X.Clostridium..cocleatum",4.86067304252328
"8640",360,"X.Clostridium..sp..MP626E2_ig1",-0.345830843754467
"8641",361,"Anaerotruncus.colihominis",3.36821426491331
"8642",361,"Bacteroides.sp..MP64F12",-0.819584533052241
"8643",361,"Blautia.coccoides",5.77534201505078
"8644",361,"Burkholderiales.bacterium",3.11939326852697
"8645",361,"Citrobacter.werkmanii",-0.819584533052241
"8646",361,"Clostridium.clostridioforme.CAG.511",-0.819584533052241
"8647",361,"Clostridium.nexile.CAG.348",6.05241699004116
"8648",361,"Clostridium.paraputrificum",-0.819584533052241
"8649",361,"Clostridium.sp..MP113D9",-0.819584533052241
"8650",361,"Clostridium.sp..MP49A11",-0.819584533052241
"8651",361,"Clostridium.sp..MP551E06",-0.819584533052241
"8652",361,"Eggerthella.lenta",6.42297125300751
"8653",361,"Eggerthella.sp..MP163B1",5.78434723733452
"8654",361,"Lactobacillus.animalis",-0.819584533052241
"8655",361,"Megasphaera.sp..MP182G6",-0.819584533052241
"8656",361,"Paenibacillus.macerans",-0.819584533052241
"8657",361,"Romboutsia.sp..MP35A8",-0.819584533052241
"8658",361,"Sellimonas.intestinalis",7.39398052508928
"8659",361,"Turicibacter.sp..MP236E3",-0.819584533052241
"8660",361,"Veillonella.atypica",-0.819584533052241
"8661",361,"Veillonella.dispar",-0.819584533052241
"8662",361,"X.Clostridium..citroniae",-0.819584533052241
"8663",361,"X.Clostridium..cocleatum",-0.819584533052241
"8664",361,"X.Clostridium..sp..MP626E2_ig1",-0.819584533052241
"8665",362,"Anaerotruncus.colihominis",-0.675214954360149
"8666",362,"Bacteroides.sp..MP64F12",-0.675214954360149
"8667",362,"Blautia.coccoides",-0.675214954360149
"8668",362,"Burkholderiales.bacterium",3.1717927639283
"8669",362,"Citrobacter.werkmanii",-0.675214954360149
"8670",362,"Clostridium.clostridioforme.CAG.511",-0.675214954360149
"8671",362,"Clostridium.nexile.CAG.348",-0.675214954360149
"8672",362,"Clostridium.paraputrificum",-0.675214954360149
"8673",362,"Clostridium.sp..MP113D9",-0.675214954360149
"8674",362,"Clostridium.sp..MP49A11",-0.675214954360149
"8675",362,"Clostridium.sp..MP551E06",-0.675214954360149
"8676",362,"Eggerthella.lenta",-0.675214954360149
"8677",362,"Eggerthella.sp..MP163B1",-0.675214954360149
"8678",362,"Lactobacillus.animalis",-0.675214954360149
"8679",362,"Megasphaera.sp..MP182G6",-0.675214954360149
"8680",362,"Paenibacillus.macerans",-0.675214954360149
"8681",362,"Romboutsia.sp..MP35A8",-0.675214954360149
"8682",362,"Sellimonas.intestinalis",-0.675214954360149
"8683",362,"Turicibacter.sp..MP236E3",-0.675214954360149
"8684",362,"Veillonella.atypica",8.05181053851467
"8685",362,"Veillonella.dispar",6.13623465667462
"8686",362,"X.Clostridium..citroniae",-0.675214954360149
"8687",362,"X.Clostridium..cocleatum",-0.675214954360149
"8688",362,"X.Clostridium..sp..MP626E2_ig1",-0.675214954360149
"8689",363,"Anaerotruncus.colihominis",-0.401231756870818
"8690",363,"Bacteroides.sp..MP64F12",-0.401231756870818
"8691",363,"Blautia.coccoides",6.44161892804341
"8692",363,"Burkholderiales.bacterium",-0.401231756870818
"8693",363,"Citrobacter.werkmanii",-0.401231756870818
"8694",363,"Clostridium.clostridioforme.CAG.511",-0.401231756870818
"8695",363,"Clostridium.nexile.CAG.348",-0.401231756870818
"8696",363,"Clostridium.paraputrificum",-0.401231756870818
"8697",363,"Clostridium.sp..MP113D9",-0.401231756870818
"8698",363,"Clostridium.sp..MP49A11",-0.401231756870818
"8699",363,"Clostridium.sp..MP551E06",-0.401231756870818
"8700",363,"Eggerthella.lenta",-0.401231756870818
"8701",363,"Eggerthella.sp..MP163B1",-0.401231756870818
"8702",363,"Lactobacillus.animalis",-0.401231756870818
"8703",363,"Megasphaera.sp..MP182G6",-0.401231756870818
"8704",363,"Paenibacillus.macerans",-0.401231756870818
"8705",363,"Romboutsia.sp..MP35A8",-0.401231756870818
"8706",363,"Sellimonas.intestinalis",-0.401231756870818
"8707",363,"Turicibacter.sp..MP236E3",-0.401231756870818
"8708",363,"Veillonella.atypica",-0.401231756870818
"8709",363,"Veillonella.dispar",-0.401231756870818
"8710",363,"X.Clostridium..citroniae",-0.401231756870818
"8711",363,"X.Clostridium..cocleatum",-0.401231756870818
"8712",363,"X.Clostridium..sp..MP626E2_ig1",-0.401231756870818
"8713",364,"Anaerotruncus.colihominis",-0.17634857605538
"8714",364,"Bacteroides.sp..MP64F12",-0.17634857605538
"8715",364,"Blautia.coccoides",-0.17634857605538
"8716",364,"Burkholderiales.bacterium",-0.17634857605538
"8717",364,"Citrobacter.werkmanii",-0.17634857605538
"8718",364,"Clostridium.clostridioforme.CAG.511",-0.17634857605538
"8719",364,"Clostridium.nexile.CAG.348",-0.17634857605538
"8720",364,"Clostridium.paraputrificum",-0.17634857605538
"8721",364,"Clostridium.sp..MP113D9",-0.17634857605538
"8722",364,"Clostridium.sp..MP49A11",-0.17634857605538
"8723",364,"Clostridium.sp..MP551E06",-0.17634857605538
"8724",364,"Eggerthella.lenta",-0.17634857605538
"8725",364,"Eggerthella.sp..MP163B1",-0.17634857605538
"8726",364,"Lactobacillus.animalis",-0.17634857605538
"8727",364,"Megasphaera.sp..MP182G6",-0.17634857605538
"8728",364,"Paenibacillus.macerans",-0.17634857605538
"8729",364,"Romboutsia.sp..MP35A8",-0.17634857605538
"8730",364,"Sellimonas.intestinalis",-0.17634857605538
"8731",364,"Turicibacter.sp..MP236E3",-0.17634857605538
"8732",364,"Veillonella.atypica",4.54173946756591
"8733",364,"Veillonella.dispar",-0.17634857605538
"8734",364,"X.Clostridium..citroniae",-0.17634857605538
"8735",364,"X.Clostridium..cocleatum",-0.17634857605538
"8736",364,"X.Clostridium..sp..MP626E2_ig1",-0.17634857605538
"8737",365,"Anaerotruncus.colihominis",-0.716757682246863
"8738",365,"Bacteroides.sp..MP64F12",-0.716757682246863
"8739",365,"Blautia.coccoides",-0.716757682246863
"8740",365,"Burkholderiales.bacterium",-0.716757682246863
"8741",365,"Citrobacter.werkmanii",-0.716757682246863
"8742",365,"Clostridium.clostridioforme.CAG.511",-0.716757682246863
"8743",365,"Clostridium.nexile.CAG.348",-0.716757682246863
"8744",365,"Clostridium.paraputrificum",-0.716757682246863
"8745",365,"Clostridium.sp..MP113D9",-0.716757682246863
"8746",365,"Clostridium.sp..MP49A11",-0.716757682246863
"8747",365,"Clostridium.sp..MP551E06",-0.716757682246863
"8748",365,"Eggerthella.lenta",-0.716757682246863
"8749",365,"Eggerthella.sp..MP163B1",-0.716757682246863
"8750",365,"Lactobacillus.animalis",-0.716757682246863
"8751",365,"Megasphaera.sp..MP182G6",-0.716757682246863
"8752",365,"Paenibacillus.macerans",-0.716757682246863
"8753",365,"Romboutsia.sp..MP35A8",-0.716757682246863
"8754",365,"Sellimonas.intestinalis",-0.716757682246863
"8755",365,"Turicibacter.sp..MP236E3",-0.716757682246863
"8756",365,"Veillonella.atypica",-0.716757682246863
"8757",365,"Veillonella.dispar",4.59103992516201
"8758",365,"X.Clostridium..citroniae",-0.716757682246863
"8759",365,"X.Clostridium..cocleatum",-0.716757682246863
"8760",365,"X.Clostridium..sp..MP626E2_ig1",-0.716757682246863
"8761",366,"Anaerotruncus.colihominis",-0.52812007793764
"8762",366,"Bacteroides.sp..MP64F12",-0.52812007793764
"8763",366,"Blautia.coccoides",-0.52812007793764
"8764",366,"Burkholderiales.bacterium",4.25574094986912
"8765",366,"Citrobacter.werkmanii",-0.52812007793764
"8766",366,"Clostridium.clostridioforme.CAG.511",-0.52812007793764
"8767",366,"Clostridium.nexile.CAG.348",-0.52812007793764
"8768",366,"Clostridium.paraputrificum",-0.52812007793764
"8769",366,"Clostridium.sp..MP113D9",-0.52812007793764
"8770",366,"Clostridium.sp..MP49A11",-0.52812007793764
"8771",366,"Clostridium.sp..MP551E06",-0.52812007793764
"8772",366,"Eggerthella.lenta",8.20037053235865
"8773",366,"Eggerthella.sp..MP163B1",6.30836883134452
"8774",366,"Lactobacillus.animalis",-0.52812007793764
"8775",366,"Megasphaera.sp..MP182G6",-0.52812007793764
"8776",366,"Paenibacillus.macerans",-0.52812007793764
"8777",366,"Romboutsia.sp..MP35A8",-0.52812007793764
"8778",366,"Sellimonas.intestinalis",-0.52812007793764
"8779",366,"Turicibacter.sp..MP236E3",-0.52812007793764
"8780",366,"Veillonella.atypica",5.48316340264097
"8781",366,"Veillonella.dispar",4.22011248327284
"8782",366,"X.Clostridium..citroniae",-0.52812007793764
"8783",366,"X.Clostridium..cocleatum",-0.52812007793764
"8784",366,"X.Clostridium..sp..MP626E2_ig1",-0.52812007793764
"8785",367,"Anaerotruncus.colihominis",4.16262295505541
"8786",367,"Bacteroides.sp..MP64F12",-0.59701746908971
"8787",367,"Blautia.coccoides",-0.59701746908971
"8788",367,"Burkholderiales.bacterium",-0.59701746908971
"8789",367,"Citrobacter.werkmanii",-0.59701746908971
"8790",367,"Clostridium.clostridioforme.CAG.511",-0.59701746908971
"8791",367,"Clostridium.nexile.CAG.348",-0.59701746908971
"8792",367,"Clostridium.paraputrificum",-0.59701746908971
"8793",367,"Clostridium.sp..MP113D9",-0.59701746908971
"8794",367,"Clostridium.sp..MP49A11",-0.59701746908971
"8795",367,"Clostridium.sp..MP551E06",-0.59701746908971
"8796",367,"Eggerthella.lenta",7.43998174013084
"8797",367,"Eggerthella.sp..MP163B1",-0.59701746908971
"8798",367,"Lactobacillus.animalis",-0.59701746908971
"8799",367,"Megasphaera.sp..MP182G6",-0.59701746908971
"8800",367,"Paenibacillus.macerans",-0.59701746908971
"8801",367,"Romboutsia.sp..MP35A8",-0.59701746908971
"8802",367,"Sellimonas.intestinalis",-0.59701746908971
"8803",367,"Turicibacter.sp..MP236E3",-0.59701746908971
"8804",367,"Veillonella.atypica",-0.59701746908971
"8805",367,"Veillonella.dispar",-0.59701746908971
"8806",367,"X.Clostridium..citroniae",-0.59701746908971
"8807",367,"X.Clostridium..cocleatum",-0.59701746908971
"8808",367,"X.Clostridium..sp..MP626E2_ig1",-0.59701746908971
